PitchNo,Date,PAofInning,PitchofPA,PitcherId,PitcherThrows,PitcherTeam,BatterId,BatterSide,BatterTeam,Inning,Top/Bottom,Outs,Balls,Strikes,Count,TaggedPitchType,AutoPitchType,PitchCall,KorBB,TaggedHitType,AutoHitType,PlayResult,OutsOnPlay,RunsScored,RelSpeed,VertRelAngle,HorzRelAngle,SpinRate,SpinAxis,Tilt,RelHeight,RelSide,Extension,VertBreak,InducedVertBreak,HorzBreak,PlateLocHeight,PlateLocSide,ZoneSpeed,VertApprAngle,HorzApprAngle,ZoneTime,ExitSpeed,Angle,Direction,HitSpinRate,PositionAt110X,PositionAt110Y,PositionAt110Z,Distance,LastTrackedDistance,Bearing,HangTime,pfxx,pfxz,x0,y0,z0,vx0,vy0,vz0,ax0,ay0,az0,EffectiveVelo,MaxHeight,SpeedDrop,ContactPositionX,ContactPositionY,ContactPositionZ,CatcherId,CatcherThrows,PitchTrajectoryXc0,PitchTrajectoryXc1,PitchTrajectoryXc2,PitchTrajectoryYc0,PitchTrajectoryYc1,PitchTrajectoryYc2,PitchTrajectoryZc0,PitchTrajectoryZc1,PitchTrajectoryZc2,HitSpinAxis,HitTrajectoryXc0,HitTrajectoryXc1,HitTrajectoryXc2,HitTrajectoryXc3,HitTrajectoryXc4,HitTrajectoryXc5,HitTrajectoryXc6,HitTrajectoryXc7,HitTrajectoryXc8,HitTrajectoryYc0,HitTrajectoryYc1,HitTrajectoryYc2,HitTrajectoryYc3,HitTrajectoryYc4,HitTrajectoryYc5,HitTrajectoryYc6,HitTrajectoryYc7,HitTrajectoryYc8,HitTrajectoryZc0,HitTrajectoryZc1,HitTrajectoryZc2,HitTrajectoryZc3,HitTrajectoryZc4,HitTrajectoryZc5,HitTrajectoryZc6,HitTrajectoryZc7,HitTrajectoryZc8,ThrowSpeed,PopTime,ExchangeTime,TimeToBase,CatchPositionX,CatchPositionY,CatchPositionZ,ThrowPositionX,ThrowPositionY,ThrowPositionZ,BasePositionX,BasePositionY,BasePositionZ,ThrowTrajectoryXc0,ThrowTrajectoryXc1,ThrowTrajectoryXc2,ThrowTrajectoryYc0,ThrowTrajectoryYc1,ThrowTrajectoryYc2,ThrowTrajectoryZc0,ThrowTrajectoryZc1,ThrowTrajectoryZc2,PitchReleaseConfidence,PitchLocationConfidence,PitchMovementConfidence,HitLaunchConfidence,HitLandingConfidence,CatcherThrowCatchConfidence,CatcherThrowReleaseConfidence,CatcherThrowLocationConfidence,System
1,1/24/2023,1,1,1000051614,Left,T_A,691273,Right,T_B,1,Top,0,0,0,0-0,Fastball,Sinker,FoulBall,Undefined,Undefined,,Undefined,0,0,93.70885,-1.100622,3.942927,2310.493642,126.757601,10:15,5.43749,-2.45713,5.4516,-18.60698,13.9567,-17.233,2.85397,-0.19613,85.17081,-4.590049,0.883994,0.410713,75.8564,54.912783,78.153141,4975.423357,,,,,69.00576,,,9.83957,7.66575,2.12111,50,5.32765,-8.55118,-135.71658,-3.26838,18.29123,30.6192,-17.92384,91.77325,76.0157,8.53804,1.55386,2.86497,0.19826,1000187898,Right,55.0478,-136.85068,15.3096,5.43642,-2.6045,-8.96192,2.45039,-9.22866,9.14561,,1.55386,13.12897,-10.5482,2.79088,-0.53752,-0.13137,0.28889,-0.18388,0.04462,2.86497,91.0382,-27.89968,3.57295,-0.76109,0.12313,0.00695,-0.0178,0.00505,0.19826,62.5903,-4.19624,0.43914,-0.0695,0.11069,-0.13325,0.07933,-0.01901,,,,,,,,,,,,,,,,,,,,,,,High,High,High,Low,Low,,,,v3
2,1/24/2023,1,2,1000051614,Left,T_A,691273,Right,T_B,1,Top,0,0,1,0-1,ChangeUp,Changeup,BallCalled,Undefined,Undefined,,Undefined,0,0,86.82139,-1.757493,5.1405,1614.556314,73.99509,8:30,5.22856,-2.72393,4.94965,-42.9642,-3.88874,-18.34344,-0.01973,0.61794,78.99942,-9.491803,1.912829,0.449908,,,,,,,,,,,,10.70327,-1.01858,2.24013,50,5.02162,-10.44163,-125.35182,-5.58489,16.84693,27.88322,-33.77727,83.77816,,7.82197,,,,1000187898,Right,55.55089,-126.58054,13.94161,5.23493,-4.09644,-16.88864,2.71661,-11.18402,8.42346,,,,,,,,,,,,,,,,,,,,,,,,,,,,,,,,,,,,,,,,,,,,,,,,,,,High,High,High,,,,,,v3
3,1/24/2023,1,3,1000051614,Left,T_A,691273,Right,T_B,1,Top,0,1,1,1-1,Fastball,Sinker,BallCalled,Undefined,Undefined,,Undefined,0,0,94.58565,-2.758458,5.80536,2219.791457,133.771334,10:30,5.37939,-2.39288,5.22139,-17.24682,15.40595,-14.86249,1.33331,1.84545,85.52806,-5.993168,3.190911,0.411274,,,,,,,,,,,,9.09201,8.83394,1.86692,50,5.11097,-13.11764,-136.30318,-7.21082,16.97691,32.04757,-15.67905,91.64795,,9.05759,,,,1000187898,Right,55.27492,-137.53783,16.02379,5.37714,-6.60678,-7.83952,2.38488,-13.77168,8.48846,,,,,,,,,,,,,,,,,,,,,,,,,,,,,,,,,,,,,,,,,,,,,,,,,,,High,High,High,,,,,,v3
4,1/24/2023,1,4,1000051614,Left,T_A,691273,Right,T_B,1,Top,0,2,1,2-1,Slider,Curveball,InPlay,Undefined,FlyBall,LineDrive,Out,1,0,83.21764,0.180301,2.17095,2651.234788,322.548471,4:45,5.2813,-2.67987,4.48492,-50.77105,-7.97808,7.17437,1.22234,-0.01201,76.2265,-8.874578,3.426617,0.470823,89.98856,18.612994,-17.375838,1769.370584,104.01662,29.91462,-35.78429,278.54125,267.72934,-22.012089,3.240287,-2.88118,-3.63898,2.44417,50,5.25078,-4.89449,-120.57273,-1.69392,-4.21352,24.8815,-37.49582,80.05647,34.02303,6.99115,2.81649,1.47107,0.07951,1000187898,Right,56.01651,-121.80797,12.44075,5.28867,0.16756,-18.74791,2.68197,-4.68531,-2.10676,150.597277,2.81652,119.37269,-22.80852,5.43445,-1.06915,0.14269,-0.00473,-0.00213,0.0003,1.471,42.12514,-13.65013,-0.20311,0.14664,0.02215,-0.02717,0.00765,-0.00074,0.07944,-37.34924,1.19666,0.5712,-0.30529,0.09457,-0.02117,0.00304,-0.0002,,,,,,,,,,,,,,,,,,,,,,,High,High,High,High,High,,,,v3
5,1/24/2023,2,1,1000051614,Left,T_A,1000058463,Right,T_B,1,Top,1,0,0,0-0,Slider,Slider,BallCalled,Undefined,Undefined,,Undefined,0,0,84.10109,2.95784,0.139681,2358.123258,327.846803,5:00,5.41924,-2.68494,4.43567,-45.1068,-3.44799,2.96327,4.48434,-2.30476,76.95265,-5.129885,0.657148,0.464542,,,,,,,,,,,,-1.37791,-1.95284,2.66714,50,5.68915,-0.44094,-121.82339,4.38892,-2.08015,22.91279,-35.12215,81.13899,,7.14844,,,,1000187898,Right,56.0621,-122.95827,11.4564,5.42868,6.12854,-17.56107,2.68643,-0.33791,-1.04008,,,,,,,,,,,,,,,,,,,,,,,,,,,,,,,,,,,,,,,,,,,,,,,,,,,High,High,High,,,,,,v3
6,1/24/2023,2,2,1000051614,Left,T_A,1000058463,Right,T_B,1,Top,1,1,0,1-0,Fastball,Sinker,StrikeCalled,Undefined,Undefined,,Undefined,0,0,94.02211,-1.654727,5.365591,2206.713126,100.643282,9:15,5.36531,-2.40775,5.40503,-27.46836,4.74004,-20.02651,1.51858,0.96558,86.46047,-6.676851,1.820943,0.408466,,,,,,,,,,,,11.43134,3.11,1.94305,50,5.19802,-11.83291,-136.03124,-5.03573,21.58529,27.68028,-26.30158,92.27802,,7.56164,,,,1000187898,Right,55.09613,-137.06431,13.84014,5.36764,-4.05412,-13.15079,2.3997,-12.63849,10.79264,,,,,,,,,,,,,,,,,,,,,,,,,,,,,,,,,,,,,,,,,,,,,,,,,,,High,High,High,,,,,,v3
7,1/24/2023,2,3,1000051614,Left,T_A,1000058463,Right,T_B,1,Top,1,1,1,1-1,Fastball,Sinker,BallCalled,Undefined,Undefined,,Undefined,0,0,94.20843,-1.235526,6.011167,2241.491867,113.208618,9:45,5.38502,-2.36851,5.49645,-25.8612,6.34087,-12.40717,2.06766,2.24103,86.17169,-5.986117,3.818539,0.408426,,,,,,,,,,,,8.01422,3.80469,1.84997,50,5.25876,-13.77737,-136.11694,-3.93864,15.05709,29.4794,-25.02577,92.2871,,8.03674,,,,1000187898,Right,55.00513,-137.19664,14.7397,5.38623,-3.02206,-12.51289,2.36467,-14.32884,7.52855,,,,,,,,,,,,,,,,,,,,,,,,,,,,,,,,,,,,,,,,,,,,,,,,,,,High,High,High,,,,,,v3
8,1/24/2023,2,4,1000051614,Left,T_A,1000058463,Right,T_B,1,Top,1,2,1,2-1,Fastball,Sinker,FoulBall,Undefined,Undefined,GroundBall,Undefined,0,0,93.47515,-2.288199,4.672709,2281.435402,106.680403,9:30,5.43989,-2.3213,5.37335,-26.43356,6.52107,-18.05383,1.08353,0.56477,85.1365,-7.143485,1.473658,0.413171,59.91444,-13.845089,-148.583538,,,,,1.88853,1.88853,-96.863133,0.0364,10.50052,4.24961,1.91531,50,5.2154,-10.21161,-135.16117,-6.4419,19.33525,30.72634,-24.349,91.22726,0.76655,8.33865,2.42861,0.76655,-0.25377,1000187898,Right,55.12707,-136.32173,15.36317,5.44135,-5.52221,-12.1745,2.3148,-10.94192,9.66762,180,2.42924,-72.91982,,,,,,,,0.76673,-21.0589,,,,,,,,-0.25339,-44.53921,,,,,,,,,,,,,,,,,,,,,,,,,,,,,,High,High,High,Low,Low,,,,v3
9,1/24/2023,2,5,1000051614,Left,T_A,1000058463,Right,T_B,1,Top,1,2,2,2-2,ChangeUp,Changeup,BallCalled,Undefined,Undefined,,Undefined,0,0,88.57471,-1.789034,3.37812,1541.648218,78.199076,8:30,5.21088,-2.63594,4.88,-40.37538,-2.78276,-19.7443,0.15009,-1.0814,80.37666,-9.069484,-0.103501,0.441289,,,,,,,,,,,,10.86154,-0.45173,2.3216,50,5.00055,-6.63584,-128.10973,-5.67044,17.79784,29.92625,-32.91426,85.41449,,8.19805,,,,1000187898,Right,55.62006,-129.4159,14.96313,5.2167,-4.23384,-16.45713,2.62819,-7.41265,8.89892,,,,,,,,,,,,,,,,,,,,,,,,,,,,,,,,,,,,,,,,,,,,,,,,,,,High,High,High,,,,,,v3
10,1/24/2023,2,6,1000051614,Left,T_A,1000058463,Right,T_B,1,Top,1,3,2,3-2,Slider,Slider,BallCalled,Walk,Undefined,,Undefined,0,0,83.57965,2.190849,0.689623,2535.023057,307.44376,4:15,5.42616,-2.59268,4.59886,-46.40888,-4.68351,7.69591,3.64353,-1.29546,76.96264,-6.131813,2.038129,0.464913,,,,,,,,,,,,-3.56788,-2.4548,2.51405,50,5.60885,-1.81382,-121.25315,2.74201,-5.35073,22.07704,-35.85552,81.07423,,6.61701,,,,1000187898,Right,55.90185,-122.323,11.03852,5.43387,4.47957,-17.92776,2.59566,-1.55453,-2.67537,,,,,,,,,,,,,,,,,,,,,,,,,,,,,,,,,,,,,,,,,,,,,,,,,,,High,High,High,,,,,,v3
11,1/24/2023,3,1,1000051614,Left,T_A,1000051968,Left,T_B,1,Top,1,0,0,0-0,Slider,Slider,FoulBall,Undefined,Undefined,,Undefined,0,0,83.86255,0.235957,2.716226,2571.449486,315.054812,4:30,5.33379,-2.50022,4.33028,-48.23207,-5.90618,7.24103,1.54022,0.70114,76.89566,-8.34696,3.978269,0.468246,70.75309,32.771382,-107.16157,5519.276825,,,,,44.20864,,,-2.73925,-2.58717,2.19937,50,5.31017,-6.09822,-121.44131,-1.51949,-4.07526,24.62505,-36.02302,80.497,25.65152,6.96688,1.25486,1.65684,-0.75279,1000187898,Right,56.17043,-122.68613,12.31252,5.34096,0.3015,-18.01151,2.50243,-5.89221,-2.03763,,1.25486,-25.74595,-11.16554,3.27649,-0.87603,0.19979,-0.04252,0.00825,-0.00088,1.65684,56.17004,-22.13689,2.50112,-0.51115,0.10385,-0.01764,0.00222,0.00015,-0.75279,-83.36965,13.71706,-1.48412,0.15973,0.023,-0.00715,-0.00269,0.00236,,,,,,,,,,,,,,,,,,,,,,,High,High,High,Low,Low,,,,v3
12,1/24/2023,3,2,1000051614,Left,T_A,1000051968,Left,T_B,1,Top,1,0,1,0-1,Fastball,Sinker,StrikeCalled,Undefined,Undefined,,Undefined,0,0,93.56809,-1.044188,5.441026,2196.287185,116.482147,10:00,5.3914,-2.33933,5.45245,-25.18442,7.63087,-13.11457,2.31065,1.67679,85.09056,-5.690647,3.121419,0.412296,,,,,,,,,,,,8.14056,4.47299,1.86712,50,5.28174,-12.25657,-135.19453,-3.43496,15.01801,30.35949,-23.92209,91.42076,,8.47753,,,,1000187898,Right,55.04556,-136.32286,15.17974,5.39288,-2.54589,-11.96104,2.33301,-12.81472,7.509,,,,,,,,,,,,,,,,,,,,,,,,,,,,,,,,,,,,,,,,,,,,,,,,,,,High,High,High,,,,,,v3
13,1/24/2023,3,3,1000051614,Left,T_A,1000051968,Left,T_B,1,Top,1,0,2,0-2,Slider,Curveball,InPlay,Undefined,GroundBall,GroundBall,Out,1,0,84.48698,0.239591,3.016151,2644.056641,353.128625,5:45,5.30758,-2.68453,4.30225,-50.84278,-8.85193,1.23721,1.3001,0.30536,77.05574,-8.802662,3.231748,0.46639,94.28705,-0.311098,3.767998,1507.739287,,,,34.13626,33.46521,3.797696,0.238772,0.32004,-4.045,2.35626,50,5.28117,-6.49891,-122.2411,-1.64555,0.47962,26.25997,-38.23575,80.81751,1.46907,7.43124,2.18466,1.46907,-0.28449,1000187898,Right,56.19855,-123.56551,13.12998,5.31553,0.28284,-19.11788,2.68464,-6.5231,0.23981,311.753948,2.186,137.91215,-18.51578,,,,,,,1.47099,-0.8577,-22.24592,,,,,,,-0.28565,9.15192,6.35855,,,,,,,,,,,,,,,,,,,,,,,,,,,,,High,High,High,High,High,,,,v3
14,1/24/2023,4,1,1000051614,Left,T_A,8886045,Right,T_B,1,Top,2,0,0,0-0,Fastball,Sinker,BallCalled,Undefined,Undefined,,Undefined,0,0,92.80978,-0.156254,4.499725,2206.766509,124.271238,10:15,5.42978,-2.33796,5.55738,-23.15163,10.03162,-13.07654,3.35404,0.78519,84.15458,-4.466723,2.177593,0.414601,,,,,,,,,,,,7.88839,5.4463,1.95716,50,5.40118,-9.95718,-134.29406,-1.20623,14.33023,30.51055,-22.28016,90.91248,,8.6552,,,,1000187898,Right,54.93988,-135.41171,15.25527,5.43042,-0.39008,-11.14008,2.33152,-10.48212,7.16512,,,,,,,,,,,,,,,,,,,,,,,,,,,,,,,,,,,,,,,,,,,,,,,,,,,High,High,High,,,,,,v3
15,1/24/2023,4,2,1000051614,Left,T_A,8886045,Right,T_B,1,Top,2,1,0,1-0,Fastball,Sinker,BallCalled,Undefined,Undefined,,Undefined,0,0,92.64025,-1.02972,5.793809,2294.51822,110.96008,9:45,5.44491,-2.36625,5.63788,-26.70372,6.19244,-13.60288,2.25393,1.92382,85.23014,-5.937647,3.381557,0.412804,,,,,,,,,,,,8.49434,3.66614,1.88155,50,5.33964,-13.01222,-134.02622,-3.40698,15.56956,26.87999,-25.45422,91.30833,,7.41011,,,,1000187898,Right,54.86433,-134.99828,13.44,5.4462,-2.48648,-12.72711,2.36229,-13.57526,7.78478,,,,,,,,,,,,,,,,,,,,,,,,,,,,,,,,,,,,,,,,,,,,,,,,,,,High,High,High,,,,,,v3
16,1/24/2023,4,3,1000051614,Left,T_A,8886045,Right,T_B,1,Top,2,2,0,2-0,Fastball,Sinker,FoulBall,Undefined,Undefined,FlyBall,Undefined,0,0,92.46621,-1.089619,3.431232,2221.825154,111.294831,9:45,5.37188,-2.54878,5.04929,-26.00486,7.9591,-17.50044,2.17512,-0.76698,84.10475,-5.86015,0.343315,0.41945,86.94697,42.481405,37.120354,4726.317434,77.66444,82.7104,77.89861,316.96816,207.82261,53.561053,5.232909,9.74528,4.58508,2.23648,50,5.2474,-7.19323,-133.90466,-3.58614,17.61167,30.17041,-23.88792,89.86148,97.76429,8.36146,2.12948,2.46969,0.78252,1000187898,Right,55.45062,-135.12718,15.08521,5.3731,-2.61819,-11.94396,2.54241,-7.90686,8.80583,,2.13592,74.78249,-20.77704,4.17759,0.71427,-0.86099,0.26631,-0.03656,0.0019,2.44524,86.59818,-24.97954,4.80763,-2.27718,0.80466,-0.15707,0.01533,-0.00059,0.77046,57.00112,-1.4697,0.42275,-0.7625,0.40448,-0.09906,0.0117,-0.00054,,,,,,,,,,,,,,,,,,,,,,,High,High,High,High,Low,,,,v3
17,1/24/2023,4,4,1000051614,Left,T_A,8886045,Right,T_B,1,Top,2,2,1,2-1,Fastball,Sinker,StrikeCalled,Undefined,Undefined,,Undefined,0,0,93.43246,-1.194597,2.059465,2073.013528,112.254039,9:45,5.42869,-2.42298,5.01985,-25.58096,7.33701,-15.50438,2.1687,-1.77064,85.87602,-5.862518,-0.679211,0.412941,,,,,,,,,,,,8.22949,4.25256,2.23876,50,5.29374,-4.11866,-135.57581,-3.87507,15.40525,28.04395,-24.21348,91.27805,,7.55644,,,,1000187898,Right,55.48006,-136.70466,14.02198,5.43011,-2.9004,-12.10674,2.41703,-4.73877,7.70262,,,,,,,,,,,,,,,,,,,,,,,,,,,,,,,,,,,,,,,,,,,,,,,,,,,High,High,High,,,,,,v3
18,1/24/2023,4,5,1000051614,Left,T_A,8886045,Right,T_B,1,Top,2,2,2,2-2,Slider,Slider,BallCalled,Undefined,Undefined,,Undefined,0,0,82.91579,1.265827,-0.003905,2223.993662,323.860865,4:45,5.44991,-2.35992,4.58817,-49.69692,-7.58914,6.3728,2.51281,-1.83257,77.03884,-7.604415,1.114272,0.467038,,,,,,,,,,,,-3.11713,-3.66732,2.35405,50,5.53378,-0.27878,-120.46824,0.63644,-4.64156,20.49231,-37.6349,80.70524,,5.87695,,,,1000187898,Right,55.91452,-121.47016,10.24616,5.45768,2.47651,-18.81745,2.36213,-0.05184,-2.32078,,,,,,,,,,,,,,,,,,,,,,,,,,,,,,,,,,,,,,,,,,,,,,,,,,,High,High,High,,,,,,v3
19,1/24/2023,4,6,1000051614,Left,T_A,8886045,Right,T_B,1,Top,2,3,2,3-2,Fastball,Sinker,BallCalled,Walk,Undefined,,Undefined,0,0,92.07857,-1.38999,1.471451,2173.488219,105.374858,9:30,5.36121,-2.49375,5.02693,-28.68584,5.28843,-15.41198,1.65847,-2.38934,84.51781,-6.609136,-1.253365,0.419514,,,,,,,,,,,,8.01559,3.32961,2.36583,50,5.20532,-2.68316,-133.59214,-4.41697,14.52317,28.08033,-26.14121,89.84785,,7.56076,,,,1000187898,Right,55.47219,-134.73746,14.04016,5.36374,-3.35075,-13.0706,2.48735,-3.27552,7.26158,,,,,,,,,,,,,,,,,,,,,,,,,,,,,,,,,,,,,,,,,,,,,,,,,,,High,High,High,,,,,,v3
20,1/24/2023,1,1,1000036206,Right,T_A,691273,Right,T_B,1,Bottom,0,0,0,0-0,ChangeUp,Changeup,StrikeSwinging,Undefined,Undefined,,Undefined,0,0,83.11074,-0.856763,-2.736582,1689.734248,262.624847,2:45,4.90494,0.77909,5.53768,-37.01352,3.69717,19.36288,1.01872,-0.16707,76.84974,-7.619303,0.717789,0.459225,,,,,,,,,,,,-10.55804,2.42488,-0.55507,50,4.80567,4.99404,-120.71368,-3.08773,-15.69646,21.83719,-28.56903,82.07832,,6.261,,,,1000055344,Right,54.96444,-121.60843,10.91859,4.9082,-1.91715,-14.28451,-0.77286,5.63719,-7.84823,,,,,,,,,,,,,,,,,,,,,,,,,,,,,,,,,,,,,,,,,,,,,,,,,,,High,High,High,,,,,,v3
21,1/24/2023,1,2,1000036206,Right,T_A,691273,Right,T_B,1,Bottom,0,0,1,0-1,ChangeUp,Changeup,FoulBall,Undefined,Undefined,GroundBall,Undefined,0,0,84.81377,-0.354488,-2.36331,1754.43572,261.363896,2:45,4.89775,0.76841,5.66463,-35.05998,3.87776,17.95099,1.64526,0.0594,78.20205,-6.790972,0.846209,0.449114,58.27745,-28.767921,-150.616597,,,,,1.63131,2.78351,-89.785594,0.044266,-9.8091,2.37969,-0.58046,50,4.84533,4.36415,-123.23183,-1.97247,-15.17014,23.17853,-28.49378,83.92618,1.82791,6.61172,2.90717,1.82791,0.00226,1000055344,Right,54.83725,-124.13833,11.58927,4.90069,-0.8581,-14.24689,-0.76274,4.95744,-7.58507,,2.90896,-65.5368,,,,,,,,1.82904,-41.29356,,,,,,,,0.00327,-36.90308,,,,,,,,,,,,,,,,,,,,,,,,,,,,,,High,High,High,Low,Low,,,,v3
22,1/24/2023,1,3,1000036206,Right,T_A,691273,Right,T_B,1,Bottom,0,0,2,0-2,Fastball,Sinker,BallCalled,Undefined,Undefined,,Undefined,0,0,90.8279,0.55763,-3.205351,2114.708815,242.898019,2:00,5.18633,0.33476,5.40793,-24.89986,9.52965,16.5554,3.63463,-1.29195,83.08917,-4.046734,-0.266051,0.422315,,,,,,,,,,,,-9.16414,4.96134,-0.06115,50,5.21874,6.6199,-131.74301,0.36607,-16.1693,26.95786,-23.42022,89.25187,,7.73872,,,,1000055344,Right,55.09156,-132.78078,13.47893,5.1873,1.26765,-11.71011,-0.32797,7.24235,-8.08465,,,,,,,,,,,,,,,,,,,,,,,,,,,,,,,,,,,,,,,,,,,,,,,,,,,High,High,High,,,,,,v3
23,1/24/2023,1,4,1000036206,Right,T_A,691273,Right,T_B,1,Bottom,0,1,2,1-2,ChangeUp,Changeup,BallinDirt,Undefined,Undefined,,Undefined,0,0,84.20577,-1.09392,-3.579526,1797.458569,276.191714,3:15,4.84808,0.61389,5.37905,-40.9066,-0.73689,18.22603,0.41159,-1.22722,77.5524,-8.523759,-0.339027,0.456164,,,,,,,,,,,,-10.19922,0.25331,-0.30671,50,4.72071,6.8828,-122.11436,-3.82514,-15.43322,23.57082,-31.79077,82.62921,,6.65338,,,,1000055344,Right,55.123,-123.09924,11.78541,4.85278,-2.4968,-15.89539,-0.60778,7.52766,-7.71661,,,,,,,,,,,,,,,,,,,,,,,,,,,,,,,,,,,,,,,,,,,,,,,,,,,High,High,High,,,,,,v3
24,1/24/2023,1,5,1000036206,Right,T_A,691273,Right,T_B,1,Bottom,0,2,2,2-2,Fastball,Sinker,HitByPitch,Undefined,Undefined,,Undefined,0,0,89.103,1.063416,-0.26487,2170.071554,253.119404,2:30,5.13818,0.67763,5.64419,-28.94734,6.77351,18.44462,3.71799,1.96761,80.93576,-4.308624,3.030051,0.430162,,,,,,,,,,,,-9.54713,3.43,-0.66762,50,5.20999,-0.18539,-129.3706,1.37915,-16.04651,29.07131,-26.40903,87.6238,,8.16723,,,,1000055344,Right,54.85638,-130.45733,14.53565,5.13998,2.36636,-13.20451,-0.6719,0.41445,-8.02325,,,,,,,,,,,,,,,,,,,,,,,,,,,,,,,,,,,,,,,,,,,,,,,,,,,High,High,High,,,,,,v3
25,1/24/2023,2,1,1000036206,Right,T_A,8886045,Left,T_B,1,Bottom,0,0,0,0-0,ChangeUp,Changeup,BallCalled,Undefined,Undefined,,Undefined,0,0,81.98285,0.665467,-0.897739,1697.348898,273.007242,3:00,4.85735,1.24057,5.41808,-42.17703,0.42283,19.04497,1.96608,1.98662,74.6769,-7.056669,2.4943,0.46976,,,,,,,,,,,,-9.83067,0.44642,-1.17445,50,4.88723,1.07271,-118.97164,-0.10785,-13.96926,24.65013,-31.53969,80.23773,,7.30596,,,,1000055344,Right,55.08142,-120.01986,12.32507,4.8633,1.23334,-15.76984,-1.2327,1.66674,-6.98463,,,,,,,,,,,,,,,,,,,,,,,,,,,,,,,,,,,,,,,,,,,,,,,,,,,High,High,High,,,,,,v3
26,1/24/2023,2,2,1000036206,Right,T_A,8886045,Left,T_B,1,Bottom,0,1,0,1-0,Fastball,Sinker,FoulBall,Undefined,Undefined,,Undefined,0,0,89.3433,-0.192942,-2.71437,2180.778516,253.839843,2:30,5.06417,1.07693,5.57524,-29.11116,6.39674,18.12607,2.45783,0.05029,81.52769,-5.56984,0.518135,0.428878,77.03092,59.34202,-58.514054,5020.819888,,,,,105.47566,,,-10.03304,3.60425,-0.85569,50,5.02841,5.3663,-129.64855,-1.4868,-17.03183,27.77243,-26.05557,87.88616,121.78036,7.81561,3.48308,2.65517,-0.03385,1000055344,Right,54.92564,-130.69943,13.88622,5.06602,-0.50089,-13.02779,-1.07094,6.01076,-8.51592,,3.48313,30.08636,-9.88777,2.24859,-0.42744,0.01714,0.02314,-0.00834,0.00098,2.65515,97.18806,-24.07304,2.62175,-0.59119,0.1422,-0.03684,0.00753,-0.00071,-0.03392,-49.124,6.33659,-0.72862,-0.03265,0.11612,-0.05957,0.01549,-0.00161,,,,,,,,,,,,,,,,,,,,,,,High,High,High,Medium,Low,,,,v3
27,1/24/2023,2,3,1000036206,Right,T_A,8886045,Left,T_B,1,Bottom,0,1,1,1-1,ChangeUp,Changeup,StrikeCalled,Undefined,Undefined,,Undefined,0,0,81.61237,-0.123355,-2.415004,1662.683698,262.32763,2:45,4.94329,0.94401,5.48943,-38.9453,4.69788,22.20572,1.58235,0.5339,73.10455,-7.324465,1.543066,0.475477,,,,,,,,,,,,-11.953,2.92917,-0.74761,50,4.90669,4.04664,-118.13093,-1.58202,-16.46463,27.7916,-28.13929,79.2729,,8.50782,,,,1000055344,Right,55.00667,-119.30298,13.8958,4.94838,-0.3953,-14.06965,-0.9329,4.74101,-8.23232,,,,,,,,,,,,,,,,,,,,,,,,,,,,,,,,,,,,,,,,,,,,,,,,,,,High,High,High,,,,,,v3
28,1/24/2023,2,4,1000036206,Right,T_A,8886045,Left,T_B,1,Bottom,0,1,2,1-2,ChangeUp,Changeup,BallCalled,Undefined,Undefined,,Undefined,0,0,82.3116,-1.970272,-3.788021,1644.548425,265.422752,2:45,4.88444,0.98586,5.56404,-39.44439,3.23185,20.30517,-0.24799,-0.866,74.37961,-9.213404,-0.165309,0.47018,,,,,,,,,,,,-11.64733,2.69768,-0.67275,50,4.68809,7.06993,-119.05592,-5.4386,-16.38296,27.12116,-28.37952,80.16592,,7.93199,,,,1000055344,Right,54.93561,-120.175,13.56058,4.88834,-4.2676,-14.18976,-0.97842,7.74593,-8.19148,,,,,,,,,,,,,,,,,,,,,,,,,,,,,,,,,,,,,,,,,,,,,,,,,,,High,High,High,,,,,,v3
29,1/24/2023,2,5,1000036206,Right,T_A,8886045,Left,T_B,1,Bottom,0,2,2,2-2,ChangeUp,Changeup,FoulBall,Undefined,Undefined,,Undefined,0,0,82.71788,-0.025514,-3.540609,1629.356167,268.941957,3:00,4.86707,1.17397,5.60755,-40.13038,1.86689,18.10186,1.49902,-0.62672,74.68695,-7.419901,-0.311703,0.466425,,,,,,,,,,,,-10.42398,1.32343,-0.88326,50,4.83883,6.68721,-119.78909,-1.41646,-14.88736,26.8309,-30.28398,80.81136,,8.03093,,,,1000055344,Right,54.89236,-120.87993,13.41545,4.87139,-0.18523,-15.14199,-1.16745,7.29248,-7.44368,,,,,,,,,,,,,,,,,,,,,,,,,,,,,,,,,,,,,,,,,,,,,,,,,,,High,High,High,,,,,,v3
30,1/24/2023,2,6,1000036206,Right,T_A,8886045,Left,T_B,1,Bottom,0,2,2,2-2,Fastball,Sinker,InPlay,Undefined,GroundBall,GroundBall,Out,1,0,89.68593,-0.328879,-1.705712,2044.301179,250.971221,2:15,5.1113,0.9785,5.65741,-28.30305,6.61516,16.09355,2.44587,0.72845,82.29409,-5.555601,1.171258,0.425302,47.09983,-86.307194,74.700209,,,,,2.52343,2.51974,-11.907009,0.03543,-8.68815,3.7541,-0.84474,50,5.06543,3.19095,-130.30142,-1.76194,-14.9742,26.74212,-25.70377,88.62514,2.4622,7.39185,2.4272,2.4622,-0.67392,1000055344,Right,54.84344,-131.29169,13.37106,5.11305,-0.81011,-12.85189,-0.97317,3.74545,-7.4871,,2.42715,1.18353,,,,,,,,2.46539,-69.49495,,,,,,,,-0.67412,4.32631,,,,,,,,,,,,,,,,,,,,,,,,,,,,,,High,High,High,Low,Low,,,,v3
31,1/24/2023,3,1,1000036206,Right,T_A,1000079407,Left,T_B,1,Bottom,1,0,0,0-0,Slider,Slider,BallCalled,Undefined,Undefined,,Undefined,0,0,79.12568,-0.218347,-1.518301,2349.624695,77.371058,8:30,5.28662,0.90163,5.10734,-46.37943,-0.09724,-7.29374,1.21587,-1.13702,72.37468,-8.626419,-2.809958,0.489642,,,,,,,,,,,,3.17437,0.4711,-0.75256,50,5.22989,3.3409,-114.72939,-2.08676,4.19831,22.75837,-31.551,76.97964,,6.751,,,,1000055344,Right,55.39132,-115.7939,11.37918,5.29298,-0.61098,-15.7755,-0.90424,3.14452,2.09915,,,,,,,,,,,,,,,,,,,,,,,,,,,,,,,,,,,,,,,,,,,,,,,,,,,High,High,High,,,,,,v3
32,1/24/2023,3,2,1000036206,Right,T_A,1000079407,Left,T_B,1,Bottom,1,1,0,1-0,ChangeUp,Changeup,BallCalled,Undefined,Undefined,,Undefined,0,0,82.44867,-0.592307,-3.104019,1743.154814,276.305508,3:15,4.89912,1.06122,5.55487,-43.09463,-1.04866,22.53084,0.75364,0.03567,75.11593,-8.476892,0.918179,0.466695,,,,,,,,,,,,-12.42473,0.02189,-0.80831,50,4.81921,5.57616,-119.54202,-2.7336,-17.79226,25.28007,-32.14271,80.76453,,7.33275,,,,1000055344,Right,54.94652,-120.58354,12.64003,4.90455,-1.40934,-16.07136,-1.05315,6.30919,-8.89613,,,,,,,,,,,,,,,,,,,,,,,,,,,,,,,,,,,,,,,,,,,,,,,,,,,High,High,High,,,,,,v3
33,1/24/2023,3,3,1000036206,Right,T_A,1000079407,Left,T_B,1,Bottom,1,2,0,2-0,Fastball,Sinker,BallCalled,Undefined,Undefined,,Undefined,0,0,88.99544,-1.640582,-1.812442,2092.496764,256.979971,2:30,5.13849,0.73303,5.50607,-29.98738,5.91536,20.55139,1.10406,0.75005,81.40993,-7.149712,1.8539,0.431256,,,,,,,,,,,,-10.91445,3.80264,-0.58908,50,4.97508,3.18235,-129.1398,-4.79953,-18.36844,27.75321,-25.77438,87.40155,,7.5855,,,,1000055344,Right,54.99411,-130.20865,13.8766,5.14081,-3.80689,-12.88719,-0.72527,3.88976,-9.18422,,,,,,,,,,,,,,,,,,,,,,,,,,,,,,,,,,,,,,,,,,,,,,,,,,,High,High,High,,,,,,v3
34,1/24/2023,3,4,1000036206,Right,T_A,1000079407,Left,T_B,1,Bottom,1,3,0,3-0,Fastball,Sinker,FoulBall,Undefined,Undefined,,Undefined,0,0,89.5211,-0.630544,-2.001726,2184.268416,254.492481,2:30,5.0998,0.84138,5.63626,-28.91368,6.38032,18.8734,2.10168,0.54591,81.70886,-5.974443,1.370949,0.427585,,,,,,,,,,,,-10.23599,3.73402,-0.68385,50,5.02764,3.73329,-129.96466,-2.46616,-17.43806,28.24453,-25.81275,88.15202,,7.81224,,,,1000055344,Right,54.86453,-131.01758,14.12226,5.10163,-1.5039,-12.90638,-0.83514,4.38336,-8.71903,,,,,,,,,,,,,,,,,,,,,,,,,,,,,,,,,,,,,,,,,,,,,,,,,,,High,High,High,,,,,,v3
35,1/24/2023,3,5,1000036206,Right,T_A,1000058463,Right,T_B,1,Bottom,1,3,1,3-1,Fastball,Sinker,FoulBall,Undefined,Undefined,,Undefined,0,0,88.49641,-0.661071,-1.962054,2077.54994,253.066726,2:30,5.10692,0.83932,5.65772,-28.8125,7.39162,20.30178,2.089,0.70067,80.52614,-6.0002,1.667376,0.433062,,,,,,,,,,,,-10.95694,4.29,-0.68664,50,5.03273,3.53428,-128.43688,-2.49254,-18.1676,28.43085,-25.06082,87.03703,,7.97028,,,,1000055344,Right,54.84249,-129.50438,14.21542,5.10865,-1.55157,-12.53041,-0.83215,4.21642,-9.0838,,,,,,,,,,,,,,,,,,,,,,,,,,,,,,,,,,,,,,,,,,,,,,,,,,,High,High,High,,,,,,v3
36,1/24/2023,3,6,1000036206,Right,T_A,1000058463,Right,T_B,1,Bottom,1,3,2,3-2,ChangeUp,Changeup,BallCalled,Walk,Undefined,,Undefined,0,0,83.38933,-0.926899,-2.813335,1702.525354,275.324467,3:15,4.937,0.98619,5.67538,-41.10935,-0.53252,19.51556,0.64599,-0.01239,76.59707,-8.446164,0.679519,0.458469,,,,,,,,,,,,-10.79422,0.32315,-0.76162,50,4.83257,5.17487,-121.04309,-3.3761,-15.98268,24.06381,-31.69558,82.21363,,6.79226,,,,1000055344,Right,54.8266,-121.99887,12.03191,4.94166,-2.1172,-15.84779,-0.97976,5.80968,-7.99134,,,,,,,,,,,,,,,,,,,,,,,,,,,,,,,,,,,,,,,,,,,,,,,,,,,High,High,High,,,,,,v3
37,1/24/2023,1,1,1000051614,Left,T_A,1000051968,Left,T_B,2,Top,0,0,0,0-0,Fastball,Sinker,StrikeCalled,Undefined,Undefined,,Undefined,0,0,91.00517,-0.902912,5.165412,1935.232071,105.673472,9:30,5.4411,-2.39931,5.17099,-29.91222,4.93988,-13.6543,2.09518,1.33703,83.25874,-6.356909,2.759968,0.424899,,,,,,,,,,,,8.19918,3.04673,1.92782,50,5.33392,-11.25221,-131.58532,-3.26755,14.40532,27.37972,-26.8212,88.70912,,7.74644,,,,691373,Right,55.32821,-132.68936,13.68986,5.44387,-2.18603,-13.4106,2.39326,-11.83308,7.20266,,,,,,,,,,,,,,,,,,,,,,,,,,,,,,,,,,,,,,,,,,,,,,,,,,,High,High,High,,,,,,v3
38,1/24/2023,1,2,1000051614,Left,T_A,1000051968,Left,T_B,2,Top,0,1,0,1-0,Fastball,Sinker,StrikeCalled,Undefined,Undefined,,Undefined,0,0,90.9182,-0.854645,4.735476,2162.269339,108.115123,9:30,5.5173,-2.36873,4.84679,-28.23257,7.27583,-18.55903,2.35264,0.57811,82.6029,-6.005623,1.481095,0.428881,,,,,,,,,,,,10.4676,4.1876,1.91656,50,5.40881,-9.97111,-131.39544,-3.11563,18.2306,28.8249,-24.88086,87.88551,,8.3153,,,,691373,Right,55.65161,-132.62947,14.41245,5.51939,-2.05045,-12.44043,2.36014,-10.75159,9.1153,,,,,,,,,,,,,,,,,,,,,,,,,,,,,,,,,,,,,,,,,,,,,,,,,,,High,High,High,,,,,,v3
39,1/24/2023,1,3,1000051614,Left,T_A,1000051968,Left,T_B,2,Top,0,1,1,1-1,Fastball,Sinker,BallCalled,Undefined,Undefined,,Undefined,0,0,91.17276,-1.366556,6.559153,2063.125781,107.13562,9:30,5.49359,-2.37462,5.3994,-28.03143,6.70831,-17.95969,1.86839,2.30218,82.95944,-6.51495,3.393999,0.424214,,,,,,,,,,,,10.82398,4.12185,1.80018,50,5.35149,-14.27732,-131.46658,-4.21991,18.90499,28.39794,-24.97488,88.85251,,8.21332,,,,691373,Right,55.09907,-132.56344,14.19897,5.49586,-3.25526,-12.48744,2.36574,-15.00753,9.4525,,,,,,,,,,,,,,,,,,,,,,,,,,,,,,,,,,,,,,,,,,,,,,,,,,,High,High,High,,,,,,v3
40,1/24/2023,1,4,1000051614,Left,T_A,1000051968,Left,T_B,2,Top,0,2,1,2-1,Slider,Slider,StrikeSwinging,Undefined,Undefined,,Undefined,0,0,83.52708,-0.782505,2.573728,2531.673508,351.573607,5:45,5.46498,-2.48951,4.10339,-47.66451,-4.71894,0.90024,0.74117,0.05718,76.81268,-9.217816,2.730212,0.471662,,,,,,,,,,,,0.29217,-1.67532,2.20064,50,5.32571,-5.47864,-120.93159,-3.69293,0.43206,23.87978,-34.65163,79.91414,,6.7144,,,,691373,Right,56.39678,-122.1882,11.93989,5.47206,-1.86947,-17.32581,2.48953,-5.50138,0.21603,,,,,,,,,,,,,,,,,,,,,,,,,,,,,,,,,,,,,,,,,,,,,,,,,,,High,High,High,,,,,,v3
41,1/24/2023,1,5,1000051614,Left,T_A,691273,Right,T_B,2,Top,1,0,0,0-0,ChangeUp,Changeup,StrikeSwinging,Undefined,Undefined,,Undefined,0,0,86.27166,-1.176436,4.398746,1578.008273,108.198595,9:30,5.37348,-2.36287,5.06701,-32.76703,6.42221,-15.42127,1.53022,0.50768,78.40874,-7.160017,1.680883,0.450562,,,,,,,,,,,,8.97516,3.92921,1.95732,50,5.23572,-8.89926,-124.73259,-3.80553,14.04044,26.7341,-26.02732,83.65643,,7.86292,,,,691373,Right,55.43148,-125.89134,13.36705,5.37622,-2.67741,-13.01366,2.35624,-9.50782,7.02022,,,,,,,,,,,,,,,,,,,,,,,,,,,,,,,,,,,,,,,,,,,,,,,,,,,High,High,High,,,,,,v3
42,1/24/2023,1,6,1000051614,Left,T_A,691273,Right,T_B,2,Top,1,0,1,0-1,Fastball,Sinker,InPlay,Undefined,GroundBall,GroundBall,Single,0,0,91.84348,-1.530192,4.846347,2055.875595,100.510691,9:15,5.46359,-2.42421,4.84817,-29.75104,4.9778,-20.61891,1.53016,0.45656,83.75714,-6.930609,1.228832,0.424147,85.40856,-3.902446,-0.094464,,,,,14.39831,13.44075,-1.157567,0.102993,11.58438,3.20284,1.96331,50,5.28655,-10.2559,-132.75718,-4.79418,20.63751,28.89146,-26.46822,88.86646,1.19547,8.08634,1.70836,1.19547,-0.34383,691373,Right,55.6525,-133.98167,14.44573,5.46596,-3.6724,-13.23411,2.41651,-11.13056,10.31875,335.376649,1.70837,124.974,-17.39366,,,,,,,1.19572,-8.55733,-29.67422,,,,,,,-0.34391,-0.19531,6.90381,,,,,,,,,,,,,,,,,,,,,,,,,,,,,High,High,High,Low,Low,,,,v3
43,1/24/2023,2,1,1000051614,Left,T_A,8886045,Right,T_B,2,Top,1,0,0,0-0,ChangeUp,Changeup,BallCalled,Undefined,Undefined,,Undefined,0,0,85.55231,-1.482426,4.296151,1534.710875,79.866724,8:45,5.25274,-2.59277,4.71783,-42.26109,-1.87555,-18.23769,0.31992,-0.02798,78.01733,-9.073053,1.09609,0.457388,,,,,,,,,,,,10.31186,-0.13555,2.17539,50,5.06452,-8.45938,-123.67319,-4.91371,15.84336,26.50287,-32.3823,82.40808,,7.53498,,,,691373,Right,55.78306,-124.90634,13.25143,5.2581,-3.40699,-16.19115,2.58615,-9.19656,7.92168,,,,,,,,,,,,,,,,,,,,,,,,,,,,,,,,,,,,,,,,,,,,,,,,,,,High,High,High,,,,,,v3
44,1/24/2023,2,2,1000051614,Left,T_A,8886045,Right,T_B,2,Top,1,1,0,1-0,Fastball,Sinker,BallCalled,Undefined,Undefined,,Undefined,0,0,91.03722,-1.933461,5.121351,2056.348036,106.295302,9:30,5.43049,-2.29211,4.88117,-28.60194,6.9437,-19.48851,1.20967,0.94222,82.58424,-7.147232,1.702876,0.429106,,,,,,,,,,,,11.11056,4.36666,1.80531,50,5.216,-10.82285,-131.40167,-5.6139,19.28984,29.66261,-24.59279,87.83946,,8.45298,,,,691373,Right,55.61728,-132.66365,14.8313,5.43259,-4.56761,-12.2964,2.28322,-11.64353,9.64492,,,,,,,,,,,,,,,,,,,,,,,,,,,,,,,,,,,,,,,,,,,,,,,,,,,High,High,High,,,,,,v3
45,1/24/2023,2,3,1000051614,Left,T_A,8886045,Right,T_B,2,Top,1,2,0,2-0,Fastball,Sinker,StrikeCalled,Undefined,Undefined,,Undefined,0,0,91.27751,-1.47007,5.169843,2062.575223,111.810906,9:45,5.47323,-2.25146,4.95435,-26.30474,8.79701,-19.02048,1.8862,1.06151,83.03184,-6.284363,1.831182,0.426418,,,,,,,,,,,,10.84233,5.1189,1.76555,50,5.30884,-11.00143,-131.84287,-4.44351,19.03615,28.69027,-23.18667,88.39312,,8.24568,,,,691373,Right,55.54431,-133.0439,14.34513,5.47453,-3.47288,-11.59334,2.24277,-11.79832,9.51808,,,,,,,,,,,,,,,,,,,,,,,,,,,,,,,,,,,,,,,,,,,,,,,,,,,High,High,High,,,,,,v3
46,1/24/2023,2,4,1000051614,Left,T_A,1000058463,Right,T_B,2,Top,1,2,1,2-1,Slider,Slider,StrikeCalled,Undefined,Undefined,,Undefined,0,0,83.32695,0.219484,2.010783,2655.296361,322.075043,4:45,5.42028,-2.41955,4.23273,-47.80719,-4.87079,4.85748,1.64663,-0.08876,76.43044,-8.283612,2.856851,0.471611,,,,,,,,,,,,-1.7752,-2.03134,2.19388,50,5.39438,-4.4665,-120.71205,-1.55267,-2.61349,23.98615,-35.16465,79.92269,,6.89651,,,,691373,Right,56.26732,-121.95105,11.99308,5.42767,0.26375,-17.58233,2.42111,-4.33151,-1.30674,,,,,,,,,,,,,,,,,,,,,,,,,,,,,,,,,,,,,,,,,,,,,,,,,,,High,High,High,,,,,,v3
47,1/24/2023,2,5,1000051614,Left,T_A,1000058463,Right,T_B,2,Top,1,2,2,2-2,Slider,Curveball,StrikeCalled,Strikeout,Undefined,,Undefined,0,0,82.16131,0.55849,1.499158,2584.597374,322.007046,4:45,5.43306,-2.29169,4.585,-52.23759,-8.66075,7.838,1.61142,-0.21206,75.44381,-8.774783,2.874352,0.475116,,,,,,,,,,,,-3.41051,-4.02551,2.12893,50,5.44158,-3.46812,-119.14082,-0.93845,-4.88564,23.6114,-37.94063,79.33321,,6.7175,,,,691373,Right,55.91641,-120.30763,11.8057,5.44163,0.93646,-18.97032,2.29435,-3.22668,-2.44282,,,,,,,,,,,,,,,,,,,,,,,,,,,,,,,,,,,,,,,,,,,,,,,,,,,High,High,High,,,,,,v3
48,1/24/2023,1,1,1000036206,Right,T_A,8886045,Left,T_B,2,Bottom,0,0,0,0-0,Fastball,Sinker,BallCalled,Undefined,Undefined,,Undefined,0,0,88.21711,-0.380789,-0.794995,2084.448015,243.105533,2:00,5.09392,1.1171,5.68486,-25.6923,10.51556,18.4593,2.59793,1.91431,80.58817,-5.160303,2.506501,0.433085,,,,,,,,,,,,-9.56611,5.80264,-1.06176,50,5.04591,0.97709,-128.12453,-1.72696,-15.86747,27.00174,-22.54909,87.03252,,7.62894,,,,1000055344,Right,54.81382,-129.13503,13.50087,5.09474,-0.88309,-11.27454,-1.10944,1.57091,-7.93373,,,,,,,,,,,,,,,,,,,,,,,,,,,,,,,,,,,,,,,,,,,,,,,,,,,High,High,High,,,,,,v3
49,1/24/2023,1,2,1000036206,Right,T_A,8886045,Left,T_B,2,Bottom,0,1,0,1-0,Fastball,Sinker,BallCalled,Undefined,Undefined,,Undefined,0,0,87.60269,0.496268,-0.646092,2094.417276,248.54577,2:15,5.08394,1.14856,5.49162,-27.73446,9.42308,20.85151,3.23702,2.28176,79.62084,-4.649441,3.068874,0.438727,,,,,,,,,,,,-10.69666,4.9687,-1.1065,50,5.10884,0.51799,-127.14836,0.12618,-17.38593,27.80835,-24.09813,85.91311,,7.98185,,,,1000055344,Right,55.00726,-128.23882,13.90417,5.08537,1.07115,-12.04907,-1.14018,1.19975,-8.69297,,,,,,,,,,,,,,,,,,,,,,,,,,,,,,,,,,,,,,,,,,,,,,,,,,,High,High,High,,,,,,v3
50,1/24/2023,1,3,1000036206,Right,T_A,8886045,Left,T_B,2,Bottom,0,2,0,2-0,Fastball,Sinker,StrikeCalled,Undefined,Undefined,,Undefined,0,0,88.67177,-0.440305,-3.149818,2088.242767,246.604123,2:15,5.08747,0.78001,5.60746,-26.26214,9.92902,20.1156,2.48733,-0.48685,80.50396,-5.327026,0.437487,0.432985,,,,,,,,,,,,-11.09595,5.5202,-0.52365,50,5.03298,6.18788,-128.54123,-1.90156,-18.44298,28.27652,-22.99874,87.05258,,8.16781,,,,1000055344,Right,54.89127,-129.61275,14.13826,5.08852,-1.03004,-11.49937,-0.77137,6.88677,-9.22149,,,,,,,,,,,,,,,,,,,,,,,,,,,,,,,,,,,,,,,,,,,,,,,,,,,High,High,High,,,,,,v3
51,1/24/2023,1,4,1000036206,Right,T_A,8886045,Left,T_B,2,Bottom,0,2,1,2-1,Fastball,Sinker,StrikeSwinging,Undefined,Undefined,,Undefined,0,0,87.30849,0.09986,-1.473663,2112.120542,238.680433,2:00,5.13284,0.65703,5.35449,-25.74797,11.76749,17.32702,3.08086,0.71855,79.49217,-4.677977,1.605148,0.440835,,,,,,,,,,,,-9.11871,6.2376,-0.53733,50,5.12375,2.49155,-126.68691,-0.68353,-14.76351,26.79591,-22.07512,85.50228,,7.81631,,,,1000055344,Right,55.14413,-127.77033,13.39796,5.13334,0.20902,-11.03756,-0.65013,3.08847,-7.38175,,,,,,,,,,,,,,,,,,,,,,,,,,,,,,,,,,,,,,,,,,,,,,,,,,,High,High,High,,,,,,v3
52,1/24/2023,1,5,1000036206,Right,T_A,8886045,Left,T_B,2,Bottom,0,2,2,2-2,ChangeUp,Changeup,InPlay,Undefined,FlyBall,LineDrive,Out,1,0,82.26458,0.43475,-1.622287,1629.942526,271.35774,3:00,4.90572,0.89773,5.61804,-40.95746,0.97634,17.31993,1.8985,0.82662,75.02746,-7.091305,1.473611,0.466072,93.60097,13.934192,3.689064,1366.744095,109.89807,22.13777,4.71627,281.43444,271.73043,1.680341,2.845457,-9.3691,0.69382,-0.77111,50,4.91616,2.70211,-119.43189,-0.48175,-13.42994,24.62926,-31.17949,80.87251,24.74408,7.23712,3.31544,2.13278,-0.75915,1000055344,Right,54.88317,-120.43469,12.31463,4.90993,0.78774,-15.58975,-0.89226,3.24891,-6.71497,166.260225,3.31541,132.96689,-20.16291,4.31629,-0.85351,0.15308,-0.02327,0.00249,-0.00013,2.13286,33.05264,-12.06707,-0.12106,0.10049,-0.01177,-0.00284,0.00136,-0.00015,-0.75917,8.57495,-3.51286,0.96973,-0.22479,0.04085,-0.00485,0.00025,0,,,,,,,,,,,,,,,,,,,,,,,High,High,High,High,High,,,,v3
53,1/24/2023,2,1,1000036206,Right,T_A,691273,Right,T_B,2,Bottom,1,0,0,0-0,Slider,Slider,InPlay,Undefined,GroundBall,GroundBall,Out,1,0,79.14212,0.322103,-0.911391,2469.733135,90.366213,9:00,5.24141,0.91119,5.2664,-44.02105,1.40705,-10.13788,1.87562,-0.78986,73.08452,-7.675678,-2.711489,0.485103,46.79695,-43.656597,21.383392,,,,,5.41586,5.41586,16.236012,0.044023,4.88713,0.95638,-0.81987,50,5.23803,2.22576,-114.97578,-0.86844,6.56762,20.5335,-30.88881,77.69993,2.10039,6.0576,3.15013,2.10039,0.71165,1000055344,Right,55.23502,-115.90693,10.26675,5.24565,0.5323,-15.4444,-0.91405,1.92793,3.28381,,3.14785,46.56072,,,,,,,,2.10272,-47.71133,,,,,,,,0.71075,18.23138,,,,,,,,,,,,,,,,,,,,,,,,,,,,,,High,High,High,Estimated,Estimated,,,,v3
54,1/24/2023,3,1,1000036206,Right,T_A,1000058463,Right,T_B,2,Bottom,2,0,0,0-0,Slider,Slider,StrikeCalled,Undefined,Undefined,,Undefined,0,0,78.51892,0.293815,-0.097075,2458.497953,82.840398,8:45,5.35521,0.82905,4.7723,-47.30365,-0.01681,-12.00934,1.69178,-0.26376,72.12711,-8.228495,-2.211643,0.494927,,,,,,,,,,,,5.88559,0.34095,-0.80819,50,5.3431,0.69837,-113.91595,-1.15937,7.72208,21.22433,-31.72673,76.1575,,6.39181,,,,1000055344,Right,55.72757,-114.97813,10.61217,5.36139,0.42841,-15.86337,-0.83347,0.31192,3.86104,,,,,,,,,,,,,,,,,,,,,,,,,,,,,,,,,,,,,,,,,,,,,,,,,,,High,High,High,,,,,,v3
55,1/24/2023,3,2,1000036206,Right,T_A,1000058463,Right,T_B,2,Bottom,2,0,1,0-1,Fastball,Sinker,FoulBall,Undefined,Undefined,,Undefined,0,0,88.62835,-0.976417,-2.083324,2091.879266,241.672936,2:00,5.146,0.47973,5.29858,-25.25808,11.44634,18.87836,2.12377,0.09616,80.35248,-5.660945,1.268036,0.436044,,,,,,,,,,,,-10.14406,6.39496,-0.30483,50,5.03915,3.82847,-128.47713,-3.09645,-16.79277,28.99857,-21.58766,86.44175,,8.27587,,,,1000055344,Right,55.20055,-129.64563,14.49929,5.14639,-2.22657,-10.79383,-0.47273,4.50514,-8.39638,,,,,,,,,,,,,,,,,,,,,,,,,,,,,,,,,,,,,,,,,,,,,,,,,,,High,High,High,,,,,,v3
56,1/24/2023,3,3,1000036206,Right,T_A,1000058463,Right,T_B,2,Bottom,2,0,2,0-2,ChangeUp,Changeup,BallCalled,Undefined,Undefined,,Undefined,0,0,81.6849,-0.406015,-1.487017,1677.551488,266.473493,3:00,4.93983,0.73877,5.63984,-39.88215,2.4078,17.37989,1.23742,0.79957,74.9697,-7.721265,1.62234,0.468047,,,,,,,,,,,,-9.44445,1.60366,-0.62446,50,4.87935,2.42494,-118.67468,-2.1621,-13.42713,23.36913,-29.89411,80.53123,,6.7152,,,,1000055344,Right,54.86283,-119.62842,11.68457,4.94269,-0.94206,-14.94706,-0.73461,2.97293,-6.71357,,,,,,,,,,,,,,,,,,,,,,,,,,,,,,,,,,,,,,,,,,,,,,,,,,,High,High,High,,,,,,v3
57,1/24/2023,3,4,1000036206,Right,T_A,1000058463,Right,T_B,2,Bottom,2,1,2,1-2,Fastball,Sinker,BallCalled,Undefined,Undefined,,Undefined,0,0,88.43638,0.44442,-3.476305,2163.298375,237.898049,2:00,5.18221,0.33193,5.26421,-24.89049,11.87107,17.00009,3.52629,-1.52118,80.39956,-4.170702,-0.467361,0.436384,,,,,,,,,,,,-9.45473,6.16205,-0.02643,50,5.20492,7.00444,-128.1137,0.10133,-15.67838,27.02369,-21.95579,86.37456,,8.03682,,,,1000055344,Right,55.23392,-129.21301,13.51185,5.18264,0.99447,-10.97789,-0.32434,7.64223,-7.83919,,,,,,,,,,,,,,,,,,,,,,,,,,,,,,,,,,,,,,,,,,,,,,,,,,,High,High,High,,,,,,v3
58,1/24/2023,3,5,1000036206,Right,T_A,1000058463,Right,T_B,2,Bottom,2,2,2,2-2,ChangeUp,Changeup,BallCalled,Undefined,Undefined,,Undefined,0,0,82.3472,-1.337999,-3.046246,1718.82975,257.401408,2:30,4.8629,0.76796,5.42226,-36.37982,5.47587,18.74044,0.57596,-0.52638,75.87385,-7.981626,0.28908,0.465638,,,,,,,,,,,,-10.33426,3.46918,-0.51117,50,4.71848,5.60513,-119.47611,-4.05044,-14.98822,22.28805,-27.14254,80.94789,,6.47335,,,,1000055344,Right,55.07929,-120.41991,11.14403,4.86567,-2.90107,-13.57127,-0.76197,6.23982,-7.49411,,,,,,,,,,,,,,,,,,,,,,,,,,,,,,,,,,,,,,,,,,,,,,,,,,,High,High,High,,,,,,v3
59,1/24/2023,3,6,1000036206,Right,T_A,1000058463,Right,T_B,2,Bottom,2,3,2,3-2,Slider,Slider,InPlay,Undefined,GroundBall,GroundBall,Out,1,0,78.94074,0.952493,-0.064157,2377.973768,78.634236,8:30,5.30467,0.75791,4.83874,-47.59723,-1.0398,-12.28446,2.2402,-0.32654,72.58518,-7.633432,-2.228788,0.491095,70.61144,-29.553261,16.421866,,,,,4.97753,2.64928,16.601192,0.041825,6.06481,-0.38752,-0.74036,50,5.35782,0.64035,-114.57033,0.15512,8.06802,20.99975,-32.68957,76.75176,2.14296,6.35556,1.14476,2.14296,0.35364,1000055344,Right,55.6621,-115.60348,10.49988,5.31063,1.7634,-16.34479,-0.7621,0.24342,4.03401,,1.14298,86.67821,,,,,,,,2.14401,-51.23674,,,,,,,,0.35311,25.54673,,,,,,,,,,,,,,,,,,,,,,,,,,,,,,High,High,High,Low,Low,,,,v3
60,1/24/2023,4,1,1000036206,Right,T_A,1000049656,Left,T_B,2,Bottom,0,0,0,0-0,ChangeUp,Changeup,BallCalled,Undefined,Undefined,,Undefined,0,0,82.2153,-1.147907,-2.944247,1678.328355,251.580574,2:30,4.89873,0.86349,5.58602,-34.56663,7.33292,17.97851,0.94468,-0.39012,75.37143,-7.506425,0.264281,0.465882,,,,,,,,,,,,-9.97611,4.42256,-0.62263,50,4.77743,5.41722,-119.26289,-3.54484,-14.35282,23.17006,-25.81123,80.90551,,6.84387,,,,1000055344,Right,54.91428,-120.21384,11.58503,4.90118,-2.4855,-12.90562,-0.85705,6.00629,-7.17641,,,,,,,,,,,,,,,,,,,,,,,,,,,,,,,,,,,,,,,,,,,,,,,,,,,High,High,High,,,,,,v3
61,1/24/2023,4,2,1000036206,Right,T_A,1000049656,Left,T_B,2,Bottom,0,1,0,1-0,Fastball,Sinker,InPlay,Undefined,GroundBall,GroundBall,Out,1,0,88.03738,0.138682,-1.75887,2225.282167,254.562784,2:30,5.08221,0.86019,5.65022,-30.01163,6.48095,19.16871,2.71065,0.81656,80.23376,-5.416688,1.666978,0.434784,86.8241,-14.462172,9.220952,,,,,12.29668,12.26544,4.263444,0.085527,-10.29977,3.58154,-0.72378,50,5.07489,3.11203,-127.82124,-0.74612,-16.95887,27.52046,-26.27695,86.69228,2.72647,7.80362,1.828,2.72647,-0.7798,1000055344,Right,54.85015,-128.86127,13.76023,5.08432,0.24692,-13.13847,-0.85349,3.75293,-8.47944,180,1.82399,122.00409,,,,,,,,2.72751,-31.87842,,,,,,,,-0.78045,19.80614,,,,,,,,,,,,,,,,,,,,,,,,,,,,,,High,High,High,Low,Low,,,,v3
62,1/24/2023,1,1,1000036180,Right,T_A,8886045,Left,T_B,3,Top,0,0,0,0-0,Fastball,Four-Seam,FoulBall,Undefined,Undefined,,Undefined,0,0,93.71952,-1.887734,-2.965296,2365.75857,213.669726,1:00,5.46325,2.28234,6.62795,-12.5239,18.60777,11.70028,2.68817,0.5398,85.14802,-4.342841,-0.839644,0.40158,75.96727,33.123158,-135.874799,2764.938422,,,,,46.54505,,,-7.04642,10.67127,-2.08582,50,5.32975,6.57935,-136.04086,-4.77502,-13.12431,31.5527,-12.29831,93.86023,28.13618,8.5715,1.44891,2.72892,-0.53296,691373,Right,53.87093,-136.93572,15.77635,5.46022,-4.42622,-6.14916,-2.27769,6.95157,-6.56216,47.547534,1.44891,-66.98165,0.2746,0.78358,-1.19088,4.74216,-12.07482,15.79891,-8.13449,2.72892,60.88364,-25.25825,2.83149,-1.13493,2.65772,-6.53577,8.4951,-4.35068,-0.53296,-64.96707,10.01616,-1.7782,0.8702,-2.50082,6.26796,-8.15226,4.17315,,,,,,,,,,,,,,,,,,,,,,,High,High,High,High,Low,,,,v3
63,1/24/2023,1,2,1000036180,Right,T_A,8886045,Left,T_B,3,Top,0,0,1,0-1,Fastball,Four-Seam,InPlay,Undefined,GroundBall,GroundBall,Out,1,0,94.51138,-2.323452,-3.576478,2410.602268,218.197109,1:15,5.45727,2.21239,6.48756,-12.09863,18.95292,14.03139,2.31059,0.09388,85.23115,-4.707936,-1.036213,0.401063,90.98986,6.506694,-15.215999,2254.938603,,,,129.47981,128.57725,-19.576642,1.112052,-8.48973,10.98812,-1.96696,50,5.28833,7.97706,-136.95111,-5.84269,-15.90511,34.07193,-11.58834,93.98124,5.85574,9.28023,1.95143,2.3317,-0.00638,691373,Right,54.0106,-137.94529,17.03597,5.45388,-5.50455,-5.79417,-2.2065,8.44115,-7.95255,98.684118,2.12605,125.7785,-16.30053,,,,,,,2.39727,14.31728,-14.8616,,,,,,,0.08248,-35.92109,-2.90852,,,,,,,,,,,,,,,,,,,,,,,,,,,,,High,High,High,High,High,,,,v3
64,1/24/2023,2,1,1000036180,Right,T_A,691273,Right,T_B,3,Top,1,0,0,0-0,Slider,Curveball,BallCalled,Undefined,Undefined,,Undefined,0,0,81.49803,2.111615,-1.670062,2380.528717,60.78041,8:00,5.38406,2.61122,5.38586,-46.45566,-3.3665,-8.48662,3.49375,0.33819,74.37474,-6.365813,-3.177597,0.472449,,,,,,,,,,,,3.77351,-1.89319,-2.45573,50,5.54013,3.79586,-118.19134,2.70249,5.31239,23.52546,-34.83929,79.78089,,7.12329,,,,691373,Right,55.11385,-119.20488,11.76273,5.39137,4.20346,-17.41965,-2.61433,3.56698,2.65619,,,,,,,,,,,,,,,,,,,,,,,,,,,,,,,,,,,,,,,,,,,,,,,,,,,High,High,High,,,,,,v3
65,1/24/2023,2,2,1000036180,Right,T_A,691273,Right,T_B,3,Top,1,1,0,1-0,Fastball,Four-Seam,HitByPitch,Undefined,Undefined,,Undefined,0,0,94.48348,-0.117035,-1.633863,2322.12057,217.886216,1:15,5.43289,2.37605,6.22323,-13.0739,18.04627,13.22367,4.23536,1.97004,85.51779,-2.664116,0.753345,0.401506,,,,,,,,,,,,-7.38831,9.71863,-2.26042,50,5.41762,3.35242,-137.2294,-0.62369,-13.95752,33.01342,-13.81427,93.87761,,8.96569,,,,691373,Right,54.27571,-138.25418,16.50671,5.43032,-0.19488,-6.90714,-2.3712,3.78568,-6.97876,,,,,,,,,,,,,,,,,,,,,,,,,,,,,,,,,,,,,,,,,,,,,,,,,,,High,High,High,,,,,,v3
66,1/24/2023,3,1,1000036180,Right,T_A,1000058463,Right,T_B,3,Top,1,0,0,0-0,Slider,Slider,StrikeCalled,Undefined,Undefined,,Undefined,0,0,82.24805,0.235585,-2.646001,2427.239175,109.473431,9:45,5.37787,2.53958,5.53956,-37.99388,3.88221,-7.34233,2.43214,-0.54708,75.54822,-6.724165,-3.952967,0.465752,,,,,,,,,,,,2.97874,2.29051,-2.30503,50,5.37311,5.8124,-119.33733,-0.81011,4.29675,22.90939,-28.8701,80.92819,,6.69983,,,,691373,Right,54.95941,-120.28563,11.4547,5.38191,0.38492,-14.43505,-2.54195,5.63454,2.14837,,,,,,,,,,,,,,,,,,,,,,,,,,,,,,,,,,,,,,,,,,,,,,,,,,,High,High,High,,,,,,v3
67,1/24/2023,3,2,1000036180,Right,T_A,1000058463,Right,T_B,3,Top,1,0,1,0-1,ChangeUp,Sinker,StrikeSwinging,Undefined,Undefined,,Undefined,0,0,87.15184,-2.37418,-2.653737,1946.740883,224.980389,1:30,5.33652,2.35346,6.70758,-21.47438,14.32556,13.14513,1.37282,1.02098,79.65388,-6.465096,-0.259036,0.430638,,,,,,,,,,,,-7.6952,8.60339,-2.1819,50,5.17016,5.38031,-126.53884,-5.81285,-12.43725,26.58688,-18.2689,87.52694,,7.49796,,,,691373,Right,53.79109,-127.33289,13.29344,5.33562,-5.26723,-9.13445,-2.34814,5.75176,-6.21863,,,,,,,,,,,,,,,,,,,,,,,,,,,,,,,,,,,,,,,,,,,,,,,,,,,High,High,High,,,,,,v3
68,1/24/2023,3,3,1000036180,Right,T_A,1000058463,Right,T_B,3,Top,1,0,2,0-2,Fastball,Four-Seam,InPlay,Undefined,LineDrive,GroundBall,Single,0,0,95.46226,-2.018587,-3.689349,2456.151105,213.812387,1:15,5.41089,2.18708,6.52043,-10.41579,19.66147,12.50926,2.68621,-0.16019,86.92786,-4.077244,-1.424222,0.394721,92.80002,7.494394,-1.7621,875.546168,109.98229,5.5525,1.92645,148.84045,148.84045,1.888689,1.256961,-7.625,11.1889,-1.93514,50,5.26526,8.41437,-138.48382,-5.11409,-14.77068,31.64077,-10.49957,95.49126,7.36752,8.5344,1.24031,2.70278,0.14405,691373,Right,53.97906,-139.38999,15.82038,5.40742,-4.81339,-5.24978,-2.18218,8.8374,-7.38534,267.247244,1.24031,134.87999,-16.00425,2.00863,-0.30969,0.01204,0.00464,-0.00135,0.00016,2.70278,17.75226,-17.79274,1.90823,-0.36323,0.08321,-0.01489,0.00224,-0.00023,0.14405,-4.14947,8.86486,-2.771,0.76853,-0.17774,0.0356,-0.00622,0.00061,,,,,,,,,,,,,,,,,,,,,,,High,High,High,High,High,,,,v3
69,1/24/2023,4,1,1000036180,Right,T_A,1000055244,Left,T_B,3,Top,1,0,0,0-0,Fastball,Four-Seam,BallCalled,Undefined,Undefined,,Undefined,0,0,94.29677,-0.434956,-1.670064,2220.39697,223.205515,1:30,5.55014,2.51861,6.32762,-16.33178,14.68131,12.83505,3.78844,2.04983,85.71424,-3.566115,0.651914,0.400815,,,,,,,,,,,,-7.13626,8.06099,-2.40237,50,5.51047,3.44429,-136.99474,-1.50959,-13.49349,31.68777,-16.93201,94.03953,,8.58253,,,,691373,Right,54.1702,-137.95596,15.84389,5.54847,-0.99597,-8.466,-2.51306,3.8536,-6.74674,,,,,,,,,,,,,,,,,,,,,,,,,,,,,,,,,,,,,,,,,,,,,,,,,,,High,High,High,,,,,,v3
70,1/24/2023,4,2,1000036180,Right,T_A,1000055244,Left,T_B,3,Top,1,1,0,1-0,ChangeUp,Changeup,StrikeSwinging,Undefined,Undefined,,Undefined,0,0,86.80463,-2.739969,-3.976968,1804.524547,247.699403,2:15,5.39642,2.58504,6.27997,-28.15679,8.62099,18.08036,0.51654,0.42023,79.49098,-7.991193,-0.712382,0.43648,,,,,,,,,,,,-10.52056,5.62949,-2.29955,50,5.18003,8.03996,-125.78112,-6.90232,-16.81529,26.06301,-23.17626,86.35553,,7.31365,,,,691373,Right,54.21973,-126.65246,13.03151,5.39784,-6.12748,-11.58813,-2.57775,8.60214,-8.40764,,,,,,,,,,,,,,,,,,,,,,,,,,,,,,,,,,,,,,,,,,,,,,,,,,,High,High,High,,,,,,v3
71,1/24/2023,4,3,1000036180,Right,T_A,1000055244,Left,T_B,3,Top,1,1,1,1-1,Fastball,Sinker,StrikeCalled,Undefined,Undefined,,Undefined,0,0,94.03572,-2.522031,-2.063272,2331.344633,226.644192,1:30,5.35919,2.3745,6.59365,-15.59942,15.47261,15.24521,1.74547,1.75368,85.25294,-5.532343,0.708923,0.401196,,,,,,,,,,,,-8.58595,9.20804,-2.23892,50,5.17988,4.28179,-136.4628,-6.42091,-16.02996,32.80646,-14.98263,93.95029,,8.78278,,,,691373,Right,53.90362,-137.39805,16.40323,5.35683,-5.99378,-7.49131,-2.3675,4.73878,-8.01498,,,,,,,,,,,,,,,,,,,,,,,,,,,,,,,,,,,,,,,,,,,,,,,,,,,High,High,High,,,,,,v3
72,1/24/2023,4,4,1000036180,Right,T_A,1000055244,Left,T_B,3,Top,1,1,2,1-2,ChangeUp,Changeup,FoulBall,Undefined,Undefined,,Undefined,0,0,86.96741,-2.063787,-4.201527,1940.156678,251.530619,2:30,5.23557,2.4995,6.26573,-28.76895,8.01784,20.25958,0.92948,0.3072,79.23635,-7.442318,-0.546176,0.436533,,,,,,,,,,,,-11.82749,5.13819,-2.19776,50,5.06828,8.47387,-126.0156,-5.44312,-18.88622,27.2731,-23.96934,86.34492,,7.73106,,,,691373,Right,54.23466,-126.92879,13.63655,5.23709,-4.64056,-11.98467,-2.49207,9.10624,-9.44311,,,,,,,,,,,,,,,,,,,,,,,,,,,,,,,,,,,,,,,,,,,,,,,,,,,High,High,High,,,,,,v3
73,1/24/2023,4,5,1000036180,Right,T_A,1000055244,Left,T_B,3,Top,1,1,2,1-2,Fastball,Four-Seam,StrikeSwinging,Strikeout,Undefined,,Undefined,0,0,95.03647,-3.218442,-3.079331,2409.413664,222.490593,1:30,5.40048,2.59125,6.68757,-14.00855,16.61178,14.16709,1.28217,0.95278,85.48881,-5.955196,-0.501783,0.398269,,,,,,,,,,,,-8.42748,10.12898,-2.39042,50,5.17942,6.81199,-137.64421,-8.08338,-15.88108,35.60722,-13.08662,94.64069,,9.54766,,,,691373,Right,53.80861,-138.62596,17.80361,5.39732,-7.72256,-6.54331,-2.58427,7.24986,-7.94054,,,,,,,,,,,,,,,,,,,,,,,,,,,,,,,,,,,,,,,,,,,,,,,,,,,High,High,High,,,,,,v3
74,1/24/2023,5,1,1000036180,Right,T_A,1000049656,Left,T_B,3,Top,2,0,0,0-0,ChangeUp,Changeup,BallCalled,Undefined,Undefined,,Undefined,0,0,87.25221,-2.232644,-3.218925,1892.319279,226.856701,1:30,5.28923,2.67294,6.57082,-22.60111,13.96835,13.41257,1.35501,0.83697,78.37032,-6.55931,-0.783579,0.435242,,,,,,,,,,,,-8.05835,8.48512,-2.45626,50,5.12599,6.57741,-126.36971,-5.53802,-12.75932,30.75507,-18.73904,86.60114,,8.88189,,,,691373,Right,53.92393,-127.32111,15.37754,5.28834,-4.95833,-9.36952,-2.66584,6.97212,-6.37966,,,,,,,,,,,,,,,,,,,,,,,,,,,,,,,,,,,,,,,,,,,,,,,,,,,High,High,High,,,,,,v3
75,1/24/2023,5,2,1000036180,Right,T_A,1000049656,Left,T_B,3,Top,2,1,0,1-0,Fastball,Sinker,StrikeCalled,Undefined,Undefined,,Undefined,0,0,95.5994,-3.132185,-2.557309,2362.305369,224.887906,1:30,5.37143,2.52596,6.61464,-12.88615,17.38808,16.20599,1.42319,1.53274,86.09222,-5.658376,0.389057,0.396012,,,,,,,,,,,,-9.25808,10.44701,-2.35756,50,5.1524,5.49136,-138.53066,-7.88246,-17.70036,35.60853,-12.20055,95.18011,,9.50717,,,,691373,Right,53.8814,-139.52478,17.80427,5.36771,-7.54185,-6.10028,-2.51776,5.98552,-8.85018,,,,,,,,,,,,,,,,,,,,,,,,,,,,,,,,,,,,,,,,,,,,,,,,,,,High,High,High,,,,,,v3
76,1/24/2023,5,3,1000036180,Right,T_A,1000049656,Left,T_B,3,Top,2,1,1,1-1,Fastball,Four-Seam,StrikeCalled,Undefined,Undefined,,Undefined,0,0,94.7419,-1.567314,-2.358931,2370.692398,223.810304,1:30,5.4353,2.44893,6.60881,-15.08938,15.36709,13.76709,2.74066,1.43425,86.10073,-4.48324,0.143955,0.397202,,,,,,,,,,,,-7.89717,8.83536,-2.29326,50,5.32195,5.09695,-137.5932,-4.16197,-15.04742,32.25922,-15.339,94.89493,,8.64117,,,,691373,Right,53.88908,-138.50201,16.12961,5.43311,-3.72984,-7.6695,-2.44282,5.52087,-7.52371,,,,,,,,,,,,,,,,,,,,,,,,,,,,,,,,,,,,,,,,,,,,,,,,,,,High,High,High,,,,,,v3
77,1/24/2023,5,4,1000036180,Right,T_A,1000049656,Left,T_B,3,Top,2,1,2,1-2,Curveball,Curveball,InPlay,Undefined,Popup,,Out,1,0,77.34477,2.030657,-1.274409,2291.959518,40.776478,7:15,5.60043,2.29101,5.28913,-58.89121,-10.84343,-10.68497,2.6009,0.20373,70.81955,-8.641837,-3.172313,0.498894,83.37137,55.869293,22.336998,,,,,,178.20778,,,5.0102,-5.68276,-2.16665,50,5.74172,2.91088,-112.22504,1.94431,6.34378,21.67027,-39.36938,75.55203,106.49247,6.52522,2.92465,3.14588,-0.3978,691373,Right,55.21354,-113.22728,10.83513,5.60969,3.76512,-19.68469,-2.29449,2.61749,3.17189,,2.92465,63.46055,-21.19313,6.69097,-1.70713,0.40715,-0.09104,0.01679,-0.00178,3.14588,101.21627,-24.39332,1.89679,-0.06228,-0.06683,0.02062,-0.00244,-2.00E-05,-0.3978,26.07482,-4.12824,1.32713,-0.3432,0.08257,-0.01847,0.00338,-0.00035,,,,,,,,,,,,,,,,,,,,,,,High,High,High,High,Low,,,,v3
78,1/24/2023,1,1,1000049559,Left,T_A,8886045,Right,T_B,3,Bottom,0,0,0,0-0,Fastball,Four-Seam,StrikeCalled,Undefined,Undefined,,Undefined,0,0,86.79395,-1.987644,3.402135,2365.383928,158.465544,11:15,5.76832,-2.06051,5.39688,-18.48418,20.01529,-7.33331,2.36127,0.52035,78.1327,-5.499645,2.101544,0.446579,,,,,,,,,,,,4.7728,11.09548,1.76206,50,5.57834,-7.13502,-125.49177,-4.92047,7.49509,29.00497,-14.74997,84.40253,,8.66125,,,,1000055344,Right,55.09854,-126.66472,14.50249,5.76526,-4.32399,-7.37498,2.05672,-7.43812,3.74755,,,,,,,,,,,,,,,,,,,,,,,,,,,,,,,,,,,,,,,,,,,,,,,,,,,High,High,High,,,,,,v3
79,1/24/2023,1,2,1000049559,Left,T_A,8886045,Right,T_B,3,Bottom,0,0,1,0-1,Slider,Curveball,FoulBall,Undefined,Undefined,LineDrive,Undefined,0,0,78.74257,-0.346309,2.609402,2594.170282,289.204898,3:45,5.63573,-2.35999,5.1891,-47.6527,-1.17996,7.62453,1.33854,0.73188,72.39979,-8.966703,3.959847,0.490649,90.28156,14.788367,-39.984723,2562.285926,81.51912,20.54396,-73.85539,239.80269,239.80269,-46.210709,2.526593,-3.09776,-0.15937,2.11145,50,5.56698,-5.50263,-114.19026,-2.34311,-4.07123,21.93819,-32.38348,76.82165,21.26815,6.34278,3.68481,1.62631,-0.62133,1000055344,Right,55.31208,-115.20629,10.96909,5.64077,-0.84332,-16.19174,2.36193,-5.31408,-2.03561,,3.68482,98.09525,-22.11209,5.66113,-1.31884,0.24122,-0.03133,0.0018,8.00E-05,1.6263,33.79901,-15.26093,0.55765,0.06872,-0.01872,-0.00099,0.00201,-0.00032,-0.62133,-82.26757,6.4317,-0.03041,-0.31184,0.13587,-0.03816,0.00661,-0.00054,,,,,,,,,,,,,,,,,,,,,,,High,High,High,Medium,High,,,,v3
80,1/24/2023,1,3,1000049559,Left,T_A,8886045,Right,T_B,3,Bottom,0,0,2,0-2,Fastball,Four-Seam,BallCalled,Undefined,Undefined,,Undefined,0,0,87.92283,-3.153767,4.829491,2343.71892,164.350446,11:30,5.84251,-1.9276,5.68998,-15.98111,20.99312,-5.5202,1.55796,2.1242,79.86561,-6.199668,3.848527,0.437644,,,,,,,,,,,,4.19484,11.92674,1.52397,50,5.56622,-10.4818,-126.94062,-7.45676,6.80631,27.34699,-12.82242,86.12583,,8.05723,,,,1000055344,Right,54.80494,-127.97156,13.6735,5.83822,-6.97337,-6.41121,1.92396,-10.73839,3.40315,,,,,,,,,,,,,,,,,,,,,,,,,,,,,,,,,,,,,,,,,,,,,,,,,,,High,High,High,,,,,,v3
81,1/24/2023,1,4,1000049559,Left,T_A,8886045,Right,T_B,3,Bottom,0,1,2,1-2,Slider,Slider,StrikeSwinging,Strikeout,Undefined,,Undefined,0,0,81.50226,-1.787981,3.949778,2704.469229,254.792229,2:30,5.52858,-2.51482,5.00624,-40.52719,3.88736,8.42863,0.459,1.92183,74.04617,-9.117821,5.43326,0.479661,,,,,,,,,,,,-2.88441,2.98047,2.1279,50,5.32409,-8.48951,-117.7176,-5.15772,-3.97949,25.84596,-28.06201,78.58147,,7.45609,,,,1000055344,Right,55.49034,-118.91694,12.92298,5.53322,-3.85555,-14.03101,2.51756,-8.30485,-1.98975,,,,,,,,,,,,,,,,,,,,,,,,,,,,,,,,,,,,,,,,,,,,,,,,,,,High,High,High,,,,,,v3
82,1/24/2023,2,1,1000049559,Left,T_A,1000051968,Left,T_B,3,Bottom,1,0,0,0-0,Slider,Slider,FoulBall,Undefined,Undefined,,Undefined,0,0,80.57434,-0.00359,1.97302,2717.2742,251.79603,2:30,5.52973,-2.46122,5.06608,-40.48703,3.94658,7.77544,2.15242,0.04782,73.98453,-7.354404,3.346804,0.479764,,,,,,,,,,,,-3.2461,2.49067,2.26776,50,5.49805,-4.36641,-116.82058,-1.48676,-4.48898,21.86188,-28.72978,78.56462,,6.58981,,,,1000055344,Right,55.42916,-117.83222,10.93094,5.53609,-0.15732,-14.36489,2.465,-4.15869,-2.24449,,,,,,,,,,,,,,,,,,,,,,,,,,,,,,,,,,,,,,,,,,,,,,,,,,,High,High,High,,,,,,v3
83,1/24/2023,2,2,1000049559,Left,T_A,1000051968,Left,T_B,3,Bottom,1,0,1,0-1,Fastball,Four-Seam,StrikeSwinging,Undefined,Undefined,,Undefined,0,0,88.3035,-2.04387,3.115339,2497.359051,154.874633,11:15,5.83218,-2.03532,5.68284,-14.70816,22.2497,-9.76256,2.69772,0.0579,79.02517,-4.908657,1.373835,0.437547,,,,,,,,,,,,5.96756,12.34768,1.77886,50,5.6509,-6.51526,-127.69185,-4.93525,9.6514,31.30703,-12.20404,86.1449,,9.27833,,,,1000055344,Right,54.8112,-128.86605,15.65351,5.82741,-4.47753,-6.10202,2.03,-6.87724,4.8257,,,,,,,,,,,,,,,,,,,,,,,,,,,,,,,,,,,,,,,,,,,,,,,,,,,High,High,High,,,,,,v3
84,1/24/2023,2,3,1000049559,Left,T_A,1000051968,Left,T_B,3,Bottom,1,0,2,0-2,Fastball,Four-Seam,BallCalled,Undefined,Undefined,,Undefined,0,0,88.90506,-3.237994,6.651769,2519.120699,166.348403,11:30,5.73145,-1.98677,5.64499,-18.71741,18.01906,-4.04603,1.12758,3.90881,80.23905,-6.765345,5.937689,0.436235,,,,,,,,,,,,4.16118,10.54666,1.42236,50,5.44292,-14.72896,-127.83802,-7.84636,6.79148,29.73458,-14.96076,86.40406,,8.66601,,,,1000055344,Right,54.8498,-128.96113,14.86729,5.72862,-7.28127,-7.48038,1.98353,-14.98548,3.39574,,,,,,,,,,,,,,,,,,,,,,,,,,,,,,,,,,,,,,,,,,,,,,,,,,,High,High,High,,,,,,v3
85,1/24/2023,2,4,1000049559,Left,T_A,1000051968,Left,T_B,3,Bottom,1,1,2,1-2,Slider,Slider,BallCalled,Undefined,Undefined,,Undefined,0,0,80.73364,-1.620822,4.573864,2746.894125,255.099103,2:30,5.55267,-2.30042,5.17966,-41.10691,3.41772,7.43339,0.59676,2.63181,74.17318,-9.044323,5.884223,0.480255,,,,,,,,,,,,-2.37248,2.61177,1.86837,50,5.37032,-9.64314,-116.71516,-4.76642,-3.25533,23.05183,-28.5904,78.48427,,6.56046,,,,1000055344,Right,55.31882,-117.76097,11.52592,5.55713,-3.46934,-14.2952,2.30251,-9.49545,-1.62767,,,,,,,,,,,,,,,,,,,,,,,,,,,,,,,,,,,,,,,,,,,,,,,,,,,High,High,High,,,,,,v3
86,1/24/2023,2,5,1000049559,Left,T_A,1000051968,Left,T_B,3,Bottom,1,2,2,2-2,Slider,Slider,FoulBall,Undefined,Undefined,LineDrive,Undefined,0,0,80.60351,-0.207689,1.40862,2788.216324,263.916653,2:45,5.58255,-2.48001,5.09609,-41.90569,2.06256,7.49264,1.89463,-0.52791,74.65206,-7.787542,2.734578,0.477245,85.89533,20.891614,38.276656,3017.245953,82.38312,26.33843,72.89026,222.21768,210.79173,46.557504,2.415653,-3.41555,1.38673,2.34066,50,5.52964,-3.1811,-117.08524,-1.92336,-4.77491,20.64248,-30.23543,78.97929,26.53986,5.95144,3.69617,2.33048,0.43601,1000055344,Right,55.40563,-118.03443,10.32124,5.58612,-0.53307,-15.11771,2.48189,-2.96154,-2.38746,,3.69618,92.39546,-18.24826,3.61782,-0.77983,0.13449,-0.01968,0.0017,-1.00E-05,2.33048,44.9245,-23.14835,2.5712,-0.53524,0.10781,-0.01876,0.00276,-0.00022,0.43601,72.90861,-1.47468,-0.94614,0.36748,-0.11,0.02425,-0.004,0.00031,,,,,,,,,,,,,,,,,,,,,,,High,High,High,High,Medium,,,,v3
87,1/24/2023,2,6,1000049559,Left,T_A,1000051968,Left,T_B,3,Bottom,1,2,2,2-2,Fastball,Four-Seam,FoulBall,Undefined,Undefined,GroundBall,Undefined,0,0,88.8798,-3.11155,4.219137,2403.090387,149.251544,11:00,5.83445,-1.95443,5.73907,-15.66914,20.00619,-11.22772,1.62063,1.04569,81.49169,-6.084481,2.217737,0.429888,78.18291,5.877783,-170.848933,2178.007265,,,,48.38522,36.90269,-172.152249,0.465864,6.8715,11.37997,1.60986,50,5.56515,-9.01775,-128.6468,-7.46954,11.56148,25.69469,-13.02702,87.67962,2.64778,7.38812,4.17722,1.60219,-1.09297,1000055344,Right,54.76066,-129.59416,12.84735,5.8317,-6.98924,-6.51351,1.9502,-9.44402,5.78074,,4.19578,-113.1398,2.58798,,,,,,,1.60814,11.57502,-32.28414,,,,,,,-1.09499,-18.08429,13.43275,,,,,,,,,,,,,,,,,,,,,,,,,,,,,High,High,High,Medium,Medium,,,,v3
88,1/24/2023,2,7,1000049559,Left,T_A,1000051968,Left,T_B,3,Bottom,1,2,2,2-2,Fastball,Four-Seam,BallCalled,Undefined,Undefined,,Undefined,0,0,87.10065,-3.985765,4.577717,2441.162175,161.145397,11:15,5.82543,-1.96983,5.83634,-20.73958,16.50784,-5.22276,0.37469,1.85879,79.88699,-7.854671,3.645731,0.439258,,,,,,,,,,,,3.93977,9.91528,1.599,50,5.48681,-9.86131,-125.84364,-9.43099,6.32161,25.39765,-16.26441,85.80934,,7.21366,,,,1000055344,Right,54.66194,-126.78101,12.69883,5.82382,-8.83071,-8.1322,1.96726,-10.09462,3.16081,,,,,,,,,,,,,,,,,,,,,,,,,,,,,,,,,,,,,,,,,,,,,,,,,,,High,High,High,,,,,,v3
89,1/24/2023,2,8,1000049559,Left,T_A,1000051968,Left,T_B,3,Bottom,1,3,2,3-2,Slider,Slider,BallCalled,Walk,Undefined,,Undefined,0,0,79.97704,-1.370354,3.256711,2752.653871,230.289906,1:45,5.46483,-2.41977,5.41767,-39.45935,4.77898,4.2261,0.89054,0.98645,74.2571,-8.531491,4.007477,0.478708,,,,,,,,,,,,-1.31461,3.11378,2.1271,50,5.31514,-6.76588,-116.03078,-4.10991,-1.80621,20.1205,-27.8959,78.73781,,5.71993,,,,1000055344,Right,55.08313,-116.9089,10.06025,5.46794,-2.89244,-13.94795,2.42066,-6.68705,-0.90311,,,,,,,,,,,,,,,,,,,,,,,,,,,,,,,,,,,,,,,,,,,,,,,,,,,High,High,High,,,,,,v3
90,1/24/2023,3,1,1000049559,Left,T_A,1000058463,Right,T_B,3,Bottom,1,0,0,0-0,Fastball,Four-Seam,InPlay,Undefined,FlyBall,LineDrive,Double,0,0,87.85772,-2.610206,3.341259,2478.841432,143.098965,10:45,5.75606,-2.13463,5.61586,-17.94674,18.89714,-13.25516,1.81856,-0.11728,80.02229,-6.004343,0.979125,0.436872,109.36909,16.086395,-6.826882,1054.29046,109.27615,28.8265,-12.59774,357.93838,357.93838,-5.835236,3.587455,7.71193,10.7106,1.85799,50,5.52148,-6.86305,-127.23106,-6.35596,12.5946,27.00317,-14.68222,86.27803,39.38441,7.83542,1.67321,1.8766,0.10256,1000055344,Right,54.88302,-128.26324,13.50158,5.75371,-5.79474,-7.34111,2.12953,-7.34447,6.2973,180.846822,1.67322,153.03579,-27.77751,6.47848,-1.46855,0.30134,-0.04954,0.00536,-0.00027,1.87671,44.437,-13.76945,0.34977,0.02073,-0.01487,0.00334,-0.00027,1.00E-05,0.10251,-18.31737,3.42505,-0.4737,0.05632,-0.0058,0.00082,-0.0001,1.00E-05,,,,,,,,,,,,,,,,,,,,,,,High,High,High,High,High,,,,v3
91,1/24/2023,1,1,1000036180,Right,T_A,1000055244,Left,T_B,4,Top,0,0,0,0-0,Fastball,Four-Seam,BallCalled,Undefined,Undefined,,Undefined,0,0,92.42774,-3.957154,-2.690631,2285.590077,204.62513,12:45,5.3302,2.56092,6.83423,-12.00532,20.05245,8.66126,0.71095,0.82693,83.61293,-6.330542,-1.110433,0.40751,,,,,,,,,,,,-5.4465,12.23087,-2.39106,50,5.07092,5.95959,-133.91002,-9.50691,-9.76122,32.42183,-10.25379,92.49459,,8.81481,,,,691373,Right,53.66355,-134.79411,16.21092,5.32635,-9.2273,-5.12689,-2.5572,6.22576,-4.88061,,,,,,,,,,,,,,,,,,,,,,,,,,,,,,,,,,,,,,,,,,,,,,,,,,,High,High,High,,,,,,v3
92,1/24/2023,1,2,1000036180,Right,T_A,1000055244,Left,T_B,4,Top,0,1,0,1-0,ChangeUp,Changeup,StrikeSwinging,Undefined,Undefined,,Undefined,0,0,86.56078,-1.377493,-2.881183,1748.874089,247.440531,2:15,5.27601,2.63648,6.70665,-28.32628,8.09878,16.5358,1.65426,1.37808,78.81439,-6.728304,0.132062,0.434382,,,,,,,,,,,,-9.53371,5.07721,-2.45056,50,5.1736,5.70447,-125.68385,-3.83074,-15.12927,27.35074,-24.11689,86.7726,,7.74639,,,,691373,Right,53.79139,-126.50622,13.67537,5.27788,-3.10561,-12.05845,-2.62892,6.15937,-7.56464,,,,,,,,,,,,,,,,,,,,,,,,,,,,,,,,,,,,,,,,,,,,,,,,,,,High,High,High,,,,,,v3
93,1/24/2023,1,3,1000036180,Right,T_A,1000055244,Left,T_B,4,Top,0,1,1,1-1,ChangeUp,Changeup,StrikeSwinging,Undefined,Undefined,,Undefined,0,0,85.87562,-1.43783,-2.728444,1657.34441,241.273607,2:00,5.25607,2.70883,6.77121,-28.48285,8.57898,13.28867,1.5678,1.32289,77.91471,-6.833935,-0.303716,0.438162,,,,,,,,,,,,-7.85292,5.38827,-2.53496,50,5.15159,5.4522,-124.66075,-3.91868,-12.20537,27.93878,-23.79932,86.02396,,7.96091,,,,691373,Right,53.72616,-125.49307,13.96939,5.25777,-3.20967,-11.89966,-2.7028,5.81581,-6.10268,,,,,,,,,,,,,,,,,,,,,,,,,,,,,,,,,,,,,,,,,,,,,,,,,,,High,High,High,,,,,,v3
94,1/24/2023,1,4,1000036180,Right,T_A,1000055244,Left,T_B,4,Top,0,1,2,1-2,Fastball,Four-Seam,StrikeSwinging,Strikeout,Undefined,,Undefined,0,0,95.17607,-1.495275,-2.483311,2285.773476,209.244192,1:00,5.32003,2.46868,6.41282,-10.98473,19.66458,10.39493,3.02829,1.05036,85.75221,-3.676098,-0.601614,0.398457,,,,,,,,,,,,-6.1841,11.02945,-2.2954,50,5.20767,5.53804,-138.05649,-3.83696,-11.76939,34.71996,-11.1831,94.59594,,9.42386,,,,691373,Right,54.0836,-139.07969,17.35998,5.31589,-3.5074,-5.59155,-2.46372,5.88489,-5.8847,,,,,,,,,,,,,,,,,,,,,,,,,,,,,,,,,,,,,,,,,,,,,,,,,,,High,High,High,,,,,,v3
95,1/24/2023,2,1,1000036180,Right,T_A,1000066765,Right,T_B,4,Top,1,0,0,0-0,Slider,Slider,BallCalled,Undefined,Undefined,,Undefined,0,0,83.23739,-0.874368,-3.588283,2424.675762,111.921183,9:45,5.25873,2.57559,5.62684,-36.31864,5.01398,-8.93119,1.41464,-1.52132,75.73708,-7.546501,-5.178261,0.46272,,,,,,,,,,,,3.40673,3.23114,-2.2637,50,5.16099,7.91999,-120.5143,-3.06952,4.94625,26.2121,-27.48271,81.45849,,7.50031,,,,691373,Right,54.87088,-121.5691,13.10605,5.26226,-1.96358,-13.74136,-2.57841,7.72095,2.47313,,,,,,,,,,,,,,,,,,,,,,,,,,,,,,,,,,,,,,,,,,,,,,,,,,,High,High,High,,,,,,v3
96,1/24/2023,2,2,1000036180,Right,T_A,1000066765,Right,T_B,4,Top,1,1,0,1-0,Slider,Slider,BallCalled,Undefined,Undefined,,Undefined,0,0,82.30809,1.608399,-2.549919,2238.515933,109.34563,9:45,5.31906,2.52544,5.52169,-38.01081,3.70209,-7.04067,3.65714,-0.44689,75.65755,-5.360335,-3.801837,0.464843,,,,,,,,,,,,2.87831,1.82004,-2.29861,50,5.4337,5.60462,-119.43116,2.04945,4.17506,22.08206,-29.53405,81.08636,,6.65054,,,,691373,Right,54.97769,-120.34799,11.04103,5.32316,3.27567,-14.76703,-2.5277,5.43128,2.08753,,,,,,,,,,,,,,,,,,,,,,,,,,,,,,,,,,,,,,,,,,,,,,,,,,,High,High,High,,,,,,v3
97,1/24/2023,2,3,1000036180,Right,T_A,1000066765,Right,T_B,4,Top,1,2,0,2-0,Fastball,Four-Seam,StrikeCalled,Undefined,Undefined,,Undefined,0,0,93.94455,-2.502288,-3.172821,2378.585003,216.462976,1:15,5.34187,2.29742,6.61372,-12.77253,18.50296,12.83729,1.98071,0.45828,84.7384,-5.014217,-0.841603,0.402507,,,,,,,,,,,,-7.72748,10.83646,-2.08621,50,5.16576,7.01788,-136.16861,-6.24325,-14.3082,33.75832,-12.10924,93.64416,,9.20615,,,,691373,Right,53.88324,-137.12795,16.87916,5.33829,-5.89913,-6.05462,-2.29142,7.42449,-7.1541,,,,,,,,,,,,,,,,,,,,,,,,,,,,,,,,,,,,,,,,,,,,,,,,,,,High,High,High,,,,,,v3
98,1/24/2023,2,4,1000036180,Right,T_A,1000066765,Right,T_B,4,Top,1,2,1,2-1,Fastball,Four-Seam,BallCalled,Undefined,Undefined,,Undefined,0,0,94.31456,-0.941964,-4.483152,2404.939856,217.968663,1:15,5.44217,2.44095,6.70134,-13.32461,17.40324,12.77824,3.46777,-0.60178,85.5635,-3.546857,-2.165066,0.398967,,,,,,,,,,,,-8.02449,9.74544,-2.14683,50,5.37362,10.19943,-136.72543,-2.5621,-15.10561,31.70758,-13.82886,94.47497,,8.75106,,,,691373,Right,53.79654,-137.60306,15.85379,5.43924,-2.17933,-6.91443,-2.43492,10.61753,-7.55281,,,,,,,,,,,,,,,,,,,,,,,,,,,,,,,,,,,,,,,,,,,,,,,,,,,High,High,High,,,,,,v3
99,1/24/2023,2,5,1000036180,Right,T_A,1000066765,Right,T_B,4,Top,1,3,1,3-1,Fastball,Four-Seam,InPlay,Undefined,LineDrive,GroundBall,Single,0,0,93.02741,-1.657172,-3.163807,2339.71098,221.769472,1:30,5.35174,2.46619,6.42851,-15.44339,16.60273,13.81245,2.5389,0.70636,84.00865,-4.647872,-0.663932,0.407436,80.35643,9.586783,-4.396578,1427.539872,,,,135.18371,135.18371,-0.326503,1.339076,-8.33071,9.57418,-2.24715,50,5.22662,6.91161,-134.94095,-4.32516,-15.15099,33.10336,-14.76156,92.51133,8.27393,9.01877,1.91246,2.54776,-0.68388,691373,Right,54.07159,-135.93611,16.55168,5.34997,-3.88139,-7.38078,-2.46177,7.36708,-7.57549,262.417574,1.91246,115.86815,-14.62114,2.276,-0.49128,0.21281,-0.14226,0.05867,-0.01006,2.54776,19.62776,-17.5166,1.27517,-0.10624,-0.1586,0.17597,-0.08079,0.01454,-0.68388,-8.90919,8.99311,-2.51038,1.11922,-1.08845,0.88923,-0.38969,0.06917,,,,,,,,,,,,,,,,,,,,,,,High,High,High,High,High,,,,v3
100,1/24/2023,3,1,1000036180,Right,T_A,1000048964,Left,T_B,4,Top,1,0,0,0-0,Fastball,Four-Seam,BallCalled,Undefined,Undefined,,Undefined,0,0,93.76855,-2.877609,-2.610182,2295.533057,215.238881,1:15,5.45688,2.47639,6.55964,-12.3982,19.15194,12.70056,1.78046,1.14003,84.35426,-5.32409,-0.304383,0.40427,,,,,,,,,,,,-7.46957,11.30001,-2.30107,50,5.25254,5.66074,-135.87524,-7.10192,-13.72678,34.49398,-11.40813,93.23574,,9.41429,,,,691373,Right,53.93638,-136.8709,17.24699,5.45278,-6.77263,-5.70407,-2.47018,6.05697,-6.86339,,,,,,,,,,,,,,,,,,,,,,,,,,,,,,,,,,,,,,,,,,,,,,,,,,,High,High,High,,,,,,v3
101,1/24/2023,3,2,1000036180,Right,T_A,1000048964,Left,T_B,4,Top,1,1,0,1-0,ChangeUp,Changeup,BallCalled,Undefined,Undefined,,Undefined,0,0,86.8645,-1.792861,-3.374333,1860.043253,242.977612,2:00,5.20955,2.68686,6.5474,-28.40218,8.29729,13.67316,1.19518,0.7283,78.57898,-7.15146,-0.892093,0.436015,,,,,,,,,,,,-8.19622,5.33803,-2.45836,50,5.07359,6.89101,-125.90789,-4.7808,-12.9621,29.09842,-23.73206,86.44757,,8.28552,,,,691373,Right,53.94899,-126.81725,14.54921,5.2114,-4.03914,-11.86603,-2.68004,7.29609,-6.48105,,,,,,,,,,,,,,,,,,,,,,,,,,,,,,,,,,,,,,,,,,,,,,,,,,,High,High,High,,,,,,v3
102,1/24/2023,3,3,1000036180,Right,T_A,1000048964,Left,T_B,4,Top,1,2,0,2-0,Fastball,Four-Seam,BallCalled,Undefined,Undefined,,Undefined,0,0,92.64567,-2.15986,-4.983996,2400.422049,216.533791,1:15,5.38655,2.24058,6.75166,-13.91784,18.21824,12.62568,2.24532,-1.27157,83.42719,-4.89428,-2.694051,0.408007,,,,,,,,,,,,-8.22772,10.6376,-1.91708,50,5.23851,11.18163,-134.0334,-5.37766,-14.75007,32.89417,-13.10368,92.38175,,9.21848,,,,691373,Right,53.74492,-134.94934,16.44708,5.38317,-5.01279,-6.55184,-2.23415,11.59235,-7.37504,,,,,,,,,,,,,,,,,,,,,,,,,,,,,,,,,,,,,,,,,,,,,,,,,,,High,High,High,,,,,,v3
103,1/24/2023,3,4,1000036180,Right,T_A,1000048964,Left,T_B,4,Top,1,3,0,3-0,Fastball,Four-Seam,StrikeCalled,Undefined,Undefined,,Undefined,0,0,92.6485,-1.399411,-2.84404,2328.621085,217.095968,1:15,5.31535,2.60712,6.30295,-14.45666,18.0308,12.75367,2.8195,1.04753,83.5252,-4.212191,-0.540671,0.410232,,,,,,,,,,,,-7.47489,10.12233,-2.40383,50,5.20534,6.12511,-134.33015,-3.64978,-13.47688,32.70263,-13.92396,91.88081,,9.12329,,,,691373,Right,54.19314,-135.34712,16.35132,5.31211,-3.21678,-6.96198,-2.60082,6.54421,-6.73844,,,,,,,,,,,,,,,,,,,,,,,,,,,,,,,,,,,,,,,,,,,,,,,,,,,High,High,High,,,,,,v3
104,1/24/2023,3,5,1000036180,Right,T_A,1000048964,Left,T_B,4,Top,1,3,1,3-1,ChangeUp,Changeup,FoulBall,Undefined,Undefined,GroundBall,Undefined,0,0,87.44924,-1.976539,-3.241488,1869.888997,224.758552,1:30,5.19537,2.6007,6.49842,-23.1758,13.05418,11.65701,1.44617,0.59359,79.10767,-6.38467,-1.128236,0.433217,78.80796,-5.117887,-70.524976,,,,,17.14096,10.13524,-71.472113,0.144621,-7.11504,7.84386,-2.37829,50,5.04668,6.72691,-126.76408,-5.02642,-11.42061,29.1868,-19.58355,87.0059,1.3639,8.34157,-0.04445,1.3639,-0.61898,691373,Right,53.99851,-127.6814,14.5934,5.19498,-4.41093,-9.79178,-2.59535,7.08585,-5.71031,166.728236,-0.04446,38.38255,-2.85173,,,,,,,1.36373,-10.29561,5.99558,,,,,,,-0.6189,-108.54449,3.06611,,,,,,,,,,,,,,,,,,,,,,,,,,,,,High,High,High,Low,Low,,,,v3
105,1/24/2023,3,6,1000036180,Right,T_A,1000048964,Left,T_B,4,Top,1,3,2,3-2,Slider,Slider,BallCalled,Walk,Undefined,,Undefined,0,0,83.31101,-0.466908,-3.498432,2478.855242,107.242853,9:30,5.15659,2.55356,5.89999,-36.63451,3.83732,-8.23764,1.66945,-1.38469,76.3846,-7.213534,-4.972507,0.457876,,,,,,,,,,,,3.21658,2.48083,-2.26717,50,5.098,7.7066,-120.81024,-2.18205,4.73368,24.46532,-28.52314,82.32019,,6.92641,,,,691373,Right,54.59913,-121.73804,12.23266,5.16024,-1.10036,-14.26157,-2.55603,7.52708,2.36684,,,,,,,,,,,,,,,,,,,,,,,,,,,,,,,,,,,,,,,,,,,,,,,,,,,High,High,High,,,,,,v3
106,1/24/2023,4,1,1000036180,Right,T_A,1000048964,Left,T_B,4,Top,1,0,0,0-0,Fastball,Four-Seam,StrikeSwinging,Undefined,Undefined,,Undefined,0,0,94.04334,-1.896563,-2.955867,2329.370635,211.55764,1:00,5.25732,2.38781,6.45533,-10.56898,21.08702,12.19575,2.63133,0.6863,83.98611,-4.026492,-0.747618,0.404948,,,,,,,,,,,,-7.30748,11.94946,-2.18318,50,5.11764,6.49945,-136.20506,-4.69673,-13.41607,36.2456,-10.23566,93.07964,,10.05722,,,,691373,Right,54.03867,-137.27559,18.1228,5.25189,-4.39441,-5.11783,-2.381,6.8957,-6.70803,,,,,,,,,,,,,,,,,,,,,,,,,,,,,,,,,,,,,,,,,,,,,,,,,,,High,High,High,,,,,,v3
107,1/24/2023,4,2,1000036180,Right,T_A,1000051953,Right,T_B,4,Top,1,0,0,0-0,Slider,Slider,StrikeCalled,Undefined,Undefined,,Undefined,0,0,81.71949,-0.225957,-3.067634,2355.886582,119.969786,10:00,5.2513,2.56444,5.92616,-36.70789,5.31748,-6.87859,1.98234,-0.85792,74.79225,-7.008769,-4.300181,0.466581,,,,,,,,,,,,2.62988,3.20417,-2.31508,50,5.21251,6.61699,-118.53555,-1.63305,3.72303,23.7172,-27.63803,80.78433,,6.92724,,,,691373,Right,54.57213,-119.44687,11.8586,5.25485,-0.57108,-13.81902,-2.56658,6.47393,1.86152,,,,,,,,,,,,,,,,,,,,,,,,,,,,,,,,,,,,,,,,,,,,,,,,,,,High,High,High,,,,,,v3
108,1/24/2023,4,3,1000036180,Right,T_A,1000051953,Right,T_B,4,Top,1,0,1,0-1,Slider,Slider,StrikeCalled,Undefined,Undefined,,Undefined,0,0,82.21024,0.982547,-2.374489,2276.572356,49.482629,7:45,5.26642,2.56339,5.79628,-44.80731,-2.67984,-4.87575,2.44727,-0.05282,74.42222,-7.270634,-3.247419,0.467148,,,,,,,,,,,,1.71051,-1.24008,-2.36513,50,5.32071,5.1363,-119.17094,0.52999,2.42007,26.35334,-33.92858,80.68635,,7.78802,,,,691373,Right,54.70167,-120.20616,13.17667,5.27371,1.86279,-16.96429,-2.56503,5.04124,1.21004,,,,,,,,,,,,,,,,,,,,,,,,,,,,,,,,,,,,,,,,,,,,,,,,,,,High,High,High,,,,,,v3
109,1/24/2023,4,4,1000036180,Right,T_A,1000051953,Right,T_B,4,Top,1,0,2,0-2,Fastball,Four-Seam,InPlay,Undefined,Popup,LineDrive,Out,1,0,94.03632,-2.566245,-3.474727,2314.231248,217.830524,1:15,5.38082,2.35282,6.61573,-12.86347,18.37434,13.38796,1.95267,0.28224,84.79535,-5.095007,-1.044487,0.402265,61.8341,22.877141,22.618319,4408.393829,97.13396,19.78322,51.62302,161.90436,97.53627,31.465556,2.433994,-8.15654,10.81634,-2.12156,50,5.20049,7.72981,-136.26968,-6.41101,-15.11652,33.96384,-12.12812,93.70063,21.68579,9.24097,1.91091,2.03565,-0.28857,691373,Right,53.88218,-137.23386,16.98192,5.3776,-6.06671,-6.06406,-2.34709,8.15894,-7.55826,235.188172,1.91098,77.12603,-11.89964,1.86048,-0.15667,-0.15786,0.11089,-0.033,0.00386,2.03561,35.25856,-16.97305,1.28058,-0.35823,0.18333,-0.08131,0.02201,-0.00251,-0.28857,32.13475,1.6344,-0.32208,0.07405,-0.02334,0.00821,-0.00207,0.00023,,,,,,,,,,,,,,,,,,,,,,,High,High,High,High,Medium,,,,v3
110,1/24/2023,1,1,1000049559,Left,T_A,1000049656,Right,T_B,4,Bottom,0,0,0,0-0,Fastball,Four-Seam,InPlay,Undefined,GroundBall,GroundBall,Out,1,0,85.73548,-2.81724,3.199563,2300.776378,158.609597,11:15,5.823,-2.18227,5.40025,-20.58592,18.19934,-6.64579,1.46132,0.26523,78.67748,-6.651546,2.02003,0.448234,96.3175,-0.91942,-35.498824,3905.998287,,,,41.10346,40.17761,-35.402223,0.284373,4.24185,10.31197,1.90177,50,5.55728,-6.66402,-124.188,-6.78556,6.64166,24.26674,-16.02807,84.09098,1.89007,7.058,2.46728,1.89007,-0.52898,1000055344,Right,55.09944,-125.18048,12.13337,5.82139,-6.13003,-8.01404,2.17987,-6.93565,3.32083,,2.47063,114.83696,-20.11685,,,,,,,1.8913,-2.32405,-15.22978,,,,,,,-0.52792,-82.07049,0.66532,,,,,,,,,,,,,,,,,,,,,,,,,,,,,High,High,High,Medium,High,,,,v3
111,1/24/2023,2,1,1000049559,Left,T_A,1000048964,Left,T_B,4,Bottom,1,0,0,0-0,Slider,Slider,StrikeCalled,Undefined,Undefined,,Undefined,0,0,79.06991,0.262802,2.416633,2522.670286,269.978198,3:00,5.50322,-2.5609,5.1073,-44.66601,1.43949,7.91725,2.02888,0.37712,72.67404,-7.832034,3.815888,0.488706,,,,,,,,,,,,-3.2648,1.06972,2.32656,50,5.49312,-5.16269,-114.66469,-1.05303,-4.34219,21.40677,-30.75131,77.12702,,6.39588,,,,1000055344,Right,55.392,-115.66694,10.70339,5.50871,0.38673,-15.37565,2.56351,-4.95939,-2.17109,,,,,,,,,,,,,,,,,,,,,,,,,,,,,,,,,,,,,,,,,,,,,,,,,,,High,High,High,,,,,,v3
112,1/24/2023,2,2,1000049559,Left,T_A,1000048964,Left,T_B,4,Bottom,1,0,1,0-1,Slider,Slider,StrikeSwinging,Undefined,Undefined,,Undefined,0,0,80.0625,-1.109531,3.19098,2715.188744,252.28805,2:30,5.57173,-2.51885,5.17457,-41.17479,3.82792,7.51591,1.09467,1.11331,73.62407,-8.56864,4.519885,0.482826,,,,,,,,,,,,-2.85099,2.64114,2.21557,50,5.43695,-6.77281,-115.99396,-3.69372,-3.87348,22.25688,-28.58568,78.06628,,6.43843,,,,1000055344,Right,55.32449,-117.01117,11.12844,5.57591,-2.38728,-14.29284,2.52106,-6.59578,-1.93674,,,,,,,,,,,,,,,,,,,,,,,,,,,,,,,,,,,,,,,,,,,,,,,,,,,High,High,High,,,,,,v3
113,1/24/2023,2,3,1000049559,Left,T_A,1000048964,Left,T_B,4,Bottom,1,0,2,0-2,Slider,Slider,BallCalled,Undefined,Undefined,,Undefined,0,0,80.78471,-0.871249,2.653192,2682.230575,252.252731,2:30,5.46714,-2.54662,5.02995,-40.95707,3.51669,6.48489,1.23106,0.49894,74.07034,-8.287306,3.797952,0.47998,,,,,,,,,,,,-2.45839,2.40874,2.28733,50,5.35096,-5.69566,-117.05371,-3.26078,-3.39549,23.02398,-28.84711,78.52914,,6.71436,,,,1000055344,Right,55.46887,-118.12451,11.51199,5.47142,-1.91915,-14.42355,2.54856,-5.53775,-1.69774,,,,,,,,,,,,,,,,,,,,,,,,,,,,,,,,,,,,,,,,,,,,,,,,,,,High,High,High,,,,,,v3
114,1/24/2023,2,4,1000049559,Left,T_A,1000048964,Left,T_B,4,Bottom,1,1,2,1-2,Fastball,Four-Seam,BallCalled,Undefined,Undefined,,Undefined,0,0,86.60227,-2.042522,4.493245,2369.443371,170.909867,11:45,5.78518,-2.14896,5.58377,-14.77402,23.35919,-3.5289,2.6399,1.76165,78.65521,-4.881705,3.867149,0.44445,,,,,,,,,,,,3.09835,12.7832,1.76444,50,5.59975,-9.68728,-125.21068,-4.86665,4.89283,26.52328,-11.98707,84.80691,,7.94706,,,,1000055344,Right,54.91257,-126.24702,13.26164,5.78076,-4.39828,-5.99354,2.14668,-9.87846,2.44642,,,,,,,,,,,,,,,,,,,,,,,,,,,,,,,,,,,,,,,,,,,,,,,,,,,High,High,High,,,,,,v3
115,1/24/2023,2,5,1000049559,Left,T_A,1000048964,Left,T_B,4,Bottom,1,2,2,2-2,Slider,Slider,BallCalled,Undefined,Undefined,,Undefined,0,0,80.71487,-2.725085,3.217828,2735.794214,267.227298,3:00,5.49749,-2.47072,5.20022,-42.56502,1.79036,7.79579,-0.61867,1.20866,74.48182,-10.381993,4.598869,0.479341,,,,,,,,,,,,-3.01906,2.01665,2.16608,50,5.21207,-6.87886,-116.85344,-7.06454,-4.15544,22.95281,-29.39829,78.63387,,6.23305,,,,1000055344,Right,55.30078,-117.89004,11.4764,5.50115,-5.73685,-14.69914,2.47251,-6.69118,-2.07772,,,,,,,,,,,,,,,,,,,,,,,,,,,,,,,,,,,,,,,,,,,,,,,,,,,High,High,High,,,,,,v3
116,1/24/2023,2,6,1000049559,Left,T_A,1000048964,Left,T_B,4,Bottom,1,3,2,3-2,Slider,Slider,StrikeSwinging,Strikeout,Undefined,,Undefined,0,0,78.75351,0.047546,1.680656,2581.567454,267.441361,3:00,5.52148,-2.58762,5.29971,-44.20376,1.69642,7.22619,1.88249,-0.40716,72.698,-7.984422,2.964042,0.487617,,,,,,,,,,,,-3.1765,1.25181,2.42938,50,5.49352,-3.64166,-114.34715,-1.42265,-4.21955,20.43443,-30.5112,77.29931,,6.05552,,,,1000055344,Right,55.20014,-115.27269,10.21722,5.52666,-0.0407,-15.2556,2.58999,-3.45054,-2.10977,,,,,,,,,,,,,,,,,,,,,,,,,,,,,,,,,,,,,,,,,,,,,,,,,,,High,High,High,,,,,,v3
117,1/24/2023,3,1,1000049559,Left,T_A,1000066765,Right,T_B,4,Bottom,2,0,0,0-0,Slider,Slider,StrikeCalled,Undefined,Undefined,,Undefined,0,0,79.6158,0.36281,1.064004,2621.010458,247.933183,2:15,5.43421,-2.58533,5.15768,-40.68565,4.40764,7.55457,2.38532,-0.95413,73.38745,-7.036907,2.402019,0.483312,,,,,,,,,,,,-3.47984,2.52185,2.47998,50,5.43694,-2.45733,-115.59642,-0.69719,-4.73077,20.59624,-28.74564,77.98784,,6.22835,,,,1000055344,Right,55.34132,-116.54422,10.29812,5.43858,0.62562,-14.37282,2.58805,-2.23963,-2.36538,,,,,,,,,,,,,,,,,,,,,,,,,,,,,,,,,,,,,,,,,,,,,,,,,,,High,High,High,,,,,,v3
118,1/24/2023,3,2,1000049559,Left,T_A,1000066765,Right,T_B,4,Bottom,2,0,1,0-1,Fastball,Four-Seam,HitByPitch,Undefined,Undefined,,Undefined,0,0,87.11021,-4.61211,5.112051,2336.296065,177.405922,12:00,5.82615,-1.96087,5.86317,-16.7954,20.7256,-0.88047,0.11553,2.72742,79.47838,-7.784542,4.955262,0.440868,,,,,,,,,,,,1.98681,12.4578,1.54601,50,5.44069,-11.20569,-125.64219,-10.65407,3.15426,27.07716,-12.39613,85.49599,,7.63183,,,,1000055344,Right,54.63773,-126.63772,13.53858,5.82402,-10.19831,-6.19806,1.96014,-11.32166,1.57713,,,,,,,,,,,,,,,,,,,,,,,,,,,,,,,,,,,,,,,,,,,,,,,,,,,High,High,High,,,,,,v3
119,1/24/2023,4,1,1000049559,Left,T_A,1000051953,Right,T_B,4,Bottom,2,0,0,0-0,Fastball,Four-Seam,BallCalled,Undefined,Undefined,,Undefined,0,0,86.33278,-0.425199,0.52616,2246.424013,163.251128,11:30,5.76362,-2.2624,5.62036,-20.05985,17.97926,-5.02992,3.69513,-2.19052,78.44913,-4.219158,-0.372056,0.443902,,,,,,,,,,,,2.69662,9.60351,2.2208,50,5.71472,-0.93552,-125.28783,-1.54044,4.26327,26.58007,-16.9912,84.91171,,7.88365,,,,1000055344,Right,54.87621,-126.31809,13.29003,5.76166,-0.88185,-8.4956,2.26027,-1.10076,2.13164,,,,,,,,,,,,,,,,,,,,,,,,,,,,,,,,,,,,,,,,,,,,,,,,,,,High,High,High,,,,,,v3
120,1/24/2023,4,2,1000049559,Left,T_A,1000051953,Right,T_B,4,Bottom,2,1,0,1-0,Slider,Curveball,BallCalled,Undefined,Undefined,,Undefined,0,0,78.19303,2.143567,0.974046,2662.649406,277.548039,3:15,5.51111,-2.58511,5.12316,-46.62132,0.66886,6.56284,3.64626,-1.12067,71.26991,-6.350848,2.134759,0.494945,,,,,,,,,,,,-2.9741,0.17087,2.48825,50,5.67651,-2.19564,-113.34707,2.6103,-3.85036,21.65733,-31.95286,76.15478,,6.92312,,,,1000055344,Right,55.37529,-114.36952,10.82867,5.51767,4.11881,-15.97643,2.58762,-2.01387,-1.92518,,,,,,,,,,,,,,,,,,,,,,,,,,,,,,,,,,,,,,,,,,,,,,,,,,,High,High,High,,,,,,v3
121,1/24/2023,4,3,1000049559,Left,T_A,1000051953,Right,T_B,4,Bottom,2,2,0,2-0,Fastball,Four-Seam,FoulBall,Undefined,Undefined,,Undefined,0,0,85.69818,-1.695911,2.123562,2173.706805,172.223604,11:45,5.81433,-2.05744,5.70612,-16.9517,21.82237,-2.79201,2.82001,-0.31063,77.48467,-4.949774,1.624762,0.448169,70.47377,28.299277,164.359395,2418.653081,,,,,45.77866,,,2.09201,12.04863,1.88124,50,5.66202,-4.49022,-124.20102,-4.14398,3.22873,27.65123,-13.57871,84.10315,22.34539,8.21351,2.33362,2.83994,0.33526,1000055344,Right,54.79127,-125.26317,13.82562,5.81118,-3.62239,-6.78935,2.0561,-4.61425,1.61436,323.969011,2.33362,-87.6381,6.58008,-0.68096,0.05634,0.00999,-0.00086,-0.00141,0.00102,2.83994,49.00126,-26.24229,3.04274,-0.64781,0.12079,-0.02083,0.00086,0.00119,0.33526,24.53596,-6.55139,1.98933,-0.50092,0.11268,-0.02557,0.0056,-0.00081,,,,,,,,,,,,,,,,,,,,,,,High,High,High,High,Low,,,,v3
122,1/24/2023,4,4,1000049559,Left,T_A,1000051953,Right,T_B,4,Bottom,2,2,1,2-1,Fastball,Four-Seam,StrikeCalled,Undefined,Undefined,,Undefined,0,0,87.05361,-2.527633,4.067246,2369.636688,159.075488,11:15,5.80387,-2.12124,5.73824,-20.16277,17.62603,-6.21075,1.76253,1.15485,78.61445,-6.342051,2.959981,0.442439,,,,,,,,,,,,4.43953,10.16292,1.78598,50,5.58075,-8.68098,-125.82278,-6.17042,7.02082,28.74841,-16.10209,85.19247,,8.43916,,,,1000055344,Right,54.75729,-126.90509,14.3742,5.80164,-5.56422,-8.05104,2.11778,-8.94529,3.51041,,,,,,,,,,,,,,,,,,,,,,,,,,,,,,,,,,,,,,,,,,,,,,,,,,,High,High,High,,,,,,v3
123,1/24/2023,4,5,1000049559,Left,T_A,1000051953,Right,T_B,4,Bottom,2,2,2,2-2,Slider,Curveball,BallinDirt,Undefined,Undefined,,Undefined,0,0,79.69113,-2.076362,3.469591,2729.571403,292.406751,3:45,5.54798,-2.46059,5.14943,-47.71951,-2.16138,8.70906,-0.38787,1.53558,73.64822,-10.635147,5.010729,0.485796,,,,,,,,,,,,-3.3876,-0.13811,2.12867,50,5.31631,-7.34248,-115.40081,-5.88016,-4.54872,22.33226,-32.35949,77.58896,,6.04291,,,,1000055344,Right,55.3518,-116.43188,11.16613,5.5533,-4.38614,-16.17975,2.46282,-7.13247,-2.27436,,,,,,,,,,,,,,,,,,,,,,,,,,,,,,,,,,,,,,,,,,,,,,,,,,,High,High,High,,,,,,v3
124,1/24/2023,4,6,1000049559,Left,T_A,1000051953,Right,T_B,4,Bottom,2,3,2,3-2,Fastball,Four-Seam,BallCalled,Walk,Undefined,,Undefined,0,0,86.79058,-1.657369,1.220078,2261.774531,149.58164,11:00,5.78574,-2.16002,5.71493,-20.52592,17.13773,-9.29615,2.53051,-1.79794,78.72794,-5.535699,-0.443197,0.441705,,,,,,,,,,,,5.08213,9.59461,2.06375,50,5.63458,-2.28429,-125.86421,-4.26675,8.08035,27.65629,-16.91902,85.33393,,8.06264,,,,1000055344,Right,54.78151,-126.91051,13.82815,5.78389,-3.62666,-8.45951,2.15595,-2.58999,4.04017,,,,,,,,,,,,,,,,,,,,,,,,,,,,,,,,,,,,,,,,,,,,,,,,,,,High,High,High,,,,,,v3
125,1/24/2023,1,1,1000064685,Right,T_A,8886045,Left,T_B,5,Top,0,0,0,0-0,Fastball,Sinker,BallCalled,Undefined,Undefined,,Undefined,0,0,89.99322,-0.483645,-1.011026,2071.413992,249.973611,2:15,5.28225,3.07693,5.654,-29.79931,5.24445,11.14894,2.34783,3.06299,81.79091,-5.995633,0.982853,0.426066,,,,,,,,,,,,-5.9239,3.17894,-2.99832,50,5.22263,1.80414,-130.58807,-2.18983,-10.14851,29.53318,-26.72808,88.46622,,8.20232,,,,691373,Right,54.84305,-131.6788,14.76659,5.28528,-1.2027,-13.36404,-3.07187,2.17894,-5.07426,,,,,,,,,,,,,,,,,,,,,,,,,,,,,,,,,,,,,,,,,,,,,,,,,,,High,High,High,,,,,,v3
126,1/24/2023,1,2,1000064685,Right,T_A,8886045,Left,T_B,5,Top,0,1,0,1-0,Fastball,Sinker,InPlay,Undefined,GroundBall,GroundBall,Out,1,0,89.98891,-1.200429,-3.950209,2104.967548,242.402745,2:00,5.19379,3.2036,6.14599,-27.25883,7.26524,11.65351,1.81017,0.51875,81.78231,-6.294574,-1.85386,0.422895,88.07042,-19.734894,2.97013,,,,,7.10307,5.99104,-2.020603,0.041938,-7.23855,4.45544,-2.90846,50,5.08818,8.52872,-130.41256,-3.63219,-12.36508,29.50131,-24.56319,89.12959,1.83212,8.2066,1.99841,1.83212,-0.51507,691373,Right,54.353,-131.39359,14.75066,5.19538,-2.81538,-12.28159,-3.19891,8.9399,-6.18254,180,1.99708,121.61541,,,,,,,,1.8326,-43.68688,,,,,,,,-0.51514,6.31002,,,,,,,,,,,,,,,,,,,,,,,,,,,,,,High,High,High,Low,Low,,,,v3
127,1/24/2023,2,1,1000064685,Right,T_A,1000066765,Right,T_B,5,Top,1,0,0,0-0,Slider,Curveball,BallCalled,Undefined,Undefined,,Undefined,0,0,80.50346,0.904569,-0.681372,2449.303498,65.305668,8:15,5.15494,3.11486,4.94186,-47.05585,-1.92347,-7.55622,2.08863,1.8412,73.15569,-7.626185,-2.015226,0.483521,,,,,,,,,,,,3.49055,-0.70378,-3.04222,50,5.20425,1.71787,-116.65409,0.07727,4.75841,24.1363,-33.13345,77.95404,,7.34777,,,,691373,Right,55.55515,-117.79787,12.06815,5.16338,1.64741,-16.56673,-3.11829,1.49238,2.3792,,,,,,,,,,,,,,,,,,,,,,,,,,,,,,,,,,,,,,,,,,,,,,,,,,,High,High,High,,,,,,v3
128,1/24/2023,2,2,1000064685,Right,T_A,1000066765,Right,T_B,5,Top,1,1,0,1-0,Slider,Slider,BallCalled,Undefined,Undefined,,Undefined,0,0,82.34972,-0.52421,-4.507956,2544.030538,66.807669,8:15,5.30455,3.18336,4.8566,-45.61306,-1.96902,-8.12701,1.00572,-1.76973,74.96312,-8.725675,-5.932252,0.475482,,,,,,,,,,,,2.57469,-0.37819,-2.73058,50,5.21392,9.73352,-118.94747,-2.83411,3.63662,25.8217,-32.70824,79.2721,,7.3866,,,,691373,Right,55.6417,-120.16596,12.91085,5.31124,-1.29066,-16.35412,-3.18584,9.56191,1.81831,,,,,,,,,,,,,,,,,,,,,,,,,,,,,,,,,,,,,,,,,,,,,,,,,,,High,High,High,,,,,,v3
129,1/24/2023,2,3,1000064685,Right,T_A,1000066765,Right,T_B,5,Top,1,2,0,2-0,Fastball,Sinker,BallCalled,Undefined,Undefined,,Undefined,0,0,90.20494,-2.455542,-2.750393,2188.696749,232.742377,1:45,5.15922,3.21153,5.8138,-23.9645,10.91276,12.73198,0.87487,1.71311,81.80739,-6.930815,-0.469359,0.425053,,,,,,,,,,,,-7.27252,6.69296,-2.99333,50,4.94372,5.70693,-130.63282,-6.41553,-12.44059,30.10132,-20.7249,88.67712,,8.39755,,,,691373,Right,54.68193,-131.70725,15.05066,5.15951,-5.67578,-10.36245,-3.20495,6.15098,-6.2203,,,,,,,,,,,,,,,,,,,,,,,,,,,,,,,,,,,,,,,,,,,,,,,,,,,High,High,High,,,,,,v3
130,1/24/2023,2,4,1000064685,Right,T_A,1000066765,Right,T_B,5,Top,1,3,0,3-0,Fastball,Four-Seam,FoulBall,Undefined,Undefined,,Undefined,0,0,89.50686,-0.478564,-3.882796,2118.800184,217.486059,1:15,5.24523,3.04854,6.20813,-25.75057,9.05851,6.04567,2.65662,-0.03682,81.26921,-5.313748,-2.794886,0.424637,84.42403,67.715181,39.292012,5874.863174,,,,,59.66705,,,-4.32705,5.17709,-2.75982,50,5.19635,8.56352,-129.74702,-1.90007,-7.31339,29.30253,-23.42397,88.76397,138.49164,8.23764,2.51847,2.30343,-0.04762,691373,Right,54.29061,-130.71243,14.65127,5.24623,-1.12833,-11.71199,-3.04593,8.80447,-3.65669,193.864031,2.51846,36.33956,-20.77159,7.68181,-2.21334,0.57349,-0.12665,0.01961,-0.00152,2.30343,114.57372,-29.45397,3.35713,-0.34935,-0.02867,0.02528,-0.0069,0.00082,-0.04762,29.73514,-4.13192,0.83638,-0.1239,0.01225,0.00024,-0.00041,5.00E-05,,,,,,,,,,,,,,,,,,,,,,,High,High,High,High,Low,,,,v3
131,1/24/2023,2,5,1000064685,Right,T_A,1000066765,Right,T_B,5,Top,1,3,1,3-1,Fastball,Sinker,FoulBall,Undefined,Undefined,GroundBall,Undefined,0,0,89.79742,-1.327952,-3.320519,2115.053615,234.926925,1:45,5.27973,3.08961,6.17866,-27.56824,6.9491,8.26808,1.75377,0.70875,81.8504,-6.474088,-1.830696,0.422854,58.9116,-41.726385,-78.851903,,,,,4.42683,3.49246,-38.063419,0.033129,-5.30355,4.31063,-2.84277,50,5.16518,7.22712,-130.25776,-3.9214,-9.05389,28.98908,-24.81516,89.13827,1.91275,7.94702,3.07068,1.91275,-0.62492,691373,Right,54.32108,-131.2159,14.49454,5.28123,-3.10121,-12.40758,-3.08659,7.52637,-4.52695,,3.07041,12.51772,,,,,,,,1.91398,-57.73716,,,,,,,,-0.62358,-63.52107,,,,,,,,,,,,,,,,,,,,,,,,,,,,,,High,High,High,Low,Low,,,,v3
132,1/24/2023,2,6,1000064685,Right,T_A,1000066765,Right,T_B,5,Top,1,3,2,3-2,Slider,Slider,InPlay,Undefined,GroundBall,GroundBall,Out,1,0,81.18974,-0.045592,-2.158836,2432.100423,78.486312,8:30,5.31809,3.1543,4.83024,-44.88412,-0.31016,-8.95241,1.53454,0.36285,73.99549,-8.149017,-3.734124,0.480521,83.0335,-10.630572,-13.075989,,,,,11.66742,2.9287,-13.027456,0.07624,3.77358,0.24665,-2.93209,50,5.27493,4.81713,-117.60451,-1.77884,5.22798,24.54819,-31.83233,78.44085,1.7155,7.19425,2.4644,1.7155,-0.56225,691373,Right,55.66907,-118.78195,12.2741,5.32363,-0.25202,-15.91617,-3.15713,4.56637,2.61399,,2.46214,116.77316,,,,,,,,1.71594,-22.50144,,,,,,,,-0.56172,-27.12238,,,,,,,,,,,,,,,,,,,,,,,,,,,,,,High,High,High,Low,Low,,,,v3
133,1/24/2023,3,1,1000064685,Right,T_A,1000049656,Left,T_B,5,Top,2,0,0,0-0,Slider,Changeup,StrikeCalled,Undefined,Undefined,,Undefined,0,0,82.43729,0.499144,-4.893359,1953.313937,274.606519,3:15,5.05159,3.20619,5.83368,-41.74053,-0.26409,20.00131,2.03888,0.3135,75.3204,-7.177282,-1.320309,0.463524,,,,,,,,,,,,-11.52276,0.18024,-2.81763,50,5.06812,9.41627,-119.38002,-0.36345,-16.59995,23.35296,-31.91441,81.31715,,7.11689,,,,691373,Right,54.66661,-120.28944,11.67648,5.05807,0.87936,-15.9572,-3.19691,10.06271,-8.29997,,,,,,,,,,,,,,,,,,,,,,,,,,,,,,,,,,,,,,,,,,,,,,,,,,,High,High,High,,,,,,v3
134,1/24/2023,3,2,1000064685,Right,T_A,1000049656,Left,T_B,5,Top,2,0,1,0-1,Fastball,Four-Seam,BallCalled,Undefined,Undefined,,Undefined,0,0,92.48164,-2.808158,-2.580499,2090.464179,209.30301,1:00,5.24838,3.13138,5.84076,-24.75871,7.9543,3.90225,0.57058,1.05669,85.11695,-7.378988,-1.880991,0.411653,,,,,,,,,,,,-2.69693,5.12681,-2.92343,50,5.00468,5.87676,-134.13686,-7.46342,-4.9299,28.11938,-22.80239,91.56354,,7.36469,,,,691373,Right,54.65883,-135.10997,14.05969,5.2493,-6.67431,-11.40119,-3.12975,6.04737,-2.46495,,,,,,,,,,,,,,,,,,,,,,,,,,,,,,,,,,,,,,,,,,,,,,,,,,,High,High,High,,,,,,v3
135,1/24/2023,3,3,1000064685,Right,T_A,1000049656,Left,T_B,5,Top,2,1,1,1-1,Fastball,Four-Seam,InPlay,Undefined,GroundBall,,Out,1,0,89.87398,-1.180826,-3.323465,2228.618536,222.184034,1:30,5.34157,3.19165,6.02069,-27.40651,7.11044,5.45142,1.96198,0.56417,82.26169,-6.274116,-2.344462,0.422851,,,,,,,,,,,,-3.7689,4.30484,-2.9342,50,5.23393,7.34984,-130.39214,-3.61088,-6.4788,27.80653,-24.77391,89.13876,,7.61229,,,,691373,Right,54.47926,-131.34388,13.90327,5.34302,-2.76294,-12.38696,-3.18956,7.57159,-3.2394,,,,,,,,,,,,,,,,,,,,,,,,,,,,,,,,,,,,,,,,,,,,,,,,,,,High,High,High,,,,,,v3
136,1/24/2023,4,1,1000064685,Right,T_A,1000066765,Right,T_B,5,Top,0,0,0,0-0,Slider,Slider,BallCalled,Undefined,Undefined,,Undefined,0,0,81.59762,0.533792,-3.020124,2432.623333,71.422448,8:30,5.39581,3.07779,5.06201,-46.44743,-2.64473,-12.2241,2.02926,-0.79141,74.40959,-7.870578,-5.175786,0.476345,,,,,,,,,,,,5.12004,-1.0191,-2.78045,50,5.40992,6.75931,-118.15415,-0.62697,7.16157,24.72772,-33.59951,79.12838,,7.18803,,,,691373,Right,55.43659,-119.28651,12.36386,5.4034,0.91166,-16.79976,-3.08247,6.43136,3.58079,,,,,,,,,,,,,,,,,,,,,,,,,,,,,,,,,,,,,,,,,,,,,,,,,,,High,High,High,,,,,,v3
137,1/24/2023,4,2,1000064685,Right,T_A,1000066765,Right,T_B,5,Top,0,1,0,1-0,Slider,Slider,BallCalled,Undefined,Undefined,,Undefined,0,0,83.7129,-0.086017,-4.524788,2490.890705,88.046233,9:00,5.33038,3.15264,5.01446,-40.57719,0.99185,-9.38174,1.86752,-1.90855,76.76415,-7.410077,-6.171573,0.464041,,,,,,,,,,,,3.33276,0.9352,-2.71015,50,5.28956,9.99438,-121.06788,-1.72269,4.92956,24.39451,-30.79078,81.22653,,6.94875,,,,691373,Right,55.48388,-122.16785,12.19726,5.33594,-0.3343,-15.39539,-3.1558,9.7721,2.46478,,,,,,,,,,,,,,,,,,,,,,,,,,,,,,,,,,,,,,,,,,,,,,,,,,,High,High,High,,,,,,v3
138,1/24/2023,4,3,1000064685,Right,T_A,1000066765,Right,T_B,5,Top,0,2,0,2-0,Fastball,Four-Seam,BallCalled,Undefined,Undefined,,Undefined,0,0,91.5882,-2.748057,-5.119464,2169.42663,214.276319,1:15,5.30868,2.84217,6.23125,-19.26851,13.90028,8.7391,1.15562,-1.1652,83.72499,-6.38344,-3.550429,0.414511,,,,,,,,,,,,-5.95528,8.30327,-2.46326,50,5.09298,11.50494,-132.46618,-6.96246,-10.57689,28.41359,-17.42701,90.93224,,7.86321,,,,691373,Right,54.26705,-133.37831,14.2068,5.30751,-6.40303,-8.7135,-2.83804,11.84448,-5.28845,,,,,,,,,,,,,,,,,,,,,,,,,,,,,,,,,,,,,,,,,,,,,,,,,,,High,High,High,,,,,,v3
139,1/24/2023,4,4,1000064685,Right,T_A,1000066765,Right,T_B,5,Top,0,3,0,3-0,Fastball,Four-Seam,StrikeSwinging,Undefined,Undefined,,Undefined,0,0,90.98219,-2.252602,-4.34404,2047.731295,213.171064,1:00,5.27914,2.96524,6.44613,-22.13025,11.07465,6.55103,1.3582,-0.48785,83.3535,-6.417042,-3.160693,0.414737,,,,,,,,,,,,-4.66095,6.7428,-2.65965,50,5.10891,9.76189,-131.86446,-5.86555,-8.20437,28.11332,-20.3051,90.88283,,7.6287,,,,691373,Right,54.05364,-132.72588,14.05666,5.27911,-5.24339,-10.15255,-2.96261,10.01328,-4.10218,,,,,,,,,,,,,,,,,,,,,,,,,,,,,,,,,,,,,,,,,,,,,,,,,,,High,High,High,,,,,,v3
140,1/24/2023,4,5,1000064685,Right,T_A,1000066765,Right,T_B,5,Top,0,3,1,3-1,Slider,Slider,InPlay,Undefined,GroundBall,,Out,1,0,82.21652,0.840469,-2.076253,2473.056956,63.101082,8:00,5.42715,2.8618,4.78094,-47.55251,-3.9887,-10.77052,2.26168,-0.00462,74.8261,-7.730228,-3.969134,0.475044,79.21808,-16.977561,16.509202,,,,,,3.77501,,,4.68654,-1.86039,-2.64415,50,5.46937,4.78821,-119.08943,-0.09013,6.65431,25.28312,-34.81557,79.34509,2.39742,7.39042,1.65795,2.39742,-0.49711,691373,Right,55.71906,-120.29748,12.64156,5.43394,1.57339,-17.40779,-2.86533,4.47026,3.32715,180,1.6577,106.61952,,,,,,,,2.3975,-33.95086,,,,,,,,-0.49719,31.60077,,,,,,,,,,,,,,,,,,,,,,,,,,,,,,High,High,High,Low,Low,,,,v3
141,1/24/2023,1,1,1000187700,Left,T_A,1000187798,Right,T_B,5,Bottom,0,0,0,0-0,Fastball,Sinker,BallCalled,Undefined,Undefined,,Undefined,0,0,86.4207,-0.486322,2.109689,2274.160548,134.710057,10:30,5.57868,-1.7796,4.76582,-21.87706,17.46076,-16.27076,3.29417,-1.13432,78.28944,-4.553114,-0.748558,0.451416,,,,,,,,,,,,8.59103,9.09922,1.58322,50,5.51166,-3.84261,-125.15302,-1.84126,13.53152,26.8934,-17.84212,83.49832,,8.13125,,,,1000055344,Right,55.73102,-126.37852,13.4467,5.57704,-1.02821,-8.92106,1.77237,-4.45923,6.76576,,,,,,,,,,,,,,,,,,,,,,,,,,,,,,,,,,,,,,,,,,,,,,,,,,,High,High,High,,,,,,v3
142,1/24/2023,1,2,1000187700,Left,T_A,1000187798,Right,T_B,5,Bottom,0,1,0,1-0,ChangeUp,Changeup,BallCalled,Undefined,Undefined,,Undefined,0,0,79.66994,-0.832218,0.336454,1782.163498,137.552735,10:30,5.45121,-1.84821,5.08643,-30.35411,15.23851,-12.54075,2.13723,-2.57614,72.64087,-6.428977,-1.882134,0.48598,,,,,,,,,,,,6.30091,8.26827,1.82659,50,5.3492,-0.15062,-115.51211,-2.68498,8.47158,22.50115,-21.05733,77.55958,,7.02908,,,,1000055344,Right,55.40978,-116.56114,11.25058,5.45149,-1.70326,-10.52866,1.84282,-0.54558,4.23579,,,,,,,,,,,,,,,,,,,,,,,,,,,,,,,,,,,,,,,,,,,,,,,,,,,High,High,High,,,,,,v3
143,1/24/2023,1,3,1000187700,Left,T_A,1000187798,Right,T_B,5,Bottom,0,2,0,2-0,Fastball,Four-Seam,FoulBall,Undefined,Undefined,,Undefined,0,0,85.69346,-1.438866,3.006582,2257.191239,149.003075,11:00,5.68988,-1.53382,5.06685,-18.94489,20.75092,-11.62497,2.7523,0.3349,77.52894,-5.011391,0.955634,0.453465,82.05991,80.485462,64.537117,,,,,,237.36894,,,6.71965,11.1604,1.25793,50,5.539,-5.99728,-124.02584,-3.72694,10.36978,26.95095,-14.95133,83.12097,77.54294,8.16451,2.49482,2.84605,-0.31653,1000055344,Right,55.43087,-125.20041,13.47548,5.68723,-3.07533,-7.47566,1.52915,-6.44921,5.18489,,2.49482,8.55309,-6.56739,-1.51904,0.85106,-0.33435,0.10166,-0.02541,0.00376,2.84605,118.69871,-39.95036,7.89192,-1.91271,0.44069,-0.09543,0.01994,-0.00262,-0.31653,17.96186,0.97277,1.47297,-0.61579,0.21421,-0.06185,0.01503,-0.00218,,,,,,,,,,,,,,,,,,,,,,,High,High,High,Low,Low,,,,v3
144,1/24/2023,1,4,1000187700,Left,T_A,1000187798,Right,T_B,5,Bottom,0,2,1,2-1,Fastball,Four-Seam,FoulBall,Undefined,Undefined,LineDrive,Undefined,0,0,88.11437,-1.582682,1.845431,2252.221865,140.361157,10:45,5.73573,-1.58636,4.76539,-20.38403,17.59922,-13.45698,2.53529,-0.95743,79.6456,-5.379189,-0.519352,0.443575,70.21649,15.726723,166.072686,1326.928778,,,,120.14752,47.69605,167.24643,1.425863,7.18626,9.51875,1.41397,50,5.56015,-3.46761,-127.53572,-4.25652,11.70972,28.84369,-16.66362,84.97415,11.13783,8.46877,1.38205,2.42863,0.95418,1000055344,Right,55.73156,-128.82546,14.42185,5.73383,-3.51141,-8.33181,1.58073,-3.99121,5.85486,336.565366,1.38204,-96.2139,9.1558,0.05021,-0.34622,0.69795,-0.70101,0.36825,-0.07865,2.42863,27.91396,-23.90958,2.71103,-0.53904,0.2219,-0.12047,0.05228,-0.01011,0.95419,23.85913,-4.50393,0.28834,0.07071,-0.24971,0.26342,-0.1398,0.02999,,,,,,,,,,,,,,,,,,,,,,,High,High,High,High,Low,,,,v3
145,1/24/2023,1,5,1000187700,Left,T_A,1000187798,Right,T_B,5,Bottom,0,2,2,2-2,ChangeUp,Changeup,StrikeSwinging,Strikeout,Undefined,,Undefined,0,0,78.68151,-1.594068,1.878042,1558.627717,151.140777,11:00,5.29728,-1.91473,5.31317,-29.84419,17.20028,-8.49067,1.31291,-0.85896,70.84326,-7.159093,0.370259,0.493658,,,,,,,,,,,,4.87673,9.65627,1.75085,50,5.1318,-3.38939,-113.856,-4.09099,6.27898,24.63791,-19.74129,76.3534,,7.83825,,,,1000055344,Right,55.18164,-114.97181,12.31896,5.29683,-3.19694,-9.87065,1.91078,-3.67375,3.13949,,,,,,,,,,,,,,,,,,,,,,,,,,,,,,,,,,,,,,,,,,,,,,,,,,,High,High,High,,,,,,v3
146,1/24/2023,2,1,1000187700,Left,T_A,1000048964,Left,T_B,5,Bottom,1,0,0,0-0,Fastball,Four-Seam,BallCalled,Undefined,Undefined,,Undefined,0,0,87.17944,-0.225309,1.761932,2273.743546,140.558303,10:45,5.88262,-1.32177,5.08222,-21.2921,17.28064,-13.03115,3.8958,-0.74636,78.19665,-4.232008,-0.540857,0.447004,,,,,,,,,,,,6.98394,9.03737,1.16549,50,5.84535,-3.26773,-126.16845,-1.21017,11.06421,29.78156,-17.85677,84.3223,,8.98279,,,,1000055344,Right,55.41167,-127.43945,14.89078,5.88073,-0.44808,-8.92839,1.31502,-3.73992,5.5321,,,,,,,,,,,,,,,,,,,,,,,,,,,,,,,,,,,,,,,,,,,,,,,,,,,High,High,High,,,,,,v3
147,1/24/2023,2,2,1000187700,Left,T_A,1000048964,Left,T_B,5,Bottom,1,1,0,1-0,Fastball,Four-Seam,StrikeCalled,Undefined,Undefined,,Undefined,0,0,87.41198,-1.375533,3.783991,2217.139108,141.666705,10:45,5.71129,-1.51259,5.26881,-22.48005,15.47587,-11.17064,2.54277,1.11622,79.05204,-5.574165,1.807918,0.443416,,,,,,,,,,,,6.72138,8.54296,1.17466,50,5.56922,-7.85435,-126.42152,-3.80472,10.77111,28.1325,-18.48381,85.00473,,8.35994,,,,1000055344,Right,55.22728,-127.57944,14.06625,5.71017,-3.04393,-9.24191,1.50707,-8.29769,5.38556,,,,,,,,,,,,,,,,,,,,,,,,,,,,,,,,,,,,,,,,,,,,,,,,,,,High,High,High,,,,,,v3
148,1/24/2023,2,3,1000187700,Left,T_A,1000048964,Left,T_B,5,Bottom,1,1,1,1-1,Curveball,Curveball,BallCalled,Undefined,Undefined,,Undefined,0,0,69.62999,1.874168,-0.306941,2156.956531,305.183081,4:15,5.3936,-1.73781,4.51015,-72.81685,-10.72359,18.53186,1.11153,-0.48588,63.06292,-11.165231,2.944954,0.567145,,,,,,,,,,,,-9.11949,-5.21819,1.751,50,5.52025,-0.18238,-100.73901,0.79861,-9.13913,20.14659,-37.40347,66.46002,,6.56707,,,,1000055344,Right,55.99075,-101.93004,10.07329,5.40767,3.00984,-18.70174,1.74581,0.35791,-4.56957,,,,,,,,,,,,,,,,,,,,,,,,,,,,,,,,,,,,,,,,,,,,,,,,,,,High,High,High,,,,,,v3
149,1/24/2023,2,4,1000187700,Left,T_A,1000048964,Left,T_B,5,Bottom,1,2,1,2-1,Fastball,Sinker,BallCalled,Undefined,Undefined,,Undefined,0,0,87.34857,-3.008978,4.950203,2168.176743,135.729976,10:30,5.76071,-1.45888,5.20513,-22.58541,15.60398,-13.89371,1.03554,2.05045,79.29503,-7.200394,2.500197,0.444777,,,,,,,,,,,,8.35937,9.06642,1.01048,50,5.46448,-10.28058,-126.02896,-7.42531,13.35621,27.18907,-17.68818,84.74449,,8.05354,,,,1000055344,Right,55.29131,-127.16537,13.59454,5.75938,-6.686,-8.84409,1.45183,-10.83882,6.6781,,,,,,,,,,,,,,,,,,,,,,,,,,,,,,,,,,,,,,,,,,,,,,,,,,,High,High,High,,,,,,v3
150,1/24/2023,2,5,1000187700,Left,T_A,1000048964,Left,T_B,5,Bottom,1,3,1,3-1,Fastball,Four-Seam,FoulBall,Undefined,Undefined,,Undefined,0,0,86.5441,-1.525546,3.252495,2292.653953,146.978415,11:00,5.66989,-1.55693,5.41233,-19.98851,18.27395,-11.03568,2.57232,0.57382,78.68349,-5.28515,1.293585,0.445203,,,,,,,,,,,,6.51737,10.02209,1.2755,50,5.52052,-6.64643,-125.35364,-3.97861,10.3206,26.47066,-16.30356,84.66354,,7.86061,,,,1000055344,Right,55.08579,-126.42303,13.23533,5.66795,-3.31996,-8.15178,1.55242,-7.06337,5.1603,,,,,,,,,,,,,,,,,,,,,,,,,,,,,,,,,,,,,,,,,,,,,,,,,,,High,High,High,,,,,,v3
151,1/24/2023,2,6,1000187700,Left,T_A,1000048964,Left,T_B,5,Bottom,1,3,2,3-2,Fastball,Four-Seam,StrikeCalled,Strikeout,Undefined,,Undefined,0,0,86.70407,-1.824477,3.232501,2143.39957,158.602336,11:15,5.684,-1.48641,5.33949,-24.44041,13.58335,-4.84933,1.93241,1.14518,79.45042,-6.340309,2.372782,0.443812,,,,,,,,,,,,3.31221,7.67886,1.19817,50,5.50188,-6.88126,-125.61358,-4.85305,5.30115,25.03862,-19.88416,84.92889,,7.25364,,,,1000055344,Right,55.15813,-126.63758,12.51931,5.68372,-4.03985,-9.94208,1.48402,-7.09806,2.65057,,,,,,,,,,,,,,,,,,,,,,,,,,,,,,,,,,,,,,,,,,,,,,,,,,,High,High,High,,,,,,v3
152,1/24/2023,3,1,1000187700,Left,T_A,1000051953,Right,T_B,5,Bottom,2,0,0,0-0,ChangeUp,Changeup,InPlay,Undefined,GroundBall,GroundBall,Out,1,0,79.52091,0.020211,2.099749,1610.385024,140.779784,10:45,5.27434,-1.77637,5.19436,-29.63691,16.15056,-11.88316,2.82363,-0.7906,72.06591,-5.485896,-0.004172,0.487018,69.70567,-9.868516,-25.651594,,,,,16.37858,13.88801,-18.54255,0.141891,6.61906,8.50922,1.59121,50,5.25441,-3.74436,-115.23486,-0.91169,8.81439,23.34253,-20.84255,77.3944,2.88957,7.455,3.06807,2.88957,0.89855,1000055344,Right,55.30368,-116.30424,11.67126,5.2743,0.04315,-10.42128,1.772,-4.14816,4.4072,36.422891,3.06859,90.74665,-20.70565,,,,,,,2.89009,-17.5703,-19.74563,,,,,,,0.89857,-43.60425,3.9691,,,,,,,,,,,,,,,,,,,,,,,,,,,,,High,High,High,Low,Low,,,,v3
153,1/24/2023,4,1,1000187700,Left,T_A,1000066765,Right,T_B,5,Bottom,0,0,0,0-0,ChangeUp,Changeup,StrikeSwinging,Undefined,Undefined,,Undefined,0,0,79.34623,-0.703922,3.41413,1610.647553,116.867999,10:00,5.19652,-1.87305,5.51514,-34.73498,10.35316,-17.58631,1.64253,-0.14238,72.73918,-7.103262,0.283299,0.483284,,,,,,,,,,,,9.86127,5.84457,1.58758,50,5.11184,-6.17947,-115.05045,-2.5308,13.22226,21.2725,-24.33747,77.9923,,6.60705,,,,1000055344,Right,54.98468,-115.96844,10.63625,5.19839,-1.48055,-12.16873,1.86656,-6.75006,6.61113,,,,,,,,,,,,,,,,,,,,,,,,,,,,,,,,,,,,,,,,,,,,,,,,,,,High,High,High,,,,,,v3
154,1/24/2023,4,2,1000187700,Left,T_A,1000066765,Right,T_B,5,Bottom,0,0,1,0-1,ChangeUp,Changeup,BallCalled,Undefined,Undefined,,Undefined,0,0,78.51702,1.084164,2.819407,1626.839216,107.275947,9:30,5.30949,-1.85823,5.25479,-40.59971,6.10996,-14.66119,2.94622,-0.42873,71.50694,-6.358981,0.221807,0.491898,,,,,,,,,,,,8.11685,3.21181,1.6108,50,5.37921,-5.00553,-113.77099,0.7811,10.5905,21.75693,-27.98342,76.62659,,7.01008,,,,1000055344,Right,55.24312,-114.76927,10.87846,5.31391,2.06508,-13.99171,1.85162,-5.49145,5.29525,,,,,,,,,,,,,,,,,,,,,,,,,,,,,,,,,,,,,,,,,,,,,,,,,,,High,High,High,,,,,,v3
155,1/24/2023,4,3,1000187700,Left,T_A,1000066765,Right,T_B,5,Bottom,0,1,1,1-1,Fastball,Sinker,FoulBall,Undefined,Undefined,,Undefined,0,0,86.10381,-1.084722,1.694753,2030.527524,129.908799,10:15,5.6231,-1.72717,4.86292,-24.546,14.61702,-15.98233,2.55041,-1.45458,78.76011,-5.599782,-1.119789,0.450411,,,,,,,,,,,,8.37808,7.878,1.57465,50,5.49592,-2.96699,-124.86369,-3.26411,13.23668,24.96756,-19.72748,83.68446,,7.3437,,,,1000055344,Right,55.63627,-125.98567,12.48378,5.62268,-2.37761,-9.86374,1.72134,-3.56181,6.61834,,,,,,,,,,,,,,,,,,,,,,,,,,,,,,,,,,,,,,,,,,,,,,,,,,,High,High,High,,,,,,v3
156,1/24/2023,4,4,1000187700,Left,T_A,1000066765,Right,T_B,5,Bottom,0,1,2,1-2,ChangeUp,Changeup,StrikeSwinging,Strikeout,Undefined,,Undefined,0,0,78.3867,-0.34093,2.637076,1629.54111,112.875882,9:45,5.27123,-1.88114,5.36744,-38.84101,8.11103,-15.28166,1.71448,-0.68025,71.11553,-7.489762,-0.079171,0.493172,,,,,,,,,,,,8.48863,4.66256,1.65569,50,5.21339,-4.61995,-113.55631,-1.95026,10.95267,23.09578,-26.15808,76.42852,,7.27116,,,,1000055344,Right,55.12998,-114.59493,11.54789,5.27464,-0.77393,-13.07904,1.87453,-5.11249,5.47634,,,,,,,,,,,,,,,,,,,,,,,,,,,,,,,,,,,,,,,,,,,,,,,,,,,High,High,High,,,,,,v3
157,1/24/2023,1,1,1000064685,Right,T_A,1000049656,Left,T_B,6,Top,0,0,0,0-0,Slider,Curveball,BallCalled,Undefined,Undefined,,Undefined,0,0,79.89037,0.100319,-0.65226,2450.760143,62.309664,8:00,5.33266,3.17893,4.60281,-49.72707,-3.56095,-9.66166,1.28415,1.75348,73.17408,-8.815157,-2.348881,0.489027,,,,,,,,,,,,4.49969,-1.26524,-3.10235,50,5.29709,1.74721,-115.80774,-1.73232,6.07708,22.74056,-33.88281,77.07632,,6.71629,,,,1000187898,Right,55.89589,-116.95976,11.37028,5.34137,-0.01585,-16.9414,-3.18306,1.43936,3.03854,,,,,,,,,,,,,,,,,,,,,,,,,,,,,,,,,,,,,,,,,,,,,,,,,,,High,High,High,,,,,,v3
158,1/24/2023,1,2,1000064685,Right,T_A,1000049656,Left,T_B,6,Top,0,1,0,1-0,Fastball,Four-Seam,StrikeCalled,Undefined,Undefined,,Undefined,0,0,89.3726,-1.86939,-2.975626,2174.956489,218.649287,1:15,5.17881,3.39374,5.89855,-20.4119,14.77422,10.87611,1.73938,1.53512,81.39486,-5.716265,-1.025987,0.42693,,,,,,,,,,,,-6.41426,8.45343,-3.16036,50,5.01655,6.2702,-129.56365,-4.87039,-10.85853,28.10485,-17.86346,88.28708,,7.97773,,,,1000187898,Right,54.59899,-130.55745,14.05243,5.1776,-4.23873,-8.93173,-3.38887,6.65416,-5.42927,,,,,,,,,,,,,,,,,,,,,,,,,,,,,,,,,,,,,,,,,,,,,,,,,,,High,High,High,,,,,,v3
159,1/24/2023,1,3,1000064685,Right,T_A,1000049656,Left,T_B,6,Top,0,1,1,1-1,Fastball,Four-Seam,InPlay,Undefined,GroundBall,GroundBall,Out,1,0,89.89283,-1.197746,-3.295846,2016.29021,224.372831,1:30,5.27279,3.11793,6.19281,-26.8149,7.39611,6.19323,1.93042,0.58784,82.4169,-6.196889,-2.179891,0.420973,90.18399,1.934539,15.677427,2241.22954,,,,50.45813,49.68558,15.996392,0.392218,-4.15142,4.47067,-2.87268,50,5.16879,7.26837,-130.48205,-3.60258,-7.15882,27.39397,-24.46472,89.53645,2.08504,7.47593,1.50531,1.88344,-0.59923,1000187898,Right,54.30745,-131.38326,13.69699,5.27407,-2.79774,-12.23236,-3.11567,7.50388,-3.57941,311.02432,1.51141,127.06886,-18.537,,,,,,,1.89253,4.1552,-22.95302,,,,,,,-0.60365,35.87296,2.87906,,,,,,,,,,,,,,,,,,,,,,,,,,,,,High,High,High,High,High,,,,v3
160,1/24/2023,2,1,1000064685,Right,T_A,1000066765,Right,T_B,6,Top,1,0,0,0-0,Slider,Slider,BallCalled,Undefined,Undefined,,Undefined,0,0,82.25236,0.041952,-3.171421,2462.684723,103.208852,9:30,5.34237,3.13142,4.75099,-40.26589,2.81465,-6.45689,2.02673,-0.41749,75.75052,-7.207076,-4.303385,0.472402,,,,,,,,,,,,2.32937,1.74543,-2.80646,50,5.31104,6.88667,-119.18643,-1.45365,3.36108,22.24002,-29.6555,79.78884,,6.50185,,,,1000187898,Right,55.74862,-120.25433,11.12001,5.34665,-0.02968,-14.82775,-3.13326,6.72528,1.68054,,,,,,,,,,,,,,,,,,,,,,,,,,,,,,,,,,,,,,,,,,,,,,,,,,,High,High,High,,,,,,v3
161,1/24/2023,2,2,1000064685,Right,T_A,1000187798,Right,T_B,6,Top,1,1,0,1-0,Slider,Slider,BallCalled,Undefined,Undefined,,Undefined,0,0,81.64531,0.296869,-4.245802,2596.510175,98.891007,9:15,5.26209,3.06834,4.74347,-41.09546,2.89417,-9.84292,2.11983,-1.78655,75.02231,-7.09515,-5.965715,0.477361,,,,,,,,,,,,3.65492,1.73965,-2.63129,50,5.25579,9.19881,-118.11358,-0.94659,5.16153,22.563,-29.7173,78.9601,,6.62299,,,,1000187898,Right,55.75559,-119.20799,11.2815,5.26675,0.49483,-14.85865,-3.0714,8.94846,2.58077,,,,,,,,,,,,,,,,,,,,,,,,,,,,,,,,,,,,,,,,,,,,,,,,,,,High,High,High,,,,,,v3
162,1/24/2023,2,3,1000064685,Right,T_A,1000187798,Right,T_B,6,Top,1,2,0,2-0,Fastball,Sinker,BallCalled,Undefined,Undefined,,Undefined,0,0,90.65673,-2.026777,-4.901291,2216.138461,240.6831,2:00,5.34226,3.08478,6.17558,-26.82663,7.2039,10.78997,1.22726,-0.55363,82.59359,-7.027256,-2.963162,0.419861,,,,,,,,,,,,-7.05827,4.66142,-2.71883,50,5.17479,10.8087,-131.18816,-5.54019,-12.22501,29.34697,-24.10043,89.77357,,8.06314,,,,1000187898,Right,54.32361,-132.15182,14.67349,5.34372,-4.74881,-12.05021,-3.08034,11.21013,-6.1125,,,,,,,,,,,,,,,,,,,,,,,,,,,,,,,,,,,,,,,,,,,,,,,,,,,High,High,High,,,,,,v3
163,1/24/2023,2,4,1000064685,Right,T_A,1000187798,Right,T_B,6,Top,1,3,0,3-0,Slider,Slider,StrikeSwinging,Undefined,Undefined,,Undefined,0,0,81.85518,-0.288594,-2.911434,2546.716241,73.996542,8:30,5.36735,3.10057,4.97759,-44.72337,-1.58421,-10.02497,1.36749,-0.48689,75.57306,-8.335083,-4.678216,0.472724,,,,,,,,,,,,4.20555,-0.36492,-2.81069,50,5.30259,6.45918,-118.69992,-2.27082,6.00962,22.38634,-32.69551,79.73463,,6.28212,,,,1000187898,Right,55.52348,-119.73709,11.19317,5.37271,-0.75602,-16.34776,-3.10349,6.18075,3.00481,,,,,,,,,,,,,,,,,,,,,,,,,,,,,,,,,,,,,,,,,,,,,,,,,,,High,High,High,,,,,,v3
164,1/24/2023,2,5,1000064685,Right,T_A,1000187798,Right,T_B,6,Top,1,3,1,3-1,Slider,Slider,FoulBall,Undefined,Undefined,,Undefined,0,0,82.81562,-0.21699,-3.792598,2600.961153,100.337575,9:15,5.4291,3.03343,4.60894,-40.33105,2.68662,-7.22996,1.86139,-1.18063,75.91755,-7.460279,-5.055117,0.472057,,,,,,,,,,,,2.49075,1.70106,-2.63526,50,5.36938,8.26156,-119.83859,-2.02099,3.61036,23.86001,-29.70836,79.84718,,6.89808,,,,1000187898,Right,55.89147,-121.0059,11.93,5.4327,-0.56756,-14.85418,-3.03512,8.08493,1.80518,,,,,,,,,,,,,,,,,,,,,,,,,,,,,,,,,,,,,,,,,,,,,,,,,,,High,High,High,,,,,,v3
165,1/24/2023,2,6,1000064685,Right,T_A,1000187798,Right,T_B,6,Top,1,3,2,3-2,Slider,Slider,FoulBall,Undefined,Undefined,,Undefined,0,0,83.01466,-0.961642,-3.025939,2617.440252,74.146016,8:30,5.39331,3.02632,4.82281,-43.63794,-0.88535,-8.24918,0.84465,-0.52977,75.73357,-8.813575,-4.476154,0.470601,,,,,,,,,,,,3.16087,0.20894,-2.71823,50,5.26003,6.70945,-120.14405,-3.6926,4.56536,25.85174,-31.8723,80.09431,,7.28108,,,,1000187898,Right,55.67691,-121.35942,12.92587,5.39841,-2.19418,-15.93615,-3.02862,6.49481,2.28268,,,,,,,,,,,,,,,,,,,,,,,,,,,,,,,,,,,,,,,,,,,,,,,,,,,High,High,High,,,,,,v3
166,1/24/2023,2,7,1000064685,Right,T_A,1000187798,Right,T_B,6,Top,1,3,2,3-2,Fastball,Sinker,InPlay,Undefined,GroundBall,GroundBall,Out,1,0,89.96332,-0.402815,-3.447987,2098.144146,229.068748,1:45,5.41854,2.89099,6.34582,-26.39623,7.86311,7.72717,2.84736,0.357,81.6428,-5.367814,-2.052414,0.42127,91.29717,-4.38587,-16.205009,,,,,26.11211,23.89096,-15.257513,0.185416,-5.08555,4.55551,-2.6438,50,5.37686,7.55371,-130.49396,-1.74642,-8.6892,29.79806,-24.39049,89.47327,2.72407,8.32052,2.0973,2.72407,-0.19499,1000187898,Right,54.15262,-131.43879,14.89903,5.41998,-0.97305,-12.19525,-2.88768,7.82923,-4.3446,354.049918,2.09804,128.15321,-19.45151,,,,,,,2.72525,-10.32433,-23.62199,,,,,,,-0.19529,-37.23818,6.64768,,,,,,,,,,,,,,,,,,,,,,,,,,,,,High,High,High,Low,Low,,,,v3
167,1/24/2023,3,1,1000064685,Right,T_A,1000055244,Left,T_B,6,Top,2,0,0,0-0,ChangeUp,Changeup,BallCalled,Undefined,Undefined,,Undefined,0,0,84.41462,-1.588997,-1.841529,2075.99745,269.740616,3:00,5.10082,3.26573,5.69719,-38.5399,1.52496,21.42564,0.40726,3.33452,76.63779,-8.671088,1.998575,0.455568,,,,,,,,,,,,-11.40721,1.7524,-3.12426,50,4.94374,3.03448,-122.38374,-4.74111,-17.03636,27.59758,-29.55687,82.73725,,7.77682,,,,1000187898,Right,54.80107,-123.46164,13.79879,5.10637,-3.58669,-14.77844,-3.25577,3.69988,-8.51818,,,,,,,,,,,,,,,,,,,,,,,,,,,,,,,,,,,,,,,,,,,,,,,,,,,High,High,High,,,,,,v3
168,1/24/2023,3,2,1000064685,Right,T_A,1000055244,Left,T_B,6,Top,2,1,0,1-0,Fastball,Four-Seam,InPlay,Undefined,FlyBall,FlyBall,Double,0,0,90.16578,-1.016754,-3.24235,2226.077873,203.729373,12:45,5.32853,3.23652,6.04383,-22.27737,12.11032,4.82433,2.52913,0.63347,82.0879,-5.206516,-2.375969,0.422059,97.82555,26.847212,-9.648491,1996.42867,107.13123,50.3825,-24.95584,354.54451,353.29491,-19.223548,4.571582,-3.44512,6.87406,-2.98632,50,5.23721,7.20788,-130.76549,-3.03123,-5.93413,28.91906,-20.33365,89.30616,68.42213,8.07788,1.4079,2.50837,-0.63089,1000187898,Right,54.45464,-131.74696,14.45953,5.32838,-2.34113,-10.16682,-3.23436,7.40927,-2.96706,140.947748,1.40879,126.18879,-24.42641,5.69978,-1.21509,0.24328,-0.04861,0.00709,-0.00045,2.50871,64.77996,-17.25264,0.43711,0.2977,-0.17605,0.05274,-0.00773,0.00043,-0.63114,-21.44583,-5.05521,2.64242,-0.8399,0.19259,-0.03079,0.00285,-0.00011,,,,,,,,,,,,,,,,,,,,,,,High,High,High,High,High,,,,v3
169,1/24/2023,4,1,1000064685,Right,T_A,1000049656,Left,T_B,6,Top,2,0,0,0-0,Slider,Slider,BallCalled,Undefined,Undefined,,Undefined,0,0,82.76174,0.643983,-3.387599,2608.384583,66.192398,8:15,5.36504,3.0299,4.61611,-44.52959,-1.67004,-6.74827,2.26761,-0.75698,76.09649,-7.335837,-4.567283,0.471189,,,,,,,,,,,,2.37311,-0.6089,-2.67461,50,5.39016,7.39825,-119.85761,-0.42078,3.45684,22.87161,-33.06101,79.99433,,6.66525,,,,1000187898,Right,55.88374,-120.97515,11.4358,5.37125,1.19463,-16.53051,-3.03198,7.22934,1.72842,,,,,,,,,,,,,,,,,,,,,,,,,,,,,,,,,,,,,,,,,,,,,,,,,,,High,High,High,,,,,,v3
170,1/24/2023,4,2,1000064685,Right,T_A,1000049656,Left,T_B,6,Top,2,1,0,1-0,Slider,Curveball,StrikeSwinging,Undefined,Undefined,,Undefined,0,0,81.45625,0.446662,-3.756743,2453.871402,48.979411,7:45,5.35828,3.05674,4.7922,-49.38597,-5.5263,-7.82831,1.667,-1.16091,75.31368,-8.38759,-5.129351,0.476655,,,,,,,,,,,,2.85264,-2.45602,-2.67434,50,5.35959,8.08815,-118.01811,-0.98826,4.03843,21.66913,-35.651,79.07701,,6.14257,,,,1000187898,Right,55.70908,-119.06174,10.83457,5.36584,0.72875,-17.8255,-3.0592,7.89365,2.01921,,,,,,,,,,,,,,,,,,,,,,,,,,,,,,,,,,,,,,,,,,,,,,,,,,,High,High,High,,,,,,v3
171,1/24/2023,4,3,1000064685,Right,T_A,1000066765,Right,T_B,6,Top,2,1,1,1-1,Fastball,Cutter,StrikeSwinging,Undefined,Undefined,,Undefined,0,0,89.8574,-0.226506,-4.027617,2210.841017,191.106565,12:15,5.4,2.8547,6.20433,-23.10237,11.06449,1.97071,3.26522,-0.70482,82.4703,-4.558702,-3.673388,0.420701,,,,,,,,,,,,-2.09043,6.11272,-2.55271,50,5.37127,9.09765,-130.34946,-1.23889,-3.61202,26.30136,-21.61201,89.59427,,7.3871,,,,1000187898,Right,54.29407,-131.21303,13.15068,5.4003,-0.52928,-10.80601,-2.85337,9.21624,-1.80601,,,,,,,,,,,,,,,,,,,,,,,,,,,,,,,,,,,,,,,,,,,,,,,,,,,High,High,High,,,,,,v3
172,1/24/2023,1,1,1000187700,Left,T_A,1000051953,Right,T_B,6,Bottom,0,0,0,0-0,ChangeUp,Changeup,BallCalled,Undefined,Undefined,,Undefined,0,0,77.88426,-1.556427,1.903365,1637.213534,127.704252,10:15,5.19912,-1.94741,5.11261,-34.86309,12.80855,-14.5028,0.82641,-1.36219,71.24379,-7.940797,-0.664307,0.496937,,,,,,,,,,,,7.82433,7.28457,1.78019,50,5.02567,-3.1746,-112.89187,-4.21984,10.05118,21.43159,-22.81627,75.84954,,6.64047,,,,1000055344,Right,55.3863,-113.90982,10.71579,5.20037,-3.13611,-11.40814,1.94232,-3.65201,5.02559,,,,,,,,,,,,,,,,,,,,,,,,,,,,,,,,,,,,,,,,,,,,,,,,,,,High,High,High,,,,,,v3
173,1/24/2023,1,2,1000187700,Left,T_A,1000051953,Right,T_B,6,Bottom,0,1,0,1-0,ChangeUp,Changeup,BallCalled,Undefined,Undefined,,Undefined,0,0,77.26091,0.839756,0.467028,1722.834888,141.852259,10:45,5.45228,-2.04803,4.9994,-32.8673,16.01654,-11.24575,3.5062,-2.54426,69.94558,-5.240796,-1.517814,0.503216,,,,,,,,,,,,5.70823,8.1602,2.01276,50,5.50716,-0.45139,-111.93759,0.57582,7.16908,22.1204,-21.92553,74.90315,,7.31533,,,,1000055344,Right,55.49654,-113.01857,11.0602,5.45284,1.64727,-10.96277,2.04338,-0.80172,3.58454,,,,,,,,,,,,,,,,,,,,,,,,,,,,,,,,,,,,,,,,,,,,,,,,,,,High,High,High,,,,,,v3
174,1/24/2023,1,3,1000187700,Left,T_A,1000051953,Right,T_B,6,Bottom,0,2,0,2-0,Fastball,Four-Seam,StrikeCalled,Undefined,Undefined,,Undefined,0,0,84.98936,-1.630706,2.906186,2171.983142,140.526006,10:45,5.66305,-1.82379,5.33576,-24.37403,14.89749,-11.30571,2.09959,-0.03704,78.35267,-6.131993,0.900242,0.451035,,,,,,,,,,,,6.43457,8.25233,1.5698,50,5.49833,-5.78125,-123.29595,-4.34019,9.9899,22.54727,-19.36196,83.56875,,6.6367,,,,1000055344,Right,55.16399,-124.2367,11.27363,5.66257,-3.53234,-9.68098,1.81971,-6.19806,4.99495,,,,,,,,,,,,,,,,,,,,,,,,,,,,,,,,,,,,,,,,,,,,,,,,,,,High,High,High,,,,,,v3
175,1/24/2023,1,4,1000187700,Left,T_A,1000051953,Right,T_B,6,Bottom,0,2,1,2-1,ChangeUp,Changeup,FoulBall,Undefined,Undefined,,Undefined,0,0,78.38566,1.001595,2.10248,1750.147715,123.73667,10:00,5.28563,-1.9696,4.91795,-37.29431,10.0969,-12.77749,3.1255,-1.04564,71.39223,-5.820878,-0.148255,0.495473,65.21185,47.815917,171.263613,3754.16644,,,,,63.46791,,,6.97481,5.1224,1.7759,50,5.35263,-3.64719,-113.59937,0.70115,9.07534,21.64053,-25.50896,76.07361,50.22404,6.99343,3.10701,3.40195,1.02475,1000055344,Right,55.58117,-114.65764,10.82026,5.28784,1.94861,-12.75448,1.9651,-4.091,4.53767,10.133754,3.107,-63.48024,1.53745,1.1722,-0.78737,0.7844,-0.51907,0.15572,-0.01027,3.40194,70.87232,-28.47637,3.67941,-1.15553,0.67807,-0.25055,-0.04393,0.04246,1.02475,9.7549,1.66781,-0.63256,0.29419,-0.25161,0.13965,-0.02298,-0.00482,,,,,,,,,,,,,,,,,,,,,,,High,High,High,High,Medium,,,,v3
176,1/24/2023,1,5,1000187700,Left,T_A,1000051953,Right,T_B,6,Bottom,0,2,2,2-2,Fastball,Sinker,StrikeSwinging,Strikeout,Undefined,,Undefined,0,0,86.08619,-0.559451,2.497638,2196.167301,137.46019,10:30,5.81926,-1.39439,5.16488,-21.95796,16.83273,-14.30139,3.46237,-0.23397,78.55889,-4.649881,-0.032151,0.448265,,,,,,,,,,,,7.82367,8.91339,1.17286,50,5.75076,-4.80898,-124.82369,-1.96461,12.34507,25.09746,-18.10946,84.08513,,7.5273,,,,1000055344,Right,55.33351,-125.89149,12.54873,5.81795,-1.19412,-9.05473,1.38864,-5.33421,6.17253,,,,,,,,,,,,,,,,,,,,,,,,,,,,,,,,,,,,,,,,,,,,,,,,,,,High,High,High,,,,,,v3
177,1/24/2023,2,1,1000187700,Left,T_A,1000048964,Left,T_B,6,Bottom,1,0,0,0-0,Fastball,Sinker,BallCalled,Undefined,Undefined,,Undefined,0,0,85.70889,-0.316386,3.896414,2227.378079,125.766545,10:15,5.65581,-1.53159,5.02624,-28.26513,10.8226,-13.42379,3.00115,1.03206,78.9259,-5.483116,1.532479,0.449978,,,,,,,,,,,,7.66241,5.79264,1.16975,50,5.60292,-7.86687,-124.22719,-1.73144,12.08777,22.67031,-23.03592,83.76499,,6.78299,,,,1000055344,Right,55.47393,-125.22214,11.33515,5.65673,-0.72044,-11.51796,1.52665,-8.39738,6.04388,,,,,,,,,,,,,,,,,,,,,,,,,,,,,,,,,,,,,,,,,,,,,,,,,,,High,High,High,,,,,,v3
178,1/24/2023,2,2,1000187700,Left,T_A,1000048964,Left,T_B,6,Bottom,1,1,0,1-0,Fastball,Sinker,InPlay,Undefined,GroundBall,GroundBall,Out,1,0,85.63299,-1.479749,2.733955,2172.97574,142.151262,10:45,5.60533,-1.62907,5.006,-24.62312,14.65331,-10.44756,2.1547,0.08297,78.68036,-6.00635,0.8913,0.451063,76.63336,-27.064017,35.60726,,,,,5.60816,3.08129,24.8677,0.041765,5.93225,8.02059,1.3754,50,5.44356,-5.46795,-124.15717,-4.09369,9.30903,23.62055,-19.58793,83.56351,2.1413,6.95263,1.68082,2.1413,-0.08172,1000055344,Right,55.49362,-125.19796,11.81028,5.60492,-3.2306,-9.79397,1.62537,-5.87812,4.65451,,1.67941,81.58328,,,,,,,,2.14219,-51.26969,,,,,,,,-0.08272,58.42353,,,,,,,,,,,,,,,,,,,,,,,,,,,,,,High,High,High,Low,Low,,,,v3
179,1/24/2023,3,1,1000187700,Left,T_A,1000187798,Right,T_B,6,Bottom,2,0,0,0-0,ChangeUp,Changeup,BallCalled,Undefined,Undefined,,Undefined,0,0,78.9974,0.694786,0.314885,1711.001567,115.392894,9:45,5.40792,-1.83425,5.50147,-36.47951,9.05437,-15.99044,3.01783,-2.87227,72.1756,-6.037622,-2.535055,0.485667,,,,,,,,,,,,8.15863,4.80666,1.81783,50,5.4442,-0.0012,-114.6827,0.21417,10.82699,21.9123,-25.79535,77.60962,,6.8218,,,,1000055344,Right,54.99709,-115.63354,10.95615,5.41062,1.33352,-12.89767,1.82808,-0.47102,5.4135,,,,,,,,,,,,,,,,,,,,,,,,,,,,,,,,,,,,,,,,,,,,,,,,,,,High,High,High,,,,,,v3
180,1/24/2023,3,2,1000187700,Left,T_A,1000187798,Right,T_B,6,Bottom,2,1,0,1-0,ChangeUp,Changeup,BallCalled,Undefined,Undefined,,Undefined,0,0,78.29692,-2.322617,4.150838,1626.15165,120.751164,10:00,5.17002,-2.07933,5.35151,-35.13199,11.44776,-16.77588,0.05701,0.42264,72.20731,-8.740251,1.175042,0.491213,,,,,,,,,,,,9.63725,6.78414,1.71802,50,4.93526,-7.58781,-113.37366,-5.74601,12.59108,19.99075,-23.31056,76.73337,,6.08962,,,,1000055344,Right,55.14957,-114.27805,9.99538,5.17136,-4.69142,-11.65528,2.07419,-8.15743,6.29554,,,,,,,,,,,,,,,,,,,,,,,,,,,,,,,,,,,,,,,,,,,,,,,,,,,High,High,High,,,,,,v3
181,1/24/2023,3,3,1000187700,Left,T_A,1000187798,Right,T_B,6,Bottom,2,2,0,2-0,Fastball,Four-Seam,BallCalled,Undefined,Undefined,,Undefined,0,0,85.17139,-0.413784,3.621048,2162.390743,144.14193,10:45,5.65002,-1.58074,5.17377,-23.04367,16.60887,-11.08945,3.33955,0.90715,77.77946,-4.69661,1.662835,0.453218,,,,,,,,,,,,6.51327,8.76591,1.25209,50,5.59432,-7.3192,-123.3748,-1.67086,10.05461,24.18834,-18.64199,83.16627,,7.39193,,,,1000055344,Right,55.32413,-124.41425,12.09417,5.64891,-0.86976,-9.32099,1.57591,-7.75128,5.0273,,,,,,,,,,,,,,,,,,,,,,,,,,,,,,,,,,,,,,,,,,,,,,,,,,,High,High,High,,,,,,v3
182,1/24/2023,3,4,1000187700,Left,T_A,1000187798,Right,T_B,6,Bottom,2,3,0,3-0,Fastball,Four-Seam,StrikeCalled,Undefined,Undefined,,Undefined,0,0,85.84248,-0.909764,3.71854,2217.194473,142.904571,10:45,5.61473,-1.59107,5.08275,-22.88458,16.2104,-11.3304,2.84826,0.97477,78.60288,-5.145983,1.721214,0.45002,,,,,,,,,,,,6.61189,8.66126,1.24789,50,5.51086,-7.57328,-124.3376,-2.77289,10.39302,23.97571,-18.55969,83.7572,,7.2396,,,,1000055344,Right,55.41538,-125.37748,11.98785,5.61367,-1.96791,-9.27985,1.58614,-8.02406,5.19651,,,,,,,,,,,,,,,,,,,,,,,,,,,,,,,,,,,,,,,,,,,,,,,,,,,High,High,High,,,,,,v3
183,1/24/2023,3,5,1000187700,Left,T_A,1000187798,Right,T_B,6,Bottom,2,3,1,3-1,Fastball,Four-Seam,InPlay,Undefined,LineDrive,LineDrive,Double,0,0,85.4241,-0.366368,3.26419,2238.128595,143.907204,10:45,5.5624,-1.8268,5.35718,-24.02525,14.84737,-9.97969,3.21615,0.40609,78.53767,-4.818767,1.494824,0.448738,101.80211,17.739943,-17.025373,1857.965335,104.2876,32.43989,-34.98475,350.23817,350.23817,-21.01944,3.644526,5.88953,7.90796,1.54065,50,5.51251,-6.64786,-123.92917,-1.60543,9.22702,23.05472,-19.78478,83.99646,41.78434,6.88643,1.81038,3.29443,-0.40116,1000055344,Right,55.14293,-124.88225,11.52736,5.56198,-0.78752,-9.89239,1.82336,-7.0293,4.61351,150.259726,1.81006,135.98682,-24.33502,5.91147,-1.38991,0.31403,-0.06221,0.00822,-0.00047,3.29474,45.48559,-13.52684,-0.33258,0.38932,-0.14158,0.03221,-0.00341,9.00E-05,-0.40103,-41.64236,1.38052,0.82258,-0.37772,0.09257,-0.0143,0.00122,-5.00E-05,,,,,,,,,,,,,,,,,,,,,,,High,High,High,High,Medium,,,,v3
184,1/24/2023,4,1,1000187700,Left,T_A,1000066765,Right,T_B,6,Bottom,2,0,0,0-0,Curveball,Curveball,BallCalled,Undefined,Undefined,,Undefined,0,0,69.78699,3.87176,-0.60012,2184.795981,320.778809,4:45,5.43253,-1.80564,4.5616,-75.205,-13.52768,12.90741,2.85603,-1.30118,62.97095,-9.629282,1.661689,0.565242,,,,,,,,,,,,-6.43126,-7.1252,1.85504,50,5.76421,0.54421,-100.83655,4.21628,-6.48484,19.55791,-39.35861,66.68377,,6.81603,,,,1000055344,Right,55.93931,-101.98201,9.77896,5.44977,6.52142,-19.67931,1.81204,0.92402,-3.24242,,,,,,,,,,,,,,,,,,,,,,,,,,,,,,,,,,,,,,,,,,,,,,,,,,,High,High,High,,,,,,v3
185,1/24/2023,4,2,1000187700,Left,T_A,1000066765,Right,T_B,6,Bottom,2,1,0,1-0,ChangeUp,Changeup,FoulBall,Undefined,Undefined,GroundBall,Undefined,0,0,78.41695,-0.773276,3.077515,1766.410496,117.563466,10:00,5.21604,-1.81139,5.59635,-37.10069,9.13367,-14.53599,1.40127,-0.14666,71.63242,-7.61555,0.484163,0.489388,85.46669,4.027148,-43.039257,4089.639203,,,,74.69319,71.52657,-45.160218,0.634447,8.34245,5.27544,1.55738,50,5.12555,-5.56589,-113.6959,-2.7015,10.85877,21.93706,-25.3074,77.01948,2.8162,6.78453,3.52015,1.81195,-0.0496,1000055344,Right,54.90351,-114.6381,10.96853,5.21824,-1.61453,-12.6537,1.80645,-6.03227,5.42939,,3.56879,90.35265,-20.54443,,,,,,,1.83579,8.29468,-17.68976,,,,,,,-0.03634,-85.63099,3.45196,,,,,,,,,,,,,,,,,,,,,,,,,,,,,High,High,High,High,High,,,,v3
186,1/24/2023,4,3,1000187700,Left,T_A,1000066765,Right,T_B,6,Bottom,2,1,1,1-1,ChangeUp,Changeup,StrikeSwinging,Undefined,Undefined,,Undefined,0,0,78.6333,0.667997,2.130657,1777.079632,114.749088,9:45,5.28109,-1.85509,5.19438,-37.27364,9.56111,-17.22741,2.80378,-1.28556,71.31992,-6.19268,-0.920604,0.492556,,,,,,,,,,,,9.20882,5.04268,1.671,50,5.31531,-3.53037,-113.93823,0.0811,11.99342,22.74366,-25.60652,76.52421,,7.31337,,,,1000055344,Right,55.30283,-114.99188,11.37183,5.28407,1.26738,-12.80326,1.84742,-4.08599,5.99671,,,,,,,,,,,,,,,,,,,,,,,,,,,,,,,,,,,,,,,,,,,,,,,,,,,High,High,High,,,,,,v3
187,1/24/2023,4,4,1000187700,Left,T_A,1000066765,Right,T_B,6,Bottom,2,1,2,1-2,Curveball,Curveball,InPlay,Undefined,FlyBall,LineDrive,Double,0,0,69.10347,2.383776,0.089193,2182.873921,311.770729,4:30,5.43307,-1.82884,4.29175,-77.60453,-14.15391,18.46588,1.24722,-0.20471,62.74935,-11.432864,3.316286,0.57331,97.71204,20.875719,-17.792929,1551.930597,105.79956,36.5392,-30.1073,342.89053,340.67921,-14.621808,3.8824,-8.96217,-7.16244,1.79871,50,5.61178,-0.87062,-99.96603,1.46659,-8.86075,19.56406,-39.25543,65.74533,48.15701,6.35412,3.39831,1.74075,0.29073,1000055344,Right,56.21136,-101.17434,9.78203,5.44634,3.89106,-19.62771,1.83558,-0.32337,-4.43037,202.777945,3.39783,127.51306,-20.94547,4.68847,-1.05912,0.25999,-0.05768,0.00819,-0.00049,1.74139,51.04525,-14.42357,-0.09485,0.37385,-0.18753,0.05291,-0.00729,0.00037,0.29091,-40.92761,10.91601,-3.28591,0.90094,-0.2407,0.05367,-0.00748,0.00045,,,,,,,,,,,,,,,,,,,,,,,High,High,High,High,Medium,,,,v3
