PitchNo,Date,PAofInning,PitchofPA,PitcherId,PitcherThrows,PitcherTeam,BatterId,BatterSide,BatterTeam,Inning,Top/Bottom,Outs,Balls,Strikes,Count,TaggedPitchType,AutoPitchType,PitchCall,KorBB,TaggedHitType,AutoHitType,PlayResult,OutsOnPlay,RunsScored,RelSpeed,VertRelAngle,HorzRelAngle,SpinRate,SpinAxis,Tilt,RelHeight,RelSide,Extension,VertBreak,InducedVertBreak,HorzBreak,PlateLocHeight,PlateLocSide,ZoneSpeed,VertApprAngle,HorzApprAngle,ZoneTime,ExitSpeed,Angle,Direction,HitSpinRate,PositionAt110X,PositionAt110Y,PositionAt110Z,Distance,LastTrackedDistance,Bearing,HangTime,pfxx,pfxz,x0,y0,z0,vx0,vy0,vz0,ax0,ay0,az0,EffectiveVelo,MaxHeight,SpeedDrop,ContactPositionX,ContactPositionY,ContactPositionZ,CatcherId,CatcherThrows,PitchTrajectoryXc0,PitchTrajectoryXc1,PitchTrajectoryXc2,PitchTrajectoryYc0,PitchTrajectoryYc1,PitchTrajectoryYc2,PitchTrajectoryZc0,PitchTrajectoryZc1,PitchTrajectoryZc2,HitSpinAxis,HitTrajectoryXc0,HitTrajectoryXc1,HitTrajectoryXc2,HitTrajectoryXc3,HitTrajectoryXc4,HitTrajectoryXc5,HitTrajectoryXc6,HitTrajectoryXc7,HitTrajectoryXc8,HitTrajectoryYc0,HitTrajectoryYc1,HitTrajectoryYc2,HitTrajectoryYc3,HitTrajectoryYc4,HitTrajectoryYc5,HitTrajectoryYc6,HitTrajectoryYc7,HitTrajectoryYc8,HitTrajectoryZc0,HitTrajectoryZc1,HitTrajectoryZc2,HitTrajectoryZc3,HitTrajectoryZc4,HitTrajectoryZc5,HitTrajectoryZc6,HitTrajectoryZc7,HitTrajectoryZc8,ThrowSpeed,PopTime,ExchangeTime,TimeToBase,CatchPositionX,CatchPositionY,CatchPositionZ,ThrowPositionX,ThrowPositionY,ThrowPositionZ,BasePositionX,BasePositionY,BasePositionZ,ThrowTrajectoryXc0,ThrowTrajectoryXc1,ThrowTrajectoryXc2,ThrowTrajectoryYc0,ThrowTrajectoryYc1,ThrowTrajectoryYc2,ThrowTrajectoryZc0,ThrowTrajectoryZc1,ThrowTrajectoryZc2,PitchReleaseConfidence,PitchLocationConfidence,PitchMovementConfidence,HitLaunchConfidence,HitLandingConfidence,CatcherThrowCatchConfidence,CatcherThrowReleaseConfidence,CatcherThrowLocationConfidence,System
1,10/30/2022,1,1,10023185,Right,T_B,8886045,Left,T_A,1,Top,0,0,0,0-0,Fastball,Changeup,StrikeCalled,Undefined,Undefined,,Undefined,0,0,84.54415,-1.116782,-2.059725,1508.875311,243.898849,2:15,5.66101,1.4731,5.91769,-29.39958,10.10237,17.77592,2.17384,1.0421,76.6174,-6.610355,1.133815,0.452356,,,,,,,,,,,,-9.71989,5.94126,-1.318,50,5.55498,3.68779,-122.62343,-3.32224,-14.61677,27.04255,-23.23956,83.32468,,7.92674,,,,1000073611,Right,54.57977,-123.62929,13.52127,5.66248,-2.45783,-11.61978,-1.46528,4.23147,-7.30839,,,,,,,,,,,,,,,,,,,,,,,,,,,,,,,,,,,,,,,,,,,,,,,,,,,High,High,High,,,,,,v3
2,10/30/2022,1,2,10023185,Right,T_B,8886045,Left,T_A,1,Top,0,0,1,0-1,ChangeUp,Changeup,BallCalled,Undefined,Undefined,,Undefined,0,0,80.07112,-1.970549,-3.880566,1825.342897,224.919791,1:30,5.46145,1.33854,6.35203,-31.72809,11.16418,9.7906,0.99877,-1.42293,73.7022,-7.890731,-2.111801,0.471369,,,,,,,,,,,,-6.18177,6.76689,-1.06118,50,5.30322,7.53539,-116.13174,-4.88727,-8.45729,21.38389,-22.91627,79.96376,,6.36891,,,,1000073611,Right,54.1474,-116.89292,10.69195,5.46266,-4.07154,-11.45813,-1.33477,7.83644,-4.22865,,,,,,,,,,,,,,,,,,,,,,,,,,,,,,,,,,,,,,,,,,,,,,,,,,,High,High,High,,,,,,v3
3,10/30/2022,1,3,10023185,Right,T_B,8886045,Left,T_A,1,Top,0,1,1,1-1,ChangeUp,Changeup,InPlay,Undefined,FlyBall,FlyBall,HomeRun,0,1,80.13377,-1.412636,-2.692056,1929.245218,228.331417,1:30,5.48666,1.46537,6.25626,-30.43706,12.53989,12.54036,1.64592,0.02616,73.47861,-7.112909,-0.426531,0.471834,101.09868,26.767304,13.986852,2898.345422,106.98186,52.46783,25.59046,400.51933,396.81924,15.892796,5.151134,-7.34292,7.31737,-1.27178,50,5.36669,5.03327,-116.364,-3.72209,-10.05115,22.1773,-22.15788,79.88497,82.14374,6.65516,3.68218,1.93503,-0.03843,1000073611,Right,54.24396,-117.17005,11.08865,5.48734,-2.91675,-11.07894,-1.46136,5.39859,-5.02557,177.150923,3.68481,128.41024,-24.86221,5.57059,-0.88273,0.07265,0.00061,-0.0004,1.00E-05,1.93518,66.77123,-13.99395,-0.36408,0.33767,-0.12807,0.03363,-0.0047,0.00026,-0.03825,31.99176,-6.94992,2.27889,-0.49001,0.06398,-0.00389,0,1.00E-05,,,,,,,,,,,,,,,,,,,,,,,High,High,High,High,Medium,,,,v3
4,10/30/2022,2,1,10023185,Right,T_B,691273,Right,T_A,1,Top,0,0,0,0-0,Fastball,Sinker,BallCalled,Undefined,Undefined,,Undefined,0,0,87.60957,-1.157652,-4.960941,2018.677916,230.492831,1:45,5.70527,1.14325,6.00621,-23.83068,13.11552,14.27135,2.64265,-2.27524,78.97264,-5.655673,-2.407255,0.437478,,,,,,,,,,,,-8.8554,7.49244,-0.76011,50,5.60108,10.39193,-126.64748,-3.3002,-14.18842,29.12611,-20.16938,86.15846,,8.63693,,,,1000073611,Right,54.48989,-127.67588,14.56305,5.70503,-2.58805,-10.08469,-1.13587,10.8929,-7.09421,,,,,,,,,,,,,,,,,,,,,,,,,,,,,,,,,,,,,,,,,,,,,,,,,,,High,High,High,,,,,,v3
5,10/30/2022,2,2,10023185,Right,T_B,691273,Right,T_A,1,Top,0,1,0,1-0,Fastball,Sinker,BallCalled,Undefined,Undefined,,Undefined,0,0,87.45566,-2.71254,-3.667337,1954.35542,227.348172,1:30,5.66301,1.04125,5.96695,-23.96379,13.04642,12.71914,1.14399,-1.30373,79.22353,-7.211457,-1.385404,0.437857,,,,,,,,,,,,-7.68241,7.9365,-0.75736,50,5.43427,7.58742,-126.5564,-6.75316,-12.30804,28.76137,-19.45893,86.08393,,8.23212,,,,1000073611,Right,54.53056,-127.58186,14.38069,5.66268,-6.05936,-9.72947,-1.03571,8.02625,-6.15402,,,,,,,,,,,,,,,,,,,,,,,,,,,,,,,,,,,,,,,,,,,,,,,,,,,High,High,High,,,,,,v3
6,10/30/2022,2,3,10023185,Right,T_B,691273,Right,T_A,1,Top,0,2,0,2-0,Fastball,Sinker,BallCalled,Undefined,Undefined,,Undefined,0,0,87.79106,-0.293505,-3.752926,2000.101912,224.843351,1:30,5.63074,1.08062,5.95312,-22.61505,14.25056,12.81359,3.47337,-1.33709,78.83344,-4.5851,-1.457217,0.437001,,,,,,,,,,,,-7.74272,7.78418,-0.78882,50,5.59488,7.78652,-127.06912,-1.33827,-12.44549,30.14155,-19.66188,86.25258,,8.95761,,,,1000073611,Right,54.54196,-128.14197,15.07077,5.63006,-0.63843,-9.83094,-1.07386,8.2295,-6.22275,,,,,,,,,,,,,,,,,,,,,,,,,,,,,,,,,,,,,,,,,,,,,,,,,,,High,High,High,,,,,,v3
7,10/30/2022,2,4,10023185,Right,T_B,691273,Right,T_A,1,Top,0,3,0,3-0,Fastball,Changeup,BallCalled,Walk,Undefined,,Undefined,0,0,86.24533,-2.680788,-3.157242,1833.890128,231.418772,1:45,5.69873,0.95437,6.08414,-25.95218,11.98438,13.28642,1.05039,-0.86224,78.02837,-7.553184,-0.765588,0.443303,,,,,,,,,,,,-7.87122,7.44504,-0.71736,50,5.47773,6.3555,-124.87188,-6.64692,-12.24243,28.6542,-20.59453,85.02642,,8.21695,,,,1000073611,Right,54.41323,-125.88051,14.3271,5.69894,-5.922,-10.29726,-0.94866,6.78643,-6.12121,,,,,,,,,,,,,,,,,,,,,,,,,,,,,,,,,,,,,,,,,,,,,,,,,,,High,High,High,,,,,,v3
8,10/30/2022,3,1,10023185,Right,T_B,1000055244,Left,T_A,1,Top,0,0,0,0-0,Fastball,Changeup,InPlay,Undefined,GroundBall,GroundBall,Out,1,0,84.77655,-0.805012,-2.472694,1789.683228,239.656551,2:00,5.57539,1.54605,5.9367,-28.97269,10.52772,15.47961,2.41345,0.54068,76.32063,-6.24249,0.307525,0.452348,62.18296,-31.405515,29.011549,,,,,6.2405,6.2405,13.550726,0.052848,-8.79843,6.0767,-1.35762,50,5.49496,4.68781,-122.87884,-2.63317,-13.19783,28.6456,-23.05886,83.32629,2.52331,8.45592,2.45243,2.52331,-0.54223,1000073611,Right,54.56106,-123.93755,14.3228,5.57653,-1.78093,-11.52943,-1.5399,5.17559,-6.59892,,2.44973,68.39094,,,,,,,,2.52519,-47.74614,,,,,,,,-0.54373,37.92774,,,,,,,,,,,,,,,,,,,,,,,,,,,,,,High,High,High,Estimated,Estimated,,,,v3
9,10/30/2022,4,1,10023185,Right,T_B,1000058463,Right,T_A,1,Top,1,0,0,0-0,Fastball,Changeup,BallCalled,Undefined,Undefined,,Undefined,0,0,86.30036,-3.894024,-4.396606,1911.284843,213.284941,1:00,5.64059,1.30661,6.15267,-18.90875,19.07466,11.59048,0.45086,-1.79767,77.95139,-7.506705,-2.314208,0.443576,,,,,,,,,,,,-7.42489,11.53363,-0.97776,50,5.33371,9.12544,-124.63453,-9.01149,-11.50469,28.53764,-14.3029,84.97397,,8.34896,,,,1000073611,Right,54.34479,-125.62542,14.26882,5.63799,-8.51487,-7.15145,-1.30155,9.52491,-5.75235,,,,,,,,,,,,,,,,,,,,,,,,,,,,,,,,,,,,,,,,,,,,,,,,,,,High,High,High,,,,,,v3
10,10/30/2022,4,2,10023185,Right,T_B,1000058463,Right,T_A,1,Top,1,1,0,1-0,Fastball,Sinker,BallCalled,Undefined,Undefined,,Undefined,0,0,87.63483,-2.167068,-4.646419,1948.500835,228.966665,1:45,5.60253,1.34799,5.93905,-23.16848,13.97335,14.44816,1.65393,-1.76777,78.85187,-6.541594,-2.061526,0.438635,,,,,,,,,,,,-8.86308,8.26615,-0.98461,50,5.41625,9.67414,-126.61756,-5.51739,-14.14853,29.8728,-18.97837,85.93129,,8.78296,,,,1000073611,Right,54.55637,-127.68802,14.9364,5.60178,-4.83732,-9.48919,-1.34035,10.18113,-7.07427,,,,,,,,,,,,,,,,,,,,,,,,,,,,,75.65559,1.520116,0.626586,0.89353,-1.01066,1.37042,1.85263,-2.81402,5.90986,-0.8763,65.24727,2.66067,-59.53216,-2.79202,80.02858,-4.33649,5.92507,6.94828,-11.85847,-0.97611,-74.94406,10.49776,High,High,High,,,High,High,High,v3
11,10/30/2022,4,3,10023185,Right,T_B,1000058463,Right,T_A,1,Top,1,2,0,2-0,Curveball,Curveball,InPlay,Undefined,GroundBall,GroundBall,Single,0,1,75.3435,1.876605,-1.55629,1987.710151,58.891898,8:00,5.65792,1.5449,5.80509,-52.42515,-1.98394,-6.40174,3.03567,-0.43627,67.84483,-7.808923,-2.703298,0.511168,101.6125,-1.952106,-5.868531,2326.545117,,,,39.28845,38.79266,-4.635066,0.265233,2.72996,-1.13307,-1.41329,50,5.78103,3.20021,-109.16528,1.96783,3.21907,23.30887,-33.51013,73.7378,3.01604,7.49867,1.37637,3.01604,0.44272,1000073611,Right,54.69254,-110.16267,11.65444,5.66615,3.40173,-16.75507,-1.54728,3.06247,1.60953,336.751435,1.37888,148.03901,-21.12624,,,,,,,3.01928,-5.23909,-23.21052,,,,,,,0.44157,-15.17104,5.80755,,,,,,,,,,,,,,,,,,,,,,,,,,,,,High,High,High,High,High,,,,v3
12,10/30/2022,5,1,10023185,Right,T_B,1000069979,Right,T_A,1,Top,1,0,0,0-0,Fastball,Changeup,StrikeCalled,Undefined,Undefined,,Undefined,0,0,86.42221,-1.212706,-4.161613,1826.641929,230.655299,1:45,5.62338,1.41339,5.94199,-24.56139,14.04367,15.18001,2.44854,-1.18876,76.72855,-5.883535,-1.443065,0.447192,,,,,,,,,,,,-9.20245,8.07556,-1.08931,50,5.51305,8.42835,-124.8199,-3.38658,-14.08398,32.12147,-19.81471,84.28702,,9.69367,,,,1000073611,Right,54.55057,-125.98551,16.06074,5.6229,-2.66755,-9.90736,-1.40443,8.93943,-7.04199,,,,,,,,,,,,,,,,,,,,,,,,,,,,,,,,,,,,,,,,,,,,,,,,,,,High,High,High,,,,,,v3
13,10/30/2022,5,2,10023185,Right,T_B,1000069979,Right,T_A,1,Top,1,0,1,0-1,Curveball,Curveball,StrikeSwinging,Undefined,Undefined,,Undefined,0,0,74.3862,-0.523784,-1.711762,2063.973461,82.977102,8:45,5.6418,1.6055,5.81457,-50.86774,0.58709,-10.15678,0.91556,-0.83302,67.73814,-9.86676,-3.534973,0.516279,,,,,,,,,,,,4.61079,1.03563,-1.45928,50,5.56912,3.5891,-107.86745,-2.5207,5.33526,21.89367,-30.97569,73.00789,,6.64806,,,,1000073611,Right,54.68298,-108.8138,10.94684,5.64914,-1.18179,-15.48784,-1.60943,3.35848,2.66763,,,,,,,,,,,,,,,,,,,,,,,,,,,,,,,,,,,,,,,,,,,,,,,,,,,High,High,High,,,,,,v3
14,10/30/2022,5,3,10023185,Right,T_B,1000069979,Right,T_A,1,Top,1,0,2,0-2,Curveball,Curveball,FoulBall,Undefined,Undefined,,Undefined,0,0,74.57488,0.50263,-2.437901,2034.007413,77.590927,8:30,5.56133,1.59029,6.09847,-50.83723,0.06862,-8.23894,1.7902,-1.35241,67.45318,-8.917366,-3.92189,0.513518,60.51924,61.213333,114.507827,3095.769488,,,,,15.36627,,,3.42929,0.35657,-1.39826,50,5.57355,4.88561,-108.11404,-0.50685,3.96443,22.93795,-31.76183,73.40049,26.09727,7.12169,3.20558,1.85503,0.81121,1000073611,Right,54.39975,-109.04351,11.46897,5.56801,0.78018,-15.88092,-1.59298,4.72497,1.98221,,3.20301,-17.63206,6.39729,,,,,,,1.85532,77.78213,-21.63355,,,,,,,0.80566,39.10642,7.90356,,,,,,,,,,,,,,,,,,,,,,,,,,,,,High,High,High,Low,Low,,,,v3
15,10/30/2022,5,4,10023185,Right,T_B,1000069979,Right,T_A,1,Top,1,0,2,0-2,Fastball,Changeup,FoulBall,Undefined,Undefined,,Undefined,0,0,87.33478,-0.167757,-3.347887,1798.244244,225.012734,1:30,5.71299,1.35616,5.87305,-21.81005,15.00013,13.80465,3.7394,-0.60655,79.49806,-4.280709,-0.876615,0.436672,74.81893,48.09591,119.573946,2205.813547,,,,,30.55203,,,-8.02941,8.07867,-1.09323,50,5.68683,6.83823,-126.66339,-1.04349,-13.00868,26.53623,-19.08557,86.31748,35.90985,7.83672,1.50971,3.9774,0.15923,1000073611,Right,54.62565,-127.62879,13.26811,5.71216,-0.34915,-9.54279,-1.35061,7.31149,-6.50434,,1.51754,-36.40645,-1.81875,,,,,,,3.99128,81.26267,-24.68031,,,,,,,0.17626,63.23823,-12.74889,,,,,,,,,,,,,,,,,,,,,,,,,,,,,High,High,High,Medium,Low,,,,v3
16,10/30/2022,5,5,10023185,Right,T_B,1000069979,Right,T_A,1,Top,1,0,2,0-2,Curveball,Curveball,InPlay,Undefined,GroundBall,LineDrive,Single,0,0,76.10596,0.709855,-1.510716,2147.153837,53.51403,7:45,5.72211,1.57678,5.81164,-52.66038,-3.90197,-7.46347,1.99409,-0.45029,69.61505,-8.949488,-2.84984,0.50257,104.67234,7.138131,-17.863261,1440.104002,,,,121.83065,120.56001,-18.920946,0.895584,3.37217,-1.80071,-1.44837,50,5.74878,3.18171,-110.49463,-0.26513,4.12612,21.57881,-34.37734,74.99945,5.50676,6.49091,2.52338,1.97273,0.65927,1000073611,Right,54.68896,-111.40658,10.7894,5.72928,1.18771,-17.18867,-1.57915,3.00733,2.06306,37.749512,2.63163,143.32713,-19.75209,,,,,,,2.08567,17.3391,-22.08676,,,,,,,0.6696,-46.89201,2.25978,,,,,,,,,,,,,,,,,,,,,,,,,,,,,High,High,High,High,High,,,,v3
17,10/30/2022,6,1,10023185,Right,T_B,1000066765,Right,T_A,1,Top,1,0,0,0-0,Fastball,Changeup,BallCalled,Undefined,Undefined,,Undefined,0,0,86.94843,-3.448477,-3.852269,1729.953764,244.604207,2:15,5.76834,1.36868,6.2124,-28.20718,9.1756,16.3528,0.22411,-0.82917,78.49421,-8.726431,-0.902188,0.440055,,,,,,,,,,,,-9.79863,6.31016,-1.0876,50,5.49502,7.82097,-125.71525,-8.46081,-15.37745,30.09069,-22.27125,85.6539,,8.45421,,,,1000073611,Right,54.28572,-126.73691,15.04535,5.76945,-7.70464,-11.13563,-1.36201,8.34307,-7.68873,,,,,,,,,,,,,,,,,,,,,,,,,,,,,,,,,,,,,,,,,,,,,,,,,,,High,High,High,,,,,,v3
18,10/30/2022,6,2,10023185,Right,T_B,1000066765,Right,T_A,1,Top,1,1,0,1-0,Fastball,Changeup,StrikeCalled,Undefined,Undefined,,Undefined,0,0,86.54677,-0.830976,-3.507998,1952.542051,232.323938,1:45,5.74909,1.5272,6.09815,-24.51946,13.30178,15.35954,2.93575,-0.44139,77.58939,-5.484556,-0.745934,0.442628,,,,,,,,,,,,-9.01906,7.54465,-1.26445,50,5.67232,7.03945,-125.28861,-2.54918,-14.0465,30.07814,-20.42385,85.15596,,8.95737,,,,1000073611,Right,54.39658,-126.33969,15.03907,5.74893,-1.83547,-10.21193,-1.51902,7.53031,-7.02325,,,,,,,,,,,,,,,,,,,,,,,,,,,,,,,,,,,,,,,,,,,,,,,,,,,High,High,High,,,,,,v3
19,10/30/2022,6,3,10023185,Right,T_B,1000066765,Right,T_A,1,Top,1,1,1,1-1,Curveball,Curveball,FoulBall,Undefined,Undefined,,Undefined,0,0,75.10085,0.126227,-1.718201,2099.142785,46.741932,7:30,5.56294,1.59452,5.92492,-55.81743,-6.03319,-8.13111,1.02867,-0.67788,69.03044,-10.092397,-3.18159,0.507829,,,,,,,,,,,,3.68197,-2.73823,-1.45234,50,5.54115,3.55357,-109.08635,-1.44576,4.39604,20.83203,-35.44332,74.22273,,6.07041,,,,1000073611,Right,54.57662,-109.95686,10.41602,5.57061,0.03532,-17.72166,-1.59699,3.36987,2.19802,,,,,,,,,,,,,,,,,,,,,,,,,,,,,,,,,,,,,,,,,,,,,,,,,,,High,High,High,,,,,,v3
20,10/30/2022,6,4,10023185,Right,T_B,1000066765,Right,T_A,1,Top,1,1,2,1-2,Fastball,Sinker,StrikeSwinging,Strikeout,Undefined,,Undefined,0,0,87.31343,-1.422917,-3.63037,2011.985958,233.619585,1:45,5.64946,1.28423,5.98678,-23.91722,13.38926,16.25009,2.33464,-0.73083,78.38061,-5.949402,-0.71427,0.439606,,,,,,,,,,,,-9.47315,7.74977,-1.00597,50,5.52397,7.32453,-126.34899,-3.87494,-15.02117,30.32878,-19.88561,85.74143,,8.93282,,,,1000073611,Right,54.5083,-127.42656,15.16439,5.6491,-3.16842,-9.94281,-1.27569,7.85824,-7.51059,,,,,,,,,,,,,,,,,,,,,,,,,,,,,,,,,,,,,,,,,,,,,,,,,,,High,High,High,,,,,,v3
21,10/30/2022,1,1,1000187700,Left,T_A,1000187793,Left,T_B,1,Bottom,0,0,0,0-0,Fastball,Four-Seam,BallCalled,Undefined,Undefined,,Undefined,0,0,84.96318,-0.704138,2.444734,2113.211563,154.012626,11:15,6.14977,-1.15655,5.2575,-22.77336,17.35769,-7.76607,3.58978,0.49463,76.75675,-4.974599,1.068871,0.455944,,,,,,,,,,,,4.62087,9.29536,0.93837,50,6.06898,-4.90862,-123.02688,-2.25329,7.00399,26.92018,-18.08474,82.66899,,8.20644,,,,1000055344,Right,55.23778,-124.1677,13.46009,6.14824,-1.4869,-9.04237,1.15267,-5.20543,3.50199,,,,,,,,,,,,,,,,,,,,,,,,,,,,,,,,,,,,,,,,,,,,,,,,,,,High,High,High,,,,,,v3
22,10/30/2022,1,2,1000187700,Left,T_A,1000187793,Left,T_B,1,Bottom,0,1,0,1-0,Fastball,Cutter,InPlay,Undefined,LineDrive,LineDrive,Single,0,0,84.26413,-1.664028,2.334768,2005.053073,160.722114,11:15,6.01875,-1.22898,5.37314,-24.93202,15.4017,-4.91744,2.37926,0.55137,76.87121,-6.295457,1.46133,0.457094,96.94141,11.177259,-24.729945,3833.647195,96.33562,16.25256,-53.09685,226.30471,226.30471,-33.410783,2.191913,3.16288,8.62087,1.02336,50,5.85221,-4.77401,-122.13955,-4.37307,4.75861,24.96205,-19.20374,82.461,16.47661,7.39292,1.78371,2.42049,-0.50004,1000055344,Right,55.12521,-123.18255,12.48103,6.01817,-3.57067,-9.60187,1.22698,-4.97284,2.3793,120.100861,1.78371,126.69157,-29.17769,7.17187,-1.63436,0.33435,-0.06326,0.00942,-0.00072,2.42049,27.56103,-13.5766,-0.20936,0.37723,-0.13764,0.03658,-0.00591,0.00045,-0.50004,-58.35204,-1.8435,2.51585,-1.0289,0.30678,-0.07023,0.01064,-0.00078,,,,,,,,,,,,,,,,,,,,,,,High,High,High,High,High,,,,v3
23,10/30/2022,2,1,1000187700,Left,T_A,1000051953,Right,T_B,1,Bottom,0,0,0,0-0,ChangeUp,Changeup,BallCalled,Undefined,Undefined,,Undefined,0,0,76.03073,0.273485,0.649422,1902.964761,125.325994,10:15,5.67745,-1.77227,4.51142,-38.75852,12.64591,-15.30784,2.70811,-2.42927,69.00556,-6.780386,-2.029964,0.516026,,,,,,,,,,,,7.64319,6.58311,1.71989,50,5.6701,-0.5999,-110.08799,-0.83176,9.28681,21.35261,-24.17528,73.04367,,7.02516,,,,1000055344,Right,55.98504,-111.24279,10.6763,5.67972,0.4757,-12.08764,1.76592,-1.10215,4.64341,,,,,,,,,,,,,,,,,,,,,,,,,,,,,,,,,,,,,,,,,,,,,,,,,,,High,High,High,,,,,,v3
24,10/30/2022,2,2,1000187700,Left,T_A,1000051953,Right,T_B,1,Bottom,0,1,0,1-0,Curveball,Curveball,BallCalled,Undefined,Undefined,,Undefined,0,0,66.68877,3.256587,1.648054,2185.202584,300.904397,4:00,5.70716,-2.05764,4.42696,-77.07055,-8.89973,19.15489,2.3962,1.11136,60.27813,-10.54545,4.991954,0.594252,,,,,,,,,,,,-8.64343,-4.65512,1.86272,50,5.97817,-3.50109,-96.30221,2.92946,-7.91152,18.48403,-36.43497,63.42837,,6.41064,,,,1000055344,Right,56.0729,-97.46086,9.24201,5.72296,5.21334,-18.21749,2.06664,-3.00517,-3.95576,,,,,,,,,,,,,,,,,,,,,,,,,,,,,78.47843,2.01183,0.698061,1.31377,-0.24039,2.07969,-1.2576,-0.04467,5.91845,0.96692,127.28274,6.92267,-2.7649,0.38795,110.14583,-10.21308,5.94154,15.3908,-11.13613,0.76762,-7.23913,3.41602,High,High,High,,,High,High,High,v3
25,10/30/2022,2,3,1000187700,Left,T_A,1000051953,Right,T_B,1,Bottom,0,2,0,2-0,Fastball,Changeup,InPlay,Undefined,GroundBall,,Out,1,0,84.01929,-1.802918,1.631859,2003.511174,143.60757,10:45,5.99423,-1.30016,5.12845,-23.99364,17.27891,-11.63701,2.29551,-0.7326,75.97818,-6.275504,-0.42763,0.462383,65.57356,-21.504082,-40.248402,,,,,,4.20529,,,6.35374,9.60705,1.15658,50,5.80706,-2.9647,-121.67071,-4.62958,9.39999,26.785,-17.96102,81.51776,2.46832,8.04111,2.93483,2.46832,0.43628,1000055344,Right,55.36929,-122.84704,13.3925,5.99305,-3.84077,-8.98051,1.29585,-3.37752,4.7,180,2.93462,68.36628,,,,,,,,2.46843,-35.29093,,,,,,,,0.43646,-57.87305,,,,,,,,,,,,,,,,,,,,,,,,,,,,,,High,High,High,Low,Low,,,,v3
26,10/30/2022,3,1,1000187700,Left,T_A,1000079407,Left,T_B,1,Bottom,1,0,0,0-0,Curveball,Curveball,BallCalled,Undefined,Undefined,,Undefined,0,0,67.43543,4.222497,0.245721,2172.37482,306.609749,4:15,5.56319,-1.79813,4.17597,-76.37142,-8.80327,15.42209,3.25326,-0.27744,60.40711,-9.446692,2.926118,0.591619,,,,,,,,,,,,-7.24111,-4.88492,1.75343,50,5.95029,-1.03177,-97.21352,4.54259,-6.74117,19.09752,-36.72171,63.71062,,7.02832,,,,1000055344,Right,56.32218,-98.44767,9.54876,5.58005,6.91569,-18.36086,1.80603,-0.59614,-3.37058,,,,,,,,,,,,,,,,,,,,,,,,,,,,,,,,,,,,,,,,,,,,,,,,,,,High,High,High,,,,,,v3
27,10/30/2022,3,2,1000187700,Left,T_A,1000079407,Left,T_B,1,Bottom,1,1,0,1-0,Curveball,Curveball,BallCalled,Undefined,Undefined,,Undefined,0,0,66.48008,3.642157,2.139185,2211.915223,309.33539,4:15,5.50884,-1.77322,4.35103,-80.67182,-10.75256,16.73151,2.27295,1.66574,59.22349,-10.82932,5.054509,0.601824,,,,,,,,,,,,-7.14607,-5.67646,1.52536,50,5.82093,-4.22619,-95.73687,3.40333,-6.3676,20.26703,-37.23216,62.63029,,7.25659,,,,1000055344,Right,56.14601,-97.02922,10.13351,5.52821,5.77749,-18.61608,1.78191,-3.82015,-3.1838,,,,,,,,,,,,,,,,,,,,,,,,,,,,,,,,,,,,,,,,,,,,,,,,,,,High,High,High,,,,,,v3
28,10/30/2022,3,3,1000187700,Left,T_A,1000079407,Left,T_B,1,Bottom,1,2,0,2-0,Fastball,Four-Seam,BallCalled,Undefined,Undefined,,Undefined,0,0,83.67647,0.556727,2.36059,2130.058401,153.609006,11:00,6.06777,-1.27441,5.21841,-21.77352,19.96363,-9.12898,4.77723,0.18561,74.91065,-3.571004,0.744921,0.464979,,,,,,,,,,,,5.30583,10.19237,1.06348,50,6.10373,-4.58592,-121.05391,0.50965,7.72797,27.69604,-17.32879,81.06275,,8.76582,,,,1000055344,Right,55.27528,-122.25489,13.84802,6.06534,1.26108,-8.6644,1.2696,-4.92102,3.86399,,,,,,,,,,,,,,,,,,,,,,,,,,,,,,,,,,,,,,,,,,,,,,,,,,,High,High,High,,,,,,v3
29,10/30/2022,3,4,1000187700,Left,T_A,1000079407,Left,T_B,1,Bottom,1,3,0,3-0,Fastball,Changeup,InPlay,Undefined,LineDrive,LineDrive,Single,1,1,84.0288,-1.567459,2.020512,2104.330091,134.103168,10:30,6.11382,-1.31645,5.23352,-27.72635,13.40127,-12.2941,2.32863,-0.44094,76.0025,-6.706437,-0.159545,0.461571,101.88626,20.842325,26.728953,2294.238096,94.84362,33.20718,55.71834,300.36262,294.82758,36.813834,3.107953,6.81178,7.6165,1.14012,50,5.94928,-3.76518,-121.68601,-4.27667,10.07532,26.8965,-20.90844,81.66126,38.37287,8.0263,2.43282,2.29698,0.34769,1000055344,Right,55.26388,-122.84399,13.44825,6.11403,-3.3765,-10.45422,1.31156,-4.19895,5.03766,251.279181,2.43266,124.73708,-27.20533,6.89263,-1.68843,0.36073,-0.0635,0.00624,-0.00012,2.29705,53.16595,-22.25759,2.28552,-0.30254,0.02542,-0.0022,0.00154,-0.0003,0.34759,62.81627,2.23407,-3.09736,1.18703,-0.31966,0.06214,-0.008,0.00048,,,,,,,,,,,,,,,,,,,,,,,High,High,High,High,Medium,,,,v3
30,10/30/2022,4,1,1000187700,Left,T_A,1000073511,Right,T_B,1,Bottom,2,0,0,0-0,ChangeUp,Changeup,BallCalled,Undefined,Undefined,,Undefined,0,0,75.11876,-0.23586,0.522109,1685.508428,113.363878,9:45,5.61595,-1.96025,4.58645,-43.64443,8.94686,-16.40607,1.75454,-2.83074,68.28686,-8.143096,-2.355906,0.521949,,,,,,,,,,,,8.16619,4.97477,1.92255,50,5.55169,-0.31088,-108.77736,-1.9722,9.66826,21.1959,-26.28423,72.21476,,6.83189,,,,1000055344,Right,55.91051,-109.92302,10.59795,5.6199,-0.55151,-13.14211,1.95348,-0.83345,4.83413,,,,,,,,,,,,,,,,,,,,,,,,,,,,,,,,,,,,,,,,,,,,,,,,,,,High,High,High,,,,,,v3
31,10/30/2022,4,2,1000187700,Left,T_A,1000073511,Right,T_B,1,Bottom,2,1,0,1-0,Curveball,Curveball,InPlay,Undefined,FlyBall,FlyBall,Double,0,0,67.52302,3.25531,-0.107049,2194.116592,311.5947,4:30,5.67061,-1.90301,4.23409,-78.79764,-11.4756,15.97796,2.2242,-0.674,60.57505,-10.833021,2.679142,0.590541,100.6494,25.694528,-15.090676,2435.664193,105.42081,49.89285,-31.40765,370.63704,370.26806,-20.167993,4.802257,-7.75024,-6.05382,1.89668,50,5.94534,-0.43716,-97.45268,2.85498,-7.21763,19.82202,-37.81182,63.82696,71.57109,6.94797,2.4867,2.541,0.66417,1000055344,Right,56.26604,-98.71897,9.91101,5.6858,5.27052,-18.90591,1.90988,0.02392,-3.60882,154.199956,2.49005,128.36349,-27.64362,6.82515,-1.27063,0.15148,-0.01173,0.00123,-0.0001,2.54081,64.00053,-15.36925,-0.34776,0.60175,-0.26715,0.07253,-0.01029,0.00057,0.66376,-34.62453,0.45219,1.35319,-0.62528,0.17805,-0.03338,0.00357,-0.00016,,,,,,,,,,,,,,,,,,,,,,,High,High,High,High,High,,,,v3
32,10/30/2022,1,1,10023185,Right,T_B,1000102964,Right,T_A,2,Top,0,0,0,0-0,Fastball,Changeup,BallCalled,Undefined,Undefined,,Undefined,0,0,86.38455,-3.201723,-1.939173,1747.362722,232.970534,1:45,5.75603,1.56418,5.89308,-23.61643,14.40532,17.2682,0.81052,1.20206,78.26254,-7.632744,1.162437,0.4438,,,,,,,,,,,,-9.44977,8.79697,-1.41789,50,5.48441,3.52308,-125.1079,-7.72752,-14.77034,28.49271,-18.42404,84.93111,,8.122,,,,1000073611,Right,54.60438,-126.15217,14.24636,5.75526,-7.05227,-9.21202,-1.55693,4.06442,-7.38517,,,,,,,,,,,,,,,,,,,,,,,,,,,,,,,,,,,,,,,,,,,,,,,,,,,High,High,High,,,,,,v3
33,10/30/2022,1,2,10023185,Right,T_B,1000102964,Right,T_A,2,Top,0,1,0,1-0,Fastball,Changeup,FoulBall,Undefined,Undefined,,Undefined,0,0,84.89714,-1.837185,-3.893235,1818.688099,238.551997,2:00,5.6415,1.46124,6.23138,-26.23387,13.27883,19.05214,1.75593,-0.54836,75.57786,-6.830569,-0.458371,0.452418,,,,,,,,,,,,-11.3717,8.00902,-1.17969,50,5.49129,7.61693,-122.77634,-4.69357,-16.82083,31.3109,-20.32728,83.31332,,9.31928,,,,1000073611,Right,54.26557,-123.85939,15.65545,5.64148,-3.99045,-10.16364,-1.45323,8.19876,-8.41042,,,,,,,,,,,,,,,,,,,,,,,,,,,,,,,,,,,,,,,,,,,,,,,,,,,High,High,High,,,,,,v3
34,10/30/2022,1,3,10023185,Right,T_B,1000102964,Right,T_A,2,Top,0,1,1,1-1,Fastball,Changeup,InPlay,Undefined,Bunt,GroundBall,Out,1,0,84.52328,-0.983642,-2.872467,1873.683576,222.164925,1:30,5.6294,1.79484,5.9513,-23.56493,16.22143,13.33249,2.75214,0.23959,75.90402,-5.462279,-0.479799,0.453982,24.61088,9.591982,-21.633757,1466.998745,,,,26.56167,26.56167,-20.009022,0.667451,-7.85843,9.08611,-1.57399,50,5.53815,5.6169,-122.44876,-2.78765,-11.6922,28.69498,-18.65522,83.02629,3.45865,8.61926,3.72999,2.88544,-0.2145,1000073611,Right,54.54626,-123.50955,14.34749,5.62845,-2.09801,-9.32761,-1.78962,6.04913,-5.8461,118.411102,3.72999,33.0842,-2.23135,0.59723,-0.4339,1.15407,-2.59243,2.9875,-1.29306,2.88544,6.01465,-15.85803,0.52243,0.2141,-0.92158,2.10046,-2.24861,0.9039,-0.2145,-13.1215,-0.28862,0.09373,-0.12066,0.21171,-0.47834,0.53538,-0.22266,,,,,,,,,,,,,,,,,,,,,,,High,High,High,High,High,,,,v3
35,10/30/2022,2,1,10023185,Right,T_B,1000110355,Right,T_A,2,Top,1,0,0,0-0,Fastball,Changeup,BallCalled,Undefined,Undefined,,Undefined,0,0,86.12547,0.228603,-2.723874,1678.258566,228.413238,1:30,5.76504,1.52912,6.06288,-23.44234,14.35485,14.70394,4.02332,0.2316,77.89592,-4.214634,-0.079689,0.442488,,,,,,,,,,,,-8.3506,7.6978,-1.32516,50,5.77032,5.33873,-124.90934,-0.1926,-13.0644,27.4513,-20.1309,85.18303,,8.22955,,,,1000073611,Right,54.43359,-125.87994,13.72565,5.76454,0.51917,-10.06545,-1.52208,5.80065,-6.5322,,,,,,,,,,,,,,,,,,,,,,,,,,,,,,,,,,,,,,,,,,,,,,,,,,,High,High,High,,,,,,v3
36,10/30/2022,2,2,10023185,Right,T_B,1000110355,Right,T_A,2,Top,1,1,0,1-0,Fastball,Changeup,FoulBall,Undefined,Undefined,,Undefined,0,0,84.87458,-0.63247,-2.159614,1626.339769,218.118132,1:15,5.5874,1.58419,6.18101,-24.37812,13.58249,9.81134,2.9714,0.40659,78.42677,-5.202544,-0.390038,0.443443,71.23499,22.855678,141.996095,3620.268738,,,,,46.27371,,,-5.63953,7.5343,-1.42603,50,5.52706,4.28428,-123.42256,-2.08185,-8.79103,22.13511,-20.42944,84.99947,18.44655,6.44781,1.26758,2.9405,-0.6413,1000073611,Right,54.31927,-124.19478,11.06756,5.58725,-1.36914,-10.21472,-1.58085,4.59097,-4.39552,,1.26758,-75.86158,3.27168,0.37891,-0.18702,0.06521,-0.01574,0.00432,-0.00094,2.9405,40.58036,-22.0853,2.21415,-0.44716,0.088,-0.01393,0.0007,0.00075,-0.6413,59.27789,-14.0203,2.65498,-0.58032,0.10318,-0.01959,0.00264,0.00019,,,,,,,,,,,,,,,,,,,,,,,High,High,High,High,Low,,,,v3
37,10/30/2022,2,3,10023185,Right,T_B,1000110355,Right,T_A,2,Top,1,1,1,1-1,Curveball,Curveball,FoulBall,Undefined,Undefined,,Undefined,0,0,74.24492,2.356286,0.089748,1966.355969,67.051189,8:15,5.53411,1.65282,5.16277,-53.28593,-0.98575,-6.30366,3.31263,1.21199,67.8606,-7.339522,-1.026773,0.520503,,,,,,,,,,,,3.1689,-0.68567,-1.65611,50,5.71308,0.07349,-107.66282,2.66155,3.70547,19.3489,-32.9758,72.41545,,6.38432,,,,1000073611,Right,55.33676,-108.61769,9.67445,5.54158,4.28891,-16.4879,-1.65523,-0.10937,1.85273,,,,,,,,,,,,,,,,,,,,,,,,,,,,,,,,,,,,,,,,,,,,,,,,,,,High,High,High,,,,,,v3
38,10/30/2022,2,4,10023185,Right,T_B,1000110355,Right,T_A,2,Top,1,1,2,1-2,Fastball,Changeup,FoulBall,Undefined,Undefined,,Undefined,0,0,86.40098,0.128377,-2.831974,1683.246108,226.863757,1:30,5.64941,1.70523,6.05963,-24.88942,12.55776,12.06221,3.69426,0.08713,78.43222,-4.562915,-0.663342,0.440434,82.52199,23.05197,78.463979,3495.59088,,,,,83.20927,,,-7.07595,6.79965,-1.49172,50,5.64611,5.7197,-125.36085,-0.47692,-11.18118,27.00427,-21.4295,85.58019,32.31354,7.96876,1.67002,3.70038,-0.33935,1000073611,Right,54.43881,-126.31341,13.50214,5.6496,0.27899,-10.71475,-1.70044,6.11411,-5.59059,,1.67002,22.27174,-11.15545,2.14462,-0.34064,0.03518,0.00445,-0.00578,0.00196,3.70038,47.39203,-15.91365,0.44758,0.11319,-0.0589,0.01922,-0.00329,0.00022,-0.33935,109.11793,-14.21305,3.95794,-0.95758,0.20292,-0.03684,0.00253,0.00097,,,,,,,,,,,,,,,,,,,,,,,High,High,High,High,Low,,,,v3
39,10/30/2022,2,5,10023185,Right,T_B,1000110355,Right,T_A,2,Top,1,1,2,1-2,Curveball,Curveball,BallCalled,Undefined,Undefined,,Undefined,0,0,74.1463,4.338678,1.622347,2052.705967,74.379549,8:30,5.51819,1.64102,5.23327,-53.39503,-1.17807,-9.89426,5.15632,2.34188,67.77037,-5.384061,-0.128069,0.520088,,,,,,,,,,,,5.34709,-1.24181,-1.78273,50,5.87854,-2.65808,-107.34317,6.38453,6.25859,18.03088,-33.62755,72.47314,,6.37593,,,,1000073611,Right,55.26653,-108.22419,9.01544,5.52644,8.02764,-16.81378,-1.64538,-2.96389,3.12929,,,,,,,,,,,,,,,,,,,,,,,,,,,,,,,,,,,,,,,,,,,,,,,,,,,High,High,High,,,,,,v3
40,10/30/2022,2,6,10023185,Right,T_B,1000110355,Right,T_A,2,Top,1,2,2,2-2,Curveball,Curveball,BallCalled,Undefined,Undefined,,Undefined,0,0,72.92388,3.133842,1.005243,2098.050669,60.543784,8:00,5.50179,1.56797,5.42384,-58.80483,-5.49252,-12.51796,3.5401,1.46646,67.1667,-7.568999,-1.222039,0.525515,,,,,,,,,,,,6.55248,-3.09965,-1.64818,50,5.739,-1.39772,-105.83698,3.91654,7.4638,17.34521,-35.7048,71.72474,,5.75719,,,,1000073611,Right,55.07829,-106.666,8.67261,5.51103,5.62305,-17.8524,-1.57285,-1.75445,3.7319,,,,,,,,,,,,,,,,,,,,,,,,,,,,,,,,,,,,,,,,,,,,,,,,,,,High,High,High,,,,,,v3
41,10/30/2022,2,7,10023185,Right,T_B,1000110355,Right,T_A,2,Top,1,3,2,3-2,Fastball,Changeup,InPlay,Undefined,LineDrive,LineDrive,Double,0,0,85.71777,-1.291746,-2.626887,1975.369966,219.257168,1:15,5.57098,1.57052,6.1502,-21.70285,15.88517,12.02568,2.56741,0.14378,78.58819,-5.390866,-0.460086,0.441262,92.94638,10.116108,-10.451125,934.392158,107.95683,13.71516,-21.10248,215.02867,213.83965,-11.672934,2.004179,-6.99595,8.9393,-1.37698,50,5.46142,5.2551,-124.49959,-3.43536,-11.00111,24.55613,-18.11706,85.41969,13.72733,7.12958,3.03575,2.76389,-0.16915,1000073611,Right,54.35016,-125.35468,12.27806,5.57007,-2.80449,-9.05853,-1.56665,5.63818,-5.50055,154.679623,3.03575,131.97624,-19.74863,3.95979,-0.79933,0.13574,-0.01849,0.00149,0,2.76389,23.94316,-13.41013,0.34437,0.02821,-0.00478,-0.00069,0.00106,-0.0002,-0.16915,-24.34281,0.66742,0.72654,-0.29632,0.07177,-0.0106,0.00031,0.00011,,,,,,,,,,,,,,,,,,,,,,,High,High,High,High,High,,,,v3
42,10/30/2022,3,1,10023185,Right,T_B,1000180386,Right,T_A,2,Top,1,0,0,0-0,Fastball,Changeup,FoulBall,Undefined,Undefined,LineDrive,Undefined,0,0,84.87172,-1.347771,-3.565822,1988.956884,230.899161,1:45,5.72645,1.52043,6.09503,-22.98718,15.7528,17.7845,2.5616,-0.29996,77.26926,-5.694591,-0.367766,0.447972,67.71855,15.978149,166.855029,2659.209504,,,,114.88377,48.3385,170.603922,1.37613,-10.28335,8.91371,-1.25508,50,5.61036,6.98552,-123.07956,-3.56327,-15.69469,25.57757,-18.56973,84.14014,10.83933,7.60247,2.8591,2.52997,0.33843,1000073611,Right,54.40482,-123.99157,12.78878,5.72561,-2.90114,-9.28487,-1.51413,7.54513,-7.84735,310.936288,2.8591,-92.98094,7.29301,-0.92249,-0.05197,0.30932,-0.26153,0.10818,-0.01786,2.52997,27.34036,-23.83875,2.51376,-0.64427,0.28427,-0.15725,0.05605,-0.00847,0.33842,21.71672,-8.20059,2.29798,-1.3451,1.44476,-1.07731,0.42304,-0.06766,,,,,,,,,,,,,,,,,,,,,,,High,High,High,High,Medium,,,,v3
43,10/30/2022,3,2,10023185,Right,T_B,1000180386,Right,T_A,2,Top,1,0,1,0-1,Fastball,Changeup,FoulBall,Undefined,Undefined,,Undefined,0,0,85.84446,-1.062433,-2.446887,1845.715649,223.050684,1:30,5.59221,1.7179,5.89485,-21.68781,16.38914,14.13052,2.79748,0.62229,78.16692,-5.15914,0.087541,0.444122,57.48971,68.630135,125.378026,5044.7272,,,,,15.0337,,,-8.02162,9.09359,-1.5293,50,5.49428,4.76265,-124.58387,-2.96105,-12.54527,26.18116,-17.95231,84.8695,41.91331,7.67753,3.5341,3.05433,-0.61734,1000073611,Right,54.60487,-125.54785,13.09058,5.59114,-2.30005,-8.97616,-1.71316,5.22456,-6.27263,336.133177,3.5341,-17.78809,-3.67303,1.97215,-2.88415,9.34595,-17.60007,16.87815,-6.54075,3.05433,78.52107,-23.65286,2.37113,-0.63971,0.80714,-1.33209,1.20667,-0.44957,-0.61734,25.05135,-5.34576,1.53926,-1.47096,4.54908,-8.51433,8.13351,-3.1434,,,,,,,,,,,,,,,,,,,,,,,High,High,High,High,Low,,,,v3
44,10/30/2022,3,3,10023185,Right,T_B,1000180386,Right,T_A,2,Top,1,0,2,0-2,Fastball,Changeup,InPlay,Undefined,FlyBall,FlyBall,Error,0,0,87.0713,-0.534152,-2.363349,1935.399593,221.096256,1:15,5.77204,1.41533,5.85032,-22.6056,14.82576,11.75536,3.39146,0.19765,78.4883,-4.81272,-0.256816,0.440341,93.27313,28.742737,-26.235321,2391.866719,96.71298,53.66443,-52.40691,345.54782,337.78174,-33.896663,4.586186,-6.8176,8.14386,-1.23031,50,5.71561,4.72727,-126.2405,-1.87316,-10.83439,29.35098,-19.23205,85.59828,70.00755,8.583,3.90253,3.50602,-0.15694,1000073611,Right,54.6478,-127.31653,14.67549,5.77136,-1.1681,-9.61602,-1.4109,5.12447,-5.4172,144.865487,3.90556,107.52162,-22.79317,5.59302,-0.99383,0.09962,-0.00708,0.00155,-0.00017,3.50607,65.7763,-17.71111,0.45292,0.37207,-0.23115,0.07287,-0.01123,0.00066,-0.15814,-52.99576,2.51354,0.75381,-0.55102,0.20041,-0.04437,0.00524,-0.00025,,,,,,,,,,,,,,,,,,,,,,,High,High,High,High,High,,,,v3
45,10/30/2022,1,1,1000187700,Left,T_A,1000110361,Right,T_B,2,Bottom,0,0,0,0-0,Curveball,Curveball,BallCalled,Undefined,Undefined,,Undefined,0,0,66.40784,4.590803,-1.138234,2137.798396,319.733543,4:45,5.71073,-1.81911,4.34744,-78.63768,-10.5713,10.9154,3.5541,-1.99715,60.46301,-9.452435,0.76464,0.593797,,,,,,,,,,,,-5.57784,-5.7402,1.92976,50,6.12616,1.48845,-95.93254,5.06636,-5.15072,16.10104,-37.47472,63.47702,,5.94484,,,,1000055344,Right,56.15438,-96.95997,8.05052,5.72657,7.45768,-18.73736,1.8243,1.81713,-2.57536,,,,,,,,,,,,,,,,,,,,,,,,,,,,,,,,,,,,,,,,,,,,,,,,,,,High,High,High,,,,,,v3
46,10/30/2022,1,2,1000187700,Left,T_A,1000110361,Right,T_B,2,Bottom,0,1,0,1-0,Fastball,Changeup,StrikeSwinging,Undefined,Undefined,,Undefined,0,0,83.72525,-1.039303,1.565257,2122.464507,148.509073,11:00,6.02922,-1.38992,5.23112,-25.7995,14.7419,-8.29874,2.90183,-0.60975,77.20723,-5.793924,0.093961,0.458269,,,,,,,,,,,,4.53922,8.00048,1.25219,50,5.91445,-2.96701,-121.56162,-3.08645,6.85314,21.82927,-20.09524,82.24956,,6.51803,,,,1000055344,Right,55.26737,-122.50386,10.91464,6.02895,-2.21907,-10.04762,1.38663,-3.26282,3.42657,,,,,,,,,,,,,,,,,,,,,,,,,,,,,74.00226,1.644986,0.716544,0.928442,-0.94636,2.65717,0.60721,-0.48151,5.90392,1.23269,61.00545,-0.53792,-63.7704,-0.47098,70.05418,-4.15267,5.92227,4.7072,-12.59468,1.15214,-81.39025,12.46963,High,High,High,,,High,Medium,Medium,v3
47,10/30/2022,1,3,1000187700,Left,T_A,1000110361,Right,T_B,2,Bottom,0,1,1,1-1,Fastball,Four-Seam,InPlay,Undefined,FlyBall,FlyBall,Sacrifice,1,1,82.96386,-0.870916,1.97079,2188.271337,160.982703,11:15,6.15468,-1.43122,5.47525,-23.69537,17.78391,-5.64776,3.36455,-0.05696,75.4527,-5.313023,0.96568,0.46354,87.86955,35.782909,10.375255,3711.963889,106.76142,72.49607,26.49465,306.35931,303.60838,21.717815,5.188154,3.43571,9.63721,1.26209,50,6.06242,-3.90688,-120.30227,-2.56525,5.00604,24.5931,-18.13198,81.31434,91.63226,7.51116,1.42395,3.35284,0.05361,1000055344,Right,55.02211,-121.32458,12.29655,6.15339,-1.81152,-9.06599,1.42882,-4.11497,2.50302,202.78811,1.42666,102.78775,-21.5817,4.9153,-0.94372,0.16478,-0.02658,0.00308,-0.00016,3.35202,75.36484,-18.3436,1.23705,-0.06207,-0.07137,0.02749,-0.00405,0.00022,0.0531,18.83912,1.72818,-0.47994,0.09385,-0.01314,0.00115,-6.00E-05,0,,,,,,,,,,,,,,,,,,,,,,,High,High,High,High,Medium,,,,v3
48,10/30/2022,2,1,1000187700,Left,T_A,1000187798,Right,T_B,2,Bottom,1,0,0,0-0,ChangeUp,Changeup,StrikeCalled,Undefined,Undefined,,Undefined,0,0,74.91554,-0.412588,2.494823,1897.442065,122.821369,10:00,5.68378,-1.80736,4.61011,-41.72109,10.88812,-14.10178,1.81433,-0.60879,68.37745,-7.974482,0.022824,0.522038,,,,,,,,,,,,7.62587,5.95571,1.56433,50,5.60338,-4.14665,-108.45792,-2.22246,9.03347,19.94355,-25.11902,72.20244,,6.53809,,,,1000055344,Right,55.88732,-109.53514,9.97178,5.68678,-0.86568,-12.55951,1.80148,-4.63458,4.51674,,,,,,,,,,,,,,,,,,,,,,,,,,,,,,,,,,,,,,,,,,,,,,,,,,,High,High,High,,,,,,v3
49,10/30/2022,2,2,1000187700,Left,T_A,1000187798,Right,T_B,2,Bottom,1,0,1,0-1,ChangeUp,Changeup,InPlay,Undefined,FlyBall,FlyBall,Sacrifice,1,1,75.12881,-0.620269,3.270202,1893.799095,122.291897,10:00,5.58588,-1.87346,4.54121,-41.26179,10.96686,-14.65985,1.55588,0.02169,68.91801,-8.070857,0.706104,0.520147,87.49126,29.151562,3.770746,4341.132418,109.25885,54.65265,12.74422,307.76228,305.5181,14.400651,4.642734,8.10367,5.99122,1.5475,50,5.4827,-5.61684,-108.7651,-2.61992,9.70652,19.09079,-24.9978,72.465,69.17952,6.2108,1.97929,1.75744,-0.02548,1000055344,Right,55.95797,-109.80589,9.54539,5.58838,-1.2571,-12.4989,1.86814,-6.14601,4.85326,200.889074,1.97849,111.84691,-22.69733,5.55841,-1.32533,0.3125,-0.06095,0.00747,-0.0004,1.75929,62.45795,-15.24567,0.06444,0.37301,-0.19323,0.05159,-0.0069,0.00036,-0.02516,7.36327,3.56809,-0.64198,0.15184,-0.0503,0.01318,-0.00187,0.0001,,,,,,,,,,,,,,,,,,,,,,,High,High,High,High,High,,,,v3
50,10/30/2022,3,1,1000187700,Left,T_A,1000103136,Right,T_B,2,Bottom,2,0,0,0-0,Curveball,Curveball,BallCalled,Undefined,Undefined,,Undefined,0,0,66.99905,4.33139,-0.411249,2171.054439,328.52002,5:00,5.86258,-1.61592,4.32243,-82.7443,-15.09619,10.79449,3.11551,-1.10949,60.48703,-10.447056,1.472226,0.591969,,,,,,,,,,,,-5.30882,-7.93867,1.64859,50,6.24699,0.27478,-96.7202,4.50138,-4.91996,18.13164,-39.53122,63.67297,,6.51201,,,,1000055344,Right,56.17931,-97.87175,9.06582,5.88138,7.01202,-19.76561,1.62122,0.58724,-2.45998,,,,,,,,,,,,,,,,,,,,,,,,,,,,,,,,,,,,,,,,,,,,,,,,,,,High,High,High,,,,,,v3
51,10/30/2022,3,2,1000187700,Left,T_A,1000103136,Right,T_B,2,Bottom,2,1,0,1-0,Fastball,Changeup,BallCalled,Undefined,Undefined,,Undefined,0,0,83.44285,-0.891002,2.641293,2092.470659,152.88198,11:00,6.22275,-1.1079,5.52247,-23.26206,18.06103,-8.47752,3.45027,0.65682,75.21273,-5.280479,1.132216,0.462666,,,,,,,,,,,,5.08374,9.81473,0.88365,50,6.13005,-5.21114,-120.8071,-2.58502,7.40806,26.59962,-17.87195,81.4679,,8.23013,,,,1000055344,Right,54.97178,-121.89688,13.29981,6.22096,-1.85281,-8.93597,1.10336,-5.51464,3.70403,,,,,,,,,,,,,,,,,,,,,,,,,,,,,,,,,,,,,,,,,,,,,,,,,,,High,High,High,,,,,,v3
52,10/30/2022,3,3,1000187700,Left,T_A,1000103136,Right,T_B,2,Bottom,2,2,0,2-0,Fastball,Changeup,BallCalled,Undefined,Undefined,,Undefined,0,0,83.13488,-0.219707,0.119053,2050.138484,137.169263,10:30,6.00822,-1.60474,5.16144,-25.54116,16.77217,-14.07981,3.67299,-2.666,74.64085,-5.002188,-2.373891,0.468177,,,,,,,,,,,,6.99485,8.86394,1.60473,50,5.96899,0.37393,-120.37115,-1.29613,10.06894,27.47962,-19.41457,80.50896,,8.49403,,,,1000055344,Right,55.33251,-121.58241,13.73981,6.00726,-0.44036,-9.70729,1.59803,-0.0699,5.03447,,,,,,,,,,,,,,,,,,,,,,,,,,,,,,,,,,,,,,,,,,,,,,,,,,,High,High,High,,,,,,v3
53,10/30/2022,3,4,1000187700,Left,T_A,1000103136,Right,T_B,2,Bottom,2,3,0,3-0,Fastball,Four-Seam,BallCalled,Walk,Undefined,,Undefined,0,0,83.82241,-0.303536,1.962858,2186.147649,138.295569,10:30,6.02324,-1.53123,5.12118,-26.11446,15.06241,-12.18662,3.56095,-0.69718,76.16881,-5.147448,-0.192366,0.461847,,,,,,,,,,,,6.61461,7.98437,1.35651,50,5.97496,-3.62637,-121.48666,-1.53625,9.83399,24.95916,-20.30359,81.61243,,7.65359,,,,1000055344,Right,55.37544,-122.58606,12.47958,6.02294,-0.64192,-10.15179,1.52578,-4.05954,4.917,,,,,,,,,,,,,,,,,,,,,,,,,,,,,,,,,,,,,,,,,,,,,,,,,,,High,High,High,,,,,,v3
54,10/30/2022,4,1,1000187700,Left,T_A,1000094105,Right,T_B,2,Bottom,2,0,0,0-0,Curveball,Curveball,StrikeCalled,Undefined,Undefined,,Undefined,0,0,64.37508,4.338109,1.39541,2093.414729,291.43053,3:45,5.59547,-2.03012,4.43937,-76.7663,-3.86807,16.61485,3.34528,0.68571,58.2251,-9.450471,4.292155,0.614511,,,,,,,,,,,,-7.52331,-2.48858,1.86501,50,5.98157,-2.87513,-92.88342,4.62007,-6.44765,16.37501,-34.30682,61.33727,,6.14998,,,,1000055344,Right,56.05917,-93.94556,8.1875,5.60972,6.84533,-17.15341,2.03794,-2.45691,-3.22383,,,,,,,,,,,,,,,,,,,,,,,,,,,,,,,,,,,,,,,,,,,,,,,,,,,High,High,High,,,,,,v3
55,10/30/2022,4,2,1000187700,Left,T_A,1000094105,Right,T_B,2,Bottom,2,0,1,0-1,Curveball,Curveball,InPlay,Undefined,FlyBall,LineDrive,Out,1,0,63.06186,3.024748,-0.4642,2026.45019,317.58789,4:30,5.86145,-1.65798,3.9624,-88.26312,-11.43237,12.95717,1.41928,-1.02486,57.6919,-12.578534,1.786861,0.630869,80.77528,29.33243,4.090449,2757.474485,109.19661,50.60923,13.27007,293.05526,288.84549,11.750839,4.187004,-6.37087,-5.79874,1.69517,50,6.10752,0.26516,-91.16642,1.93129,-5.26973,15.54906,-36.97054,59.74689,59.09293,5.36997,,,,1000055344,Right,56.54059,-92.27522,7.77453,5.8758,4.56765,-18.48527,1.66286,0.64095,-2.63487,201.504669,5.09241,103.02896,-17.69424,4.27062,-1.02038,0.26475,-0.06097,0.0089,-0.00055,3.19818,57.99943,-16.03727,0.27507,0.38779,-0.24762,0.07611,-0.01153,0.00068,1.21001,7.36539,2.60943,-0.38198,0.06719,-0.02793,0.01027,-0.00187,0.00013,,,,,,,,,,,,,,,,,,,,,,,High,High,High,High,High,,,,v3
56,10/30/2022,1,1,1000064440,Left,T_B,8886045,Right,T_A,3,Top,0,0,0,0-0,Fastball,Cutter,FoulBall,Undefined,Undefined,,Undefined,0,0,87.07776,-1.59061,2.502192,1855.186319,162.022675,11:30,5.88406,-1.94771,6.03738,-25.15517,11.68442,-3.39725,2.3132,0.08755,79.45649,-6.30019,1.89128,0.436847,,,,,,,,,,,,2.50567,6.843,1.75431,50,5.74623,-5.38862,-126.35914,-4.29637,4.02882,27.07307,-21.17137,86.28303,,7.62127,,,,1000073611,Right,54.46222,-127.31161,13.53654,5.88428,-3.55154,-10.58569,1.94638,-5.53036,2.01441,,,,,,,,,,,,,,,,,,,,,,,,,,,,,,,,,,,,,,,,,,,,,,,,,,,High,High,High,,,,,,v3
57,10/30/2022,1,2,1000064440,Left,T_B,8886045,Right,T_A,3,Top,0,0,1,0-1,Fastball,Four-Seam,BallCalled,Undefined,Undefined,,Undefined,0,0,89.40493,-0.57825,1.439802,1808.12068,172.889647,11:45,5.8788,-1.86322,5.58429,-22.17265,12.93851,-1.48504,3.49089,-0.64213,82.2524,-4.701505,1.174864,0.426476,,,,,,,,,,,,1.11933,7.01957,1.74048,50,5.8147,-3.19894,-129.87487,-2.07073,1.92613,25.2966,-20.09495,88.38125,,7.15252,,,,1000073611,Right,54.9139,-130.82849,12.6483,5.87848,-1.31321,-10.04748,1.86243,-3.27155,0.96306,,,,,,,,,,,,,,,,,,,,,,,,,,,,,,,,,,,,,,,,,,,,,,,,,,,High,High,High,,,,,,v3
58,10/30/2022,1,3,1000064440,Left,T_B,8886045,Right,T_A,3,Top,0,1,1,1-1,Fastball,Cutter,StrikeCalled,Undefined,Undefined,,Undefined,0,0,87.22998,-2.676084,2.923257,1784.611281,182.378651,12:00,5.80088,-1.93456,5.99512,-23.50478,12.89831,0.49146,1.35723,0.81768,80.65904,-7.041822,3.011495,0.434251,,,,,,,,,,,,0.49067,7.65713,1.7039,50,5.57669,-6.48284,-126.57095,-6.66242,0.8025,23.84628,-19.65048,86.7988,,6.57094,,,,1000073611,Right,54.50451,-127.41678,11.92314,5.80064,-5.96541,-9.82524,1.93435,-6.51131,0.40125,,,,,,,,,,,,,,,,,,,,,,,,,,,,,,,,,,,,,,,,,,,,,,,,,,,High,High,High,,,,,,v3
59,10/30/2022,1,4,1000064440,Left,T_B,8886045,Right,T_A,3,Top,0,1,2,1-2,Fastball,Four-Seam,FoulBall,Undefined,Undefined,,Undefined,0,0,89.28027,-2.65601,2.161447,1763.781668,181.269932,12:00,5.8529,-1.76945,6.02273,-21.91981,13.06768,0.26476,1.56274,0.2555,81.76806,-6.758229,2.209061,0.425724,,,,,,,,,,,,0.47728,7.83248,1.60006,50,5.63282,-4.89961,-129.53753,-6.7029,0.80907,27.64075,-18.89619,88.53735,,7.51221,,,,1000073611,Right,54.47741,-130.48942,13.82038,5.85245,-6.05216,-9.44809,1.76927,-4.92747,0.40454,,,,,,,,,,,,,,,,,,,,,,,,,,,,,,,,,,,,,,,,,,,,,,,,,,,High,High,High,,,,,,v3
60,10/30/2022,1,5,1000064440,Left,T_B,8886045,Right,T_A,3,Top,0,1,2,1-2,Fastball,Four-Seam,BallCalled,Undefined,Undefined,,Undefined,0,0,90.14738,-0.519934,1.12136,1816.284415,161.941233,11:30,5.68847,-2.10624,5.94942,-19.77355,14.56776,-4.39044,3.55834,-1.43194,82.20204,-4.257344,0.332592,0.421774,,,,,,,,,,,,2.56012,7.94741,2.01943,50,5.636,-2.37401,-130.92199,-1.80201,4.43493,28.13925,-18.4067,89.36644,,7.94533,,,,1000073611,Right,54.54765,-131.89579,14.06963,5.68734,-1.16501,-9.20335,2.10425,-2.52749,2.21746,,,,,,,,,,,,,,,,,,,,,,,,,,,,,,,,,,,,,,,,,,,,,,,,,,,High,High,High,,,,,,v3
61,10/30/2022,1,6,1000064440,Left,T_B,8886045,Right,T_A,3,Top,0,2,2,2-2,Fastball,Four-Seam,BallCalled,Undefined,Undefined,,Undefined,0,0,87.81122,0.683543,0.313943,1716.455732,163.633696,11:30,5.95964,-1.9546,6.02157,-22.72859,13.42276,-3.59851,4.69874,-1.96369,79.8779,-3.608943,-0.333433,0.432747,,,,,,,,,,,,1.92866,7.05268,1.93189,50,6.00079,-0.5482,-127.52801,0.8249,3.16406,27.15977,-20.6037,87.10048,,7.93332,,,,1000073611,Right,54.47475,-128.47747,13.57989,5.95937,1.54516,-10.30185,1.95299,-0.65881,1.58203,,,,,,,,,,,,,,,,,,,,,,,,,,,,,,,,,,,,,,,,,,,,,,,,,,,High,High,High,,,,,,v3
62,10/30/2022,1,7,1000064440,Left,T_B,8886045,Right,T_A,3,Top,0,3,2,3-2,Fastball,Changeup,InPlay,Undefined,GroundBall,GroundBall,Single,0,0,87.7177,-2.504376,1.649341,1562.532459,173.913361,11:45,5.84927,-1.81578,6.24389,-24.90604,11.02272,-1.05213,1.46145,-0.38178,80.37001,-7.165496,1.459161,0.431412,84.67964,-34.694135,-7.543678,,,,,4.97384,3.35196,1.365677,0.022544,1.0241,6.78579,1.69356,50,5.65039,-3.62676,-127.35508,-6.33079,1.67705,26.87047,-21.06186,87.36987,1.59618,7.34769,2.6867,1.59618,0.42124,1000073611,Right,54.25583,-128.24987,13.43524,5.84953,-5.62943,-10.53093,1.81526,-3.68261,0.83852,,2.68612,101.39096,,,,,,,,1.59658,-70.80388,,,,,,,,0.42131,-13.42701,,,,,,,,,,,,,,,,,,,,,,,,,,,,,,High,High,High,Low,Low,,,,v3
63,10/30/2022,2,1,1000064440,Left,T_B,691273,Right,T_A,3,Top,0,0,0,0-0,Fastball,Changeup,BallCalled,Undefined,Undefined,,Undefined,0,0,87.75062,-0.876893,0.949461,1638.101022,159.478211,11:15,5.89311,-2.17775,6.06641,-19.67733,16.70528,-5.77949,3.44165,-1.78062,79.41281,-4.631327,-0.091322,0.434129,,,,,,,,,,,,3.24288,9.22859,2.10704,50,5.81461,-1.86755,-127.33859,-2.50723,5.26904,28.69628,-17.17934,86.82321,,8.33781,,,,1000073611,Right,54.42868,-128.33273,14.34814,5.89116,-1.91208,-8.58967,2.1749,-2.05009,2.63452,,,,,,,,,,,,,,,,,,,,,,,,,,,,,79.21226,1.540578,0.698317,0.842261,-2.21385,3.13784,1.78867,-1.93948,6.01652,-1.57538,66.2683,6.88725,-58.51522,-1.83763,85.46713,-5.42167,5.98343,8.95991,-9.37898,-1.78837,-75.02603,9.01441,High,High,High,,,High,High,Medium,v3
64,10/30/2022,2,2,1000064440,Left,T_B,691273,Right,T_A,3,Top,0,1,0,1-0,Fastball,Four-Seam,BallCalled,Undefined,Undefined,,Undefined,0,0,87.67232,-1.22453,1.185012,1863.309357,159.792896,11:15,5.90027,-2.3333,6.02955,-21.86167,14.32328,-4.845,2.94403,-1.63948,80.11829,-5.343227,0.313052,0.432948,,,,,,,,,,,,2.81358,8.0639,2.24321,50,5.79266,-2.43323,-127.32312,-3.38562,4.61329,26.42355,-18.95205,87.06007,,7.55404,,,,1000073611,Right,54.46745,-128.2469,13.21178,5.89944,-2.72304,-9.47603,2.33109,-2.59451,2.30664,,,,,,,,,,,,,,,,,,,,,,,,,,,,,,,,,,,,,,,,,,,,,,,,,,,High,High,High,,,,,,v3
65,10/30/2022,2,3,1000064440,Left,T_B,691273,Right,T_A,3,Top,0,2,0,2-0,Fastball,Changeup,BallCalled,Undefined,Undefined,,Undefined,0,0,85.37412,-0.162184,2.080811,1598.008642,160.572685,11:15,5.753,-2.14124,5.95104,-24.66659,13.46024,-4.33658,3.54693,-0.57192,78.28292,-4.783981,1.302295,0.444413,,,,,,,,,,,,2.77784,7.30863,1.97811,50,5.72623,-4.33068,-124.00181,-1.1101,4.33976,24.01338,-20.75598,84.81398,,7.0912,,,,1000073611,Right,54.54682,-124.87922,12.00669,5.75293,-0.35172,-10.37799,2.13924,-4.48924,2.16988,,,,,,,,,,,,,,,,,,,,,,,,,,,,,,,,,,,,,,,,,,,,,,,,,,,High,High,High,,,,,,v3
66,10/30/2022,2,4,1000064440,Left,T_B,691273,Right,T_A,3,Top,0,3,0,3-0,Fastball,Four-Seam,StrikeSwinging,Undefined,Undefined,,Undefined,0,0,87.29953,-2.956698,2.399964,1822.588003,166.031977,11:30,5.96935,-2.06584,6.07659,-16.47324,19.97517,-4.67941,1.85603,-0.2339,80.01212,-6.096158,1.558153,0.434521,,,,,,,,,,,,3.06839,11.46457,1.88261,50,5.73146,-5.11871,-126.61729,-6.98651,4.98942,25.45389,-13.53183,86.74481,,7.28741,,,,1000073611,Right,54.42162,-127.50307,12.72695,5.9664,-6.51561,-6.76592,2.06376,-5.29234,2.49471,,,,,,,,,,,,,,,,,,,,,,,,,,,,,,,,,,,,,,,,,,,,,,,,,,,High,High,High,,,,,,v3
67,10/30/2022,2,5,1000064440,Left,T_B,691273,Right,T_A,3,Top,0,3,1,3-1,Fastball,Changeup,FoulBall,Undefined,Undefined,,Undefined,0,0,86.8623,-1.128286,2.376912,1732.58219,153.824845,11:15,5.73196,-2.18609,6.01949,-19.42245,17.39643,-7.98201,3.06731,-0.64836,79.49273,-4.809586,0.942388,0.436724,74.78132,52.486959,114.34024,4753.648389,,,,,56.63361,,,4.78807,9.62926,2.00427,50,5.63294,-4.91937,-126.13561,-3.04801,7.72119,25.42883,-16.64595,86.30731,54.32909,7.36957,1.9814,3.46527,0.58893,1000073611,Right,54.4799,-127.03554,12.71441,5.73039,-2.4589,-8.32298,2.1832,-5.19262,3.8606,,1.9814,-27.52705,-10.14518,4.46126,-1.35372,0.36324,-0.08774,0.01527,-0.00087,3.46527,86.99907,-34.04962,5.09595,-0.96924,0.14267,-0.0023,-0.01457,0.00566,0.58893,60.85167,1.18408,-1.6706,0.64812,-0.20199,0.05866,-0.01558,0.00265,,,,,,,,,,,,,,,,,,,,,,,High,High,High,Medium,Low,,,,v3
68,10/30/2022,2,6,1000064440,Left,T_B,691273,Right,T_A,3,Top,0,3,2,3-2,Fastball,Cutter,BallCalled,Walk,Undefined,,Undefined,0,0,86.97454,-3.194575,2.760634,1871.395781,174.77165,11:45,5.87358,-2.006,5.73556,-23.50249,13.68131,-1.14618,0.93366,0.47121,80.06555,-7.547624,2.555726,0.438882,,,,,,,,,,,,1.33276,8.19099,1.77667,50,5.59258,-6.03185,-126.05951,-7.80796,2.15103,24.90161,-18.95393,85.88277,,6.90898,,,,1000073611,Right,54.76411,-126.99712,12.4508,5.87314,-7.0943,-9.47697,2.00531,-6.11284,1.07552,,,,,,,,,,,,,,,,,,,,,,,,,,,,,,,,,,,,,,,,,,,,,,,,,,,High,High,High,,,,,,v3
69,10/30/2022,3,1,1000064440,Left,T_B,1000055244,Right,T_A,3,Top,0,0,0,0-0,Fastball,Changeup,StrikeCalled,Undefined,Undefined,,Undefined,0,0,86.11485,-2.603557,2.255666,1731.540202,166.584822,11:30,5.85703,-2.22583,6.1165,-26.32966,11.28335,-2.39252,1.25222,-0.33862,78.69386,-7.519747,1.82446,0.441408,,,,,,,,,,,,1.90685,6.97004,2.05415,50,5.64351,-4.82624,-124.89515,-6.49114,2.99456,26.50864,-21.22806,85.39135,,7.42099,,,,1000073611,Right,54.38201,-125.82178,13.25432,5.85744,-5.7491,-10.61403,2.22469,-4.93092,1.49728,,,,,,,,,,,,,,,,,,,,,,,,,,,,,,,,,,,,,,,,,,,,,,,,,,,High,High,High,,,,,,v3
70,10/30/2022,3,2,1000064440,Left,T_B,1000055244,Right,T_A,3,Top,0,0,1,0-1,Fastball,Changeup,InPlay,Undefined,GroundBall,GroundBall,Single,0,1,86.45285,-1.315954,2.511192,1551.569069,172.231915,11:45,5.72738,-2.07845,6.23459,-27.99439,9.09678,-1.07512,2.17917,0.15002,78.94469,-6.553191,2.317134,0.438335,101.05308,0.711735,-20.485076,2573.215048,,,,40.48097,40.48097,-19.861507,0.276159,1.29886,5.46437,1.89161,50,5.61528,-5.4622,-125.49126,-3.7444,2.05987,26.69943,-23.50822,85.98995,2.17814,7.50815,1.76064,2.15596,-0.01436,1000073611,Right,54.26415,-126.39524,13.34971,5.72858,-2.94846,-11.75411,2.07773,-5.53194,1.02993,6.794848,1.76404,138.66449,-26.06498,,,,,,,2.16438,1.43353,-33.6765,,,,,,,-0.01485,-51.84162,7.58624,,,,,,,,,,,,,,,,,,,,,,,,,,,,,High,High,High,Medium,High,,,,v3
71,10/30/2022,4,1,1000064440,Left,T_B,1000058463,Right,T_A,3,Top,0,0,0,0-0,ChangeUp,Changeup,BallCalled,Undefined,Undefined,,Undefined,0,0,77.25249,0.057861,1.558752,1363.815526,131.267326,10:30,5.72152,-2.31813,5.8197,-36.73018,10.36646,-10.05611,2.71449,-1.70655,70.58687,-6.762276,-0.244376,0.493931,,,,,,,,,,,,5.56296,5.75225,2.19648,50,5.70467,-2.67514,-112.13914,-0.98507,7.05614,21.0151,-24.87781,76.31114,,6.66563,,,,1000073611,Right,54.67734,-113.01229,10.50755,5.72412,0.04857,-12.4389,2.31372,-2.96832,3.52807,,,,,,,,,,,,,,,,,,,,,,,,,,,,,74.03372,1.572767,0.655872,0.916895,-1.61695,2.34316,1.72221,-2.89493,5.73941,-0.45173,64.04773,3.19555,-60.73385,-2.84904,77.86425,-5.32978,5.76474,8.63711,-12.46423,-0.54288,-73.42956,8.45164,High,High,High,,,High,High,High,v3
72,10/30/2022,4,2,1000064440,Left,T_B,1000058463,Right,T_A,3,Top,0,1,0,1-0,Fastball,Four-Seam,InPlay,Undefined,GroundBall,GroundBall,Single,0,1,87.24409,-2.59011,2.417573,1767.087299,169.739543,11:45,5.73854,-2.1691,5.95825,-23.1334,13.80312,-2.27165,1.40511,-0.11519,79.49096,-6.925947,2.009614,0.437421,106.80432,1.499598,-19.198517,2575.43085,,,,41.73486,41.73486,-18.677374,0.27189,1.89461,8.23808,1.97835,50,5.51974,-5.24719,-126.4616,-6.44101,3.04595,27.53239,-18.92977,86.16975,1.49755,7.75312,1.41511,1.37964,0.24948,1000073611,Right,54.53983,-127.44615,13.76619,5.73797,-5.76409,-9.46489,2.16794,-5.35611,1.52298,14.811904,1.4191,147.68835,-27.60974,,,,,,,1.38712,3.73164,-32.58605,,,,,,,0.2496,-51.50072,5.24486,,,,,,,,,,,,,,,,,,,,,,,,,,,,,High,High,High,Medium,High,,,,v3
73,10/30/2022,1,1,1000103199,Right,T_A,1000187793,Left,T_B,3,Bottom,0,0,0,0-0,Fastball,Four-Seam,InPlay,Undefined,FlyBall,LineDrive,Triple,0,0,87.73518,-1.795452,-2.019107,1830.804709,196.649818,12:30,5.55641,1.55924,5.95612,-23.24682,12.81725,3.50677,1.95257,-0.02176,80.73098,-6.134691,-1.389128,0.432224,98.30859,19.35547,0.323958,3228.933254,109.99795,36.38284,-0.58854,356.01423,356.01423,-1.577561,4.244713,-2.35559,7.39996,-1.40084,50,5.4006,4.35317,-127.43396,-4.73385,-3.89013,25.13904,-19.95343,87.2058,51.54568,7.0042,2.62193,2.15818,-0.00847,1000055344,Right,54.54412,-128.32725,12.56952,5.55622,-4.02482,-9.97672,-1.55799,4.4914,-1.94506,172.201128,2.62157,136.04184,-25.16591,5.80345,-1.2634,0.25776,-0.04243,0.00439,-0.00019,2.15858,47.77859,-11.01616,-0.70327,0.36777,-0.10804,0.01952,-0.00162,3.00E-05,-0.00843,0.76797,-2.03481,0.69756,-0.18824,0.04081,-0.00652,0.00068,-3.00E-05,,,,,,,,,,,,,,,,,,,,,,,High,High,High,High,High,,,,v3
74,10/30/2022,2,1,1000103199,Right,T_A,1000051953,Right,T_B,3,Bottom,0,0,0,0-0,Slider,Slider,StrikeCalled,Undefined,Undefined,,Undefined,0,0,78.5115,0.431317,-1.346032,2080.586903,114.242857,9:45,5.68776,1.63817,5.3946,-41.3801,4.86512,-7.55504,2.64375,-0.2531,71.97805,-7.143099,-2.68977,0.489446,,,,,,,,,,,,3.40732,2.78095,-1.51262,50,5.69735,2.9774,-113.9396,-0.52435,4.47136,21.27794,-28.52466,77.01043,,6.53346,,,,1000055344,Right,55.10343,-114.8887,10.63897,5.69236,0.74799,-14.26233,-1.64098,2.77795,2.23568,,,,,,,,,,,,,,,,,,,,,,,,,,,,,,,,,,,,,,,,,,,,,,,,,,,High,High,High,,,,,,v3
75,10/30/2022,2,2,1000103199,Right,T_A,1000051953,Right,T_B,3,Bottom,0,0,1,0-1,Fastball,Four-Seam,BallCalled,Undefined,Undefined,,Undefined,0,0,90.34721,-2.009932,-2.789909,1916.899111,183.966772,12:15,5.89427,0.97027,5.65458,-14.55261,20.16206,1.31878,2.80405,-1.52384,82.3158,-4.791233,-2.554785,0.424061,,,,,,,,,,,,-1.46528,11.1393,-0.73466,50,5.71477,6.32237,-130.93823,-5.01721,-2.53706,28.3335,-12.88664,88.88453,,8.03141,,,,1000055344,Right,54.84262,-131.98195,14.16675,5.89084,-4.5425,-6.44332,-0.96928,6.41583,-1.26853,,,,,,,,,,,,,,,,,,,,,,,,,,,,,,,,,,,,,,,,,,,,,,,,,,,High,High,High,,,,,,v3
76,10/30/2022,2,3,1000103199,Right,T_A,1000051953,Right,T_B,3,Bottom,0,1,1,1-1,Slider,Curveball,InPlay,Undefined,LineDrive,GroundBall,Double,0,1,77.92878,-0.703708,-0.992322,2074.452416,67.138145,8:15,5.7,1.54859,5.42416,-48.20459,-1.55941,-7.00304,1.0237,0.03545,72.16334,-9.44432,-2.241331,0.491558,84.19767,7.233539,-35.642528,3911.51916,,,,118.48859,111.79122,-40.847477,1.058711,3.30382,-0.27634,-1.45537,50,5.6035,2.22395,-113.22698,-2.9977,4.29779,20.27725,-32.5335,76.67952,5.25176,5.76544,3.22938,1.65835,-0.55742,1000055344,Right,55.07779,-114.13271,10.13863,5.70495,-1.54451,-16.26675,-1.55043,2.03198,2.1489,,3.22937,99.55811,-20.18476,3.79174,-0.98476,0.37608,-0.03011,-0.11945,0.05124,1.65835,15.54889,-17.41425,1.35418,-0.14451,-0.06468,0.04251,0.00873,-0.0086,-0.55742,-71.38701,-2.61853,1.89866,-0.96988,0.66154,-0.22632,-0.06926,0.0513,,,,,,,,,,,,,,,,,,,,,,,High,High,High,Medium,Medium,,,,v3
77,10/30/2022,3,1,1000103199,Right,T_A,1000079407,Left,T_B,3,Bottom,0,0,0,0-0,ChangeUp,Changeup,BallCalled,Undefined,Undefined,,Undefined,0,0,82.33147,-2.573402,-2.57226,1479.489243,212.397246,1:00,5.30673,1.78741,6.16915,-26.01777,14.89776,8.61091,0.75768,0.12754,75.49294,-7.450041,-1.019197,0.460379,,,,,,,,,,,,-5.18784,8.8415,-1.59685,50,5.09827,5.04469,-119.43099,-6.11121,-7.48434,23.25154,-19.41866,81.87264,,6.83852,,,,1000055344,Right,54.32923,-120.27088,11.62577,5.30635,-5.40977,-9.70933,-1.78396,5.31503,-3.74217,,,,,,,,,,,,,,,,,,,,,,,,,,,,,,,,,,,,,,,,,,,,,,,,,,,High,High,High,,,,,,v3
78,10/30/2022,3,2,1000103199,Right,T_A,1000079407,Left,T_B,3,Bottom,0,1,0,1-0,Fastball,Four-Seam,BallCalled,Undefined,Undefined,,Undefined,0,0,90.65958,-3.177948,-3.049678,1909.900053,205.945868,12:45,5.802,1.14488,5.81344,-19.29907,14.67371,6.64646,1.23149,-1.13968,83.65236,-6.77585,-1.860345,0.419505,,,,,,,,,,,,-4.18965,8.63071,-0.8989,50,5.52956,6.72231,-131.44845,-7.93707,-7.39078,25.71588,-16.94904,89.84983,,7.00722,,,,1000055344,Right,54.68657,-132.36213,12.85794,5.80087,-7.33488,-8.47452,-1.14241,6.9849,-3.69539,,,,,,,,,,,,,,,,,,,,,,,,,,,,,,,,,,,,,,,,,,,,,,,,,,,High,High,High,,,,,,v3
79,10/30/2022,3,3,1000103199,Right,T_A,1000079407,Left,T_B,3,Bottom,0,2,0,2-0,Slider,Slider,BallCalled,Undefined,Undefined,,Undefined,0,0,79.7362,-1.946958,-0.478599,2272.204801,128.431404,10:15,5.54017,1.61136,5.47756,-37.23471,7.90685,-7.97485,0.61471,0.49894,72.67012,-8.780225,-1.901678,0.48357,,,,,,,,,,,,3.87425,5.06174,-1.56376,50,5.34416,1.28295,-115.57752,-5.15179,5.17917,23.89492,-25.40743,77.94613,,7.06608,,,,1000055344,Right,55.01945,-116.61065,11.94746,5.54315,-4.05327,-12.70372,-1.61439,1.05902,2.58959,,,,,,,,,,,,,,,,,,,,,,,,,,,,,,,,,,,,,,,,,,,,,,,,,,,High,High,High,,,,,,v3
80,10/30/2022,3,4,1000103199,Right,T_A,1000079407,Left,T_B,3,Bottom,0,3,0,3-0,Fastball,Four-Seam,InPlay,Undefined,GroundBall,GroundBall,Single,0,1,89.20969,-2.061687,-2.063154,1910.221116,193.556935,12:30,5.54099,1.5542,6.05884,-17.29674,17.57651,3.97319,2.1893,-0.02512,81.69897,-5.347349,-1.348344,0.425028,66.62677,-17.285858,40.624116,,,,,11.04605,4.90315,27.091036,0.083083,-2.64091,9.99583,-1.39617,50,5.37156,4.50757,-129.53016,-5.16712,-4.48912,26.92282,-15.18271,88.68225,2.4215,7.51071,3.92814,2.4215,-0.03593,1000055344,Right,54.44118,-130.44999,13.46141,5.53924,-4.64839,-7.59135,-1.5528,4.66095,-2.24456,,3.92457,71.08521,,,,,,,,2.42296,-29.14547,,,,,,,,-0.03898,60.97932,,,,,,,,,,,,,,,,,,,,,,,,,,,,,,High,High,High,Estimated,Estimated,,,,v3
81,10/30/2022,4,1,1000103199,Right,T_A,1000073511,Right,T_B,3,Bottom,0,0,0,0-0,Fastball,Four-Seam,BallCalled,Undefined,Undefined,,Undefined,0,0,89.54032,-1.197458,-0.38253,1824.700633,193.118625,12:30,5.82874,1.3827,5.77422,-16.3304,18.84973,4.11784,3.3534,1.36989,81.33553,-4.317689,0.354959,0.426894,,,,,,,,,,,,-2.19925,10.28973,-1.35356,50,5.72004,0.68682,-129.94341,-3.18661,-3.73871,28.6874,-14.6815,88.29457,,8.20479,,,,1000055344,Right,54.72195,-130.98172,14.3437,5.82576,-2.65523,-7.34075,-1.38087,0.82214,-1.86935,,,,,,,,,,,,,,,,,,,,,,,,,,,,,,,,,,,,,,,,,,,,,,,,,,,High,High,High,,,,,,v3
82,10/30/2022,4,2,1000103199,Right,T_A,1000073511,Right,T_B,3,Bottom,0,1,0,1-0,ChangeUp,Slider,BallCalled,Undefined,Undefined,,Undefined,0,0,78.54324,-2.197786,-2.156626,1509.88723,97.537647,9:15,5.69434,1.40071,5.72355,-43.25266,3.07166,-10.85544,0.04044,-1.51359,71.68135,-10.107607,-4.101175,0.489864,,,,,,,,,,,,4.87032,2.71291,-1.21363,50,5.484,4.68976,-113.80137,-5.73804,6.28107,24.11303,-28.67528,76.94464,,6.8619,,,,1000055344,Right,54.77535,-114.80874,12.05652,5.6987,-4.54007,-14.33764,-1.40407,4.42735,3.14054,,,,,,,,,,,,,,,,,,,,,,,,,,,,,75.28602,,,0.823022,,,,0.61797,5.73844,5.85194,66.73079,4.10328,58.05213,0.6971,87.04623,-8.21919,5.74583,7.21133,-11.17993,5.87618,65.97297,-3.11329,High,High,High,,,High,Medium,Medium,v3
83,10/30/2022,4,3,1000103199,Right,T_A,1000073511,Right,T_B,3,Bottom,0,2,0,2-0,Fastball,Four-Seam,InPlay,Undefined,FlyBall,FlyBall,Out,1,0,88.71114,-1.729166,-1.482915,1850.938956,204.532337,12:45,5.60747,1.32297,5.87934,-18.48855,16.96501,7.23642,2.45985,0.54851,81.27701,-5.221698,-0.184581,0.42855,80.53399,36.428749,24.444041,4405.426287,96.60852,67.41099,52.59945,280.91172,273.01136,36.402444,4.687058,-4.1352,9.51241,-1.20749,50,5.45712,3.03733,-128.83562,-4.45132,-6.96141,26.36925,-16.16047,87.95345,77.2439,7.43414,1.98807,2.5914,-0.54464,1000055344,Right,54.62016,-129.7778,13.18462,5.60585,-3.8739,-8.08024,-1.32046,3.28607,-3.4807,209.901641,1.98899,86.49569,-18.17457,4.11252,-0.76231,0.13266,-0.0243,0.00339,-0.00021,2.59178,70.13333,-18.61378,1.33463,-0.1492,-0.0389,0.02271,-0.00393,0.00024,-0.54478,39.33147,-1.28559,0.22763,-0.07854,0.03265,-0.00898,0.00129,-7.00E-05,,,,,,,,,,,,,,,,,,,,,,,High,High,High,High,Medium,,,,v3
84,10/30/2022,5,1,1000103199,Right,T_A,1000110361,Right,T_B,3,Bottom,1,0,0,0-0,ChangeUp,Changeup,BallCalled,Undefined,Undefined,,Undefined,0,0,82.37997,-2.202955,-3.4493,1426.680098,222.599615,1:30,5.41997,1.49333,6.52482,-27.46316,12.9139,10.66485,1.10564,-0.78628,75.46429,-7.375351,-1.515006,0.45734,,,,,,,,,,,,-6.59181,7.80229,-1.25764,50,5.25458,6.82654,-119.50822,-5.34503,-9.51041,23.54676,-20.91722,82.41673,,6.91567,,,,1000055344,Right,53.97411,-120.28869,11.77338,5.42025,-4.65172,-10.45861,-1.48913,7.14177,-4.7552,,,,,,,,,,,,,,,,,,,,,,,,,,,,,,,,,,,,,,,,,,,,,,,,,,,High,High,High,,,,,,v3
85,10/30/2022,5,2,1000103199,Right,T_A,1000110361,Right,T_B,3,Bottom,1,1,0,1-0,Fastball,Four-Seam,BallCalled,Undefined,Undefined,,Undefined,0,0,89.89643,-3.239601,-3.059306,1778.658346,205.200492,12:45,5.67911,1.01918,6.15032,-19.26296,15.19064,6.61485,1.07309,-1.25899,82.17236,-6.874725,-1.868075,0.422463,,,,,,,,,,,,-4.29528,9.12477,-0.78968,50,5.42221,6.69092,-130.25674,-7.95402,-7.36168,27.97893,-16.53504,89.22068,,7.72407,,,,1000055344,Right,54.34795,-131.18735,13.98947,5.67762,-7.40405,-8.26752,-1.0163,6.93577,-3.68084,,,,,,,,,,,,,,,,,,,,,,,,,,,,,,,,,,,,,,,,,,,,,,,,,,,High,High,High,,,,,,v3
86,10/30/2022,5,3,1000103199,Right,T_A,1000110361,Right,T_B,3,Bottom,1,2,0,2-0,Fastball,Four-Seam,FoulBall,Undefined,Undefined,,Undefined,0,0,88.92636,-2.137484,-1.604194,1905.720007,193.236459,12:30,5.51739,1.31699,6.00263,-17.52032,17.65363,3.8902,2.07518,0.15442,81.41793,-5.461697,-0.904743,0.426857,81.32673,71.434522,118.559833,5282.678581,,,,,24.66698,,,-2.46162,10.03426,-1.19304,50,5.33965,3.45874,-129.12054,-5.33213,-4.15696,26.81317,-15.22914,88.30234,71.94926,7.50843,2.60285,1.85556,-0.28631,1000055344,Right,54.49687,-130.05101,13.40659,5.51552,-4.80365,-7.61457,-1.31557,3.60299,-2.07848,338.80678,2.60285,-18.15592,-4.74432,2.5026,-0.74674,0.20404,-0.05126,0.01169,-0.00156,1.85556,113.07178,-32.55443,4.72466,-1.05799,0.22169,-0.04802,0.00929,-0.00102,-0.28631,33.35592,-9.1245,1.37649,-0.21968,0.02529,-0.00369,0.0001,2.00E-05,,,,,,,,,,,,,,,,,,,,,,,High,High,High,High,Low,,,,v3
87,10/30/2022,5,4,1000103199,Right,T_A,1000110361,Right,T_B,3,Bottom,1,2,1,2-1,Fastball,Four-Seam,StrikeCalled,Undefined,Undefined,,Undefined,0,0,90.20968,-2.020139,-2.784418,1815.882755,194.131037,12:30,5.69373,1.22287,6.09273,-18.59615,15.30292,3.59945,2.27248,-1.05473,83.10027,-5.52249,-2.137014,0.41905,,,,,,,,,,,,-2.57272,8.73296,-1.01005,50,5.5279,6.22153,-130.97018,-5.18637,-4.50204,25.72678,-16.89219,89.94744,,7.10941,,,,1000055344,Right,54.40626,-131.83287,12.86339,5.69232,-4.61993,-8.4461,-1.22121,6.37249,-2.25102,,,,,,,,,,,,,,,,,,,,,,,,,,,,,,,,,,,,,,,,,,,,,,,,,,,High,High,High,,,,,,v3
88,10/30/2022,5,5,1000103199,Right,T_A,1000110361,Right,T_B,3,Bottom,1,2,2,2-2,Fastball,Four-Seam,BallCalled,Undefined,Undefined,,Undefined,0,0,91.36976,-1.358408,-3.568592,1920.945491,191.734363,12:30,5.63747,1.40122,5.96024,-17.56194,15.76729,3.06477,2.91165,-1.65678,83.85221,-4.67357,-3.019654,0.415512,,,,,,,,,,,,-2.51162,8.76071,-1.11936,50,5.51954,8.13341,-132.52909,-3.68667,-4.48897,27.01903,-16.51616,90.71318,,7.51755,,,,1000055344,Right,54.53791,-133.45103,13.50951,5.63572,-3.12311,-8.25808,-1.3995,8.28658,-2.24448,,,,,,,,,,,,,,,,,,,,,,,,,,,,,,,,,,,,,,,,,,,,,,,,,,,High,High,High,,,,,,v3
89,10/30/2022,5,6,1000103199,Right,T_A,1000110361,Right,T_B,3,Bottom,1,3,2,3-2,Slider,Curveball,InPlay,Undefined,GroundBall,LineDrive,Single,0,0,77.95986,-0.114997,-1.651485,1903.377602,79.949447,8:45,5.54284,1.5905,5.64242,-47.58916,-1.13669,-14.49812,1.46976,-1.15867,71.85851,-8.795981,-4.243323,0.490542,83.81657,18.595161,17.193875,2790.490112,102.91356,27.98978,38.84325,270.47892,261.21212,25.402871,3.103466,6.91863,-0.13669,-1.44073,50,5.5026,3.8081,-113.23068,-1.77365,8.95743,21.21297,-32.35102,76.83842,30.40914,6.10135,1.07724,1.4402,1.16548,1000055344,Right,54.85854,-114.13727,10.60649,5.54886,-0.39106,-16.17551,-1.5953,3.42529,4.47871,217.000108,1.0773,111.30505,-17.94035,3.81919,-0.68299,0.07349,0.00543,-0.00342,0.00038,1.44017,39.1989,-13.67236,0.30351,-0.06412,0.06156,-0.02862,0.00671,-0.00062,1.16544,34.44401,0.99234,-0.00626,-0.04657,0.0213,-0.00634,0.0012,-0.0001,,,,,,,,,,,,,,,,,,,,,,,High,High,High,High,High,,,,v3
90,10/30/2022,1,1,1000064440,Left,T_B,1000066765,Right,T_A,4,Top,0,0,0,0-0,Fastball,Changeup,InPlay,Undefined,Popup,,Out,1,0,85.70009,-1.491598,1.653004,1602.687518,161.433667,11:30,6.12086,-2.27328,5.55452,-25.2608,12.68048,-3.91646,2.62119,-1.0547,79.70227,-6.14361,0.954441,0.44333,,,,,,,,,,,,2.38728,7.09134,2.13311,50,5.97507,-3.4369,-124.5904,-4.09873,3.81361,21.20596,-20.84582,85.02113,,5.99782,,,,1000073611,Right,54.94674,-125.42954,10.60298,6.12094,-3.27385,-10.42291,2.27209,-3.58781,1.9068,,,,,,,,,,,,,,,,,,,,,,,,,,,,,,,,,,,,,,,,,,,,,,,,,,,High,High,High,,,,,,v3
91,10/30/2022,2,1,1000064440,Left,T_B,1000102964,Right,T_A,4,Top,1,0,0,0-0,Curveball,Curveball,BallCalled,Undefined,Undefined,,Undefined,0,0,66.57063,8.875384,-1.00217,2201.825752,323.278064,4:45,6.1694,-2.31157,4.62557,-81.37075,-13.77186,11.89938,7.89475,-2.2727,60.10305,-5.66483,1.070095,0.591754,,,,,,,,,,,,-5.97229,-8.32264,2.40285,50,7.01257,1.21606,-95.48968,12.23202,-5.51327,14.73057,-39.85701,63.69611,,6.46758,,,,1000073611,Right,55.87829,-96.39222,7.36529,6.1883,14.67406,-19.9285,2.318,1.55385,-2.75663,,,,,,,,,,,,,,,,,,,,,,,,,,,,,,,,,,,,,,,,,,,,,,,,,,,High,High,High,,,,,,v3
92,10/30/2022,2,2,1000064440,Left,T_B,1000102964,Right,T_A,4,Top,1,1,0,1-0,Fastball,Changeup,StrikeCalled,Undefined,Undefined,,Undefined,0,0,86.12586,-2.188953,1.785334,1732.71024,164.154274,11:30,5.69377,-2.151,6.0114,-26.49683,10.35032,-2.66681,1.45589,-0.71877,80.46498,-7.079137,1.305418,0.436891,,,,,,,,,,,,1.78795,6.12701,2.0124,50,5.50708,-3.80293,-125.26464,-5.63723,2.89495,20.78938,-22.25357,86.27418,,5.66088,,,,1000073611,Right,54.49028,-126.00766,10.39469,5.69434,-4.84188,-11.12678,2.15016,-3.9064,1.44748,,,,,,,,,,,,,,,,,,,,,,,,,,,,,,,,,,,,,,,,,,,,,,,,,,,High,High,High,,,,,,v3
93,10/30/2022,2,3,1000064440,Left,T_B,1000102964,Right,T_A,4,Top,1,1,1,1-1,Fastball,Cutter,InPlay,Undefined,GroundBall,GroundBall,Single,0,1,87.39252,-1.704318,1.411703,1877.321969,167.061469,11:30,5.78927,-2.11914,5.68613,-24.22041,12.03615,-2.54512,2.1814,-1.01515,81.38878,-6.17118,0.956523,0.433376,103.91517,-0.40049,4.456422,2004.89034,,,,46.37084,46.14571,6.376942,0.304982,1.63189,6.82193,2.00202,50,5.63046,-3.0291,-127.09346,-4.60046,2.71601,21.76486,-20.82013,86.97401,2.16907,6.00374,1.58554,2.16907,1.0143,1000073611,Right,54.81541,-127.91544,10.88243,5.78935,-3.81415,-10.41007,2.11836,-3.13168,1.35801,300.894262,1.58898,151.7943,-19.38287,,,,,,,2.17204,-1.19483,-19.46543,,,,,,,1.01229,11.93,5.39254,,,,,,,,,,,,,,,,,,,,,,,,,,,,,High,High,High,High,High,,,,v3
94,10/30/2022,3,1,1000064440,Left,T_B,1000110355,Right,T_A,4,Top,1,0,0,0-0,ChangeUp,Changeup,BallCalled,Undefined,Undefined,,Undefined,0,0,76.08409,0.887151,2.465588,1283.656701,145.184059,10:45,5.93115,-2.19206,5.19256,-38.62687,10.44241,-6.29811,3.54762,-0.39612,70.39888,-6.165009,1.351213,0.504169,,,,,,,,,,,,3.76114,5.41051,1.96828,50,5.98423,-4.51402,-110.45184,0.4537,4.70116,17.49669,-25.4113,74.76149,,5.6852,,,,1000073611,Right,55.30714,-111.28937,8.74834,5.93339,1.67008,-12.70565,2.18974,-4.73906,2.35058,,,,,,,,,,,,,,,,,,,,,,,,,,,,,,,,,,,,,,,,,,,,,,,,,,,High,High,High,,,,,,v3
95,10/30/2022,3,2,1000064440,Left,T_B,1000110355,Right,T_A,4,Top,1,1,0,1-0,Fastball,Changeup,BallCalled,Undefined,Undefined,,Undefined,0,0,85.63936,0.480779,0.277358,1609.577596,151.784861,11:00,5.74534,-2.35033,6.01727,-24.03678,13.52572,-6.67929,4.18763,-2.65002,78.86765,-4.025837,-0.924287,0.441112,,,,,,,,,,,,3.50083,7.17595,2.33216,50,5.76979,-0.33703,-124.54276,0.31197,5.54531,23.02002,-20.80731,85.44872,,6.77171,,,,1000073611,Right,54.4814,-125.36835,11.51001,5.74522,1.0582,-10.40366,2.34782,-0.53591,2.77265,,,,,,,,,,,,,,,,,,,,,,,,,,,,,,,,,,,,,,,,,,,,,,,,,,,High,High,High,,,,,,v3
96,10/30/2022,3,3,1000064440,Left,T_B,1000110355,Right,T_A,4,Top,1,2,0,2-0,Fastball,Changeup,InPlay,Undefined,LineDrive,LineDrive,Single,0,0,83.53391,-1.849606,1.668407,1767.234604,165.955743,11:30,5.90468,-2.12332,5.95288,-27.17549,12.54016,-2.84087,1.92337,-0.81231,77.10417,-6.899017,1.157769,0.453578,95.347,10.077683,-8.190244,2139.85696,109.09585,16.82144,-14.07459,284.13243,284.13243,-7.187994,2.669565,1.9115,7.28729,1.99234,50,5.7422,-3.42819,-121.36924,-4.75531,2.8679,22.45391,-21.24069,83.10018,18.72835,6.42974,2.99433,2.23059,0.79033,1000073611,Right,54.54757,-122.20767,11.22696,5.90495,-3.96218,-10.62035,2.12235,-3.53527,1.43395,182.486067,2.99437,136.2778,-19.00771,3.96334,-0.66944,0.08165,-0.00557,0.0001,0,2.23043,24.47918,-8.16379,-0.85993,0.06125,0.09085,-0.03903,0.00727,-0.00053,0.79036,-19.61598,3.24727,-0.52624,0.09589,-0.02812,0.00803,-0.00137,0.0001,,,,,,,,,,,,,,,,,,,,,,,High,High,High,High,High,,,,v3
97,10/30/2022,4,1,1000064440,Left,T_B,1000180386,Right,T_A,4,Top,1,0,0,0-0,Curveball,Curveball,BallCalled,Undefined,Undefined,,Undefined,1,0,67.94382,0.1304,1.095586,2266.851737,324.311858,4:45,5.97955,-2.12521,5.17921,-78.29154,-15.67788,12.70119,-0.42202,-0.03578,63.13623,-13.875433,3.359322,0.569516,,,,,,,,,,,,-6.09473,-7.53107,2.01301,50,5.93099,-2.31483,-98.66697,-2.16747,-5.93974,17.36607,-39.51362,66.18329,,4.80759,,,,1000073611,Right,55.32627,-99.60001,8.68304,5.99041,-0.04447,-19.75681,2.1288,-1.9957,-2.96987,,,,,,,,,,,,,,,,,,,,,,,,,,,,,,,,,,,,,,,,,,,,,,,,,,,High,High,High,,,,,,v3
98,10/30/2022,4,2,1000064440,Left,T_B,1000180386,Right,T_A,4,Top,2,1,0,1-0,Fastball,Cutter,BallCalled,Undefined,Undefined,,Undefined,0,0,85.93144,0.426743,1.999207,1881.239716,180.855814,12:00,5.96363,-2.10861,5.79923,-22.50371,15.08674,0.20957,4.48549,-0.23093,79.25736,-3.781359,2.036708,0.441276,,,,,,,,,,,,0.38858,7.9339,1.94415,50,5.98521,-4.36795,-124.88963,0.22588,0.62016,22.67968,-19.51175,85.41696,,6.67408,,,,1000073611,Right,54.70039,-125.74032,11.33984,5.96302,0.95774,-9.75588,2.10843,-4.39121,0.31008,,,,,,,,,,,,,,,,,,,,,,,,,,,,,,,,,,,,,,,,,,,,,,,,,,,High,High,High,,,,,,v3
99,10/30/2022,4,3,1000064440,Left,T_B,1000180386,Right,T_A,4,Top,2,2,0,2-0,ChangeUp,Changeup,BallCalled,Undefined,Undefined,,Undefined,0,0,82.1563,0.266384,1.402472,1491.511217,163.622716,11:30,5.98986,-2.08502,6.17743,-29.79872,10.70292,-2.81075,3.75272,-1.02381,75.94095,-5.293599,0.895355,0.458045,,,,,,,,,,,,1.80571,5.83646,1.98043,50,5.9947,-2.82214,-119.50442,-0.32533,2.63849,20.78376,-23.6459,82.28988,,6.21534,,,,1000073611,Right,54.32202,-120.25374,10.39188,5.99107,0.52718,-11.82295,2.08389,-2.91727,1.31925,,,,,,,,,,,,,,,,,,,,,,,,,,,,,,,,,,,,,,,,,,,,,,,,,,,High,High,High,,,,,,v3
100,10/30/2022,4,4,1000064440,Left,T_B,1000180386,Right,T_A,4,Top,2,3,0,3-0,Fastball,Changeup,BallCalled,Walk,Undefined,,Undefined,0,0,85.14655,-0.975112,1.15,1723.336326,167.484094,11:30,5.98096,-2.09712,6.03046,-24.90698,12.86981,-2.6291,3.00209,-1.25109,79.03418,-5.613743,0.676782,0.442368,,,,,,,,,,,,1.63358,7.19323,2.0087,50,5.89105,-2.38578,-123.87909,-2.87547,2.57531,21.38213,-20.83395,85.206,,6.11237,,,,1000073611,Right,54.46986,-124.64822,10.69106,5.98101,-2.12605,-10.41698,2.09619,-2.47842,1.28765,,,,,,,,,,,,,,,,,,,,,,,,,,,,,,,,,,,,,,,,,,,,,,,,,,,High,High,High,,,,,,v3
101,10/30/2022,1,1,1000103199,Right,T_A,1000187798,Right,T_B,4,Bottom,0,0,0,0-0,Slider,Curveball,StrikeSwinging,Undefined,Undefined,,Undefined,0,0,76.68108,-0.429462,-0.984339,1911.150436,83.223208,8:45,5.66364,2.02986,5.34236,-49.32479,-0.70421,-18.76615,1.15031,-0.45746,70.67488,-9.372254,-4.323631,0.501859,,,,,,,,,,,,9.18438,0.19504,-1.92708,50,5.58943,2.62949,-111.34066,-2.47739,11.47789,20.82122,-31.93029,75.10568,,6.00621,,,,1000055344,Right,55.15893,-112.30126,10.41061,5.66975,-1.00426,-15.96514,-2.03618,2.09996,5.73895,,,,,,,,,,,,,,,,,,,,,,,,,,,,,,,,,,,,,,,,,,,,,,,,,,,High,High,High,,,,,,v3
102,10/30/2022,1,2,1000103199,Right,T_A,1000187798,Right,T_B,4,Bottom,0,0,1,0-1,Slider,Curveball,BallCalled,Undefined,Undefined,,Undefined,0,0,78.49922,-1.124172,0.08495,2076.349178,88.66301,9:00,5.66798,1.84347,5.14602,-45.53345,1.0485,-16.68241,0.81498,0.53325,72.48698,-9.351598,-2.875687,0.491225,,,,,,,,,,,,8.42162,1.20551,-1.83777,50,5.52743,0.4896,-113.97924,-3.8195,11.07212,21.06433,-30.58912,76.73156,,6.01224,,,,1000055344,Right,55.35552,-114.96472,10.53217,5.67265,-2.38841,-15.29456,-1.84856,-0.0284,5.53606,,,,,,,,,,,,,,,,,,,,,,,,,,,,,,,,,,,,,,,,,,,,,,,,,,,High,High,High,,,,,,v3
103,10/30/2022,1,3,1000103199,Right,T_A,1000187798,Right,T_B,4,Bottom,0,1,1,1-1,Slider,Curveball,BallCalled,Undefined,Undefined,,Undefined,0,0,76.24983,-2.011776,-0.235531,2151.82813,70.776643,8:15,5.60974,1.93393,5.44674,-49.88377,-1.55815,-8.25776,-0.43156,1.02526,71.46809,-10.994766,-1.711625,0.500334,,,,,,,,,,,,4.16524,0.01925,-1.9071,50,5.39691,0.75412,-110.84783,-5.51681,5.23762,17.83755,-32.14983,75.33453,,4.78174,,,,1000055344,Right,55.05624,-111.6585,8.91878,5.61443,-4.05566,-16.07492,-1.93596,0.51609,2.61881,,,,,,,,,,,,,,,,,,,,,,,,,,,,,,,,,,,,,,,,,,,,,,,,,,,High,High,High,,,,,,v3
104,10/30/2022,1,4,1000103199,Right,T_A,1000187798,Right,T_B,4,Bottom,0,3,1,3-1,Fastball,Changeup,StrikeCalled,Undefined,Undefined,,Undefined,0,0,87.38051,-0.570955,-2.491081,1638.631195,200.938293,12:45,5.66112,1.71606,6.155,-26.90139,9.29343,3.12709,2.89132,-0.3263,80.09552,-5.59876,-1.927623,0.433007,,,,,,,,,,,,-2.29599,5.31307,-1.52827,50,5.60392,5.39527,-126.90125,-2.11467,-3.74886,25.65535,-23.4989,87.04819,,7.285,,,,1000055344,Right,54.34306,-127.77626,12.82767,5.66238,-1.3132,-11.74945,-1.71446,5.52313,-1.87443,,,,,,,,,,,,,,,,,,,,,,,,,,,,,,,,,,,,,,,,,,,,,,,,,,,High,High,High,,,,,,v3
105,10/30/2022,1,5,1000103199,Right,T_A,1000187798,Right,T_B,4,Bottom,0,3,2,3-2,Slider,Curveball,InPlay,Undefined,GroundBall,GroundBall,Double,1,1,76.27196,0.192179,-0.514824,2048.917886,76.665407,8:30,5.53349,2.16983,5.27133,-51.09471,-1.75236,-14.09548,1.45612,0.51161,70.04481,-9.080921,-3.02042,0.50557,90.72296,-4.185681,-38.590895,,,,,15.81579,15.81579,-36.709846,0.093511,6.99843,-0.58291,-2.11169,50,5.51298,1.52648,-110.73201,-1.329,8.63427,20.94323,-32.89323,74.55434,0.90862,6.22715,2.97489,0.90862,-1.70985,1000055344,Right,55.23031,-111.71686,10.47162,5.53911,0.2178,-16.44661,-2.17392,1.12045,4.31713,180,2.97413,103.77564,,,,,,,,0.90869,-9.71666,,,,,,,,-1.70925,-82.81601,,,,,,,,,,,,,,,,,,,,,,,,,,,,,,High,High,High,Low,Low,,,,v3
106,10/30/2022,2,1,1000103199,Right,T_A,1000103136,Right,T_B,4,Bottom,1,0,0,0-0,Fastball,Four-Seam,StrikeSwinging,Undefined,Undefined,,Undefined,0,0,88.05364,-0.789335,-1.70787,1719.282272,190.534467,12:15,5.7137,1.72294,5.8665,-22.73037,13.35938,2.27083,3.0859,0.32521,80.46486,-5.051802,-1.300662,0.432378,,,,,,,,,,,,-1.63937,7.40288,-1.5859,50,5.63657,3.71678,-127.84756,-2.48652,-2.71098,26.5691,-19.9321,87.1748,,7.58878,,,,1000055344,Right,54.6312,-128.80641,13.28455,5.71333,-1.76719,-9.96605,-1.7218,3.81462,-1.35549,,,,,,,,,,,,,,,,,,,,,,,,,,,,,,,,,,,,,,,,,,,,,,,,,,,High,High,High,,,,,,v3
107,10/30/2022,2,2,1000103199,Right,T_A,1000103136,Right,T_B,4,Bottom,1,0,1,0-1,Fastball,Four-Seam,BallCalled,Undefined,Undefined,,Undefined,0,0,89.96333,-1.110302,-1.641541,1774.306275,194.766557,12:30,5.95878,1.01658,5.86798,-17.5843,16.85418,4.16347,3.46151,-0.16171,82.44404,-4.437756,-0.894982,0.42237,,,,,,,,,,,,-2.56677,9.2413,-0.88605,50,5.8586,3.56653,-130.6659,-3.06669,-4.45277,26.6529,-16.14244,89.24029,,7.5193,,,,1000055344,Right,54.63012,-131.60695,13.32645,5.95682,-2.49674,-8.07122,-1.01475,3.72375,-2.22639,,,,,,,,,,,,,,,,,,,,,,,,,,,,,,,,,,,,,,,,,,,,,,,,,,,High,High,High,,,,,,v3
108,10/30/2022,2,3,1000103199,Right,T_A,1000103136,Right,T_B,4,Bottom,1,1,1,1-1,Fastball,Changeup,StrikeCalled,Undefined,Undefined,,Undefined,0,0,89.51064,-2.281084,-2.874546,1642.286562,198.650056,12:30,5.80581,1.33687,5.84682,-20.91714,13.86107,4.32862,1.93918,-0.97588,82.50562,-6.181522,-2.099436,0.424449,,,,,,,,,,,,-2.95343,7.99989,-1.10544,50,5.60765,6.33913,-129.87788,-5.85758,-5.08251,25.29207,-18.40708,88.80331,,7.00502,,,,1000055344,Right,54.65223,-130.7807,12.64604,5.80502,-5.20052,-9.20354,-1.33496,6.52056,-2.54125,,,,,,,,,,,,,,,,,,,,,,,,,,,,,,,,,,,,,,,,,,,,,,,,,,,High,High,High,,,,,,v3
109,10/30/2022,2,4,1000103199,Right,T_A,1000103136,Right,T_B,4,Bottom,1,1,2,1-2,Slider,Curveball,BallCalled,Undefined,Undefined,,Undefined,0,0,77.59816,-2.207746,-0.957529,1998.002675,79.743035,8:45,5.80274,1.42576,5.84833,-48.32144,-1.76299,-17.63473,-0.27688,-0.93365,71.95455,-10.98802,-4.130859,0.491101,,,,,,,,,,,,8.8913,0.04417,-1.33704,50,5.59431,2.50227,-112.72277,-5.84364,11.39756,21.201,-32.11743,76.75091,,5.64361,,,,1000055344,Right,54.65445,-113.59481,10.6005,5.80751,-4.52258,-16.05872,-1.43032,2.03346,5.69878,,,,,,,,,,,,,,,,,,,,,,,,,,,,,,,,,,,,,,,,,,,,,,,,,,,High,High,High,,,,,,v3
110,10/30/2022,2,5,1000103199,Right,T_A,1000103136,Right,T_B,4,Bottom,1,2,2,2-2,Fastball,Four-Seam,FoulBall,Undefined,Undefined,GroundBall,Undefined,0,0,89.53492,-3.139855,-1.868047,1669.9303,184.811453,12:15,5.93491,1.23074,6.05226,-18.12914,16.17985,1.2802,1.51317,-0.39241,82.99892,-6.536942,-1.637669,0.421576,78.63562,4.92382,164.064272,2175.871382,,,,64.54105,39.57557,169.915747,0.652489,-1.11835,9.43339,-1.08616,50,5.68057,4.18996,-130.0349,-7.68642,-1.93867,24.08939,-15.82108,89.40851,2.70216,6.536,1.70513,1.46114,0.12528,1000055344,Right,54.44835,-130.85638,12.0447,5.93349,-7.14691,-7.91054,-1.23017,4.25608,-0.96933,,1.68825,-110.15553,15.64354,,,,,,,1.49376,9.21665,-17.70391,,,,,,,0.2124,29.7158,-19.68095,,,,,,,,,,,,,,,,,,,,,,,,,,,,,High,High,High,Medium,Medium,,,,v3
111,10/30/2022,2,6,1000103199,Right,T_A,1000103136,Right,T_B,4,Bottom,1,2,2,2-2,ChangeUp,Changeup,BallCalled,Undefined,Undefined,,Undefined,0,0,82.89379,-1.442576,-3.707417,1267.837838,260.232033,2:45,5.46864,1.74287,6.56521,-36.7262,2.89851,9.80918,1.08262,-0.84316,76.43403,-8.273085,-1.926078,0.453059,,,,,,,,,,,,-6.17906,2.28154,-1.49134,50,5.35378,7.45446,-120.35443,-4.10613,-9.08136,22.92217,-28.82089,83.19546,,6.45977,,,,1000055344,Right,53.93523,-121.1016,11.46108,5.47231,-3.16669,-14.41045,-1.73915,7.75047,-4.54068,,,,,,,,,,,,,,,,,,,,,,,,,,,,,,,,,,,,,,,,,,,,,,,,,,,High,High,High,,,,,,v3
112,10/30/2022,2,7,1000103199,Right,T_A,1000103136,Right,T_B,4,Bottom,1,3,2,3-2,Fastball,Four-Seam,BallCalled,Walk,Undefined,,Undefined,0,0,88.52603,-0.296379,-1.21294,1694.78866,199.131811,12:45,5.88519,1.2835,6.07751,-22.56631,12.79627,4.05453,3.73038,0.49895,80.9287,-4.545283,-0.482733,0.428,,,,,,,,,,,,-2.4215,7.01709,-1.19181,50,5.85026,2.5563,-128.6248,-1.36365,-4.0568,26.67036,-20.41806,88.06651,,7.59732,,,,1000055344,Right,54.42017,-129.53808,13.33518,5.88498,-0.66448,-10.20903,-1.28172,2.69522,-2.0284,,,,,,,,,,,,,,,,,,,,,,,,,,,,,,,,,,,,,,,,,,,,,,,,,,,High,High,High,,,,,,v3
113,10/30/2022,3,1,1000103199,Right,T_A,1000094105,Right,T_B,4,Bottom,1,0,0,0-0,Fastball,Four-Seam,InPlay,Undefined,GroundBall,GroundBall,Out,2,0,86.70587,-2.520346,-2.032693,1716.193782,184.088729,12:15,5.79516,1.55968,5.99296,-24.23041,12.73757,0.82902,1.43733,-0.25576,79.78675,-7.033778,-1.883641,0.437607,78.70925,-7.383149,-31.791068,,,,,12.59898,12.59898,-24.435433,0.092651,-0.98024,7.58615,-1.39995,50,5.58295,4.4346,-125.86162,-6.30027,-1.57648,24.92087,-19.97353,86.13311,1.4676,6.91912,2.69612,1.4676,0.39261,1000055344,Right,54.50694,-126.75086,12.46043,5.79504,-5.58756,-9.98676,-1.55919,4.49086,-0.78824,92.1819,2.69637,97.27172,-27.78031,,,,,,,1.46763,-14.83835,-10.8189,,,,,,,0.39272,-60.32741,-1.77367,,,,,,,,,,,,,,,,,,,,,,,,,,,,,High,High,High,Low,Low,,,,v3
114,10/30/2022,1,1,1000093990,Right,T_B,8886045,Left,T_A,5,Top,0,0,0,0-0,Fastball,Four-Seam,BallCalled,Undefined,Undefined,,Undefined,0,0,92.11265,-0.93484,-0.109018,2271.498366,184.356329,12:15,6.40867,1.39549,5.20156,-15.8256,17.66946,1.27161,4.21054,1.39892,84.76119,-3.898987,0.116306,0.416545,,,,,,,,,,,,-0.66323,9.36304,-1.38639,50,6.31054,0.19488,-133.79875,-2.7286,-1.21325,26.40191,-15.04611,90.48828,,7.35146,,,,1000073611,Right,55.29738,-134.84001,13.20095,6.40646,-2.1352,-7.52305,-1.39502,0.24273,-0.60663,,,,,,,,,,,,,,,,,,,,,,,,,,,,,,,,,,,,,,,,,,,,,,,,,,,High,High,High,,,,,,v3
115,10/30/2022,1,2,1000093990,Right,T_B,8886045,Left,T_A,5,Top,0,1,0,1-0,Fastball,Four-Seam,StrikeSwinging,Undefined,Undefined,,Undefined,0,0,94.18771,-2.137841,-2.5948,2358.273987,204.832795,12:45,6.2145,1.60365,5.51116,-16.14914,15.40521,6.72674,2.8666,-0.26392,87.27972,-5.147707,-1.397582,0.404297,,,,,,,,,,,,-4.01225,8.56457,-1.38193,50,6.01705,5.88957,-136.76403,-5.67213,-7.71857,25.72432,-15.69796,93.2295,,6.90799,,,,1000073611,Right,54.9891,-137.69925,12.86216,6.21289,-5.10142,-7.84898,-1.60115,6.17018,-3.85928,,,,,,,,,,,,,,,,,,,,,,,,,,,,,,,,,,,,,,,,,,,,,,,,,,,High,High,High,,,,,,v3
116,10/30/2022,1,3,1000093990,Right,T_B,8886045,Left,T_A,5,Top,0,1,1,1-1,Fastball,Four-Seam,BallCalled,Undefined,Undefined,,Undefined,0,0,94.18736,-2.147079,-1.110739,2188.118522,190.774081,12:15,6.30893,1.50987,5.51659,-12.97394,18.70265,3.38272,3.21886,0.75305,86.77221,-4.605927,-0.507972,0.40508,,,,,,,,,,,,-1.98791,10.27627,-1.41545,50,6.1133,2.49557,-136.78623,-5.53693,-3.80291,27.42921,-12.5153,93.04941,,7.41515,,,,1000073611,Right,54.98264,-137.78175,13.7146,6.30602,-5.08269,-6.25765,-1.50853,2.63359,-1.90145,,,,,,,,,,,,,,,,,,,,,,,,,,,,,,,,,,,,,,,,,,,,,,,,,,,High,High,High,,,,,,v3
117,10/30/2022,1,4,1000093990,Right,T_B,8886045,Left,T_A,5,Top,0,2,1,2-1,Slider,Slider,BallCalled,Undefined,Undefined,,Undefined,0,0,82.17204,1.345518,-0.557829,2529.133282,51.938483,7:45,5.98991,1.71849,4.84688,-46.88215,-4.48823,-7.16469,3.35719,0.59331,76.43701,-7.071922,-1.820209,0.468623,,,,,,,,,,,,3.40941,-2.1937,-1.65693,50,6.08223,1.47277,-119.42958,0.98505,4.99892,19.73279,-35.39049,80.4324,,5.73502,,,,1000073611,Right,55.65546,-120.36038,9.86639,5.99639,2.65442,-17.69525,-1.72084,1.23697,2.49946,,,,,,,,,,,,,,,,,,,,,,,,,,,,,,,,,,,,,,,,,,,,,,,,,,,High,High,High,,,,,,v3
118,10/30/2022,1,5,1000093990,Right,T_B,8886045,Left,T_A,5,Top,0,3,1,3-1,Fastball,Four-Seam,StrikeCalled,Undefined,Undefined,,Undefined,0,0,93.17593,-1.958781,-1.30557,2277.383572,192.736187,12:30,6.12264,1.53051,5.1148,-16.86946,15.97123,3.39445,2.87039,0.58326,85.94027,-5.089198,-0.705158,0.412456,,,,,,,,,,,,-2.01791,8.73756,-1.41041,50,5.92542,2.92077,-135.26022,-5.24406,-3.77807,26.57049,-15.81515,91.38535,,7.23566,,,,1000073611,Right,55.38463,-136.31387,13.28525,6.12094,-4.61691,-7.90758,-1.5292,3.07059,-1.88904,,,,,,,,,,,,,,,,,,,,,,,,,,,,,,,,,,,,,,,,,,,,,,,,,,,High,High,High,,,,,,v3
119,10/30/2022,1,6,1000093990,Right,T_B,8886045,Left,T_A,5,Top,0,3,2,3-2,Fastball,Four-Seam,BallCalled,Walk,Undefined,,Undefined,0,0,93.15242,-3.096487,-0.351833,2053.837637,192.243629,12:30,6.22998,1.37465,5.0941,-19.06391,13.92981,2.80953,1.72027,1.2772,85.90866,-6.603279,0.145367,0.413416,,,,,,,,,,,,-1.49228,8.02575,-1.34373,50,5.92253,0.69575,-135.10773,-8.03145,-2.78134,27.14131,-17.21557,91.17319,,7.24376,,,,1000073611,Right,55.40527,-136.18925,13.57065,6.2289,-7.34545,-8.60779,-1.37366,0.80658,-1.39067,,,,,,,,,,,,,,,,,,,,,,,,,,,,,,,,,,,,,,,,,,,,,,,,,,,High,High,High,,,,,,v3
120,10/30/2022,2,1,1000093990,Right,T_B,691273,Right,T_A,5,Top,0,0,0,0-0,Fastball,Four-Seam,BallCalled,Undefined,Undefined,,Undefined,0,0,93.05934,-1.164747,-3.041723,2292.292501,196.627093,12:30,6.25407,1.28885,5.22045,-18.1758,14.53127,4.07,3.64263,-1.23451,86.11596,-4.526447,-2.321951,0.411616,,,,,,,,,,,,-2.7576,7.82666,-1.01114,50,6.13302,6.98663,-135.07028,-3.42011,-5.17042,25.30642,-17.49936,91.5719,,6.94338,,,,1000073611,Right,55.27956,-136.05585,12.65321,6.25295,-2.73859,-8.74968,-1.28716,7.18799,-2.58521,,,,,,,,,,,,,,,,,,,,,,,,,,,,,,,,,,,,,,,,,,,,,,,,,,,High,High,High,,,,,,v3
121,10/30/2022,2,2,1000093990,Right,T_B,691273,Right,T_A,5,Top,0,1,0,1-0,Fastball,Four-Seam,BallCalled,Undefined,Undefined,GroundBall,Undefined,0,0,91.32042,-2.195005,-3.86476,2303.455796,184.855238,12:15,6.25451,1.34114,5.25571,-16.19946,18.18615,1.45339,2.83644,-2.17454,83.68132,-5.228631,-3.608062,0.422046,50.21091,-5.880481,168.372355,1733.54974,,,,20.53435,20.53435,162.147421,0.269004,-1.76158,10.00756,-0.98752,50,6.04121,8.86268,-132.19323,-5.61962,-3.12854,27.21761,-14.40078,89.30886,2.59077,7.6391,-0.83557,2.59077,2.26667,1000073611,Right,55.24224,-133.2682,13.60881,6.25193,-5.05086,-7.20039,-1.33999,8.98625,-1.56427,,-0.837,-71.68139,7.95112,,,,,,,2.59043,-7.52776,-7.81074,,,,,,,2.26653,14.77184,0.76179,,,,,,,,,,,,,,,,,,,,,,,,,,,,,High,High,High,Medium,High,,,,v3
122,10/30/2022,2,3,1000093990,Right,T_B,691273,Right,T_A,5,Top,0,2,0,2-0,Fastball,Four-Seam,BallCalled,Undefined,Undefined,,Undefined,0,0,92.0068,-1.589893,-3.649302,2335.101232,197.995392,12:30,6.27055,1.44361,5.26486,-15.78729,17.71938,5.44709,3.45794,-1.53536,84.97818,-4.537538,-2.686317,0.416617,,,,,,,,,,,,-3.60874,9.55398,-1.11349,50,6.11342,8.25727,-133.419,-4.25166,-6.59164,25.11223,-14.72293,90.47262,,7.02862,,,,1000073611,Right,55.23483,-134.4007,12.55612,6.26838,-3.67611,-7.36147,-1.44132,8.51495,-3.29582,,,,,,,,,,,,,,,,,,,,,,,,,,,,,,,,,,,,,,,,,,,,,,,,,,,High,High,High,,,,,,v3
123,10/30/2022,2,4,1000093990,Right,T_B,691273,Right,T_A,5,Top,0,3,0,3-0,Fastball,Four-Seam,InPlay,Undefined,GroundBall,GroundBall,Out,1,0,90.75705,-2.971196,-2.665787,2285.004804,204.434363,12:45,6.26732,1.4632,5.56597,-17.88032,16.23084,6.92174,1.99618,-0.45209,83.85581,-6.302185,-1.432444,0.420358,75.82869,-7.086867,-19.926594,,,,,20.46165,20.46165,-14.689404,0.164122,-4.19843,9.28634,-1.23796,50,5.99899,5.8309,-131.6519,-7.43879,-7.44594,25.19825,-15.70456,89.66739,2.21987,6.90124,3.07246,2.21987,0.69456,1000073611,Right,54.93477,-132.59306,12.59913,6.26588,-6.85223,-7.85228,-1.46094,6.10901,-3.72297,203.13231,3.07278,103.73209,-11.32025,,,,,,,2.21929,-13.67461,0.94923,,,,,,,0.69409,-37.57607,10.57241,,,,,,,,,,,,,,,,,,,,,,,,,,,,,High,High,High,Low,Low,,,,v3
124,10/30/2022,3,1,1000093990,Right,T_B,1000055244,Left,T_A,5,Top,1,0,0,0-0,Slider,Slider,BallCalled,Undefined,Undefined,,Undefined,1,0,81.57335,0.068977,-1.487914,2396.839632,69.921993,8:15,6.20326,1.72818,4.98293,-43.88176,-0.81858,-5.57815,2.61161,-0.14209,75.61384,-7.839144,-2.473136,0.472307,,,,,,,,,,,,2.39528,-0.05984,-1.57992,50,6.17383,3.3137,-118.47754,-1.5004,3.43494,20.74843,-32.25987,79.80496,,5.95951,,,,1000073611,Right,55.51793,-119.43996,10.37422,6.20872,-0.00403,-16.12993,-1.72993,3.15437,1.71747,,,,,,,,,,,,,,,,,,,,,,,,,,,,,77.6035,1.548875,0.720384,0.828491,-0.43653,2.35142,0.22268,-0.5668,4.8255,-1.78535,63.56033,3.17745,-61.22182,-0.54146,80.93753,-4.28772,4.84201,8.29459,-12.42511,-1.84743,-78.42115,8.11468,High,High,High,,,High,Medium,Medium,v3
125,10/30/2022,3,2,1000093990,Right,T_B,1000055244,Left,T_A,5,Top,2,1,0,1-0,Fastball,Four-Seam,BallCalled,Undefined,Undefined,,Undefined,0,0,93.63066,-0.315265,-1.770853,2419.361041,195.553027,12:30,6.19747,1.5839,5.5712,-14.39595,17.69674,4.65733,4.70318,0.31737,85.80515,-3.04766,-0.94061,0.407732,,,,,,,,,,,,-2.81327,9.32107,-1.4344,50,6.16098,3.98798,-135.97181,-1.20256,-5.29624,28.2546,-14.6263,92.4442,,7.82551,,,,1000073611,Right,54.92692,-136.99178,14.1273,6.19487,-0.67455,-7.31315,-1.58181,4.17917,-2.64812,,,,,,,,,,,,,,,,,,,,,,,,,,,,,,,,,,,,,,,,,,,,,,,,,,,High,High,High,,,,,,v3
126,10/30/2022,3,3,1000093990,Right,T_B,1000055244,Left,T_A,5,Top,2,2,0,2-0,Fastball,Four-Seam,StrikeSwinging,Undefined,Undefined,,Undefined,0,0,93.02269,-2.076007,-1.507103,2454.37734,204.710914,12:45,6.10597,1.40008,5.0095,-13.9995,19.25288,8.38867,2.9783,0.67627,85.30631,-4.70932,-0.026506,0.415033,,,,,,,,,,,,-4.54752,10.39119,-1.26254,50,5.89592,3.13991,-134.91648,-5.36874,-8.42959,27.79131,-12.91232,90.81789,,7.71638,,,,1000073611,Right,55.48892,-136.04244,13.89565,6.10284,-4.8456,-6.45616,-1.39667,3.48143,-4.21479,,,,,,,,,,,,,,,,,,,,,,,,,,,,,,,,,,,,,,,,,,,,,,,,,,,High,High,High,,,,,,v3
127,10/30/2022,3,4,1000093990,Right,T_B,1000055244,Left,T_A,5,Top,2,2,1,2-1,Fastball,Four-Seam,StrikeSwinging,Undefined,Undefined,,Undefined,0,0,92.33378,-0.946849,-0.360124,2426.464976,196.111428,12:30,6.20333,1.24306,5.03134,-18.67391,15.0158,4.04099,3.75372,1.24003,84.66125,-4.411161,0.353774,0.417754,,,,,,,,,,,,-2.10193,8.01158,-1.21205,50,6.09832,0.64788,-134.02285,-2.90923,-3.84173,27.64238,-17.53111,90.22651,,7.67253,,,,1000073611,Right,55.46711,-135.14574,13.82119,6.20204,-2.19708,-8.76555,-1.24154,0.80394,-1.92087,,,,,,,,,,,,,,,,,,,,,,,,,,,,,,,,,,,,,,,,,,,,,,,,,,,High,High,High,,,,,,v3
128,10/30/2022,1,1,1000097859,Right,T_A,1000187793,Left,T_B,5,Bottom,0,0,0,0-0,ChangeUp,Changeup,BallCalled,Undefined,Undefined,,Undefined,0,0,85.25719,-0.471269,-1.588893,1617.219596,267.395845,3:00,5.7444,1.55284,5.05052,-37.56872,2.00169,17.28076,2.16901,1.49393,78.38453,-7.283801,1.468528,0.452748,,,,,,,,,,,,-8.99331,1.50291,-1.41582,50,5.6696,2.6604,-123.7477,-2.46496,-13.97799,24.15511,-29.83813,83.25255,,6.87266,,,,1000055344,Right,55.4496,-124.80691,12.07755,5.749,-1.15655,-14.91907,-1.54592,3.27334,-6.989,,,,,,,,,,,,,,,,,,,,,,,,,,,,,,,,,,,,,,,,,,,,,,,,,,,High,High,High,,,,,,v3
129,10/30/2022,1,2,1000097859,Right,T_A,1000187793,Left,T_B,5,Bottom,0,1,0,1-0,Fastball,Four-Seam,BallCalled,Undefined,Undefined,,Undefined,0,0,90.86785,-0.800082,-1.74349,1935.033748,206.741003,1:00,5.95902,1.25843,5.4818,-19.72304,14.30154,6.71496,3.56644,0.18622,83.79945,-4.470054,-0.547984,0.419825,,,,,,,,,,,,-3.81496,7.71583,-1.11014,50,5.8755,3.71598,-132.01125,-2.52843,-6.80503,25.25052,-18.41069,89.7814,,7.06841,,,,1000055344,Right,55.01724,-132.96746,12.62526,5.95805,-1.83124,-9.20534,-1.25574,3.97368,-3.40251,,,,,,,,,,,,,,,,,,,,,,,,,,,,,,,,,,,,,,,,,,,,,,,,,,,High,High,High,,,,,,v3
130,10/30/2022,1,3,1000097859,Right,T_A,1000187793,Left,T_B,5,Bottom,0,2,0,2-0,Fastball,Four-Seam,InPlay,Undefined,FlyBall,LineDrive,Out,1,0,89.14087,-2.526183,-2.883349,2069.929283,208.548894,1:00,5.88401,1.41552,5.48593,-18.99076,16.56367,8.42922,1.9335,-0.5819,82.10507,-6.065242,-1.384058,0.429159,97.05153,17.115055,3.073377,3013.458749,109.9983,29.61942,-0.58888,328.94376,317.68983,-7.559907,3.676581,-5.03799,9.35867,-1.1687,50,5.64957,6.14989,-129.28027,-6.34437,-8.58994,25.06972,-16.21727,87.8286,37.48906,7.0358,2.68808,1.90357,0.58753,1000055344,Right,55.01463,-130.24907,12.53486,5.88263,-5.71767,-8.10864,-1.41278,6.48184,-4.29497,133.206557,2.68743,135.86307,-23.00291,4.89887,-1.17194,0.33131,-0.08624,0.01408,-0.00095,1.90434,41.86647,-12.29082,-0.6141,0.68776,-0.32193,0.09655,-0.01533,0.00096,0.58743,7.29641,-12.65289,4.47471,-1.32055,0.32635,-0.06437,0.00823,-0.00047,,,,,,,,,,,,,,,,,,,,,,,High,High,High,High,High,,,,v3
131,10/30/2022,2,1,1000097859,Right,T_A,1000051953,Right,T_B,5,Bottom,1,0,0,0-0,Slider,Curveball,BallCalled,Undefined,Undefined,,Undefined,0,0,78.46201,-0.07551,-1.830484,2507.918059,49.996589,7:45,5.70161,1.50366,4.77895,-52.97038,-5.47611,-8.32481,1.2158,-0.92579,72.18327,-9.568762,-3.296454,0.496012,,,,,,,,,,,,3.58957,-2.29083,-1.31286,50,5.64731,3.98151,-113.77773,-2.11419,4.68433,21.74903,-35.16352,75.99099,,6.27874,,,,1000055344,Right,55.7222,-114.86634,10.87452,5.70908,-0.35414,-17.58176,-1.50628,3.74705,2.34217,,,,,,,,,,,,,,,,,,,,,,,,,,,,,,,,,,,,,,,,,,,,,,,,,,,High,High,High,,,,,,v3
132,10/30/2022,2,2,1000097859,Right,T_A,1000051953,Right,T_B,5,Bottom,1,1,0,1-0,Fastball,Four-Seam,StrikeCalled,Undefined,Undefined,,Undefined,0,0,92.48645,-3.310636,-2.681067,2039.197388,198.845688,12:45,5.9902,1.03156,5.25269,-13.84379,19.67111,6.34949,1.71887,-0.96039,84.71802,-5.92444,-1.556749,0.416668,,,,,,,,,,,,-3.90087,11.05575,-0.79045,50,5.67619,5.97336,-133.9251,-8.20137,-7.10767,28.04561,-12.02951,90.46148,,7.76843,,,,1000055344,Right,55.24595,-135.0192,14.02281,5.98699,-7.73208,-6.01475,-1.02889,6.25064,-3.55384,,,,,,,,,,,,,,,,,,,,,,,,,,,,,,,,,,,,,,,,,,,,,,,,,,,High,High,High,,,,,,v3
133,10/30/2022,2,3,1000097859,Right,T_A,1000051953,Right,T_B,5,Bottom,1,1,1,1-1,Fastball,Sinker,BallCalled,Undefined,Undefined,,Undefined,0,0,90.03122,-3.828963,-3.460765,2033.640072,232.436977,1:45,5.82815,1.3572,5.46476,-22.27978,12.80662,15.22887,0.37592,-0.61673,82.88149,-7.934873,-0.752154,0.426325,,,,,,,,,,,,-8.67434,7.80804,-1.06336,50,5.47496,7.22016,-130.31979,-9.52369,-14.98922,26.15423,-18.68178,88.41244,,7.14973,,,,1000055344,Right,55.0363,-131.32665,13.07712,5.82775,-8.8045,-9.34089,-1.35242,7.7972,-7.49461,,,,,,,,,,,,,,,,,,,,,,,,,,,,,,,,,,,,,,,,,,,,,,,,,,,High,High,High,,,,,,v3
134,10/30/2022,2,4,1000097859,Right,T_A,1000051953,Right,T_B,5,Bottom,1,2,1,2-1,ChangeUp,Changeup,StrikeCalled,Undefined,Undefined,,Undefined,0,0,84.56451,-1.226713,-2.556789,1444.77412,257.158187,2:30,5.72678,1.39138,5.1691,-34.94565,5.09111,16.9569,1.65886,0.39667,77.86937,-7.582767,0.44791,0.455408,,,,,,,,,,,,-9.18465,3.21685,-1.16672,50,5.5856,4.75145,-122.69181,-3.9189,-14.05414,23.39844,-27.25169,82.76628,,6.69514,,,,1000055344,Right,55.33176,-123.70445,11.69922,5.72969,-2.73951,-13.62585,-1.38552,5.35969,-7.02707,,,,,,,,,,,,,,,,,,,,,,,,,,,,,,,,,,,,,,,,,,,,,,,,,,,High,High,High,,,,,,v3
135,10/30/2022,2,5,1000097859,Right,T_A,1000051953,Right,T_B,5,Bottom,1,2,2,2-2,Fastball,Four-Seam,StrikeCalled,Strikeout,Undefined,,Undefined,0,0,91.23898,-3.299241,-2.970177,2066.046176,204.61194,12:45,5.91383,1.11828,5.43696,-15.77902,18.37698,7.92819,1.50184,-1.00487,83.75797,-6.262671,-1.561679,0.420635,,,,,,,,,,,,-4.78788,10.46103,-0.86094,50,5.61059,6.4991,-132.15204,-8.13949,-8.50755,26.89899,-13.5858,89.60852,,7.48101,,,,1000055344,Right,55.06214,-133.17843,13.44949,5.91128,-7.62109,-6.7929,-1.11512,6.82372,-4.25378,,,,,,,,,,,,,,,,,,,,,,,,,,,,,49.78606,3.160948,1.705626,1.455322,0.0839,1.35451,1.0408,-2.0699,6.08929,2.96187,68.8405,5.77791,-55.94842,-2.02857,51.72489,-2.07847,6.20875,21.57417,-15.01586,2.8654,-45.15518,3.25207,High,High,High,,,High,High,High,v3
136,10/30/2022,3,1,1000097859,Right,T_A,1000079407,Left,T_B,5,Bottom,2,0,0,0-0,Fastball,Sinker,BallCalled,Undefined,Undefined,,Undefined,0,0,90.84495,-0.444048,-3.013977,2107.992869,230.325936,1:45,5.92591,1.62133,5.3075,-20.82143,13.71599,15.24954,3.77338,0.06034,83.14885,-4.315399,-0.3108,0.422977,,,,,,,,,,,,-8.42465,7.30807,-1.35902,50,5.8707,6.2306,-131.76129,-1.76688,-14.87177,26.91007,-19.27336,89.11233,,7.6961,,,,1000055344,Right,55.19145,-132.81732,13.45504,5.92519,-1.01053,-9.63668,-1.61498,6.81421,-7.43589,,,,,,,,,,,,,,,,,,,,,,,,,,,,,,,,,,,,,,,,,,,,,,,,,,,High,High,High,,,,,,v3
137,10/30/2022,3,2,1000097859,Right,T_A,1000079407,Left,T_B,5,Bottom,2,1,0,1-0,ChangeUp,Changeup,BallCalled,Undefined,Undefined,,Undefined,0,0,84.46906,-2.924842,-2.683013,1651.401523,241.788224,2:00,5.7277,1.3126,5.40108,-28.47549,11.25902,18.75662,0.60863,0.35969,78.08131,-8.137062,0.654401,0.453686,,,,,,,,,,,,-10.17209,6.78158,-1.0871,50,5.44662,4.96064,-122.48869,-7.24645,-15.56894,22.51311,-21.7945,83.08047,,6.38775,,,,1000055344,Right,55.09986,-123.42247,11.25655,5.72844,-6.34247,-10.89725,-1.30625,5.6064,-7.78447,,,,,,,,,,,,,,,,,,,,,,,,,,,,,,,,,,,,,,,,,,,,,,,,,,,High,High,High,,,,,,v3
138,10/30/2022,3,3,1000097859,Right,T_A,1000079407,Left,T_B,5,Bottom,2,2,0,2-0,Fastball,Four-Seam,BallCalled,Undefined,Undefined,,Undefined,0,0,91.65352,-1.787216,-0.914336,2199.560144,210.644336,1:00,5.94611,1.22483,5.08918,-17.25639,16.88934,9.38394,2.82288,1.14499,84.07767,-5.002487,0.745172,0.420571,,,,,,,,,,,,-4.89095,9.17749,-1.14601,50,5.76393,1.67236,-132.98297,-4.76136,-8.80291,27.16068,-15.65607,89.62199,,7.57585,,,,1000055344,Right,55.40883,-134.08313,13.58034,5.94395,-4.1272,-7.82804,-1.22097,2.02892,-4.40146,,,,,,,,,,,,,,,,,,,,,,,,,,,,,,,,,,,,,,,,,,,,,,,,,,,High,High,High,,,,,,v3
139,10/30/2022,3,4,1000097859,Right,T_A,1000079407,Left,T_B,5,Bottom,2,3,0,3-0,Fastball,Sinker,BallCalled,Walk,Undefined,,Undefined,0,0,91.38068,-4.600786,-1.578307,2182.484485,231.239944,1:45,5.74667,1.50573,5.20546,-20.47615,13.81528,15.91131,-0.29752,1.34695,84.41511,-8.347758,1.243975,0.421468,,,,,,,,,,,,-8.44083,8.4189,-1.37244,50,5.30472,2.92519,-132.3162,-11.40761,-15.07223,26.32191,-17.14094,89.43141,,6.96558,,,,1000055344,Right,55.29586,-133.36555,13.16095,5.74588,-10.72427,-8.57047,-1.50104,3.52606,-7.53612,,,,,,,,,,,,,,,,,,,,,,,,,,,,,,,,,,,,,,,,,,,,,,,,,,,High,High,High,,,,,,v3
140,10/30/2022,4,1,1000097859,Right,T_A,1000073511,Right,T_B,5,Bottom,2,0,0,0-0,Fastball,Sinker,BallCalled,Undefined,Undefined,,Undefined,0,0,88.5924,-2.115097,-2.778486,1922.339319,229.526981,1:45,5.69886,1.85158,4.78064,-22.978,14.46213,15.43934,1.7759,0.50246,80.51473,-6.346886,-0.065778,0.440393,,,,,,,,,,,,-8.43032,8.105,-1.58809,50,5.46781,5.48853,-128.19787,-5.60573,-13.94727,27.95461,-18.76498,85.58827,,8.07767,,,,1000055344,Right,55.71764,-129.43865,13.9773,5.69813,-4.77284,-9.38249,-1.84544,6.10759,-6.97364,,,,,,,,,,,,,,,,,,,,,,,,,,,,,76.55128,2.065995,0.7616,1.304395,1.35313,1.76883,-0.50239,-0.93359,6.05466,0.87359,127.28145,6.77288,3.01116,-0.62133,108.80567,-8.16047,6.05448,14.40414,-10.61669,0.85901,1.25784,0.29694,High,High,High,,,High,High,High,v3
141,10/30/2022,4,2,1000097859,Right,T_A,1000073511,Right,T_B,5,Bottom,2,1,0,1-0,Fastball,Changeup,StrikeCalled,Undefined,Undefined,,Undefined,0,0,88.19731,-2.44215,-3.17139,1849.025473,244.704966,2:15,5.61272,1.80863,4.68588,-28.02667,9.87556,18.17052,0.9533,0.30842,80.39443,-7.537554,0.016589,0.443102,,,,,,,,,,,,-9.89674,5.91209,-1.50373,50,5.33929,6.2118,-127.57953,-6.55999,-16.23171,27.44605,-22.47755,85.0649,,7.80288,,,,1000055344,Right,55.81386,-128.82419,13.72303,5.61367,-5.54065,-11.23878,-1.80213,6.94789,-8.11585,,,,,,,,,,,,,,,,,,,,,,,,,,,,,,,,,,,,,,,,,,,,,,,,,,,High,High,High,,,,,,v3
142,10/30/2022,4,3,1000097859,Right,T_A,1000073511,Right,T_B,5,Bottom,2,1,1,1-1,Slider,Curveball,StrikeCalled,Undefined,Undefined,,Undefined,0,0,76.86799,1.849914,-0.276888,2382.062844,54.515959,7:45,5.55406,1.79189,4.18736,-55.00649,-4.24855,-8.33619,2.74348,0.83188,70.08288,-7.96754,-1.728165,0.512771,,,,,,,,,,,,3.9163,-2.08209,-1.75197,50,5.70021,0.9066,-111.29056,1.44408,4.87904,21.21414,-34.76796,73.50736,,6.78511,,,,1000055344,Right,56.31172,-112.48727,10.60707,5.56343,3.40536,-17.38398,-1.79534,0.63137,2.43952,,,,,,,,,,,,,,,,,,,,,,,,,,,,,,,,,,,,,,,,,,,,,,,,,,,High,High,High,,,,,,v3
143,10/30/2022,4,4,1000097859,Right,T_A,1000073511,Right,T_B,5,Bottom,2,1,2,1-2,Fastball,Four-Seam,InPlay,Undefined,GroundBall,GroundBall,Single,0,1,91.14692,-2.9877,-2.87211,2019.258587,207.350116,1:00,6.0022,1.44169,5.50832,-16.77296,17.51887,8.47815,1.80436,-0.53998,83.23566,-6.14441,-1.363568,0.42147,97.49747,1.904766,29.775508,4314.057923,,,,65.09395,61.5137,32.285233,0.486887,-5.10087,10.02989,-1.19686,50,5.73004,6.24267,-132.00808,-7.44101,-8.99089,28.39194,-14.49513,89.43087,1.85858,7.91126,0.85099,1.52409,0.50357,1000055344,Right,54.99029,-133.07705,14.19597,5.99992,-6.89527,-7.24756,-1.43827,6.58118,-4.49544,269.75173,0.88057,123.22999,-24.7913,,,,,,,1.53319,4.50156,-15.74931,,,,,,,0.49701,71.15823,-1.55348,,,,,,,,,,,,,,,,,,,,,,,,,,,,,High,High,High,High,High,,,,v3
144,10/30/2022,5,1,1000097859,Right,T_A,1000110361,Right,T_B,5,Bottom,2,0,0,0-0,Fastball,Four-Seam,InPlay,Undefined,GroundBall,GroundBall,Single,0,0,89.6846,-1.628818,-2.536353,2107.843998,209.09872,1:00,5.95595,1.44029,5.59189,-18.51229,16.82438,8.70595,2.8905,-0.20401,81.58674,-5.121302,-0.98426,0.427843,106.30166,-5.490536,-26.26614,,,,,25.0652,17.86447,-24.092878,0.157788,-5.17256,9.35552,-1.2285,50,5.80434,5.38016,-130.02541,-4.2934,-8.81234,28.49741,-16.2353,88.0988,2.83145,8.09786,1.9275,2.83145,0.34426,1000055344,Right,54.90667,-131.09639,14.24871,5.95423,-3.68325,-8.11765,-1.43692,5.71135,-4.40617,50.243587,1.92986,138.9707,-39.2987,,,,,,,2.83236,-14.99435,-18.76973,,,,,,,0.34393,-68.65253,10.31848,,,,,,,,,,,,,,,,,,,,,,,,,,,,,High,High,High,Low,Low,,,,v3
145,10/30/2022,6,1,1000097859,Right,T_A,1000187798,Right,T_B,5,Bottom,2,0,0,0-0,Slider,Curveball,FoulBall,Undefined,Undefined,,Undefined,0,0,77.42384,0.247304,-2.117366,2424.081407,16.639973,6:30,5.74175,1.81997,4.72024,-54.35491,-5.63374,-2.13425,1.44701,-0.36803,71.4106,-9.482271,-2.492759,0.502378,,,,,,,,,,,,0.46748,-2.52252,-1.60399,50,5.71755,4.23841,-112.29558,-1.50807,0.59648,20.48317,-35.3926,75.0281,,6.01324,,,,1000055344,Right,55.78184,-113.3453,10.24158,5.74836,0.30573,-17.6963,-1.82042,4.20784,0.29824,,,,,,,,,,,,,,,,,,,,,,,,,,,,,,,,,,,,,,,,,,,,,,,,,,,High,High,High,,,,,,v3
146,10/30/2022,6,2,1000097859,Right,T_A,1000187798,Right,T_B,5,Bottom,2,0,1,0-1,Slider,Curveball,StrikeSwinging,Undefined,Undefined,,Undefined,0,0,77.71315,1.034586,-0.733195,2424.180031,28.960819,7:00,5.59521,1.89589,4.18205,-58.67066,-9.17827,-5.96118,1.69765,0.69645,71.31693,-9.378926,-1.772362,0.506338,,,,,,,,,,,,2.66536,-4.2961,-1.80821,50,5.64696,1.70377,-112.62368,-0.29888,3.40839,21.2913,-37.66776,74.44126,,6.39622,,,,1000055344,Right,56.31938,-113.81208,10.64565,5.60497,1.80358,-18.83388,-1.898,1.51353,1.70419,,,,,,,,,,,,,,,,,,,,,,,,,,,,,,,,,,,,,,,,,,,,,,,,,,,High,High,High,,,,,,v3
147,10/30/2022,6,3,1000097859,Right,T_A,1000187798,Right,T_B,5,Bottom,2,0,2,0-2,Slider,Curveball,FoulBall,Undefined,Undefined,,Undefined,0,0,77.75035,-0.132487,-0.570738,2475.782241,53.737415,7:45,5.6457,1.86684,4.39368,-53.97853,-5.17488,-9.09292,1.02101,0.56423,71.82952,-9.732964,-2.16275,0.502802,,,,,,,,,,,,4.30941,-2.16032,-1.79626,50,5.57752,1.50704,-112.80004,-2.32708,5.55415,20.45584,-34.95835,74.96471,,5.92082,,,,1000055344,Right,56.10856,-113.90242,10.22792,5.65217,-0.44316,-17.47917,-1.86941,1.20773,2.77708,,,,,,,,,,,,,,,,,,,,,,,,,,,,,,,,,,,,,,,,,,,,,,,,,,,High,High,High,,,,,,v3
148,10/30/2022,6,4,1000097859,Right,T_A,1000187798,Right,T_B,5,Bottom,2,0,2,0-2,ChangeUp,Changeup,FoulBall,Undefined,Undefined,,Undefined,0,0,83.06077,-0.395743,-2.530045,1391.464493,275.663488,3:15,5.66801,1.88754,5.1281,-41.73746,0.04717,13.04737,1.8168,0.59044,76.12481,-7.967386,-0.219431,0.465243,,,,,,,,,,,,-7.26827,0.48047,-1.66065,50,5.59819,4.77145,-120.46234,-2.37785,-10.65398,23.93323,-31.46977,81.01668,,6.93596,,,,1000055344,Right,55.37266,-121.52508,11.96662,5.67276,-0.98046,-15.73489,-1.88302,5.24454,-5.32699,,,,,,,,,,,,,,,,,,,,,,,,,,,,,,,,,,,,,,,,,,,,,,,,,,,High,High,High,,,,,,v3
149,10/30/2022,6,5,1000097859,Right,T_A,1000187798,Right,T_B,5,Bottom,2,0,2,0-2,Slider,Curveball,StrikeSwinging,Strikeout,Undefined,,Undefined,0,0,78.88916,-0.03504,-2.420978,2495.71483,62.67987,8:00,5.80043,1.69583,4.71805,-50.24192,-3.11134,-8.93205,1.58032,-1.34731,72.49934,-9.041042,-3.990013,0.494109,,,,,,,,,,,,3.69622,-1.09862,-1.44264,50,5.75188,5.211,-114.32346,-1.95236,4.87152,21.89115,-33.62201,76.28366,,6.38981,,,,1000055344,Right,55.78212,-115.42534,10.94558,5.80756,-0.26002,-16.81101,-1.69876,4.9658,2.43576,,,,,,,,,,,,,,,,,,,,,,,,,,,,,,,,,,,,,,,,,,,,,,,,,,,High,High,High,,,,,,v3
150,10/30/2022,1,1,1000093990,Right,T_B,1000058463,Right,T_A,6,Top,0,0,0,0-0,Slider,Curveball,StrikeCalled,Undefined,Undefined,,Undefined,0,0,80.5036,0.063006,-2.15323,2483.05091,47.593256,7:30,6.12811,1.7614,4.89845,-49.00723,-3.9341,-5.93162,2.10381,-0.77043,73.66864,-8.765412,-3.199062,0.483204,,,,,,,,,,,,2.28713,-1.53008,-1.54529,50,6.09301,4.64004,-116.67047,-1.71292,3.1294,23.44926,-34.26761,78.00526,,6.83496,,,,1000073611,Right,55.60098,-117.79081,11.72463,6.13574,-0.0757,-17.13381,-1.76341,4.49053,1.5647,,,,,,,,,,,,,,,,,,,,,,,,,,,,,,,,,,,,,,,,,,,,,,,,,,,High,High,High,,,,,,v3
151,10/30/2022,1,2,1000093990,Right,T_B,1000058463,Right,T_A,6,Top,0,0,1,0-1,Fastball,Four-Seam,StrikeSwinging,Undefined,Undefined,,Undefined,0,0,90.10508,-3.01852,-2.985739,2260.520158,217.535607,1:15,6.3346,1.43603,5.44327,-21.77348,13.32709,9.37729,1.6874,-0.58065,82.60914,-7.048791,-1.318394,0.426411,,,,,,,,,,,,-5.568,7.8843,-1.17871,50,6.05243,6.39209,-130.51235,-7.65519,-9.61639,27.12896,-18.55717,88.39461,,7.49594,,,,1000073611,Right,55.05606,-131.55913,13.56448,6.33399,-6.93916,-9.27858,-1.43251,6.76314,-4.8082,,,,,,,,,,,,,,,,,,,,,,,,,,,,,,,,,,,,,,,,,,,,,,,,,,,High,High,High,,,,,,v3
152,10/30/2022,1,3,1000093990,Right,T_B,1000058463,Right,T_A,6,Top,0,0,2,0-2,Slider,Slider,BallCalled,Undefined,Undefined,,Undefined,0,0,81.79309,-1.542685,-3.201658,2517.382388,99.66362,9:15,6.12454,1.48794,4.94734,-40.70278,3.10921,-9.56587,1.27223,-2.33784,74.7654,-8.887765,-4.886267,0.476396,,,,,,,,,,,,3.77906,2.41465,-1.16858,50,5.9411,7.02723,-118.3517,-4.69149,5.30562,24.72967,-28.78396,79.12001,,7.02768,,,,1000073611,Right,55.55143,-119.50604,12.36484,6.12873,-3.34789,-14.39198,-1.49082,6.77958,2.65281,,,,,,,,,,,,,,,,,,,,,,,,,,,,,,,,,,,,,,,,,,,,,,,,,,,High,High,High,,,,,,v3
153,10/30/2022,1,4,1000093990,Right,T_B,1000058463,Right,T_A,6,Top,0,1,2,1-2,Slider,Slider,StrikeSwinging,Strikeout,Undefined,,Undefined,0,0,84.44652,-1.558661,-4.192918,2570.935652,64.081951,8:15,6.09917,1.74454,4.91338,-43.22774,-2.18354,-7.19315,1.01873,-2.82664,77.61477,-9.303293,-5.456829,0.461102,,,,,,,,,,,,2.35335,-0.29157,-1.3281,50,5.91019,9.2682,-122.1381,-5.00934,3.53579,25.26543,-32.6121,81.74418,,6.83175,,,,1000073611,Right,55.58695,-123.2884,12.63272,6.10446,-3.52456,-16.30605,-1.7464,9.10721,1.7679,,,,,,,,,,,,,,,,,,,,,,,,,,,,,,,,,,,,,,,,,,,,,,,,,,,High,High,High,,,,,,v3
154,10/30/2022,2,1,1000093990,Right,T_B,1000069979,Right,T_A,6,Top,1,0,0,0-0,Fastball,Four-Seam,StrikeCalled,Undefined,Undefined,,Undefined,0,0,91.91867,-3.071526,-3.867159,2405.124693,204.680321,12:45,6.16284,1.24802,5.39581,-16.60395,17.22997,7.41977,1.89138,-1.76325,84.16117,-6.18183,-2.552181,0.418647,,,,,,,,,,,,-4.79492,9.83394,-0.908,50,5.87666,8.65193,-133.00077,-7.70892,-8.60792,27.93058,-14.51998,90.034,,7.7575,,,,1000073611,Right,55.10315,-134.06816,13.96529,6.16066,-7.15403,-7.25999,-1.24492,8.98089,-4.30396,,,,,,,,,,,,,,,,,,,,,,,,,,,,,,,,,,,,,,,,,,,,,,,,,,,High,High,High,,,,,,v3
155,10/30/2022,2,2,1000093990,Right,T_B,1000069979,Right,T_A,6,Top,1,0,1,0-1,Slider,Slider,StrikeSwinging,Undefined,Undefined,,Undefined,0,0,82.6082,-0.571051,-2.608102,2528.788377,65.78612,8:15,6.03703,1.64665,4.86267,-44.25317,-1.63457,-6.56398,1.80822,-1.37048,76.06169,-8.524303,-3.763686,0.469863,,,,,,,,,,,,2.51831,-0.26661,-1.38367,50,5.94294,5.74102,-119.75153,-2.8974,3.65549,23.2058,-32.56108,80.2201,,6.54652,,,,1000073611,Right,55.63729,-120.839,11.6029,6.04297,-1.37152,-16.28054,-1.64869,5.56971,1.82775,,,,,,,,,,,,,,,,,,,,,,,,,,,,,,,,,,,,,,,,,,,,,,,,,,,High,High,High,,,,,,v3
156,10/30/2022,2,3,1000093990,Right,T_B,1000069979,Right,T_A,6,Top,1,0,2,0-2,Fastball,Four-Seam,BallCalled,Undefined,Undefined,,Undefined,0,0,94.33769,-2.362432,-4.125118,2423.265492,199.003873,12:45,6.25056,1.08575,5.53585,-14.1291,17.88092,5.79996,2.85799,-2.29333,86.07651,-5.043095,-3.095557,0.407206,,,,,,,,,,,,-4.08394,10.00725,-0.73123,50,6.03585,9.5766,-136.52431,-6.09485,-7.70591,30.12909,-13.29147,92.56353,,8.26118,,,,1000073611,Right,54.96242,-137.61509,15.06455,6.24779,-5.61365,-6.64574,-1.08298,9.85558,-3.85295,,,,,,,,,,,,,,,,,,,,,,,,,,,,,,,,,,,,,,,,,,,,,,,,,,,High,High,High,,,,,,v3
157,10/30/2022,2,4,1000093990,Right,T_B,1000069979,Right,T_A,6,Top,1,1,2,1-2,Fastball,Four-Seam,BallCalled,Undefined,Undefined,,Undefined,1,0,92.27494,-3.958197,-3.577331,2293.366792,196.73064,12:30,6.24333,1.21551,5.35251,-16.98639,16.49812,4.65374,1.10224,-1.75621,85.07008,-7.109153,-2.75277,0.416479,,,,,,,,,,,,-3.2591,9.61985,-0.89677,50,5.87415,8.13392,-133.50558,-9.84453,-5.93011,26.54618,-14.6701,90.50256,,7.20486,,,,1000073611,Right,55.14709,-134.52513,13.27309,6.24142,-9.28111,-7.33505,-1.21354,8.36168,-2.96506,,,,,,,,,,,,,,,,,,,,,,,,,,,,,77.44248,1.713508,0.847053,0.866455,0.95057,1.04391,1.77859,-1.32435,5.73831,-0.37576,63.75206,2.40628,-61.02696,-1.29105,79.77015,-5.41587,5.7557,6.61552,-12.09003,-0.4665,-78.89697,10.36116,High,High,High,,,High,Medium,High,v3
158,10/30/2022,2,5,1000093990,Right,T_B,1000069979,Right,T_A,6,Top,2,2,2,2-2,Slider,Slider,BallCalled,Undefined,Undefined,,Undefined,0,0,82.58303,-1.130912,-3.263899,2576.411827,96.252594,9:15,6.13434,1.21782,4.96614,-40.20112,2.32516,-9.2956,1.71407,-2.64337,76.11415,-8.372016,-4.900598,0.469354,,,,,,,,,,,,3.71583,1.8413,-0.89381,50,5.99177,7.22111,-119.64271,-3.86847,5.3861,23.07784,-29.50505,80.30713,,6.46887,,,,1000073611,Right,55.5336,-120.70537,11.53892,6.13862,-2.50987,-14.75253,-1.22061,6.9731,2.69305,,,,,,,,,,,,,,,,,,,,,,,,,,,,,,,,,,,,,,,,,,,,,,,,,,,High,High,High,,,,,,v3
159,10/30/2022,2,6,1000093990,Right,T_B,1000069979,Right,T_A,6,Top,2,3,2,3-2,Fastball,Four-Seam,BallCalled,Walk,Undefined,,Undefined,0,0,92.76986,-3.353865,-4.377513,2349.712221,202.406778,12:45,6.12781,1.15196,5.32132,-18.12363,15.19706,5.83296,1.45728,-2.47801,85.13511,-6.715077,-3.346335,0.415459,,,,,,,,,,,,-4.09642,8.83725,-0.7594,50,5.81025,9.99457,-134.11038,-8.52479,-7.49092,27.8955,-16.01372,90.72478,,7.63475,,,,1000073611,Right,55.17741,-135.18302,13.94775,6.1262,-7.90903,-8.00686,-1.14925,10.28261,-3.74546,,,,,,,,,,,,,,,,,,,,,,,,,,,,,,,,,,,,,,,,,,,,,,,,,,,High,High,High,,,,,,v3
160,10/30/2022,3,1,1000093990,Right,T_B,1000066765,Right,T_A,6,Top,2,0,0,0-0,Fastball,Four-Seam,BallCalled,Undefined,Undefined,,Undefined,0,0,92.28475,-1.434871,-3.101507,2251.283081,191.764547,12:30,6.18201,1.10939,5.20486,-17.69517,15.96147,3.10614,3.3557,-1.5515,84.50629,-4.73408,-2.552451,0.417548,,,,,,,,,,,,-2.38477,8.67146,-0.82456,50,6.03609,7.10055,-133.74875,-3.98261,-4.33448,27.92942,-16.41305,90.27085,,7.77845,,,,1000073611,Right,55.29347,-134.84961,13.96471,6.18032,-3.33568,-8.20653,-1.1078,7.2714,-2.16724,,,,,,,,,,,,,,,,,,,,,,,,,,,,,,,,,,,,,,,,,,,,,,,,,,,High,High,High,,,,,,v3
161,10/30/2022,3,2,1000093990,Right,T_B,1000066765,Right,T_A,6,Top,2,1,0,1-0,Slider,Slider,StrikeCalled,Undefined,Undefined,,Undefined,0,0,82.5797,-0.015259,-2.835498,2598.755451,101.510168,9:30,6.05988,1.55896,4.83042,-39.52833,2.93142,-8.3206,2.75139,-1.82185,76.28799,-7.136291,-4.297061,0.468986,,,,,,,,,,,,3.36902,1.8215,-1.27029,50,6.02437,6.29484,-119.7521,-1.53909,4.92287,21.77125,-29.51245,80.37002,,6.29171,,,,1000073611,Right,55.66937,-120.77841,10.88562,6.06413,-0.14786,-14.75623,-1.56157,6.06278,2.46144,,,,,,,,,,,,,,,,,,,,,,,,,,,,,,,,,,,,,,,,,,,,,,,,,,,High,High,High,,,,,,v3
162,10/30/2022,3,3,1000093990,Right,T_B,1000066765,Right,T_A,6,Top,2,1,1,1-1,Slider,Curveball,StrikeSwinging,Undefined,Undefined,,Undefined,0,0,81.73367,-0.419141,-2.116151,2622.112908,27.263159,7:00,6.01233,1.57212,5.10305,-48.3968,-5.23796,-3.39374,1.58405,-0.70554,75.2424,-9.143558,-2.717252,0.472832,,,,,,,,,,,,1.09362,-2.11343,-1.36967,50,5.93461,4.5238,-118.57473,-2.67041,1.5537,23.12577,-35.17653,79.71642,,6.49127,,,,1000073611,Right,55.39765,-119.62281,11.56288,6.0195,-1.07618,-17.58826,-1.57309,4.45338,0.77685,,,,,,,,,,,,,,,,,,,,,,,,,,,,,,,,,,,,,,,,,,,,,,,,,,,High,High,High,,,,,,v3
163,10/30/2022,3,4,1000093990,Right,T_B,1000066765,Right,T_A,6,Top,2,1,2,1-2,Slider,Curveball,StrikeSwinging,Strikeout,Undefined,,Undefined,0,0,81.43506,-0.849407,-1.798598,2522.580424,44.035592,7:30,6.01459,1.27115,4.98425,-51.16704,-7.29304,-8.4243,0.9481,-1.1299,74.82151,-10.035574,-3.288802,0.476733,,,,,,,,,,,,3.65032,-2.96882,-1.0905,50,5.89066,4.06558,-118.08299,-3.68687,5.11587,24.03888,-36.33482,79.06408,,6.61354,,,,1000073611,Right,55.51652,-119.20073,12.01944,6.02281,-1.9974,-18.16741,-1.27401,3.82771,2.55794,,,,,,,,,,,,,,,,,,,,,,,,,,,,,,,,,,,,,,,,,,,,,,,,,,,High,High,High,,,,,,v3
164,10/30/2022,1,1,1000097859,Right,T_A,1000103136,Right,T_B,6,Bottom,0,0,0,0-0,Fastball,Changeup,BallCalled,Undefined,Undefined,,Undefined,0,0,86.6546,-3.344456,-3.804185,1783.443743,221.05056,1:15,5.96589,1.37855,5.13585,-24.01651,14.61997,11.59867,0.80457,-1.24249,79.1758,-7.765601,-1.755926,0.447373,,,,,,,,,,,,-6.8787,8.62103,-1.03089,50,5.63323,7.81252,-125.24887,-8.18241,-10.9009,25.85866,-18.51209,84.25275,,7.4788,,,,1000055344,Right,55.36258,-126.35117,12.92933,5.9652,-7.39328,-9.25604,-1.37383,8.2772,-5.45045,,,,,,,,,,,,,,,,,,,,,,,,,,,,,,,,,,,,,,,,,,,,,,,,,,,High,High,High,,,,,,v3
165,10/30/2022,1,2,1000097859,Right,T_A,1000103136,Right,T_B,6,Bottom,0,1,0,1-0,Slider,Curveball,BallCalled,Undefined,Undefined,,Undefined,0,0,76.78173,-0.056395,-3.58189,2357.981835,24.192228,6:45,5.6648,1.95668,4.8048,-57.99751,-8.33792,-4.4478,0.77814,-1.81208,70.83276,-10.414676,-4.363888,0.507193,,,,,,,,,,,,1.16476,-3.69579,-1.59566,50,5.60834,7.14095,-111.20681,-2.21637,1.45263,20.70538,-36.78325,74.31581,,5.94897,,,,1000055344,Right,55.69702,-112.26252,10.35269,5.67353,-0.34091,-18.39163,-1.95786,7.06688,0.72632,,,,,,,,,,,,,,,,,,,,,,,,,,,,,,,,,,,,,,,,,,,,,,,,,,,High,High,High,,,,,,v3
166,10/30/2022,1,3,1000097859,Right,T_A,1000103136,Right,T_B,6,Bottom,0,2,0,2-0,Fastball,Four-Seam,FoulBall,Undefined,Undefined,LineDrive,Undefined,0,0,89.99181,-2.445655,-3.313258,1918.272197,208.822114,1:00,5.89619,1.54519,5.53273,-20.6504,14.30493,7.2765,1.88402,-0.94896,82.67031,-6.283132,-2.018608,0.425528,84.83182,26.958211,57.577583,4723.174871,50.21275,44.61573,97.87067,282.89341,151.92168,71.245377,3.776793,-4.58492,8.21867,-1.26233,50,5.6698,7.23445,-130.42803,-6.28535,-7.93202,26.32477,-17.95566,88.57806,50.27616,7.32149,1.2509,1.91025,0.60078,1000055344,Right,54.96707,-131.42673,13.16239,5.89533,-5.60416,-8.97783,-1.5425,7.53537,-3.96601,,1.24993,59.4911,-19.75036,5.50188,-1.44858,0.37512,-0.08614,0.01279,-0.0008,1.91123,56.37385,-17.6212,0.52207,0.27317,-0.17536,0.05346,-0.00772,0.00041,0.60036,93.62485,-9.92323,1.68899,-0.40042,0.1574,-0.05158,0.00925,-0.00065,,,,,,,,,,,,,,,,,,,,,,,High,High,High,High,Low,,,,v3
167,10/30/2022,1,4,1000097859,Right,T_A,1000103136,Right,T_B,6,Bottom,0,2,1,2-1,Fastball,Sinker,BallCalled,Undefined,Undefined,,Undefined,0,0,88.28087,-0.877648,-2.076412,1962.181002,232.134799,1:45,5.74703,1.76712,4.94947,-23.19832,14.28182,16.69599,2.98391,1.19552,79.96817,-5.177742,0.867383,0.440628,,,,,,,,,,,,-9.01178,7.71248,-1.58058,50,5.64341,3.87798,-127.91184,-2.81051,-14.78755,28.74108,-19.51851,85.5426,,8.3127,,,,1000055344,Right,55.5504,-129.15296,14.37054,5.74657,-1.96764,-9.75926,-1.76183,4.51655,-7.39378,,,,,,,,,,,,,,,,,,,,,,,,,,,,,,,,,,,,,,,,,,,,,,,,,,,High,High,High,,,,,,v3
168,10/30/2022,1,5,1000097859,Right,T_A,1000103136,Right,T_B,6,Bottom,0,3,1,3-1,Fastball,Four-Seam,StrikeSwinging,Undefined,Undefined,,Undefined,0,0,91.13071,-2.486127,-2.189428,2195.469024,194.017185,12:30,5.92722,1.53464,5.36957,-12.63324,22.14178,5.21563,2.54029,-0.08453,82.28968,-4.932235,-1.263512,0.424429,,,,,,,,,,,,-3.29067,12.23162,-1.34206,50,5.69568,4.79972,-131.9088,-6.07718,-5.73285,30.99783,-10.86468,88.80738,,8.84103,,,,1000055344,Right,55.12647,-133.10804,15.49892,5.92266,-5.65684,-5.43234,-1.53204,5.02152,-2.86642,,,,,,,,,,,,,,,,,,,,,,,,,,,,,,,,,,,,,,,,,,,,,,,,,,,High,High,High,,,,,,v3
169,10/30/2022,1,6,1000097859,Right,T_A,1000103136,Right,T_B,6,Bottom,0,3,2,3-2,ChangeUp,Changeup,FoulBall,Undefined,Undefined,GroundBall,Undefined,0,0,83.41929,-0.657098,-4.018982,1758.797386,244.825562,2:15,5.6906,1.83999,5.62623,-31.02663,9.80339,17.96473,2.49036,-0.41931,76.03394,-6.403855,-0.818264,0.459898,48.04986,-49.612722,-106.420746,,,,,3.49285,3.46676,-31.954879,0.050436,-10.35686,5.53953,-1.50928,50,5.6146,7.77318,-120.86179,-2.40896,-15.25508,24.48137,-24.0146,81.95835,2.73054,7.38535,3.6202,2.73054,0.37949,1000055344,Right,54.87409,-121.84507,12.24069,5.69199,-1.44442,-12.0073,-1.83379,8.38589,-7.62754,,3.6211,-13.01927,,,,,,,,2.73428,-54.13893,,,,,,,,0.38254,-44.1766,,,,,,,,,,,,,,,,,,,,,,,,,,,,,,High,High,High,Estimated,Estimated,,,,v3
170,10/30/2022,1,7,1000097859,Right,T_A,1000103136,Right,T_B,6,Bottom,0,3,2,3-2,ChangeUp,Changeup,InPlay,Undefined,GroundBall,GroundBall,Out,1,0,82.22712,-1.82803,-3.476379,1801.764783,231.229621,1:45,5.67796,1.84269,5.20467,-30.33006,12.20296,13.48339,1.42748,-0.30716,75.38819,-7.391095,-1.090361,0.469391,70.30756,-11.997937,-50.389261,,,,,8.57088,8.57088,-33.358679,0.067096,-7.76256,6.99681,-1.53147,50,5.48577,6.68012,-119.10721,-4.8472,-11.15443,22.81433,-22.12,80.30077,1.44102,6.83894,2.83563,1.44102,0.51085,1000055344,Right,55.29531,-120.11721,11.40716,5.67868,-3.86794,-11.06,-1.83813,7.17393,-5.57721,180,2.83429,64.43269,,,,,,,,1.44147,-21.47717,,,,,,,,0.51247,-77.85603,,,,,,,,,,,,,,,,,,,,,,,,,,,,,,High,High,High,Low,Low,,,,v3
171,10/30/2022,2,1,1000097859,Right,T_A,1000094105,Right,T_B,6,Bottom,1,0,0,0-0,Fastball,Changeup,StrikeSwinging,Undefined,Undefined,,Undefined,0,0,86.87695,-1.562014,-3.568685,1906.918402,252.197343,2:30,5.71499,1.7896,4.90455,-30.63573,8.04209,21.01084,1.68155,0.16117,79.23875,-7.145542,0.130675,0.447613,,,,,,,,,,,,-11.43005,4.79095,-1.45894,50,5.53653,6.87803,-125.75454,-4.61569,-18.23884,26.34453,-24.52914,84.20771,,7.6382,,,,1000055344,Right,55.59529,-126.92129,13.17227,5.71689,-3.52934,-12.26457,-1.78145,7.68579,-9.11942,,,,,,,,,,,,,,,,,,,,,,,,,,,,,,,,,,,,,,,,,,,,,,,,,,,High,High,High,,,,,,v3
172,10/30/2022,2,2,1000097859,Right,T_A,1000094105,Right,T_B,6,Bottom,1,0,1,0-1,ChangeUp,Changeup,StrikeCalled,Undefined,Undefined,,Undefined,0,0,81.09569,-1.035653,-4.39354,1706.595955,249.290305,2:15,5.72828,1.7851,5.69007,-34.45774,8.81674,19.38363,1.88862,-0.70245,73.81413,-7.409986,-0.936495,0.473464,,,,,,,,,,,,-11.11426,5.23591,-1.42723,50,5.6196,8.2443,-117.3828,-3.23587,-15.40398,23.59824,-24.91723,79.60989,,7.28156,,,,1000055344,Right,54.80834,-118.3455,11.79912,5.73087,-2.21936,-12.45862,-1.77638,8.87271,-7.70199,,,,,,,,,,,,,,,,,,,,,,,,,,,,,,,,,,,,,,,,,,,,,,,,,,,High,High,High,,,,,,v3
173,10/30/2022,2,3,1000097859,Right,T_A,1000094105,Right,T_B,6,Bottom,1,0,2,0-2,Slider,Curveball,StrikeSwinging,Strikeout,Undefined,,Undefined,0,0,76.91843,0.658069,-1.987319,2471.411549,77.236589,8:30,5.6731,1.85983,4.46129,-50.59109,-0.5148,-9.4278,2.08503,-0.82139,70.4959,-8.401822,-3.635254,0.509316,,,,,,,,,,,,4.00079,0.04327,-1.64037,50,5.69369,4.26947,-111.4168,-0.61881,5.00725,20.82801,-32.11989,74.00598,,6.42253,,,,1000055344,Right,56.0376,-112.53979,10.41401,5.68037,1.11302,-16.05994,-1.86329,3.99949,2.50363,,,,,,,,,,,,,,,,,,,,,,,,,,,,,,,,,,,,,,,,,,,,,,,,,,,High,High,High,,,,,,v3
174,10/30/2022,3,1,1000097859,Right,T_A,1000187793,Left,T_B,6,Bottom,2,0,0,0-0,Slider,Curveball,BallCalled,Undefined,Undefined,,Undefined,0,0,77.0051,0.223545,-1.716649,2447.439815,27.296134,7:00,5.61816,1.91733,4.36421,-60.44822,-10.36989,-6.17138,0.79443,-0.2371,70.95315,-10.501744,-2.796287,0.509327,,,,,,,,,,,,2.5013,-4.66536,-1.72667,50,5.58118,3.60905,-111.61948,-1.90114,3.14121,20.94694,-38.03298,74.00446,,6.05195,,,,1000055344,Right,56.13776,-112.76543,10.47347,5.62828,0.17954,-19.01649,-1.91941,3.4372,1.57061,,,,,,,,,,,,,,,,,,,,,,,,,,,,,,,,,,,,,,,,,,,,,,,,,,,High,High,High,,,,,,v3
175,10/30/2022,3,2,1000097859,Right,T_A,1000187793,Left,T_B,6,Bottom,2,1,0,1-0,ChangeUp,Changeup,BallCalled,Undefined,Undefined,,Undefined,0,0,83.54004,0.114882,-1.731084,1776.882287,244.290083,2:15,5.74785,1.75431,5.37285,-31.74742,9.22957,16.37379,3.20999,1.49533,76.13279,-5.743219,1.179864,0.460725,,,,,,,,,,,,-8.70004,5.00587,-1.61108,50,5.73592,2.96565,-121.19465,-0.85427,-12.88674,24.59303,-24.7592,81.81119,,7.40725,,,,1000055344,Right,55.12529,-122.23025,12.29652,5.74994,0.18834,-12.3796,-1.74739,3.50831,-6.44337,,,,,,,,,,,,,,,,,,,,,,,,,,,,,,,,,,,,,,,,,,,,,,,,,,,High,High,High,,,,,,v3
176,10/30/2022,3,3,1000097859,Right,T_A,1000187793,Left,T_B,6,Bottom,2,2,0,2-0,ChangeUp,Changeup,StrikeCalled,Undefined,Undefined,,Undefined,0,0,82.11118,-0.816258,-2.168828,1632.831012,232.243245,1:45,5.5416,1.86958,5.52526,-28.86533,13.2893,15.37048,2.37246,1.12189,74.95469,-6.174901,0.570815,0.467298,,,,,,,,,,,,-8.37709,7.35847,-1.69147,50,5.45153,3.88315,-119.11476,-2.62849,-11.99938,23.52147,-21.63377,80.66038,,7.15649,,,,1000055344,Right,54.97287,-120.09274,11.76074,5.54212,-1.729,-10.81688,-1.86329,4.38205,-5.99969,,,,,,,,,,,,,,,,,,,,,,,,,,,,,,,,,,,,,,,,,,,,,,,,,,,High,High,High,,,,,,v3
177,10/30/2022,3,4,1000097859,Right,T_A,1000187793,Left,T_B,6,Bottom,2,2,1,2-1,Slider,Curveball,InPlay,Undefined,GroundBall,GroundBall,Out,1,0,77.9358,0.837675,-0.669087,2393.673142,39.105401,7:15,5.53237,1.81341,4.34786,-54.51814,-5.51733,-5.79559,1.78965,0.69115,71.31895,-8.892719,-1.681998,0.503817,70.16359,-28.92418,32.35145,,,,,6.88403,5.92122,9.732842,0.041009,2.64071,-2.58551,-1.7352,50,5.56717,1.56698,-112.9471,-0.45034,3.38838,21.85951,-35.4916,74.8137,2.04709,6.61685,3.65536,2.04709,-0.8186,1000055344,Right,56.15339,-114.1318,10.92976,5.53945,1.47316,-17.7458,-1.81515,1.38334,1.69419,180,3.65388,76.31409,,,,,,,,2.04806,-49.91783,,,,,,,,-0.81954,48.33973,,,,,,,,,,,,,,,,,,,,,,,,,,,,,,High,High,High,Low,Low,,,,v3
