PitchNo,Date,PAofInning,PitchofPA,PitcherId,PitcherThrows,PitcherTeam,BatterId,BatterSide,BatterTeam,Inning,Top/Bottom,Outs,Balls,Strikes,Count,TaggedPitchType,AutoPitchType,PitchCall,KorBB,TaggedHitType,AutoHitType,PlayResult,OutsOnPlay,RunsScored,RelSpeed,VertRelAngle,HorzRelAngle,SpinRate,SpinAxis,Tilt,RelHeight,RelSide,Extension,VertBreak,InducedVertBreak,HorzBreak,PlateLocHeight,PlateLocSide,ZoneSpeed,VertApprAngle,HorzApprAngle,ZoneTime,ExitSpeed,Angle,Direction,HitSpinRate,PositionAt110X,PositionAt110Y,PositionAt110Z,Distance,LastTrackedDistance,Bearing,HangTime,pfxx,pfxz,x0,y0,z0,vx0,vy0,vz0,ax0,ay0,az0,EffectiveVelo,MaxHeight,SpeedDrop,ContactPositionX,ContactPositionY,ContactPositionZ,CatcherId,CatcherThrows,PitchTrajectoryXc0,PitchTrajectoryXc1,PitchTrajectoryXc2,PitchTrajectoryYc0,PitchTrajectoryYc1,PitchTrajectoryYc2,PitchTrajectoryZc0,PitchTrajectoryZc1,PitchTrajectoryZc2,HitSpinAxis,HitTrajectoryXc0,HitTrajectoryXc1,HitTrajectoryXc2,HitTrajectoryXc3,HitTrajectoryXc4,HitTrajectoryXc5,HitTrajectoryXc6,HitTrajectoryXc7,HitTrajectoryXc8,HitTrajectoryYc0,HitTrajectoryYc1,HitTrajectoryYc2,HitTrajectoryYc3,HitTrajectoryYc4,HitTrajectoryYc5,HitTrajectoryYc6,HitTrajectoryYc7,HitTrajectoryYc8,HitTrajectoryZc0,HitTrajectoryZc1,HitTrajectoryZc2,HitTrajectoryZc3,HitTrajectoryZc4,HitTrajectoryZc5,HitTrajectoryZc6,HitTrajectoryZc7,HitTrajectoryZc8,ThrowSpeed,PopTime,ExchangeTime,TimeToBase,CatchPositionX,CatchPositionY,CatchPositionZ,ThrowPositionX,ThrowPositionY,ThrowPositionZ,BasePositionX,BasePositionY,BasePositionZ,ThrowTrajectoryXc0,ThrowTrajectoryXc1,ThrowTrajectoryXc2,ThrowTrajectoryYc0,ThrowTrajectoryYc1,ThrowTrajectoryYc2,ThrowTrajectoryZc0,ThrowTrajectoryZc1,ThrowTrajectoryZc2,PitchReleaseConfidence,PitchLocationConfidence,PitchMovementConfidence,HitLaunchConfidence,HitLandingConfidence,CatcherThrowCatchConfidence,CatcherThrowReleaseConfidence,CatcherThrowLocationConfidence,System
1,10/26/2022,1,1,1000036180,Right,T_A,1000099417,Left,T_C,1,Top,0,0,0,0-0,Fastball,Four-Seam,StrikeCalled,Undefined,Undefined,,Undefined,0,0,92.60762,-2.048196,-2.733111,2345.032108,208.932149,1:00,5.63028,2.33281,5.8975,-13.69312,18.86052,9.86001,2.5847,0.61517,84.74849,-4.671473,-0.965898,0.410649,,,,,,,,,,,,-5.76536,10.50638,-2.11833,50,5.45731,5.97789,-134.3549,-5.1949,-10.56853,28.32875,-12.91473,91.78745,,7.85913,,,,1000073611,Right,54.60066,-135.32147,14.16438,5.62704,-4.75425,-6.45737,-2.32845,6.33848,-5.28427,,,,,,,,,,,,,,,,,,,,,,,,,,,,,,,,,,,,,,,,,,,,,,,,,,,High,High,High,,,,,,v3
2,10/26/2022,1,2,1000036180,Right,T_A,1000099417,Left,T_C,1,Top,0,0,1,0-1,Fastball,Four-Seam,FoulBall,Undefined,Undefined,,Undefined,0,0,94.17511,-1.138978,-2.503871,2256.017932,210.984922,1:00,5.51669,2.31123,6.41947,-14.68804,16.16406,9.12674,3.24452,0.76858,86.08047,-3.964308,-0.851446,0.399773,,,,,,,,,,,,-5.33788,8.98154,-2.13557,50,5.42797,5.57335,-136.75188,-3.10381,-10.1316,29.50463,-15.12658,94.28455,,8.09464,,,,1000073611,Right,54.07529,-137.62833,14.75231,5.51349,-2.65447,-7.56329,-2.3056,5.87431,-5.0658,,,,,,,,,,,,,,,,,,,,,,,,,,,,,,,,,,,,,,,,,,,,,,,,,,,High,High,High,,,,,,v3
3,10/26/2022,1,3,1000036180,Right,T_A,1000099417,Left,T_C,1,Top,0,0,2,0-2,Fastball,Four-Seam,BallCalled,Undefined,Undefined,,Undefined,0,0,95.36109,-0.60936,-1.927565,2293.127122,214.898738,1:15,5.78145,2.10827,6.02833,-12.92859,17.51442,11.57103,4.13939,1.28673,87.28866,-3.095374,0.153184,0.397114,,,,,,,,,,,,-6.4137,9.4265,-1.96343,50,5.72648,4.13728,-138.54667,-1.83401,-12.51771,29.76066,-13.77619,94.91594,,8.07243,,,,1000073611,Right,54.46948,-139.50344,14.88033,5.77833,-1.39112,-6.8881,-2.10291,4.53971,-6.25886,,,,,,,,,,,,,,,,,,,,,,,,,,,,,,,,,,,,,,,,,,,,,,,,,,,High,High,High,,,,,,v3
4,10/26/2022,1,4,1000036180,Right,T_A,1000099417,Left,T_C,1,Top,0,1,2,1-2,ChangeUp,Changeup,BallCalled,Undefined,Undefined,,Undefined,0,0,84.59986,-0.59638,-1.77078,1780.771309,244.312123,2:15,5.38683,2.68132,6.86349,-30.93391,6.66571,11.40331,2.26511,2.01697,77.53852,-6.435808,0.315035,0.44133,,,,,,,,,,,,-6.51052,4.10154,-2.57186,50,5.33805,3.39729,-123.04525,-2.12944,-9.96726,24.73435,-25.89485,85.40653,,7.06134,,,,1000073611,Right,53.6347,-123.77374,12.36718,5.38954,-1.36677,-12.94742,-2.67624,3.69085,-4.98363,,,,,,,,,,,,,,,,,,,,,,,,,,,,,,,,,,,,,,,,,,,,,,,,,,,High,High,High,,,,,,v3
5,10/26/2022,1,5,1000036180,Right,T_A,1000099417,Left,T_C,1,Top,0,2,2,2-2,Fastball,Four-Seam,StrikeSwinging,Strikeout,Undefined,,Undefined,0,0,92.93295,-1.353652,-2.755243,2267.144257,207.655,1:00,5.71189,2.34261,5.69584,-12.62666,20.37946,10.06367,3.39649,0.61164,83.82349,-3.810348,-0.958666,0.413494,,,,,,,,,,,,-5.90859,11.05871,-2.1172,50,5.59029,6.00646,-134.61165,-3.51334,-10.72248,32.21444,-12.10552,91.15605,,9.10946,,,,1000073611,Right,54.79918,-135.7553,16.10722,5.70739,-3.08358,-6.05276,-2.33719,6.38712,-5.36124,,,,,,,,,,,,,,,,,,,,,,,,,,,,,76.37769,,,0.929956,,,,3.307,5.11932,5.03836,80.94216,6.5894,-43.84326,3.39265,89.30938,-6.31678,5.16268,12.97669,-12.27859,4.77282,-62.38532,10.72517,High,High,High,,,High,High,High,v3
6,10/26/2022,2,1,1000036180,Right,T_A,1000079313,Left,T_C,1,Top,1,0,0,0-0,Fastball,Four-Seam,BallCalled,Undefined,Undefined,,Undefined,0,0,92.77361,-1.122386,-2.004765,2175.881934,206.90158,1:00,5.75768,2.6402,6.26525,-14.08454,18.11714,8.64221,3.5484,1.51131,84.17604,-3.852577,-0.443907,0.408423,,,,,,,,,,,,-5.04004,10.02587,-2.49554,50,5.66733,4.34104,-134.66894,-2.99912,-9.19573,31.01387,-13.88148,92.28768,,8.59757,,,,1000073611,Right,54.23102,-135.63983,15.50694,5.75441,-2.56456,-6.94074,-2.63594,4.62892,-4.59786,,,,,,,,,,,,,,,,,,,,,,,,,,,,,,,,,,,,,,,,,,,,,,,,,,,High,High,High,,,,,,v3
7,10/26/2022,2,2,1000036180,Right,T_A,1000079313,Left,T_C,1,Top,1,1,0,1-0,Fastball,Four-Seam,BallCalled,Undefined,Undefined,,Undefined,0,0,93.12829,-1.063072,-2.654664,2297.600439,205.272497,12:45,5.59513,2.36615,6.7266,-10.72898,20.7019,9.27229,3.72834,0.71097,84.40224,-3.204778,-0.966689,0.403506,,,,,,,,,,,,-5.635,11.50772,-2.19368,50,5.51978,5.88977,-135.22055,-2.69507,-10.35688,31.49976,-11.02329,93.41244,,8.72605,,,,1000073611,Right,53.76956,-136.09584,15.74988,5.59041,-2.38876,-5.51164,-2.36134,6.17756,-5.17844,,,,,,,,,,,,,,,,,,,,,,,,,,,,,,,,,,,,,,,,,,,,,,,,,,,High,High,High,,,,,,v3
8,10/26/2022,2,3,1000036180,Right,T_A,1000079313,Left,T_C,1,Top,1,2,0,2-0,Fastball,Four-Seam,StrikeCalled,Undefined,Undefined,,Undefined,0,0,92.72317,-2.148417,-2.376665,2150.481965,213.866207,1:15,5.6951,2.41441,6.03018,-14.02355,18.57493,11.71524,2.53424,1.18846,84.10504,-4.854852,-0.270443,0.410932,,,,,,,,,,,,-6.69398,10.50178,-2.23467,50,5.5193,5.06203,-134.44643,-5.42449,-12.1652,31.08739,-13.08884,91.72422,,8.61813,,,,1000073611,Right,54.46655,-135.47528,15.54369,5.69165,-4.99132,-6.54442,-2.40886,5.46464,-6.0826,,,,,,,,,,,,,,,,,,,,,,,,,,,,,,,,,,,,,,,,,,,,,,,,,,,High,High,High,,,,,,v3
9,10/26/2022,2,4,1000036180,Right,T_A,1000079313,Left,T_C,1,Top,1,2,1,2-1,Fastball,Four-Seam,StrikeSwinging,Undefined,Undefined,,Undefined,0,0,93.4219,-2.421737,-3.553903,2293.863423,209.052866,1:00,5.66428,2.21473,6.48458,-9.95922,21.7117,11.44564,2.60525,-0.09863,84.53578,-4.416222,-1.48258,0.405044,,,,,,,,,,,,-7.01079,12.36871,-1.96926,50,5.48878,7.92352,-135.37446,-5.90573,-12.89595,31.9733,-9.42256,93.05773,,8.88612,,,,1000073611,Right,54.01196,-136.31873,15.98665,5.65908,-5.62745,-4.71128,-2.20888,8.30438,-6.44798,,,,,,,,,,,,,,,,,,,,,,,,,,,,,,,,,,,,,,,,,,,,,,,,,,,High,High,High,,,,,,v3
10,10/26/2022,2,5,1000036180,Right,T_A,1000079313,Left,T_C,1,Top,1,2,2,2-2,Curveball,Curveball,FoulBall,Undefined,Undefined,Popup,Undefined,0,0,77.60592,0.735527,-1.8334,2035.987402,7.710807,6:15,5.73853,2.27033,4.98469,-63.11173,-14.51198,-2.19083,1.17419,0.35586,70.88882,-10.605722,-2.22121,0.501751,53.32247,55.990668,-137.784868,6044.795269,,,,118.31363,63.61131,-144.870869,3.294006,0.51012,-7.14012,-2.09165,50,5.75696,3.68865,-112.50675,-0.8313,0.64413,23.24167,-41.18976,75.12176,48.86111,6.7171,2.92418,1.60088,-0.4504,1000073611,Right,55.51808,-113.64096,11.62083,5.74848,1.17879,-20.59488,-2.27089,3.65722,0.32206,18.314287,2.92358,-32.37597,-2.19571,1.95285,-0.83455,0.29636,-0.05737,0.00393,8.00E-05,1.60125,64.81155,-25.53292,2.59952,0.01946,-0.3925,0.18624,-0.03773,0.00287,-0.45124,-29.35996,2.45132,0.6932,-0.82842,0.49992,-0.15638,0.02412,-0.00147,,,,,,,,,,,,,,,,,,,,,,,High,High,High,High,Medium,,,,v3
11,10/26/2022,2,6,1000036180,Right,T_A,1000079313,Left,T_C,1,Top,1,2,2,2-2,Fastball,Four-Seam,BallCalled,Undefined,Undefined,,Undefined,0,0,92.97316,0.68229,-2.880319,2287.01892,215.689946,1:15,5.69103,2.47306,6.22417,-14.03631,17.66556,12.02977,5.15171,0.81567,85.33521,-2.014225,-0.711682,0.405242,,,,,,,,,,,,-6.93465,9.24914,-2.26316,50,5.73474,6.28434,-135.0825,1.23365,-12.91762,27.18303,-14.94509,93.01229,,7.63795,,,,1000073611,Right,54.27471,-135.93999,13.59151,5.68839,1.7051,-7.47254,-2.46782,6.69182,-6.45881,,,,,,,,,,,,,,,,,,,,,,,,,,,,,,,,,,,,,,,,,,,,,,,,,,,High,High,High,,,,,,v3
12,10/26/2022,2,7,1000036180,Right,T_A,1000079313,Left,T_C,1,Top,1,3,2,3-2,Fastball,Four-Seam,BallCalled,Walk,Undefined,,Undefined,0,0,92.19124,-0.370752,-1.272334,2228.695658,211.311453,1:00,5.74232,2.4192,6.37028,-12.79658,19.43828,11.21044,4.33471,2.1825,84.14342,-2.864697,0.757379,0.408634,,,,,,,,,,,,-6.15733,10.51304,-2.33201,50,5.70911,2.50839,-134.01556,-1.16735,-11.19804,28.9618,-13.05453,92.24016,,8.04782,,,,1000073611,Right,54.12747,-134.90458,14.4809,5.73879,-0.76662,-6.52726,-2.41429,2.85214,-5.59902,,,,,,,,,,,,,,,,,,,,,,,,,,,,,,,,,,,,,,,,,,,,,,,,,,,High,High,High,,,,,,v3
13,10/26/2022,3,1,1000036180,Right,T_A,90000221623,Right,T_C,1,Top,1,0,0,0-0,Fastball,Four-Seam,StrikeCalled,Undefined,Undefined,,Undefined,0,0,90.70358,-1.524646,-4.218198,2205.207484,211.924864,1:00,5.54906,2.48637,6.81721,-15.6606,17.05359,10.01067,2.84891,-0.53478,83.30138,-4.545324,-2.397259,0.411661,,,,,,,,,,,,-6.38492,9.73552,-2.21729,50,5.44419,9.33059,-131.65011,-3.88508,-11.27272,26.38316,-14.9858,91.56188,,7.4022,,,,1000073611,Right,53.68166,-132.38587,13.19158,5.54671,-3.46716,-7.4929,-2.48189,9.64495,-5.63636,,,,,,,,,,,,,,,,,,,,,,,,,,,,,,,,,,,,,,,,,,,,,,,,,,,High,High,High,,,,,,v3
14,10/26/2022,3,2,1000036180,Right,T_A,90000221623,Right,T_C,1,Top,1,0,1,0-1,Curveball,Curveball,InPlay,Undefined,Popup,,Out,1,0,79.13122,1.987266,-1.669172,2257.433728,66.329933,8:15,5.6855,2.25859,5.27141,-47.67656,-2.39658,-8.3406,3.58066,-0.00478,73.231,-6.661398,-3.147698,0.484311,86.4831,83.332592,-4.705672,,,,,,66.19028,,,3.79571,-1.39386,-2.09949,50,5.8315,3.67567,-114.93372,2.33147,5.12409,19.46112,-34.05571,77.82689,70.31484,5.90022,2.70073,3.72834,-0.06543,1000073611,Right,55.23095,-115.81606,9.73056,5.69079,3.87551,-17.02785,-2.26087,3.44334,2.56205,,2.70073,14.67741,-12.26486,3.20904,-0.80802,0.21774,-0.05919,0.01444,-0.00221,3.72834,125.98383,-36.44941,6.63608,-1.72898,0.4621,-0.12748,0.03179,-0.00506,-0.06543,-1.20817,4.95513,-1.2752,0.31927,-0.08634,0.02369,-0.00591,0.00094,,,,,,,,,,,,,,,,,,,,,,,High,High,High,Low,Low,,,,v3
15,10/26/2022,4,1,1000036180,Right,T_A,9000241166,Left,T_C,1,Top,2,0,0,0-0,Fastball,Sinker,BallCalled,Undefined,Undefined,,Undefined,0,0,90.70088,-0.662155,-2.333555,2102.020184,223.940941,1:30,5.58059,2.54465,6.9768,-16.67025,15.83273,14.29131,3.58862,1.61194,83.00063,-3.888694,0.28269,0.41033,,,,,,,,,,,,-8.21119,8.92095,-2.40443,50,5.53349,4.84125,-131.9256,-1.91504,-14.49084,27.70796,-16.43061,91.85893,,7.70025,,,,1000073611,Right,53.52183,-132.66322,13.85398,5.57865,-1.47764,-8.21531,-2.53844,5.22702,-7.24542,,,,,,,,,,,,,,,,,,,,,,,,,,,,,,,,,,,,,,,,,,,,,,,,,,,High,High,High,,,,,,v3
16,10/26/2022,4,2,1000036180,Right,T_A,9000241166,Left,T_C,1,Top,2,1,0,1-0,Fastball,Four-Seam,BallCalled,Undefined,Undefined,,Undefined,0,0,90.25859,-0.022412,-4.831771,2150.281655,215.480674,1:15,5.62486,2.15628,6.75283,-15.17611,17.99981,12.11619,4.33964,-1.25814,82.65421,-2.96102,-2.633956,0.414556,,,,,,,,,,,,-7.63142,9.80752,-1.84275,50,5.61688,10.59992,-130.91628,-0.40023,-13.31573,26.24455,-15.0613,90.92247,,7.60438,,,,1000073611,Right,53.74571,-131.66503,13.12228,5.62217,0.02947,-7.53065,-2.15058,10.97982,-6.65787,,,,,,,,,,,,,,,,,,,,,,,,,,,,,,,,,,,,,,,,,,,,,,,,,,,High,High,High,,,,,,v3
17,10/26/2022,4,3,1000036180,Right,T_A,9000241166,Left,T_C,1,Top,2,2,0,2-0,Fastball,Sinker,FoulBall,Undefined,Undefined,,Undefined,0,0,90.0872,-1.657566,-4.262563,2187.405294,229.848628,1:45,5.59181,2.2539,6.92931,-18.40946,14.54784,16.0828,2.54407,-0.29358,82.9093,-5.184023,-1.328695,0.413187,,,,,,,,,,,,-9.5367,8.45721,-1.9911,50,5.48101,9.1357,-130.78569,-4.25092,-16.65514,25.43925,-17.4042,91.22358,,7.1779,,,,1000073611,Right,53.56936,-131.47813,12.71963,5.59027,-3.77718,-8.7021,-2.24594,9.58905,-8.32757,,,,,,,,,,,,,,,,,,,,,,,,,,,,,,,,,,,,,,,,,,,,,,,,,,,High,High,High,,,,,,v3
18,10/26/2022,4,4,1000036180,Right,T_A,9000241166,Left,T_C,1,Top,2,2,1,2-1,Fastball,Four-Seam,BallCalled,Undefined,Undefined,,Undefined,0,0,90.58342,-0.283013,-3.331371,2130.729455,208.517758,1:00,5.60825,2.23029,6.82155,-14.35261,18.48938,9.49449,4.15358,-0.021,82.78658,-3.080796,-1.601588,0.412464,,,,,,,,,,,,-5.90347,10.16225,-2.01853,50,5.58394,7.29478,-131.59573,-0.96314,-10.37033,27.46544,-14.32249,91.38357,,7.79685,,,,1000073611,Right,53.6762,-132.36076,13.73272,5.60521,-0.56419,-7.16124,-2.22574,7.58364,-5.18516,,,,,,,,,,,,,,,,,,,,,,,,,,,,,,,,,,,,,,,,,,,,,,,,,,,High,High,High,,,,,,v3
19,10/26/2022,4,5,1000036180,Right,T_A,9000241166,Left,T_C,1,Top,2,3,1,3-1,Fastball,Four-Seam,StrikeCalled,Undefined,Undefined,,Undefined,0,0,89.86564,-2.299391,-2.820314,2138.386482,217.909907,1:15,5.56569,2.2585,6.59748,-17.33119,16.20213,11.83107,2.0111,0.65845,82.69171,-5.608489,-0.670886,0.416783,,,,,,,,,,,,-6.93796,9.43052,-2.07028,50,5.40092,5.97465,-130.54034,-5.70095,-12.04725,25.85819,-15.79859,90.43664,,7.17393,,,,1000073611,Right,53.90177,-131.31095,12.92909,5.5638,-5.23012,-7.89929,-2.25368,6.33367,-6.02363,,,,,,,,,,,,,,,,,,,,,,,,,,,,,,,,,,,,,,,,,,,,,,,,,,,High,High,High,,,,,,v3
20,10/26/2022,4,6,1000036180,Right,T_A,9000241166,Left,T_C,1,Top,2,3,2,3-2,Fastball,Four-Seam,StrikeSwinging,Strikeout,Undefined,,Undefined,0,0,91.22243,-1.708583,-3.327465,2176.243893,208.42881,1:00,5.67715,2.21433,6.71821,-13.6478,18.91536,9.68256,2.97498,-0.02372,83.39298,-4.367605,-1.566637,0.410709,,,,,,,,,,,,-5.99457,10.74906,-1.99718,50,5.55793,7.32083,-132.44387,-4.25842,-10.65883,28.0122,-13.0613,91.77399,,7.82946,,,,1000073611,Right,53.77971,-133.24089,14.0061,5.67381,-3.88679,-6.53065,-2.20979,7.6241,-5.32942,,,,,,,,,,,,,,,,,,,,,,,,,,,,,,,,,,,,,,,,,,,,,,,,,,,High,High,High,,,,,,v3
21,10/26/2022,1,1,10000769,Right,T_B,1000187793,Left,T_A,1,Bottom,0,0,0,0-0,Fastball,Four-Seam,StrikeCalled,Undefined,Undefined,,Undefined,0,0,90.45029,-1.368599,-2.640575,1897.102844,207.512853,1:00,5.87217,1.23171,5.52654,-24.05419,10.75339,5.00347,2.5866,-0.82166,82.44318,-5.832232,-1.749575,0.424628,,,,,,,,,,,,-3.28166,6.1704,-1.00542,50,5.73721,5.82067,-131.11225,-3.99086,-5.69167,28.66097,-21.47219,88.76586,,8.00711,,,,1000113065,Right,54.97064,-132.19436,14.33049,5.87258,-3.18016,-10.7361,-1.22924,6.03556,-2.84584,,,,,,,,,,,,,,,,,,,,,,,,,,,,,,,,,,,,,,,,,,,,,,,,,,,High,High,High,,,,,,v3
22,10/26/2022,1,2,10000769,Right,T_B,1000187793,Left,T_A,1,Bottom,0,0,1,0-1,ChangeUp,Changeup,BallCalled,Undefined,Undefined,,Undefined,0,0,81.18865,0.759551,-1.16772,1448.664026,234.066528,1:45,5.76964,1.69846,5.31545,-33.61136,10.09623,11.85583,3.68176,1.59034,73.57335,-5.455295,0.937497,0.475828,,,,,,,,,,,,-6.2474,5.28091,-1.60138,50,5.81461,1.8969,-117.68841,0.42567,-8.68182,24.24491,-24.83531,79.21447,,7.6153,,,,1000113065,Right,55.18028,-118.7508,12.12245,5.77212,1.51393,-12.41766,-1.69283,2.27733,-4.34091,,,,,,,,,,,,,,,,,,,,,,,,,,,,,,,,,,,,,,,,,,,,,,,,,,,High,High,High,,,,,,v3
23,10/26/2022,1,3,10000769,Right,T_B,1000187793,Left,T_A,1,Bottom,0,1,1,1-1,Fastball,Four-Seam,BallCalled,Undefined,Undefined,,Undefined,0,0,91.83461,-3.128026,-2.536959,1989.029684,217.288057,1:15,5.84774,1.38633,5.52236,-18.83501,15.02741,10.57123,1.34788,-0.10617,83.66462,-6.65189,-0.653835,0.418823,,,,,,,,,,,,-6.04729,8.82808,-1.17263,50,5.56273,5.40359,-132.96381,-7.90922,-10.78175,29.59636,-16.43439,89.99615,,8.16999,,,,1000113065,Right,54.97471,-134.06655,14.79818,5.84602,-7.29688,-8.2172,-1.38145,5.80532,-5.39087,,,,,,,,,,,,,,,,,,,,,,,,,,,,,,,,,,,,,,,,,,,,,,,,,,,High,High,High,,,,,,v3
24,10/26/2022,1,4,10000769,Right,T_B,1000187793,Left,T_A,1,Bottom,0,2,1,2-1,Fastball,Four-Seam,StrikeSwinging,Undefined,Undefined,,Undefined,0,0,91.39506,-1.72417,-2.79154,1897.230163,196.218562,12:30,5.83718,1.39741,5.54115,-21.5347,12.503,3.31473,2.42881,-0.93741,83.42538,-5.73193,-2.201388,0.419905,,,,,,,,,,,,-2.46268,7.13945,-1.15753,50,5.67344,6.30837,-132.46713,-4.74592,-4.36749,28.80218,-19.51242,89.76414,,7.96968,,,,1000113065,Right,54.95618,-133.5404,14.40109,5.83674,-4.01881,-9.75621,-1.39563,6.47112,-2.18374,,,,,,,,,,,,,,,,,,,,,,,,,,,,,,,,,,,,,,,,,,,,,,,,,,,High,High,High,,,,,,v3
25,10/26/2022,1,5,10000769,Right,T_B,1000187793,Left,T_A,1,Bottom,0,2,2,2-2,Fastball,Four-Seam,InPlay,Undefined,GroundBall,GroundBall,Single,0,0,92.18673,-2.984038,-1.736882,2028.843798,200.694284,12:45,5.85042,1.20085,5.69771,-19.03773,14.1915,4.95378,1.4794,-0.00538,84.31346,-6.54427,-0.850938,0.414889,104.78145,-4.51324,2.530834,,,,,18.15324,18.15324,2.289723,0.103952,-3.02984,8.39619,-1.05825,50,5.58791,3.83682,-133.67088,-7.60982,-5.47297,29.25159,-17.00751,90.84953,1.43911,7.87327,2.4618,1.43911,0.03977,1000113065,Right,54.80162,-134.71753,14.62579,5.8493,-7.00127,-8.50376,-1.19904,4.03265,-2.73649,14.64482,2.46198,153.02958,-21.39274,,,,,,,1.43921,-12.105,-16.74612,,,,,,,0.03979,6.76275,-1.62314,,,,,,,,,,,,,,,,,,,,,,,,,,,,,High,High,High,High,High,,,,v3
26,10/26/2022,2,1,10000769,Right,T_B,1000187798,Right,T_A,1,Bottom,0,0,0,0-0,Fastball,Four-Seam,BallCalled,Undefined,Undefined,,Undefined,0,0,89.24502,-4.11964,-3.566511,1816.769477,210.793367,1:00,5.80371,1.33405,5.68425,-22.71178,13.0806,7.07036,0.05702,-1.40543,81.5043,-8.329806,-2.304674,0.430593,,,,,,,,,,,,-4.64933,8.22111,-1.03804,50,5.44162,7.7368,-128.995,-10.06733,-7.79442,28.09537,-18.39176,87.53613,,7.74073,,,,1000113065,Right,54.81401,-130.03928,14.04768,5.80311,-9.38373,-9.19588,-1.33099,8.02651,-3.89721,,,,,,,,,,,,,,,,,,,,,,,,,,,,,,,,,,,,,,,,,,,,,,,,,,,High,High,High,,,,,,v3
27,10/26/2022,2,2,10000769,Right,T_B,1000187798,Right,T_A,1,Bottom,0,1,0,1-0,Curveball,Curveball,BallCalled,Undefined,Undefined,,Undefined,0,0,76.95794,-0.655112,-2.328988,2049.068348,49.256163,7:45,5.74988,1.58433,5.04438,-53.16176,-4.2767,-6.75532,0.70124,-1.1767,70.99097,-10.211523,-3.524334,0.503222,,,,,,,,,,,,2.69673,-1.50992,-1.3565,50,5.64465,4.80675,-111.59999,-3.14553,3.38787,20.80883,-34.07093,74.90222,,5.96698,,,,1000113065,Right,55.45635,-112.61278,10.40442,5.75739,-1.48726,-17.03546,-1.58644,4.64185,1.69394,,,,,,,,,,,,,,,,,,,,,,,,,,,,,,,,,,,,,,,,,,,,,,,,,,,High,High,High,,,,,,v3
28,10/26/2022,2,3,10000769,Right,T_B,1000187798,Right,T_A,1,Bottom,0,2,0,2-0,Fastball,Four-Seam,BallCalled,Undefined,Undefined,,Undefined,0,0,90.55164,-3.178193,-3.264101,1976.981667,218.960854,1:15,5.85356,1.34671,5.57432,-21.56946,13.10166,9.68182,1.07972,-0.89853,82.88063,-7.181766,-1.539095,0.423794,,,,,,,,,,,,-5.80122,7.85745,-1.07187,50,5.56526,7.04399,-131.09016,-8.03351,-10.09302,27.7571,-18.50356,88.94039,,7.67101,,,,1000113065,Right,54.92377,-132.1286,13.87855,5.85286,-7.34126,-9.25178,-1.34247,7.42159,-5.04651,,,,,,,,,,,,,,,,,,,,,,,,,,,,,,,,,,,,,,,,,,,,,,,,,,,High,High,High,,,,,,v3
29,10/26/2022,2,4,10000769,Right,T_B,1000187798,Right,T_A,1,Bottom,0,3,0,3-0,Fastball,Four-Seam,FoulBall,Undefined,Undefined,,Undefined,0,0,89.48224,-2.227918,-2.393887,1868.217796,206.746183,1:00,5.83376,1.15447,5.92237,-21.07678,13.80198,6.39902,2.00711,-0.53498,81.99309,-6.177342,-1.245483,0.425062,,,,,,,,,,,,-3.95166,8.03158,-0.9665,50,5.64329,5.16116,-129.83543,-5.72547,-6.75066,26.98648,-18.45368,88.67526,,7.48915,,,,1000113065,Right,54.57653,-130.78321,13.49324,5.83299,-5.07736,-9.22684,-1.15193,5.39825,-3.37533,,,,,,,,,,,,,,,,,,,,,,,,,,,,,,,,,,,,,,,,,,,,,,,,,,,High,High,High,,,,,,v3
30,10/26/2022,2,5,10000769,Right,T_B,1000187798,Right,T_A,1,Bottom,0,3,1,3-1,Fastball,Four-Seam,StrikeCalled,Undefined,Undefined,,Undefined,0,0,90.81082,-2.170754,-3.846004,1970.577548,209.412945,1:00,5.69955,1.41041,5.98502,-19.65804,14.21611,7.4063,2.04389,-1.54246,83.11716,-5.866826,-2.518625,0.418895,,,,,,,,,,,,-4.85264,8.22721,-1.11044,50,5.51686,8.53015,-131.58589,-5.61486,-8.51781,27.62448,-17.73283,89.98057,,7.69366,,,,1000113065,Right,54.51303,-132.52995,13.81224,5.69839,-5.00885,-8.86642,-1.40693,8.82124,-4.2589,,,,,,,,,,,,,,,,,,,,,,,,,,,,,,,,,,,,,,,,,,,,,,,,,,,High,High,High,,,,,,v3
31,10/26/2022,2,6,10000769,Right,T_B,1000187798,Right,T_A,1,Bottom,0,3,2,3-2,Fastball,Four-Seam,BallCalled,Walk,Undefined,,Undefined,0,0,92.04231,-3.219075,-4.365076,2014.458368,189.089846,12:15,5.74806,1.23301,5.7534,-15.0515,18.54855,2.78339,1.48525,-2.60637,83.68148,-6.081732,-3.869361,0.417197,,,,,,,,,,,,-2.69662,10.71879,-0.87186,50,5.47088,10.02765,-133.00986,-7.94274,-4.80355,30.03788,-13.08048,90.34682,,8.36083,,,,1000113065,Right,54.74294,-134.07669,15.01894,5.74472,-7.47817,-6.54024,-1.23103,10.19826,-2.40178,,,,,,,,,,,,,,,,,,,,,,,,,,,,,,,,,,,,,,,,,,,,,,,,,,,High,High,High,,,,,,v3
32,10/26/2022,3,1,10000769,Right,T_B,1000073511,Right,T_A,1,Bottom,0,0,0,0-0,Fastball,Four-Seam,StrikeCalled,Undefined,Undefined,,Undefined,0,0,91.05919,-1.9794,-2.549857,1948.622193,197.956309,12:30,5.78199,1.29949,5.79548,-15.21961,18.8671,5.73851,2.66996,-0.59566,82.67996,-4.892744,-1.523251,0.420208,,,,,,,,,,,,-3.66484,10.53134,-1.09308,50,5.60997,5.62221,-131.97751,-5.00066,-6.42468,29.68008,-13.71199,89.69958,,8.37923,,,,1000113065,Right,54.70095,-133.0305,14.84004,5.77875,-4.51419,-6.856,-1.29659,5.85015,-3.21234,,,,,,,,,,,,,,,,,,,,,,,,,,,,,,,,,,,,,,,,,,,,,,,,,,,High,High,High,,,,,,v3
33,10/26/2022,3,2,10000769,Right,T_B,1000073511,Right,T_A,1,Bottom,0,0,1,0-1,ChangeUp,Changeup,BallCalled,Undefined,Undefined,,Undefined,0,0,83.25046,-2.586768,-3.620797,1768.747357,234.33056,1:45,5.74417,1.28893,5.76117,-28.79962,12.16654,14.97686,0.93007,-0.83761,75.86444,-7.934722,-0.942576,0.460664,,,,,,,,,,,,-8.74654,7.38918,-0.99801,50,5.51198,7.0311,-120.5176,-6.36434,-12.76853,25.04594,-21.38705,81.82202,,7.38602,,,,1000113065,Right,54.73755,-121.49817,12.52297,5.74475,-5.52702,-10.69352,-1.28306,7.531,-6.38426,,,,,,,,,,,,,,,,,,,,,,,,,,,,,,,,,,,,,,,,,,,,,,,,,,,High,High,High,,,,,,v3
34,10/26/2022,3,3,10000769,Right,T_B,1000073511,Right,T_A,1,Bottom,0,1,1,1-1,ChangeUp,Changeup,BallCalled,Undefined,Undefined,,Undefined,0,0,82.85515,-2.510796,-4.341136,1934.026295,246.712574,2:15,5.83118,0.97105,5.40105,-32.04124,10.14835,20.01954,0.80006,-1.43633,75.14704,-8.412265,-0.787417,0.467492,,,,,,,,,,,,-11.40469,6.33162,-0.59799,50,5.58454,8.24721,-119.72331,-6.34921,-16.35767,25.66238,-23.09266,80.62691,,7.70811,,,,1000113065,Right,55.09694,-120.81089,12.83119,5.83288,-5.37053,-11.54633,-0.96219,8.94046,-8.17884,,,,,,,,,,,,,,,,,,,,,,,,,,,,,,,,,,,,,,,,,,,,,,,,,,,High,High,High,,,,,,v3
35,10/26/2022,3,4,10000769,Right,T_B,1000073511,Right,T_A,1,Bottom,0,2,1,2-1,Fastball,Four-Seam,StrikeCalled,Undefined,Undefined,,Undefined,0,0,91.17387,-3.472126,-2.944369,2138.248733,195.448836,12:30,5.83801,1.0061,5.46917,-12.38379,22.32761,5.8217,1.54831,-1.26671,82.36967,-5.871712,-1.909992,0.424041,,,,,,,,,,,,-3.81981,12.64489,-0.751,50,5.52389,6.50608,-131.78407,-8.32832,-6.64456,30.84356,-10.17824,88.88872,,8.8042,,,,1000113065,Right,55.02593,-132.95516,15.42178,5.83277,-7.94186,-5.08912,-1.00282,6.75836,-3.32228,,,,,,,,,,,,,,,,,,,,,,,,,,,,,,,,,,,,,,,,,,,,,,,,,,,High,High,High,,,,,,v3
36,10/26/2022,3,5,10000769,Right,T_B,1000073511,Right,T_A,1,Bottom,0,2,2,2-2,Fastball,Four-Seam,BallCalled,Undefined,Undefined,,Undefined,0,0,91.75265,-3.573323,-1.491562,2082.156679,221.745432,1:30,5.80137,1.2175,5.79511,-21.10222,12.32615,10.03686,0.7136,0.66618,84.08837,-7.497676,0.308075,0.41613,,,,,,,,,,,,-5.55512,7.62331,-1.10095,50,5.49446,3.02711,-133.00607,-9.02166,-9.94332,28.7432,-18.52879,90.57851,,7.66427,,,,1000113065,Right,54.70391,-134.01875,14.3716,5.80081,-8.36885,-9.2644,-1.21377,3.37744,-4.97166,,,,,,,,,,,,,,,,,,,,,,,,,,,,,,,,,,,,,,,,,,,,,,,,,,,High,High,High,,,,,,v3
37,10/26/2022,3,6,10000769,Right,T_B,1000073511,Right,T_A,1,Bottom,0,3,2,3-2,Fastball,Four-Seam,StrikeSwinging,Strikeout,Undefined,,Undefined,0,0,91.1551,-3.290667,-1.957912,1964.485218,200.100233,12:45,5.82482,1.1892,6.162,-12.67642,20.84663,7.21343,1.72351,-0.01904,82.96842,-5.753712,-0.657581,0.416719,,,,,,,,,,,,-4.2976,12.07654,-1.04425,50,5.56824,4.21553,-132.15176,-7.90742,-7.56232,29.46576,-10.92348,90.45053,,8.18667,,,,1000113065,Right,54.33572,-133.11498,14.73288,5.82089,-7.55034,-5.46174,-1.18609,4.46274,-3.78116,,,,,,,,,,,,,,,,,,,,,,,,,,,,,,,,,,,,,,,,,,,,,,,,,,,High,High,High,,,,,,v3
38,10/26/2022,4,1,10000769,Right,T_B,1000064785,Right,T_A,1,Bottom,1,0,0,0-0,Slider,Slider,StrikeCalled,Undefined,Undefined,,Undefined,0,0,77.92775,-0.053255,-2.216444,2068.438385,105.045963,9:30,5.69416,1.35069,5.20358,-44.83018,2.18803,-2.94504,1.90819,-0.98032,72.02798,-8.180199,-2.73835,0.49352,,,,,,,,,,,,0.88638,1.53913,-1.14314,50,5.65535,4.49467,-113.10372,-1.64909,1.15387,19.67191,-30.17043,76.37473,,5.89977,,,,1000113065,Right,55.29592,-114.02111,9.83596,5.69945,-0.24211,-15.08522,-1.35149,4.44086,0.57694,,,,,,,,,,,,,,,,,,,,,,,,,,,,,,,,,,,,,,,,,,,,,,,,,,,High,High,High,,,,,,v3
39,10/26/2022,4,2,10000769,Right,T_B,1000064785,Right,T_A,1,Bottom,1,0,1,0-1,ChangeUp,Four-Seam,BallCalled,Undefined,Undefined,,Undefined,0,0,84.322,-4.614919,-5.122586,1942.708013,219.381417,1:15,5.751,1.19777,5.54429,-20.80422,19.51481,14.90032,-0.32224,-2.36065,77.22255,-8.494976,-2.479259,0.457011,,,,,,,,,,,,-9.04607,11.58886,-0.76344,50,5.3354,10.30148,-121.61212,-10.49289,-13.54587,23.87257,-14.82056,82.47602,,7.09945,,,,1000113065,Right,54.95602,-122.58113,11.93628,5.7491,-9.89131,-7.41028,-1.19275,10.85132,-6.77294,,,,,,,,,,,,,,,,,,,,,,,,,,,,,,,,,,,,,,,,,,,,,,,,,,,High,High,High,,,,,,v3
40,10/26/2022,4,3,10000769,Right,T_B,1000064785,Right,T_A,1,Bottom,1,1,1,1-1,Fastball,Four-Seam,StrikeCalled,Undefined,Undefined,,Undefined,0,0,89.93945,-2.952083,-2.94429,1951.180111,200.790671,12:45,5.8277,1.09295,5.64708,-17.56261,17.24509,6.14158,1.6045,-1.14398,82.70858,-6.244178,-1.848875,0.424628,,,,,,,,,,,,-3.88071,9.84961,-0.84697,50,5.56567,6.43609,-130.35781,-7.28844,-6.71843,25.83676,-15.12205,88.76571,,7.23087,,,,1000113065,Right,54.85141,-131.31584,12.91838,5.82553,-6.72772,-7.56103,-1.09024,6.6852,-3.35922,,,,,,,,,,,,,,,,,,,,,,,,,,,,,,,,,,,,,,,,,,,,,,,,,,,High,High,High,,,,,,v3
41,10/26/2022,4,4,10000769,Right,T_B,1000064785,Right,T_A,1,Bottom,1,1,2,1-2,Slider,Slider,BallCalled,Undefined,Undefined,,Undefined,0,0,79.82478,-1.470364,-3.292387,2161.650942,70.861112,8:15,5.74502,1.1955,5.08345,-45.90565,-1.01232,-6.49469,0.531,-2.45252,74.48083,-9.696178,-4.439945,0.482239,,,,,,,,,,,,2.43248,0.20532,-0.87813,50,5.569,6.92232,-115.79239,-4.62779,3.33488,19.64098,-31.89259,78.16132,,5.34395,,,,1000113065,Right,55.4183,-116.70784,9.82049,5.75005,-3.14131,-15.9463,-1.19715,6.76688,1.66744,,,,,,,,,,,,,,,,,,,,,,,,,,,,,,,,,,,,,,,,,,,,,,,,,,,High,High,High,,,,,,v3
42,10/26/2022,4,5,10000769,Right,T_B,1000064785,Right,T_A,1,Bottom,1,2,2,2-2,Slider,Changeup,FoulBall,Undefined,Undefined,,Undefined,0,0,82.80266,-2.333577,-3.612668,1943.054825,219.856028,1:15,5.82552,1.10101,5.28247,-23.94297,17.98056,13.84961,1.63318,-1.14209,75.68211,-6.781868,-1.160186,0.466016,,,,,,,,,,,,-8.01823,10.08634,-0.782,50,5.59515,6.9975,-119.87246,-5.66749,-11.6518,23.45235,-17.51694,80.88236,,7.12055,,,,1000113065,Right,55.21711,-120.88885,11.72617,5.82431,-4.90833,-8.75847,-1.0962,7.50247,-5.8259,,,,,,,,,,,,,,,,,,,,,,,,,,,,,,,,,,,,,,,,,,,,,,,,,,,High,High,High,,,,,,v3
43,10/26/2022,4,6,10000769,Right,T_B,1000064785,Right,T_A,1,Bottom,1,2,2,2-2,Fastball,Four-Seam,BallinDirt,Undefined,Undefined,,Undefined,0,1,91.79117,-3.897332,-2.840308,2107.117288,177.987304,12:00,5.71196,0.91695,5.92618,-10.00394,23.69052,-0.78953,1.25198,-1.78649,82.95378,-5.880782,-2.981724,0.417783,,,,,,,,,,,,-0.48665,13.66241,-0.68926,50,5.39372,6.62001,-132.72203,-9.24319,-0.8578,31.53602,-8.09187,90.22012,,8.83739,,,,1000113065,Right,54.56899,-133.80326,15.76801,5.70587,-8.96575,-4.04594,-0.91674,6.64942,-0.4289,,,,,,,,,,,,,,,,,,,,,,,,,,,,,,,,,,,,,,,,,,,,,,,,,,,High,High,High,,,,,,v3
44,10/26/2022,4,7,10000769,Right,T_B,1000064785,Right,T_A,1,Bottom,1,3,2,3-2,Fastball,Four-Seam,StrikeCalled,Strikeout,Undefined,,Undefined,0,0,90.9867,-3.663049,-2.680925,2088.940831,181.671715,12:00,5.72391,1.05688,5.89836,-11.14343,23.14163,0.63925,1.38626,-1.38056,82.26747,-5.853213,-2.566437,0.421428,,,,,,,,,,,,-1.16035,13.31686,-0.84145,50,5.42218,6.13496,-131.6194,-8.67622,-2.01216,30.92412,-9.08131,89.43971,,8.71923,,,,1000113065,Right,54.59737,-132.69517,15.46206,5.71851,-8.36031,-4.54066,-1.05608,6.20496,-1.00608,,,,,,,,,,,,,,,,,,,,,,,,,,,,,,,,,,,,,,,,,,,,,,,,,,,High,High,High,,,,,,v3
45,10/26/2022,5,1,10000769,Right,T_B,1000069979,Right,T_A,1,Bottom,2,0,0,0-0,Slider,Slider,StrikeSwinging,Undefined,Undefined,,Undefined,0,0,78.38021,-0.211637,-1.578269,2121.582366,84.563663,8:45,5.798,1.48903,5.27478,-45.85353,1.05516,-5.44193,1.77801,-0.44723,71.6245,-8.559796,-2.544941,0.492945,,,,,,,,,,,,2.24748,1.05563,-1.34072,50,5.74508,3.34932,-113.65992,-1.99253,2.91471,22.50736,-30.80505,76.46384,,6.75571,,,,1000113065,Right,55.22355,-114.68964,11.25368,5.804,-0.58318,-15.40252,-1.4909,3.21597,1.45736,,,,,,,,,,,,,,,,,,,,,,,,,,,,,,,,,,,,,,,,,,,,,,,,,,,High,High,High,,,,,,v3
46,10/26/2022,5,2,10000769,Right,T_B,1000069979,Right,T_A,1,Bottom,2,0,1,0-1,Slider,Slider,BallCalled,Undefined,Undefined,,Undefined,0,0,80.88546,-1.220613,-2.323788,2158.507863,55.202902,7:45,5.75122,1.35052,5.12638,-45.08101,-1.45709,-3.86902,0.84373,-1.16175,75.25349,-9.327764,-3.009135,0.475372,,,,,,,,,,,,1.34614,-0.04988,-1.12905,50,5.60123,4.92405,-117.42331,-4.14759,1.89587,20.42066,-32.24429,79.29036,,5.63197,,,,1000113065,Right,55.37471,-118.35431,10.21033,5.75681,-2.67753,-16.12215,-1.35157,4.83761,0.94794,,,,,,,,,,,,,,,,,,,,,,,,,,,,,,,,,,,,,,,,,,,,,,,,,,,High,High,High,,,,,,v3
47,10/26/2022,5,3,10000769,Right,T_B,1000069979,Right,T_A,1,Bottom,2,1,1,1-1,Slider,Slider,BallCalled,Undefined,Undefined,,Undefined,0,0,79.72501,-1.780686,-2.314941,2182.006571,78.531778,8:30,5.76708,1.20828,5.22494,-45.21321,0.60213,-5.06201,0.32334,-1.39107,72.63196,-9.977038,-3.213576,0.487166,,,,,,,,,,,,1.7791,1.36484,-0.99084,50,5.56919,4.87329,-115.40578,-5.18015,2.36221,24.5782,-30.36183,77.37085,,7.09305,,,,1000113065,Right,55.27227,-116.52322,12.2891,5.77333,-3.79976,-15.18092,-1.20996,4.7659,1.18111,,,,,,,,,,,,,,,,,,,,,,,,,,,,,,,,,,,,,,,,,,,,,,,,,,,High,High,High,,,,,,v3
48,10/26/2022,5,4,10000769,Right,T_B,1000069979,Right,T_A,1,Bottom,2,2,1,2-1,Fastball,Four-Seam,StrikeSwinging,Undefined,Undefined,,Undefined,0,0,89.55378,-3.130728,-2.088167,1889.500737,198.752436,12:45,5.72976,1.18591,6.05922,-15.13725,19.63292,6.27634,1.56582,-0.22465,81.78057,-6.029254,-0.958982,0.424399,,,,,,,,,,,,-3.8339,11.36008,-1.02709,50,5.47821,4.4763,-129.85878,-7.51523,-6.53286,27.73387,-12.8168,88.81361,,7.7732,,,,1000113065,Right,54.4392,-130.80342,13.86694,5.72675,-7.07867,-6.4084,-1.18335,4.69881,-3.26643,,,,,,,,,,,,,,,,,,,,,,,,,,,,,,,,,,,,,,,,,,,,,,,,,,,High,High,High,,,,,,v3
49,10/26/2022,5,5,10000769,Right,T_B,1000069979,Right,T_A,1,Bottom,2,2,2,2-2,Fastball,Four-Seam,FoulBall,Undefined,Undefined,,Undefined,0,0,89.55403,-2.808525,-1.757663,1860.573199,199.306262,12:45,5.82689,1.22215,5.79018,-16.03552,18.99407,6.25839,1.87462,0.10809,81.9267,-5.852083,-0.636947,0.42598,76.81306,63.229683,76.406033,5966.729418,,,,,46.03628,,,-3.71083,10.84548,-1.08134,50,5.58599,3.72434,-129.9087,-6.85136,-6.33958,27.28717,-13.64559,88.48413,77.82634,7.62733,3.07081,2.04255,-0.12698,1000113065,Right,54.70937,-130.89416,13.64358,5.82453,-6.35856,-6.8228,-1.21997,3.95329,-3.16979,,3.07081,11.92626,-13.52724,4.07927,-0.98108,0.32558,-0.47293,0.48319,-0.16846,2.04255,100.5841,-29.27842,3.80065,-0.79857,0.21897,-0.14804,0.09857,-0.02797,-0.12698,49.32191,-4.79448,0.29798,0.03988,-0.01799,0.07367,-0.10235,0.03964,,,,,,,,,,,,,,,,,,,,,,,High,High,High,Low,Low,,,,v3
50,10/26/2022,5,6,10000769,Right,T_B,1000069979,Right,T_A,1,Bottom,2,2,2,2-2,Slider,Slider,BallCalled,Undefined,Undefined,,Undefined,0,0,79.51731,-0.739925,-3.547463,2199.795523,87.273427,9:00,5.67474,1.16366,5.25693,-44.10117,1.16488,-4.15618,1.30306,-2.52003,73.48431,-8.717702,-4.283293,0.484237,,,,,,,,,,,,1.12413,1.19559,-0.83501,50,5.57411,7.31212,-115.25909,-3.0299,1.51623,20.88433,-30.56141,77.83888,,6.033,,,,1000113065,Right,55.2428,-116.20517,10.44216,5.68001,-1.64544,-15.28071,-1.1647,7.24343,0.75811,,,,,,,,,,,,,,,,,,,,,,,,,,,,,,,,,,,,,,,,,,,,,,,,,,,High,High,High,,,,,,v3
51,10/26/2022,5,7,10000769,Right,T_B,1000069979,Right,T_A,1,Bottom,2,3,2,3-2,Fastball,Four-Seam,BallCalled,Walk,Undefined,,Undefined,0,0,91.79821,-3.422253,-3.367314,2143.314096,213.063649,1:00,5.69627,1.22592,5.98099,-18.57119,14.52863,8.78386,0.96722,-1.16695,84.32678,-6.905297,-1.791103,0.41408,,,,,,,,,,,,-5.40516,8.69808,-0.96442,50,5.41481,7.44848,-132.98808,-8.55178,-9.71784,27.47534,-16.53597,91.02693,,7.47143,,,,1000113065,Right,54.51771,-133.91819,13.73767,5.69483,-7.992,-8.26798,-1.22214,7.77746,-4.85892,,,,,,,,,,,,,,,,,,,,,,,,,,,,,,,,,,,,,,,,,,,,,,,,,,,High,High,High,,,,,,v3
52,10/26/2022,6,1,10000769,Right,T_B,1000051953,Right,T_A,1,Bottom,2,0,0,0-0,Fastball,Four-Seam,StrikeCalled,Undefined,Undefined,,Undefined,0,0,88.73947,-2.670023,-2.495545,2006.675815,212.530371,1:00,5.84365,1.29349,5.68057,-23.03139,12.71079,7.39847,1.43128,-0.41771,81.56717,-6.941863,-1.173439,0.430291,,,,,,,,,,,,-4.44374,7.51926,-1.08794,50,5.60396,5.29466,-128.69158,-6.78154,-7.47746,25.8647,-19.52141,87.59765,,7.1723,,,,1000113065,Right,54.81865,-129.65643,12.93235,5.84336,-6.05332,-9.76071,-1.29066,5.5736,-3.73873,,,,,,,,,,,,,,,,,,,,,,,,,,,,,,,,,,,,,,,,,,,,,,,,,,,High,High,High,,,,,,v3
53,10/26/2022,6,2,10000769,Right,T_B,1000051953,Right,T_A,1,Bottom,2,0,1,0-1,Slider,Slider,StrikeSwinging,Undefined,Undefined,,Undefined,0,0,77.6329,-1.372432,-1.904812,2132.298407,113.238046,9:45,5.7439,1.40863,5.34093,-45.51487,2.07095,-1.19705,0.66256,-0.47869,71.33793,-9.638602,-2.117862,0.49649,,,,,,,,,,,,0.04539,1.84008,-1.23592,50,5.58723,3.79031,-112.59236,-4.21399,0.05793,21.55628,-29.82576,75.91786,,6.29496,,,,1000113065,Right,55.15902,-113.57578,10.77814,5.74844,-2.85331,-14.91288,-1.40877,3.78766,0.02896,,,,,,,,,,,,,,,,,,,,,,,,,,,,,,,,,,,,,,,,,,,,,,,,,,,High,High,High,,,,,,v3
54,10/26/2022,6,3,10000769,Right,T_B,1000051953,Right,T_A,1,Bottom,2,0,2,0-2,Slider,Slider,BallCalled,Undefined,Undefined,,Undefined,0,0,79.6139,-2.336819,-2.677517,2169.345327,113.900201,9:45,5.65627,1.35893,5.33803,-41.52967,3.66961,-5.05638,-0.00043,-1.57618,73.46474,-9.854135,-3.576243,0.483879,,,,,,,,,,,,1.79811,2.90126,-1.1134,50,5.4152,5.59393,-115.37345,-6.12663,2.41867,21.8757,-28.27151,77.89634,,6.14916,,,,1000113065,Right,55.16175,-116.34804,10.93785,5.6601,-4.8671,-14.13576,-1.36021,5.48617,1.20933,,,,,,,,,,,,,,,,,,,,,,,,,,,,,,,,,,,,,,,,,,,,,,,,,,,High,High,High,,,,,,v3
55,10/26/2022,6,4,10000769,Right,T_B,1000051953,Right,T_A,1,Bottom,2,1,2,1-2,Slider,Slider,BallCalled,Undefined,Undefined,,Undefined,0,0,80.75756,-2.055049,-4.270646,2167.395874,133.895557,10:30,5.65506,1.32131,5.30619,-40.44475,3.97284,-2.56732,0.34937,-2.90896,73.91457,-9.391333,-4.725088,0.479677,,,,,,,,,,,,-0.00827,3.05055,-0.93101,50,5.43868,8.82233,-116.7468,-5.60092,-0.01134,23.80362,-28.00119,78.5788,,6.84299,,,,1000113065,Right,55.19191,-117.80063,11.90181,5.6592,-4.36126,-14.0006,-1.3216,8.82283,-0.00567,,,,,,,,,,,,,,,,,,,,,,,,,,,,,,,,,,,,,,,,,,,,,,,,,,,High,High,High,,,,,,v3
56,10/26/2022,6,5,10000769,Right,T_B,1000051953,Right,T_A,1,Bottom,2,2,2,2-2,Fastball,Four-Seam,FoulBall,Undefined,Undefined,,Undefined,0,0,91.76531,-2.793889,-2.550798,2176.137034,205.202014,12:45,5.71802,1.33377,6.15988,-18.4856,14.60513,6.35032,1.59193,-0.49504,83.59809,-6.294844,-1.406305,0.414023,86.32861,49.005466,59.594932,5436.866095,,,,,89.1641,,,-4.06323,8.72536,-1.14341,50,5.49622,5.66684,-133.06176,-7.05721,-7.24098,30.1556,-16.62486,91.03948,84.47754,8.16722,2.03602,1.75999,0.3154,1000113065,Right,54.33922,-134.04155,15.0778,5.71674,-6.51706,-8.31243,-1.33135,5.90211,-3.62049,,2.03601,42.03816,-20.17999,5.85943,-0.95009,-0.55446,0.6698,-0.31087,0.05686,1.75999,95.56535,-27.77368,3.38685,-0.64787,0.16585,-0.07845,0.03093,-0.00544,0.3154,71.63388,-5.55165,-0.28297,0.1127,0.30163,-0.33813,0.15739,-0.02896,,,,,,,,,,,,,,,,,,,,,,,High,High,High,High,Low,,,,v3
57,10/26/2022,6,6,10000769,Right,T_B,1000051953,Right,T_A,1,Bottom,2,2,2,2-2,ChangeUp,Changeup,BallCalled,Undefined,Undefined,,Undefined,0,0,83.21531,-1.908854,-4.783102,1924.23893,228.131107,1:30,5.77361,1.26505,5.50752,-25.79017,15.38721,15.66761,1.83239,-1.91285,76.1302,-6.697341,-2.003215,0.46185,,,,,,,,,,,,-9.20626,8.69115,-0.85755,50,5.58928,9.42291,-120.37189,-4.85182,-13.52333,23.1077,-19.40739,81.61192,,7.08511,,,,1000113065,Right,54.99091,-121.32621,11.55385,5.7731,-4.05032,-9.7037,-1.25824,9.9814,-6.76167,,,,,,,,,,,,,,,,,,,,,,,,,,,,,,,,,,,,,,,,,,,,,,,,,,,High,High,High,,,,,,v3
58,10/26/2022,6,7,10000769,Right,T_B,1000051953,Right,T_A,1,Bottom,2,3,2,3-2,Fastball,Four-Seam,FoulBall,Undefined,Undefined,,Undefined,0,0,91.29925,-2.338782,-2.801176,2249.55549,205.061257,12:45,5.76832,1.31322,6.00253,-15.75084,17.74347,7.78741,2.28495,-0.63533,83.34916,-5.342751,-1.402788,0.41654,76.52641,41.331005,134.504529,5367.045002,,,,,50.50431,,,-4.82252,10.13359,-1.09721,50,5.57557,6.1534,-132.41957,-5.87188,-8.54824,28.72576,-14.21157,90.48933,40.08582,7.95009,2.09108,2.29019,0.33568,1000113065,Right,54.49677,-133.39149,14.36288,5.7661,-5.39104,-7.10578,-1.3103,6.44263,-4.27412,,2.09108,-59.07766,0.22519,0.97556,-0.23233,-0.46894,0.92446,-0.80028,0.2799,2.29019,74.12314,-28.13194,3.25306,-0.59337,0.34839,-0.48396,0.40679,-0.14175,0.33568,60.10904,-16.68889,5.40419,-0.95507,-1.00321,2.04215,-1.76498,0.61644,,,,,,,,,,,,,,,,,,,,,,,High,High,High,High,Low,,,,v3
59,10/26/2022,6,8,10000769,Right,T_B,1000051953,Right,T_A,1,Bottom,2,3,2,3-2,Fastball,Four-Seam,BallCalled,Walk,Undefined,,Undefined,0,0,91.29764,-3.979981,-3.148914,2153.882956,212.523059,1:00,5.74267,1.29589,6.18748,-17.17591,16.08206,9.5806,0.62505,-0.81613,83.80875,-7.225358,-1.422402,0.415068,,,,,,,,,,,,-5.86489,9.76087,-1.0632,50,5.43296,6.89139,-132.26554,-9.72084,-10.40962,27.69826,-14.84945,90.81025,,7.48889,,,,1000113065,Right,54.31285,-133.16565,13.84913,5.74102,-9.23828,-7.42472,-1.29264,7.22967,-5.20481,,,,,,,,,,,,,,,,,,,,,,,,,,,,,,,,,,,,,,,,,,,,,,,,,,,High,High,High,,,,,,v3
60,10/26/2022,7,1,10000769,Right,T_B,1000194300,Left,T_A,1,Bottom,2,0,0,0-0,ChangeUp,Changeup,InPlay,Undefined,GroundBall,GroundBall,Single,0,1,81.864,-1.633176,-2.70221,1849.945933,237.672412,2:00,5.77319,1.52181,5.50731,-31.55931,11.37678,15.5156,1.61379,0.28581,74.11739,-7.482414,0.06259,0.47161,85.16699,-0.736377,6.569306,1635.799254,,,,32.69638,31.02942,5.829605,0.25494,-8.7463,6.70044,-1.29684,50,5.60955,4.96992,-118.55861,-4.40985,-12.26979,25.70991,-22.77434,79.92298,1.70052,7.74662,1.87997,1.70052,-0.29859,1000113065,Right,54.99092,-119.63601,12.85495,5.77436,-3.45546,-11.38717,-1.51589,5.48411,-6.1349,342.164949,1.88139,124.00731,-14.92249,,,,,,,1.70218,-1.69151,-19.57954,,,,,,,-0.29866,14.2935,-0.37321,,,,,,,,,,,,,,,,,,,,,,,,,,,,,High,High,High,High,High,,,,v3
61,10/26/2022,8,1,10000769,Right,T_B,1000110355,Right,T_A,1,Bottom,2,0,0,0-0,Fastball,Four-Seam,BallCalled,Undefined,Undefined,,Undefined,0,0,88.87723,-3.043834,-4.026802,1960.0988,213.066778,1:00,5.74713,1.31736,5.70126,-21.31552,14.5532,8.7115,1.12486,-1.71509,81.3187,-7.018074,-2.473697,0.431052,,,,,,,,,,,,-5.55016,8.60351,-0.98457,50,5.47781,8.67784,-128.59586,-7.54951,-9.29097,26.74495,-17.77175,87.44299,,7.55852,,,,1000113065,Right,54.79684,-129.58966,13.37247,5.74607,-6.88914,-8.88587,-1.31343,9.02307,-4.64549,,,,,,,,,,,,,,,,,,,,,,,,,,,,,,,,,,,,,,,,,,,,,,,,,,,High,High,High,,,,,,v3
62,10/26/2022,8,2,10000769,Right,T_B,1000110355,Right,T_A,1,Bottom,2,1,0,1-0,Fastball,Four-Seam,InPlay,Undefined,LineDrive,LineDrive,Double,0,2,90.11377,-2.189363,-2.119264,2181.417791,210.10906,1:00,5.78399,1.37391,5.68436,-16.74694,18.20761,9.86394,2.34531,0.21962,81.82651,-5.373024,-0.356791,0.425523,99.49753,13.523885,-8.988598,1274.026765,108.38296,22.29715,-18.79004,295.39244,294.31645,-11.920122,2.865376,-5.68366,10.28067,-1.20193,50,5.58936,4.40877,-130.64192,-5.50888,-9.74985,29.42938,-14.53836,88.57905,25.56589,8.28726,2.71645,2.39925,-0.24079,1000113065,Right,54.81441,-131.72199,14.71469,5.78175,-4.97532,-7.26918,-1.3703,4.76659,-4.87492,161.622835,2.71646,140.14041,-22.95494,5.04972,-1.08145,0.22018,-0.03878,0.00475,-0.00028,2.39925,34.1258,-12.87055,0.18373,0.05146,-0.02422,0.00612,-0.00075,4.00E-05,-0.24079,-22.1675,0.70453,-0.23528,0.0648,-0.01549,0.00289,-0.00036,2.00E-05,,,,,,,,,,,,,,,,,,,,,,,High,High,High,High,High,,,,v3
63,10/26/2022,9,1,10000769,Right,T_B,1000094105,Right,T_A,1,Bottom,2,0,0,0-0,Slider,Slider,BallCalled,Undefined,Undefined,,Undefined,0,0,77.71349,-0.555413,-4.47094,2049.657335,209.69448,1:00,5.72266,1.48488,5.18719,-45.26904,3.19425,0.82677,1.42611,-2.66097,70.53562,-8.790577,-4.325046,0.501046,,,,,,,,,,,,-1.84929,2.31945,-1.06958,50,5.63708,8.74392,-112.25833,-2.63981,-2.32473,23.14207,-29.25828,75.22747,,7.17787,,,,1000113065,Right,55.30855,-113.3474,11.57104,5.72892,-1.2629,-14.62914,-1.48364,8.85332,-1.16237,,,,,,,,,,,,,,,,,,,,,,,,,,,,,,,,,,,,,,,,,,,,,,,,,,,High,High,High,,,,,,v3
64,10/26/2022,9,2,10000769,Right,T_B,1000094105,Right,T_A,1,Bottom,2,1,0,1-0,Slider,Slider,BallCalled,Undefined,Undefined,,Undefined,0,0,77.97997,-2.620673,-4.121058,2163.145886,192.947625,12:30,5.70419,1.52189,5.20558,-43.00065,4.89756,0.74528,-0.35196,-2.2984,71.41899,-10.396009,-3.989207,0.498117,,,,,,,,,,,,-1.64799,3.69524,-1.14053,50,5.42856,8.08973,-112.68355,-6.61893,-2.09683,22.46803,-27.47235,75.66989,,6.56098,,,,1000113065,Right,55.29318,-113.73406,11.23402,5.708,-5.33443,-13.73617,-1.52107,8.18777,-1.04842,,,,,,,,,,,,,,,,,,,,,,,,,,,,,,,,,,,,,,,,,,,,,,,,,,,High,High,High,,,,,,v3
65,10/26/2022,9,3,10000769,Right,T_B,1000094105,Right,T_A,1,Bottom,2,2,0,2-0,Fastball,Four-Seam,StrikeCalled,Undefined,Undefined,,Undefined,0,0,89.03416,-2.985564,-3.088378,2093.644028,208.778467,1:00,5.77145,1.20627,6.01706,-16.91402,18.56985,9.51977,1.58989,-0.86395,80.82774,-6.216627,-1.378766,0.428733,,,,,,,,,,,,-5.79977,10.79784,-0.96905,50,5.52769,6.55401,-128.92186,-7.2011,-9.68558,28.74088,-14.1417,87.91587,,8.20642,,,,1000113065,Right,54.4796,-129.91667,14.37044,5.76847,-6.71161,-7.07085,-1.2017,6.88926,-4.84279,,,,,,,,,,,,,,,,,,,,,,,,,,,,,,,,,,,,,,,,,,,,,,,,,,,High,High,High,,,,,,v3
66,10/26/2022,9,4,10000769,Right,T_B,1000094105,Right,T_A,1,Bottom,2,2,1,2-1,Fastball,Changeup,FoulBall,Undefined,Undefined,,Undefined,0,0,89.14704,-2.109651,-2.848064,1835.495479,228.216779,1:30,5.83526,1.2438,5.81264,-22.54737,13.1643,13.31717,1.99131,-0.29694,80.74348,-6.343743,-0.463231,0.430107,,,,,,,,,,,,-7.71922,7.7467,-1.01844,50,5.64891,5.86125,-129.15687,-5.49255,-12.8889,29.79297,-19.23926,87.63504,,8.40355,,,,1000113065,Right,54.68573,-130.23325,14.89648,5.83479,-4.79745,-9.61963,-1.23861,6.32691,-6.44445,,,,,,,,,,,,,,,,,,,,,,,,,,,,,,,,,,,,,,,,,,,,,,,,,,,High,High,High,,,,,,v3
67,10/26/2022,9,5,10000769,Right,T_B,1000094105,Right,T_A,1,Bottom,2,2,2,2-2,Slider,Changeup,BallCalled,Undefined,Undefined,,Undefined,0,0,81.98939,-0.793947,-4.054803,2024.503033,230.770857,1:45,5.84737,1.26871,5.26071,-26.98883,15.90135,17.70202,2.85047,-1.07198,74.59836,-5.804984,-0.923973,0.471357,,,,,,,,,,,,-9.97784,8.59776,-0.91035,50,5.75501,7.65972,-118.66102,-2.53042,-14.17904,23.40995,-19.95617,79.96576,,7.39104,,,,1000113065,Right,55.23681,-119.6897,11.70498,5.84694,-1.65351,-9.97808,-1.26063,8.28278,-7.08952,,,,,,,,,,,,,,,,,,,,,,,,,,,,,,,,,,,,,,,,,,,,,,,,,,,High,High,High,,,,,,v3
68,10/26/2022,9,6,10000769,Right,T_B,1000094105,Right,T_A,1,Bottom,2,3,2,3-2,Fastball,Four-Seam,BallCalled,Walk,Undefined,,Undefined,0,0,90.57503,-3.748568,-3.812479,2161.905113,208.930925,1:00,5.75655,1.13289,5.72824,-19.86804,14.57257,7.44725,0.59694,-1.80246,83.13465,-7.447817,-2.483553,0.422383,,,,,,,,,,,,-4.83453,8.77662,-0.81915,50,5.43062,8.41045,-131.04067,-9.25822,-8.42594,27.08542,-16.87758,89.23755,,7.44037,,,,1000113065,Right,54.77066,-132.02306,13.54271,5.75531,-8.64607,-8.43879,-1.12974,8.71606,-4.21297,,,,,,,,,,,,,,,,,,,,,,,,,,,,,,,,,,,,,,,,,,,,,,,,,,,High,High,High,,,,,,v3
69,10/26/2022,10,1,1000187695,Right,T_B,1000187793,Left,T_A,1,Bottom,2,0,0,0-0,Fastball,Four-Seam,StrikeCalled,Undefined,Undefined,,Undefined,0,0,88.72218,-1.840899,-1.976752,2200.801544,216.659805,1:15,5.62782,0.59,5.92797,-18.62505,16.93828,11.7369,2.36604,-0.26678,80.90799,-5.371196,0.130534,0.429213,,,,,,,,,,,,-6.56811,9.55556,-0.43854,50,5.47003,3.94897,-128.74509,-4.69205,-10.9929,27.43394,-16.18112,87.8176,,7.81418,,,,1000113065,Right,54.56987,-129.71522,13.71697,5.62584,-4.11985,-8.09056,-0.58506,4.3377,-5.49645,,,,,,,,,,,,,,,,,,,,,,,,,,,,,,,,,,,,,,,,,,,,,,,,,,,High,High,High,,,,,,v3
70,10/26/2022,10,2,1000187695,Right,T_B,1000187793,Left,T_A,1,Bottom,2,0,1,0-1,Curveball,Curveball,StrikeCalled,Undefined,Undefined,,Undefined,0,0,76.02081,2.198321,0.333377,2540.638331,28.347241,7:00,5.49569,0.74563,4.72542,-63.34622,-12.49642,-7.64587,2.30376,0.4248,69.5028,-9.166018,-1.01227,0.513235,,,,,,,,,,,,3.83453,-6.24351,-0.77209,50,5.66084,-0.32254,-110.19632,1.88076,4.67963,20.95592,-39.79356,73.44095,,6.518,,,,1000113065,Right,55.77636,-111.28938,10.47796,5.5086,3.9564,-19.89678,-0.7489,-0.56663,2.33982,,,,,,,,,,,,,,,,,,,,,,,,,,,,,,,,,,,,,,,,,,,,,,,,,,,High,High,High,,,,,,v3
71,10/26/2022,10,3,1000187695,Right,T_B,1000187793,Left,T_A,1,Bottom,2,0,2,0-2,Curveball,Curveball,BallCalled,Undefined,Undefined,,Undefined,0,0,78.44035,0.049499,-1.48817,2565.057798,44.716251,7:30,5.56834,0.78735,4.95195,-55.25554,-7.89642,-9.35154,1.0105,-1.39841,71.97516,-9.882624,-3.141275,0.495305,,,,,,,,,,,,4.20181,-3.52366,-0.63487,50,5.52715,3.33845,-113.7644,-1.91927,5.46005,22.52007,-36.75287,76.09939,,6.46519,,,,1000113065,Right,55.54928,-114.85765,11.26004,5.57701,-0.13508,-18.37644,-0.79051,3.07339,2.73003,,,,,,,,,,,,,,,,,,,,,,,,,,,,,,,,,,,,,,,,,,,,,,,,,,,High,High,High,,,,,,v3
72,10/26/2022,10,4,1000187695,Right,T_B,1000187793,Left,T_A,1,Bottom,2,1,2,1-2,Curveball,Curveball,BallCalled,Undefined,Undefined,,Undefined,0,0,75.54717,2.613906,2.015936,2612.357518,36.978636,7:15,5.63029,0.50061,5.05232,-64.28814,-13.21076,-11.25375,2.74146,1.46489,68.79974,-8.996191,0.025499,0.514382,,,,,,,,,,,,6.17327,-6.7776,-0.68326,50,5.82807,-3.39867,-109.44726,2.715,7.40876,21.22396,-40.30812,73.27713,,6.74743,,,,1000113065,Right,55.44962,-110.49899,10.61198,5.64404,4.71243,-20.15406,-0.50575,-3.7658,3.70438,,,,,,,,,,,,,,,,,,,,,,,,,,,,,,,,,,,,,,,,,,,,,,,,,,,High,High,High,,,,,,v3
73,10/26/2022,10,5,1000187695,Right,T_B,1000187793,Left,T_A,1,Bottom,2,2,2,2-2,Curveball,Curveball,FoulBall,Undefined,Undefined,,Undefined,0,0,77.69174,-0.276966,-0.567053,2688.599914,50.072608,7:45,5.61221,0.64646,5.13123,-57.06763,-9.26985,-12.88705,0.59573,-0.96151,71.61059,-10.543865,-2.855909,0.497594,,,,,,,,,,,,6.3813,-4.33559,-0.58247,50,5.541,1.61103,-112.81057,-2.53473,8.16744,21.82473,-37.72321,75.74936,,6.08114,,,,1000113065,Right,55.37231,-113.84517,10.91237,5.61877,-0.74647,-18.8616,-0.64967,1.22386,4.08372,,,,,,,,,,,,,,,,,,,,,,,,,,,,,,,,,,,,,,,,,,,,,,,,,,,High,High,High,,,,,,v3
74,10/26/2022,10,6,1000187695,Right,T_B,1000187793,Left,T_A,1,Bottom,2,2,2,2-2,Fastball,Four-Seam,FoulBall,Undefined,Undefined,,Undefined,0,0,90.09141,-1.75633,-1.690747,2272.141681,199.681943,12:45,5.64464,0.41761,6.0864,-14.67894,19.31493,6.54122,2.79541,-0.60184,82.74686,-4.566762,-0.513026,0.419635,67.74697,46.898885,-157.476611,3879.64616,,,,,64.90216,,,-3.85646,10.78804,-0.2907,50,5.5013,3.60199,-130.92098,-4.42186,-6.72576,26.38881,-13.35941,89.82199,50.03013,7.34455,3.03411,2.98977,0.55205,1000113065,Right,54.41408,-131.80769,13.1944,5.64234,-3.97296,-6.67971,-0.41553,3.82799,-3.36288,8.301152,3.03411,-62.71467,0.72898,0.75515,0.13047,-0.85206,1.11935,-0.68701,0.16476,2.98978,72.54811,-29.41583,3.59483,0.1215,-1.91726,2.43105,-1.44774,0.33834,0.55205,-26.00745,2.13376,0.5925,0.10354,-0.74204,0.99095,-0.61308,0.14795,,,,,,,,,,,,,,,,,,,,,,,High,High,High,High,Medium,,,,v3
75,10/26/2022,10,7,1000187695,Right,T_B,1000187793,Left,T_A,1,Bottom,2,2,2,2-2,Curveball,Four-Seam,StrikeCalled,Strikeout,Undefined,,Undefined,0,0,89.64271,-1.742341,-2.451467,2228.808934,208.547322,1:00,5.63523,0.44874,5.85698,-17.76662,17.2454,8.7452,2.5339,-1.10153,81.56334,-5.116463,-0.884507,0.425873,,,,,,,,,,,,-5.16449,9.66032,-0.25471,50,5.48334,5.18724,-129.99604,-4.48689,-8.79876,28.36573,-15.71576,88.5063,,8.07936,,,,1000113065,Right,54.64005,-131.00461,14.18286,5.63294,-3.9281,-7.85788,-0.44471,5.50009,-4.39938,,,,,,,,,,,,,,,,,,,,,,,,,,,,,,,,,,,,,,,,,,,,,,,,,,,High,High,High,,,,,,v3
76,10/26/2022,1,1,1000036180,Right,T_A,10035974,Right,T_C,2,Top,0,0,0,0-0,Fastball,Four-Seam,InPlay,Undefined,FlyBall,LineDrive,Single,0,0,90.24188,-1.64703,-3.132956,1885.835542,219.559164,1:15,5.60263,2.19305,6.634,-20.14501,13.49761,10.20528,2.4133,0.17231,81.97443,-5.497111,-1.278497,0.417461,73.4986,20.894775,7.412375,3440.108632,107.75474,27.36365,22.11119,212.92445,212.92445,16.149339,2.826474,-6.3426,7.94961,-1.98495,50,5.48274,6.77824,-130.96489,-4.3213,-10.92255,29.84495,-18.48406,90.28966,27.44094,8.26744,1.30864,2.45282,-0.17393,1000073611,Right,53.86475,-131.84266,14.92247,5.60184,-3.77766,-9.24203,-2.18903,7.09949,-5.46128,228.764529,1.30871,99.8635,-14.97448,2.74301,-0.39889,-0.03326,0.04589,-0.01322,0.00141,2.45274,38.44994,-15.72167,0.87645,-0.23315,0.13643,-0.05919,0.01477,-0.00151,-0.17394,12.99282,5.08624,-1.41308,0.34522,-0.06292,0.00733,-0.00018,-5.00E-05,,,,,,,,,,,,,,,,,,,,,,,High,High,High,High,High,,,,v3
77,10/26/2022,2,1,1000036180,Right,T_A,1000112965,Left,T_C,2,Top,0,0,0,0-0,Fastball,Sinker,InPlay,Undefined,GroundBall,GroundBall,Out,1,0,90.38256,-1.27904,-2.93201,1980.535736,234.370286,1:45,5.58078,2.35701,6.35576,-22.40651,11.37902,14.31517,2.53462,0.849,82.30211,-5.515331,-0.342681,0.418347,85.26852,9.291319,1.633216,1572.345614,,,,107.37005,107.37005,1.497507,0.962803,-8.3741,6.63886,-2.15105,50,5.47743,6.15517,-131.20789,-3.60926,-14.51564,29.2271,-20.6663,90.09849,6.64893,8.08045,1.97303,2.62783,-0.8701,1000073611,Right,54.14409,-132.12778,14.61355,5.58079,-2.95882,-10.33315,-2.35196,6.61204,-7.25782,351.15397,1.97303,123.36931,-16.23598,2.23942,-0.58197,0.3011,-0.24758,0.13466,-0.03145,2.62783,20.19192,-26.61399,3.20787,0.46591,-2.12299,2.39636,-1.37379,0.32503,-0.87009,3.51731,0.76168,-0.356,-0.7164,1.55379,-1.67402,0.95322,-0.22516,,,,,,,,,,,,,,,,,,,,,,,High,High,High,High,High,,,,v3
78,10/26/2022,3,1,1000036180,Right,T_A,90000243360,Right,T_C,2,Top,1,0,0,0-0,Fastball,Sinker,StrikeSwinging,Undefined,Undefined,,Undefined,0,0,91.72378,-0.690918,-3.139526,2049.365105,229.045489,1:45,5.71137,2.45538,6.24456,-22.36037,10.48233,10.86812,3.20976,0.46248,83.72098,-4.902029,-1.179201,0.412469,,,,,,,,,,,,-6.49929,5.95221,-2.22663,50,5.64884,6.84667,-133.13296,-2.31582,-11.65026,28.91356,-21.50444,91.38258,,8.0028,,,,1000073611,Right,54.25364,-134.05358,14.45678,5.71168,-1.63112,-10.75222,-2.45053,7.21762,-5.82513,,,,,,,,,,,,,,,,,,,,,,,,,,,,,,,,,,,,,,,,,,,,,,,,,,,High,High,High,,,,,,v3
79,10/26/2022,3,2,1000036180,Right,T_A,90000243360,Right,T_C,2,Top,1,0,1,0-1,Fastball,Four-Seam,StrikeSwinging,Undefined,Undefined,,Undefined,0,0,92.36713,-2.115723,-3.249788,2048.141803,198.090358,12:30,5.66507,2.24591,6.42806,-13.27355,19.06836,5.87327,2.61031,-0.25482,83.94108,-4.699984,-2.187717,0.409312,,,,,,,,,,,,-4.01327,10.89233,-2.01673,50,5.50777,7.36276,-133.94115,-5.2706,-7.2486,30.48763,-12.50074,92.08737,,8.42605,,,,1000073611,Right,54.06917,-134.86419,15.24382,5.66161,-4.89213,-6.25037,-2.24297,7.58222,-3.6243,,,,,,,,,,,,,,,,,,,,,,,,,,,,,,,,,,,,,,,,,,,,,,,,,,,High,High,High,,,,,,v3
80,10/26/2022,3,3,1000036180,Right,T_A,90000243360,Right,T_C,2,Top,1,0,2,0-2,Slider,Slider,StrikeSwinging,Strikeout,Undefined,,Undefined,0,0,79.52616,0.673767,-2.04517,2091.817064,84.257908,8:45,5.74028,2.32658,5.61158,-44.15853,0.55835,-8.31225,2.68971,-0.27583,73.00204,-7.411196,-3.528528,0.48129,,,,,,,,,,,,3.62016,0.54158,-2.14637,50,5.76952,4.4482,-115.42958,-0.1149,4.8754,21.85149,-31.44469,78.31539,,6.52412,,,,1000073611,Right,54.88738,-116.35112,10.92575,5.74641,1.2112,-15.72235,-2.32963,4.2426,2.4377,,,,,,,,,,,,,,,,,,,,,,,,,,,,,,,,,,,,,,,,,,,,,,,,,,,High,High,High,,,,,,v3
81,10/26/2022,4,1,1000036180,Right,T_A,1000187796,Right,T_C,2,Top,2,0,0,0-0,Curveball,Curveball,InPlay,Undefined,GroundBall,GroundBall,Out,1,0,75.37853,2.283085,-1.838795,1579.748183,15.401095,6:30,5.71578,2.08146,5.06286,-64.87248,-13.29473,-4.16638,2.46484,-0.00023,68.40178,-9.438832,-2.575871,0.516895,79.55213,-10.139537,7.325039,,,,,13.44861,11.93183,6.874008,0.103294,1.46685,-6.84882,-1.90319,50,5.88102,3.66954,-109.16156,2.0801,1.73942,22.30747,-40.29563,72.92084,2.23506,6.97675,1.62002,2.23506,0.05904,1000073611,Right,55.43837,-110.26731,11.15373,5.72841,4.07748,-20.14782,-2.08295,3.58332,0.86971,219.706746,1.62004,113.91483,-3.26232,,,,,,,2.23507,-20.54129,-10.64788,,,,,,,0.05903,14.64418,3.55563,,,,,,,,,,,,,,,,,,,,,,,,,,,,,High,High,High,Low,Low,,,,v3
82,10/26/2022,1,1,1000187695,Right,T_B,1000187798,Right,T_A,2,Bottom,0,0,0,0-0,Curveball,Curveball,StrikeCalled,Undefined,Undefined,,Undefined,0,0,78.00888,1.653851,0.162459,2673.618131,39.563726,7:15,5.66552,0.42017,4.96976,-59.40082,-11.98579,-11.0806,2.27808,-0.34976,71.9526,-9.023326,-1.79681,0.495598,,,,,,,,,,,,5.51134,-5.90929,-0.42642,50,5.77634,0.13766,-113.27467,1.07337,7.168,20.49681,-39.85961,76.05448,,6.05628,,,,1000113065,Right,55.53331,-114.27152,10.24841,5.677,3.01193,-19.92981,-0.42464,-0.21095,3.584,,,,,,,,,,,,,,,,,,,,,,,,,,,,,,,,,,,,,,,,,,,,,,,,,,,High,High,High,,,,,,v3
83,10/26/2022,1,2,1000187695,Right,T_B,1000187798,Right,T_A,2,Bottom,0,0,1,0-1,Curveball,Curveball,BallCalled,Undefined,Undefined,,Undefined,0,0,77.21242,0.982726,-0.199103,2663.753785,34.071966,7:15,5.61598,0.24356,4.97626,-60.60657,-12.19127,-9.23689,1.49368,-0.71423,71.3376,-9.896266,-1.83414,0.500798,,,,,,,,,,,,4.52,-5.86559,-0.21643,50,5.66078,0.76433,-112.13829,-0.28319,5.75384,20.33319,-39.6408,75.26472,,5.87481,,,,1000113065,Right,55.52692,-113.13601,10.16659,5.62696,1.66192,-19.8204,-0.24701,0.482,2.87692,,,,,,,,,,,,,,,,,,,,,,,,,,,,,,,,,,,,,,,,,,,,,,,,,,,High,High,High,,,,,,v3
84,10/26/2022,1,3,1000187695,Right,T_B,1000187798,Right,T_A,2,Bottom,0,1,1,1-1,Fastball,Four-Seam,BallCalled,Undefined,Undefined,,Undefined,0,0,90.71274,-1.234365,0.456793,2285.34927,197.257879,12:30,5.6971,0.61798,5.76803,-12.23111,21.77501,6.43796,3.52887,1.5796,83.01886,-3.599803,1.609294,0.419711,,,,,,,,,,,,-3.20292,11.83138,-0.6599,50,5.58798,-1.32115,-131.81213,-3.17352,-5.64308,27.64195,-11.32883,89.80578,,7.69388,,,,1000113065,Right,54.73254,-132.80087,13.82097,5.69425,-2.7683,-5.66441,-0.61626,-1.11929,-2.82154,,,,,,,,,,,,,,,,,,,,,,,,,,,,,,,,,,,,,,,,,,,,,,,,,,,High,High,High,,,,,,v3
85,10/26/2022,1,4,1000187695,Right,T_B,1000187798,Right,T_A,2,Bottom,0,2,1,2-1,Fastball,Four-Seam,BallCalled,Undefined,Undefined,,Undefined,0,0,90.42138,-3.530654,-0.584526,2238.043349,204.365684,12:45,5.56343,0.39971,6.00736,-13.45516,20.30572,8.74871,1.16681,0.58721,83.55237,-6.093412,0.989302,0.418194,,,,,,,,,,,,-4.68461,11.67823,-0.35874,50,5.27844,0.98364,-131.30907,-8.47295,-8.26132,25.1849,-11.57948,90.13137,,6.86901,,,,1000113065,Right,54.49346,-132.16809,12.59245,5.5607,-8.07798,-5.78974,-0.3971,1.26543,-4.13066,,,,,,,,,,,,,,,,,,,,,,,,,,,,,,,,,,,,,,,,,,,,,,,,,,,High,High,High,,,,,,v3
86,10/26/2022,1,5,1000187695,Right,T_B,1000187798,Right,T_A,2,Bottom,0,3,1,3-1,Fastball,Four-Seam,StrikeCalled,Undefined,Undefined,,Undefined,0,0,90.31748,-3.115719,-1.465064,2304.422873,192.042968,12:30,5.63785,0.38606,5.9059,-12.42757,21.5921,4.38984,1.70629,-0.60834,83.23396,-5.500596,-0.67735,0.419794,,,,,,,,,,,,-2.61496,12.16091,-0.27088,50,5.3801,3.16647,-131.10414,-7.46018,-4.59256,25.36734,-10.81645,89.78789,,7.08352,,,,1000113065,Right,54.59293,-131.98984,12.68367,5.63397,-7.08252,-5.40823,-0.38424,3.32682,-2.29628,,,,,,,,,,,,,,,,,,,,,,,,,,,,,,,,,,,,,,,,,,,,,,,,,,,High,High,High,,,,,,v3
87,10/26/2022,1,6,1000187695,Right,T_B,1000187798,Right,T_A,2,Bottom,0,3,2,3-2,Fastball,Four-Seam,FoulBall,Undefined,Undefined,,Undefined,0,0,90.91391,-2.98369,-1.683627,2332.029631,199.281349,12:45,5.62522,0.12625,5.9479,-11.62355,22.08702,7.35359,1.88551,-0.82297,83.27412,-5.239073,-0.363222,0.417883,69.87855,45.65136,105.546783,5391.590354,,,,,20.60814,,,-4.255,12.50422,0.0035,50,5.38109,3.57027,-131.93061,-7.17013,-7.51624,27.48047,-10.08604,90.19858,20.98536,7.63979,1.95622,1.94014,0.39857,1000113065,Right,54.55182,-132.87535,13.74024,5.62163,-6.82339,-5.04302,-0.12368,3.82866,-3.75812,,1.96417,-19.55877,-9.64198,,,,,,,1.94834,72.925,-32.12975,,,,,,,0.40161,68.88635,-11.94803,,,,,,,,,,,,,,,,,,,,,,,,,,,,,High,High,High,Low,Low,,,,v3
88,10/26/2022,1,7,1000187695,Right,T_B,1000187798,Right,T_A,2,Bottom,0,3,2,3-2,Fastball,Four-Seam,InPlay,Undefined,FlyBall,FlyBall,Double,0,0,90.40319,-1.472238,-1.408863,2281.672255,195.702344,12:30,5.63921,0.0859,5.90032,-13.2156,20.93635,5.58142,3.17046,-0.75715,82.58201,-4.024288,-0.407382,0.42061,92.767,28.68638,17.673023,3997.225983,102.67143,56.27705,39.47743,333.98302,318.36339,28.991977,4.95411,-3.26323,11.48201,0.02412,50,5.51333,2.99358,-131.29208,-3.72641,-5.69654,27.76787,-12.13018,89.61382,76.50654,7.82118,1.78016,3.27222,0.75213,1000113065,Right,54.59867,-132.26111,13.88394,5.63598,-3.3031,-6.06509,-0.08382,3.19237,-2.84827,207.962751,1.78097,113.7069,-24.01281,5.32738,-1.06282,0.19314,-0.0321,0.00388,-0.00021,3.27339,65.28645,-15.97314,0.7141,0.03075,-0.07596,0.02838,-0.00442,0.00025,0.75202,36.24329,-0.37959,-0.22158,0.00281,0.03023,-0.0105,0.00152,-8.00E-05,,,,,,,,,,,,,,,,,,,,,,,High,High,High,High,Medium,,,,v3
89,10/26/2022,2,1,1000187695,Right,T_B,1000073511,Right,T_A,2,Bottom,0,0,0,0-0,Curveball,Curveball,BallCalled,Undefined,Undefined,,Undefined,0,0,75.96769,0.35005,-0.831342,2606.492149,53.427414,7:45,5.67846,0.28284,4.79429,-57.02818,-6.57945,-10.96859,1.25788,-1.41908,70.12876,-9.866842,-2.765251,0.511207,,,,,,,,,,,,5.16784,-2.87335,-0.1899,50,5.66345,2.0451,-110.24947,-1.38827,6.35144,19.86591,-35.70549,73.73231,,5.83892,,,,1000113065,Right,55.70721,-111.2731,9.93295,5.68758,0.45153,-17.85275,-0.28684,1.71783,3.17572,,,,,,,,,,,,,,,,,,,,,,,,,,,,,,,,,,,,,,,,,,,,,,,,,,,High,High,High,,,,,,v3
90,10/26/2022,2,2,1000187695,Right,T_B,1000073511,Right,T_A,2,Bottom,0,1,0,1-0,Curveball,Curveball,BallCalled,Undefined,Undefined,,Undefined,0,0,77.98191,0.660221,-1.353051,2757.379973,44.108217,7:30,5.60116,0.70543,4.62851,-57.83944,-9.60745,-10.76347,1.40898,-1.47789,71.87985,-9.663966,-3.244188,0.499849,,,,,,,,,,,,4.87717,-4.42965,-0.55616,50,5.61539,3.12972,-113.12131,-0.90313,6.3051,21.08083,-37.90056,75.40762,,6.10206,,,,1000113065,Right,55.87342,-114.21061,10.54042,5.61146,1.05529,-18.95028,-0.70947,2.80392,3.15255,,,,,,,,,,,,,,,,,,,,,,,,,,,,,,,,,,,,,,,,,,,,,,,,,,,High,High,High,,,,,,v3
91,10/26/2022,2,3,1000187695,Right,T_B,1000073511,Right,T_A,2,Bottom,0,2,0,2-0,Fastball,Four-Seam,InPlay,Undefined,FlyBall,,Out,1,0,88.08343,-2.781192,-1.03678,2282.290837,198.498998,12:30,5.6668,0.30214,5.86321,-13.27115,22.76509,7.23189,1.97474,-0.05846,80.6426,-5.340246,0.26028,0.432057,96.38612,51.454135,-19.511995,4152.512135,105.76286,135.53726,-30.23593,,154.54146,,,-4.01484,12.80245,-0.22248,50,5.43369,2.01839,-127.84921,-6.55502,-6.6523,26.09158,-10.9613,87.23945,160.58727,7.44083,2.91082,2.20054,0.04096,1000113065,Right,54.63647,-128.79195,13.04579,5.66338,-6.15897,-5.48065,-0.29975,2.25875,-3.32615,182.872459,2.91077,83.03388,-24.76153,8.2804,-2.28868,0.56356,-0.11246,0.01407,-0.0007,2.20035,110.57216,-23.58228,1.69656,-0.11248,0.07093,-0.0528,0.01517,-0.00152,0.04098,-29.42366,10.05859,-2.1834,0.39064,-0.06643,0.01171,-0.00153,8.00E-05,,,,,,,,,,,,,,,,,,,,,,,High,High,High,High,Low,,,,v3
92,10/26/2022,3,1,1000187695,Right,T_B,1000064785,Right,T_A,2,Bottom,1,0,0,0-0,Fastball,Four-Seam,FoulBall,Undefined,Undefined,,Undefined,0,0,88.48539,-2.083772,-0.172718,2284.933565,198.724956,12:30,5.66063,0.424,5.59074,-15.13509,20.91237,6.70178,2.45281,0.8212,80.98686,-4.96459,1.023433,0.432124,,,,,,,,,,,,-3.42189,11.47973,-0.41355,50,5.47205,0.09195,-128.42268,-5.10504,-5.72609,26.09562,-12.96416,87.22592,,7.49853,,,,1000113065,Right,54.90639,-129.41583,13.04781,5.65695,-4.61165,-6.48208,-0.42119,0.30987,-2.86304,,,,,,,,,,,,,,,,,,,,,,,,,,,,,,,,,,,,,,,,,,,,,,,,,,,High,High,High,,,,,,v3
93,10/26/2022,3,2,1000187695,Right,T_B,1000064785,Right,T_A,2,Bottom,1,0,1,0-1,Fastball,Four-Seam,FoulBall,Undefined,Undefined,,Undefined,0,0,87.68214,-1.528682,-0.705386,2191.226605,188.046498,12:15,5.76483,0.06013,5.58311,-16.59151,20.49403,2.71508,2.95416,-0.37239,79.42247,-4.699423,-0.220906,0.438302,75.79034,56.530157,126.164302,3127.200516,,,,,31.35059,,,-1.59996,11.24331,-0.00137,50,5.62311,1.44988,-127.17161,-3.87887,-2.5945,28.46246,-13.9417,85.99643,44.0197,8.25967,2.68236,3.0143,0.1853,1000113065,Right,54.91478,-128.26687,14.23123,5.76205,-3.34238,-6.97085,-0.05909,1.54972,-1.29725,,2.68236,-36.17563,-6.26321,4.31615,-1.49793,0.45415,-0.12653,0.03315,-0.0057,3.0143,92.72618,-36.92656,6.51652,-1.45843,0.29231,-0.05668,0.01016,-0.00112,0.1853,49.49241,-8.10616,0.46152,0.18279,-0.12484,0.04513,-0.01395,0.00257,,,,,,,,,,,,,,,,,,,,,,,High,High,High,High,Low,,,,v3
94,10/26/2022,3,3,1000187695,Right,T_B,1000064785,Right,T_A,2,Bottom,1,0,2,0-2,Fastball,Four-Seam,BallCalled,Undefined,Undefined,,Undefined,0,0,88.22995,0.100953,0.149056,2233.213643,184.612876,12:15,5.69872,0.52611,5.37967,-15.32698,21.11316,1.61398,4.51611,0.80033,80.71781,-2.814513,0.435917,0.434472,,,,,,,,,,,,-0.76669,10.89225,-0.54061,50,5.69723,-0.40595,-128.11157,-0.22823,-1.27939,25.45422,-13.99781,86.75464,,7.51214,,,,1000113065,Right,55.11728,-129.12431,12.72711,5.69523,0.3287,-6.9989,-0.52547,-0.35505,-0.63969,,,,,,,,,,,,,,,,,,,,,,,,,,,,,,,,,,,,,,,,,,,,,,,,,,,High,High,High,,,,,,v3
95,10/26/2022,3,4,1000187695,Right,T_B,1000064785,Right,T_A,2,Bottom,1,1,2,1-2,Fastball,Four-Seam,BallCalled,Undefined,Undefined,,Undefined,0,0,90.22244,-3.132115,0.790635,2288.93193,201.165517,12:45,5.58259,0.44792,5.67151,-13.62036,20.89434,7.67811,1.52421,1.82494,82.91847,-5.722941,2.162605,0.422838,,,,,,,,,,,,-3.67618,11.74804,-0.51948,50,5.30944,-2.14532,-130.89449,-7.54562,-6.4117,26.25889,-11.68408,89.14166,,7.30397,,,,1000113065,Right,54.82648,-131.85918,13.12945,5.57876,-7.11638,-5.84204,-0.44499,-1.90977,-3.20585,,,,,,,,,,,,,,,,,,,,,,,,,,,,,,,,,,,,,,,,,,,,,,,,,,,High,High,High,,,,,,v3
96,10/26/2022,3,5,1000187695,Right,T_B,1000064785,Right,T_A,2,Bottom,1,2,2,2-2,Curveball,Curveball,BallCalled,Undefined,Undefined,,Undefined,0,0,77.6592,0.842305,-1.116682,2728.185723,35.28734,7:15,5.63085,0.37216,5.06936,-58.06539,-10.54886,-8.43776,1.58643,-1.38397,72.01674,-9.590968,-2.611514,0.496128,,,,,,,,,,,,3.91217,-5.09012,-0.25915,50,5.66418,2.53598,-112.8293,-0.42694,5.06306,19.76953,-38.76161,75.97322,,5.64246,,,,1000113065,Right,55.43403,-113.77745,9.88476,5.64008,1.43206,-19.3808,-0.37495,2.29316,2.53153,,,,,,,,,,,,,,,,,,,,,,,,,,,,,,,,,,,,,,,,,,,,,,,,,,,High,High,High,,,,,,v3
97,10/26/2022,3,6,1000187695,Right,T_B,1000064785,Right,T_A,2,Bottom,1,3,2,3-2,Curveball,Curveball,FoulBall,Undefined,Undefined,GroundBall,Undefined,0,0,77.45396,0.113371,0.530306,2746.509733,37.794681,7:15,5.59659,0.53428,4.99141,-61.24814,-13.13607,-11.32103,0.59963,0.09159,71.70748,-10.857461,-1.476977,0.499227,48.72483,-20.20178,-161.049545,,,,,1.74365,4.16505,-40.375949,0.044528,5.84473,-6.3124,-0.57545,50,5.55647,-0.59744,-112.51677,-1.97334,7.47998,20.73893,-40.25253,75.50155,1.10248,5.74648,4.16211,1.10248,-0.15653,1000113065,Right,55.51303,-113.52838,10.36947,5.60484,-0.0099,-20.12626,-0.5374,-0.96231,3.73999,,4.16361,-63.64106,,,,,,,,1.10307,-24.75957,,,,,,,,-0.15601,-21.85183,,,,,,,,,,,,,,,,,,,,,,,,,,,,,,High,High,High,Estimated,Estimated,,,,v3
98,10/26/2022,3,7,1000187695,Right,T_B,1000064785,Right,T_A,2,Bottom,1,3,2,3-2,Curveball,Curveball,InPlay,Undefined,FlyBall,FlyBall,Sacrifice,1,1,76.65363,0.613543,1.158059,2657.254905,51.934265,7:45,5.63073,0.5404,4.86013,-58.6407,-9.39438,-13.8782,1.32486,0.48012,70.94595,-9.892751,-1.293311,0.505078,93.71196,37.699156,4.379489,4346.43922,108.55064,77.57005,17.79638,328.70479,317.33569,20.106126,5.564313,7.24166,-4.5037,-0.64188,50,5.6403,-1.70001,-111.32512,-0.91866,9.10434,19.64622,-37.8362,74.62699,105.01396,5.70769,2.84005,1.71251,-0.53825,1000113065,Right,55.64374,-112.31669,9.82311,5.63847,0.99098,-18.9181,-0.54448,-2.15952,4.55217,212.722362,2.84952,108.25141,-23.2441,4.70388,-0.43577,-0.08404,0.03239,-0.00378,0.00015,1.70934,84.09784,-19.77458,1.41115,-0.12484,-0.04573,0.02353,-0.0038,0.00021,-0.54156,8.36992,7.55518,-2.30393,0.43644,-0.04836,0.00306,-0.00021,2.00E-05,,,,,,,,,,,,,,,,,,,,,,,High,High,High,High,Medium,,,,v3
99,10/26/2022,4,1,1000187695,Right,T_B,1000069979,Right,T_A,2,Bottom,2,0,0,0-0,Curveball,Curveball,BallCalled,Undefined,Undefined,,Undefined,0,0,77.33834,1.050214,-1.731697,2774.496472,49.043697,7:45,5.58476,0.34635,5.03581,-60.40558,-11.84107,-15.43662,1.54233,-2.57426,71.03057,-9.811265,-4.461992,0.501569,,,,,,,,,,,,7.12311,-5.70063,-0.1681,50,5.63655,4.01986,-112.18786,-0.12803,9.0014,21.89945,-39.37787,75.14901,,6.30777,,,,1000113065,Right,55.46667,-113.24995,10.94973,5.59645,1.78173,-19.68894,-0.35247,3.5833,4.5007,,,,,,,,,,,,,,,,,,,,,,,,,,,,,,,,,,,,,,,,,,,,,,,,,,,High,High,High,,,,,,v3
100,10/26/2022,4,2,1000187695,Right,T_B,1000069979,Right,T_A,2,Bottom,2,1,0,1-0,Fastball,Four-Seam,FoulBall,Undefined,Undefined,,Undefined,0,0,88.30992,-1.222004,-0.462296,2257.201292,197.283333,12:30,5.65452,0.13243,5.91878,-15.26076,20.42757,6.01036,3.24854,0.20427,80.83005,-4.145857,0.616968,0.429966,84.89537,68.136928,47.834807,5316.711455,,,,,37.41826,,,-3.23288,11.17953,-0.09895,50,5.54811,0.79106,-128.32795,-3.15864,-5.39843,26.21257,-13.50576,87.66368,86.26517,7.47987,2.79716,3.34752,-0.18974,1000113065,Right,54.58082,-129.26025,13.10628,5.65191,-2.67828,-6.75288,-0.1305,0.98306,-2.69922,,2.79716,31.12483,-14.59628,4.36939,-0.78353,-0.56994,1.09381,-0.82726,0.24844,3.34752,115.5576,-30.14882,4.01236,-0.81756,0.17936,-0.06092,0.02346,-0.00509,-0.18974,34.36817,-0.44727,-0.67482,0.14245,0.30118,-0.51185,0.38162,-0.11404,,,,,,,,,,,,,,,,,,,,,,,High,High,High,Low,Low,,,,v3
101,10/26/2022,4,3,1000187695,Right,T_B,1000069979,Right,T_A,2,Bottom,2,1,1,1-1,Curveball,Curveball,FoulBall,Undefined,Undefined,,Undefined,0,0,75.86094,2.735769,0.918977,2549.92748,34.992328,7:15,5.60674,0.3754,4.81149,-62.96224,-11.76469,-9.47493,2.9539,0.45648,68.89122,-8.604901,-0.7497,0.514987,,,,,,,,,,,,4.91233,-6.03571,-0.45816,50,5.82433,-1.36669,-109.8518,2.93933,5.92851,21.70262,-39.45834,73.19108,,6.96972,,,,1000113065,Right,55.68912,-110.97007,10.85131,5.6205,4.97249,-19.72917,-0.37987,-1.67217,2.96426,,,,,,,,,,,,,,,,,,,,,,,,,,,,,,,,,,,,,,,,,,,,,,,,,,,High,High,High,,,,,,v3
102,10/26/2022,4,4,1000187695,Right,T_B,1000069979,Right,T_A,2,Bottom,2,1,2,1-2,Curveball,Curveball,StrikeSwinging,Strikeout,Undefined,,Undefined,0,0,77.25205,0.009827,0.318572,2713.27451,28.498708,7:00,5.59825,0.16889,5.21746,-60.47539,-11.95032,-7.38638,0.56788,-0.1471,70.71096,-10.903566,-0.996587,0.501366,,,,,,,,,,,,3.80418,-5.5313,-0.19249,50,5.55343,-0.3318,-112.09146,-2.10474,4.77336,22.86573,-39.1145,75.17954,,6.54109,,,,1000113065,Right,55.28415,-113.16425,11.43287,5.60913,-0.26961,-19.55725,-0.17167,-0.55576,2.38668,,,,,,,,,,,,,,,,,,,,,,,,,,,,,,,,,,,,,,,,,,,,,,,,,,,High,High,High,,,,,,v3
103,10/26/2022,1,1,1000051799,Left,T_A,1000079321,Left,T_C,3,Top,0,0,0,0-0,Fastball,Four-Seam,BallCalled,Undefined,Undefined,,Undefined,0,0,90.38203,-2.566806,5.353245,2132.265776,148.067704,11:00,4.86368,-2.29648,5.83673,-17.76891,16.763,-9.75359,0.98518,1.88081,82.66749,-5.916642,3.616574,0.422943,,,,,,,,,,,,6.41327,9.58678,1.86452,50,4.64293,-11.81536,-130.62534,-6.42376,11.10506,26.95289,-15.57386,89.11943,,7.71454,,,,1000073611,Right,54.66101,-131.58356,13.47645,4.86147,-5.87009,-7.78693,2.2916,-12.21017,5.55253,,,,,,,,,,,,,,,,,,,,,,,,,,,,,,,,,,,,,,,,,,,,,,,,,,,High,High,High,,,,,,v3
104,10/26/2022,1,2,1000051799,Left,T_A,1000079321,Left,T_C,3,Top,0,1,0,1-0,Slider,Slider,FoulBall,Undefined,Undefined,Popup,Undefined,0,0,80.98465,1.067813,2.677972,2442.571369,297.281992,4:00,4.72367,-2.48119,5.29677,-45.79471,-2.4165,7.1187,1.9112,0.62813,74.79974,-7.236436,3.939618,0.474032,68.22293,49.789634,-57.85184,4302.284883,42.60419,78.11253,-101.41425,177.14039,144.3084,-71.254936,4.466955,-2.89862,-1.19299,2.23198,50,4.78695,-5.7822,-117.55095,0.57122,-4.07642,21.22555,-33.85177,79.51462,78.15584,6.1849,1.54862,1.84482,-0.3592,1000073611,Right,55.20516,-118.48709,10.61278,4.72883,2.06423,-16.92589,2.48304,-5.60241,-2.03821,143.833741,1.57931,33.63928,-8.09777,-3.21718,5.15086,-2.76287,0.73661,-0.09608,0.00488,1.84367,76.48176,-22.92435,3.477,-1.91547,1.00216,-0.31395,0.05006,-0.00314,-0.34938,-54.96666,5.69606,-3.00973,2.96976,-1.6825,0.51637,-0.07945,0.00479,,,,,,,,,,,,,,,,,,,,,,,High,High,High,High,Low,,,,v3
105,10/26/2022,1,3,1000051799,Left,T_A,1000079321,Left,T_C,3,Top,0,1,1,1-1,Splitter,Slider,InPlay,Undefined,GroundBall,GroundBall,Single,0,0,81.04044,0.163716,1.866867,2527.737909,299.73673,4:00,4.82508,-2.23425,5.2759,-48.25762,-5.10733,11.02902,0.95747,0.43888,75.34231,-8.545287,3.825022,0.472785,74.58402,1.701576,7.757036,1388.956889,,,,37.90465,36.48738,6.936105,0.33991,-5.11646,-2.33996,2.05513,50,4.80384,-4.27645,-117.77829,-1.38896,-7.24513,20.67132,-35.48756,79.72433,1.3159,5.69813,2.12152,1.18622,-0.42476,1000073611,Right,55.2273,-118.69219,10.33566,4.83056,0.17998,-17.74378,2.23712,-3.95614,-3.62257,339.230573,2.12344,108.26548,-11.23964,,,,,,,1.18954,3.11832,-19.49953,,,,,,,-0.42502,14.7686,-0.14943,,,,,,,,,,,,,,,,,,,,,,,,,,,,,High,High,High,High,High,,,,v3
106,10/26/2022,2,1,1000051799,Left,T_A,1000099417,Right,T_C,3,Top,0,0,0,0-0,Slider,Slider,StrikeSwinging,Undefined,Undefined,,Undefined,0,0,81.24594,-0.161231,2.996418,2250.818848,287.653112,3:30,4.85091,-1.87718,5.19047,-44.589,-1.59791,8.62315,0.98328,1.6628,75.7577,-8.192736,4.521838,0.471911,,,,,,,,,,,,-3.58823,-0.39417,1.59214,50,4.80187,-6.52996,-117.97309,-1.95549,-5.12195,19.7382,-32.73671,79.87185,,5.48824,,,,1000073611,Right,55.31105,-118.85836,9.8691,4.85665,-0.48721,-16.36835,1.87986,-6.30023,-2.56098,,,,,,,,,,,,,,,,,,,,,,,,,,,,,,,,,,,,,,,,,,,,,,,,,,,High,High,High,,,,,,v3
107,10/26/2022,2,2,1000051799,Left,T_A,1000099417,Right,T_C,3,Top,0,0,1,0-1,Slider,Curveball,InPlay,Undefined,GroundBall,GroundBall,Error,0,0,79.9426,1.646828,2.237203,2541.676253,295.315786,3:45,4.81111,-2.35507,5.24937,-47.47936,-3.05847,9.06772,2.40363,0.50394,74.05468,-6.951167,3.84315,0.479695,83.116,-7.994698,6.539829,,,,,16.68806,13.32474,4.260144,0.123768,-4.01421,-1.64366,2.14254,50,4.92652,-4.8947,-116.0932,1.66356,-5.52811,19.88673,-34.43761,78.57585,2.35176,5.88791,1.921,2.35176,-0.45946,1000073611,Right,55.25308,-116.98959,9.94336,4.81655,3.21583,-17.21881,2.35755,-4.64552,-2.76406,335.901191,1.92104,119.92907,-7.99452,,,,,,,2.35183,-16.96167,-16.48931,,,,,,,-0.45946,13.74934,-0.16882,,,,,,,,,,,,,,,,,,,,,,,,,,,,,High,High,High,Low,Low,,,,v3
108,10/26/2022,3,1,1000051799,Left,T_A,1000079313,Left,T_C,3,Top,0,0,0,0-0,Slider,Four-Seam,StrikeCalled,Undefined,Undefined,,Undefined,0,0,89.82742,-1.582662,4.205826,2165.207122,144.203741,10:45,4.78169,-2.28203,6.0112,-19.90954,14.6469,-9.77536,1.65205,0.80665,82.21262,-5.332985,2.454252,0.423093,,,,,,,,,,,,6.16508,8.29363,1.9567,50,4.64621,-9.16296,-130.17247,-4.21871,10.60027,26.79456,-17.91397,89.0878,,7.6148,,,,1000073611,Right,54.48732,-131.09288,13.39728,4.78055,-3.60335,-8.95698,2.27771,-9.52708,5.30013,,,,,,,,,,,,,,,,,,,,,,,,,,,,,,,,,,,,,,,,,,,,,,,,,,,High,High,High,,,,,,v3
109,10/26/2022,3,2,1000051799,Left,T_A,1000079313,Left,T_C,3,Top,0,0,1,0-1,Fastball,Four-Seam,StrikeCalled,Undefined,Undefined,,Undefined,0,0,88.79663,-1.54259,4.326061,2118.09853,143.594522,10:45,4.75587,-2.1931,5.80659,-23.21076,12.36343,-8.3091,1.38263,1.14525,81.52043,-5.863332,2.8432,0.429278,,,,,,,,,,,,5.4104,7.05807,1.84263,50,4.61509,-9.38588,-128.66204,-4.23947,9.10773,25.635,-20.29271,87.80422,,7.2762,,,,1000073611,Right,54.69291,-129.5937,12.8175,4.75576,-3.50197,-10.14636,2.18976,-9.71688,4.55386,,,,,,,,,,,,,,,,,,,,,,,,,,,,,,,,,,,,,,,,,,,,,,,,,,,High,High,High,,,,,,v3
110,10/26/2022,3,3,1000051799,Left,T_A,1000079313,Left,T_C,3,Top,0,0,2,0-2,Slider,Slider,BallCalled,Undefined,Undefined,,Undefined,0,0,78.47198,-0.08427,1.265648,2449.843254,289.936146,3:45,4.73514,-2.24697,5.18005,-51.25003,-4.77548,16.95887,0.385,0.35732,72.65692,-9.321719,4.274124,0.490658,,,,,,,,,,,,-8.21272,-2.04906,2.11557,50,4.6877,-3.18139,-113.99143,-1.96276,-10.81426,20.80638,-34.87219,76.82015,,5.81506,,,,1000073611,Right,55.32296,-114.9589,10.40319,4.74127,-0.34125,-17.4361,2.25181,-2.67854,-5.40713,,,,,,,,,,,,,,,,,,,,,,,,,,,,,,,,,,,,,,,,,,,,,,,,,,,High,High,High,,,,,,v3
111,10/26/2022,3,4,1000051799,Left,T_A,1000079313,Left,T_C,3,Top,0,1,2,1-2,Fastball,Sinker,InPlay,Undefined,GroundBall,,Out,2,0,89.67384,-0.71735,2.445669,2246.520543,133.933842,10:30,4.73946,-2.19912,5.67019,-24.6582,10.22272,-9.51965,2.01514,-0.71081,82.38182,-5.290533,0.745382,0.425075,,,,,,,,,,,,5.54567,5.69402,1.99893,50,4.66325,-5.16211,-130.2322,-2.48802,9.56737,26.1909,-22.35074,88.67251,,7.29202,,,,1000073611,Right,54.83078,-131.20012,13.09545,4.73993,-1.66202,-11.17537,2.19623,-5.51568,4.78369,,,,,,,,,,,,,,,,,,,,,,,,,,,,,,,,,,,,,,,,,,,,,,,,,,,High,High,High,,,,,,v3
112,10/26/2022,4,1,1000051799,Left,T_A,90000221623,Right,T_C,3,Top,2,0,0,0-0,Slider,Slider,BallinDirt,Undefined,Undefined,,Undefined,0,1,79.71357,-0.235349,2.872728,2451.557982,292.289099,3:45,4.72605,-2.12834,5.23201,-49.68566,-4.6441,14.55394,0.36407,1.78712,73.84464,-9.184414,5.450637,0.483034,,,,,,,,,,,,-6.50874,-1.86433,1.85239,50,4.66706,-6.38975,-115.66596,-2.24658,-8.82851,21.32213,-34.70287,78.03261,,5.86893,,,,1000073611,Right,55.26979,-116.63336,10.66106,4.73327,-0.67209,-17.35143,2.13321,-5.98919,-4.41426,,,,,,,,,,,,,,,,,,,,,,,,,,,,,,,,,,,,,,,,,,,,,,,,,,,High,High,High,,,,,,v3
113,10/26/2022,4,2,1000051799,Left,T_A,90000221623,Right,T_C,3,Top,2,1,0,1-0,Fastball,Four-Seam,BallCalled,Undefined,Undefined,,Undefined,0,0,87.66762,-1.3026,4.329058,2280.333747,165.525374,11:30,5.0285,-2.09801,6.05241,-17.03336,19.07556,-4.64158,2.39961,1.53017,80.48584,-4.540729,3.497692,0.432493,,,,,,,,,,,,3.51284,10.49209,1.76321,50,4.91757,-9.42942,-127.06658,-3.36463,5.77732,24.59167,-14.91839,87.15165,,7.18178,,,,1000073611,Right,54.44549,-127.92403,12.29584,5.02582,-2.84446,-7.45919,2.09551,-9.63086,2.88866,,,,,,,,,,,,,,,,,,,,,,,,,,,,,,,,,,,,,,,,,,,,,,,,,,,High,High,High,,,,,,v3
114,10/26/2022,4,3,1000051799,Left,T_A,90000221623,Right,T_C,3,Top,2,2,0,2-0,Fastball,Four-Seam,StrikeSwinging,Undefined,Undefined,,Undefined,0,0,89.12108,-1.246521,3.995632,2289.740801,167.224937,11:30,4.83044,-2.4921,6.16494,-15.50111,19.27391,-4.13083,2.38427,0.86049,81.7671,-4.212374,3.253657,0.424429,,,,,,,,,,,,3.18319,10.61493,2.19085,50,4.72756,-8.85982,-129.25176,-3.22883,5.41287,25.62777,-14.12379,88.80742,,7.35398,,,,1000073611,Right,54.33324,-130.10811,12.81388,4.82756,-2.75689,-7.0619,2.48992,-9.04069,2.70643,,,,,,,,,,,,,,,,,,,,,,,,,,,,,,,,,,,,,,,,,,,,,,,,,,,High,High,High,,,,,,v3
115,10/26/2022,4,4,1000051799,Left,T_A,90000221623,Right,T_C,3,Top,2,2,1,2-1,Fastball,Four-Seam,InPlay,Undefined,FlyBall,LineDrive,Out,1,0,88.80239,-0.654069,3.801278,2283.038515,158.109284,11:15,4.8675,-2.46823,6.12472,-20.89572,14.44036,-5.33796,2.5202,0.60608,80.86639,-4.607285,2.842486,0.427839,81.99626,21.540684,-8.903662,2870.836881,107.27046,35.60638,-24.35262,275.66605,268.396,-18.388834,3.594932,3.89024,8.00583,2.17993,50,4.80651,-8.34338,-128.76608,-2.09825,6.50265,27.84475,-18.79209,88.09957,39.79899,7.93601,1.91782,2.58436,-0.59643,1000073611,Right,54.37468,-129.70862,13.92238,4.86677,-1.46214,-9.39605,2.46608,-8.5635,3.25132,143.609826,1.91753,110.52249,-19.19713,4.21767,-0.97417,0.26586,-0.06897,0.01136,-0.00078,2.58461,44.14856,-13.34677,-0.08661,0.3076,-0.17516,0.05968,-0.00994,0.00062,-0.59618,-17.32169,-4.58062,1.51302,-0.36813,0.07799,-0.01637,0.00254,-0.00018,,,,,,,,,,,,,,,,,,,,,,,High,High,High,High,High,,,,v3
116,10/26/2022,1,1,1000136563,Right,T_B,1000051953,Right,T_A,3,Bottom,0,0,0,0-0,Fastball,Four-Seam,BallCalled,Undefined,Undefined,,Undefined,0,0,91.93891,-1.033124,-2.663834,1991.882145,219.714632,1:15,5.73121,0.80199,4.81568,-16.37395,18.1506,14.13682,3.38691,-0.54512,83.67605,-4.099518,-0.179902,0.422898,,,,,,,,,,,,-7.68559,9.5417,-0.5501,50,5.61516,5.49429,-133.18219,-2.99084,-13.79156,28.84632,-15.05178,89.12896,,8.26285,,,,1000113065,Right,55.68216,-134.40727,14.42316,5.72861,-2.3516,-7.52589,-0.79587,6.08001,-6.89578,,,,,,,,,,,,,,,,,,,,,,,,,,,,,,,,,,,,,,,,,,,,,,,,,,,High,High,High,,,,,,v3
117,10/26/2022,1,2,1000136563,Right,T_B,1000051953,Right,T_A,3,Bottom,0,1,0,1-0,Fastball,Sinker,FoulBall,Undefined,Undefined,GroundBall,Undefined,0,0,90.67585,-1.76408,-1.968369,2081.196528,232.652955,1:45,5.75253,0.78241,4.93957,-21.61741,13.5217,16.28678,2.28233,0.2786,83.15738,-5.741401,0.903668,0.426645,68.05239,-36.524573,-77.291315,,,,,5.24236,4.67811,-41.763256,0.040732,-8.65296,7.49331,-0.60552,50,5.56353,3.75586,-131.51339,-4.8767,-15.20541,27.0151,-19.00645,88.3461,2.42875,7.51846,3.18886,2.42875,-0.29271,1000113065,Right,55.56095,-132.65079,13.50755,5.752,-4.07648,-9.50323,-0.77713,4.39604,-7.6027,,3.18843,17.71152,,,,,,,,2.43022,-59.62704,,,,,,,,-0.29078,-78.53671,,,,,,,,,,,,,,,,,,,,,,,,,,,,,,High,High,High,Low,Low,,,,v3
118,10/26/2022,1,3,1000136563,Right,T_B,1000051953,Right,T_A,3,Bottom,0,1,1,1-1,ChangeUp,Changeup,StrikeCalled,Undefined,Undefined,,Undefined,0,0,83.8128,-0.414596,-3.120404,1811.590884,265.319597,2:45,5.40779,1.08365,5.28637,-38.15856,2.51843,15.29611,1.83799,-0.5748,76.97689,-7.366613,-0.406759,0.459035,,,,,,,,,,,,-8.52063,1.74843,-0.81074,50,5.34195,5.97762,-121.55821,-2.27169,-12.77357,23.39975,-29.55291,82.11232,,6.83591,,,,1000113065,Right,55.21395,-122.55778,11.69988,5.41202,-1.00928,-14.77646,-1.07775,6.52326,-6.38678,,,,,,,,,,,,,,,,,,,,,,,,,,,,,,,,,,,,,,,,,,,,,,,,,,,High,High,High,,,,,,v3
119,10/26/2022,1,4,1000136563,Right,T_B,1000051953,Right,T_A,3,Bottom,0,1,2,1-2,Slider,Slider,BallCalled,Undefined,Undefined,,Undefined,0,0,80.71462,-0.646701,-2.168345,2617.453665,93.705865,9:00,5.60087,0.847,4.82611,-42.9764,2.0148,-7.99469,1.40656,-1.87381,73.80215,-8.402126,-3.57539,0.482764,,,,,,,,,,,,3.30618,1.59658,-0.6246,50,5.49979,4.76911,-116.9301,-2.91898,4.54263,23.61282,-29.98041,78.07627,,6.91247,,,,1000113065,Right,55.67274,-118.07009,11.80641,5.60577,-1.47157,-14.99021,-0.84955,4.5498,2.27132,,,,,,,,,,,,,,,,,,,,,,,,,,,,,,,,,,,,,,,,,,,,,,,,,,,High,High,High,,,,,,v3
120,10/26/2022,1,5,1000136563,Right,T_B,1000051953,Right,T_A,3,Bottom,0,2,2,2-2,ChangeUp,Changeup,StrikeCalled,Strikeout,Undefined,,Undefined,0,0,84.36615,-0.355554,-2.938924,1870.124852,251.483969,2:30,5.47072,0.96399,5.3275,-34.55482,5.39335,12.50501,2.25707,-0.75404,77.64239,-6.669659,-0.719394,0.454904,,,,,,,,,,,,-7.05063,3.16221,-0.70747,50,5.4136,5.75364,-122.41211,-2.00556,-10.75638,22.93685,-27.34982,82.85798,,6.72376,,,,1000113065,Right,55.17239,-123.37748,11.46843,5.47378,-0.85446,-13.67491,-0.95915,6.20636,-5.37819,,,,,,,,,,,,,,,,,,,,,,,,,,,,,66.81263,,,0.943677,,,,3.83136,5.87994,2.50413,63.82763,5.76189,60.95492,3.93563,70.47168,-7.36611,5.93948,13.12655,-14.07442,2.53429,65.12951,-3.39773,High,High,High,,,High,Medium,Medium,v3
121,10/26/2022,2,1,1000136563,Right,T_B,1000194300,Left,T_A,3,Bottom,1,0,0,0-0,Fastball,Sinker,BallCalled,Undefined,Undefined,,Undefined,0,0,92.19203,-3.34204,-3.981318,2099.005334,239.690959,2:00,5.72291,0.64312,5.13919,-23.72269,10.3763,15.81737,0.58789,-1.7937,84.2639,-7.690688,-1.187275,0.420283,,,,,,,,,,,,-9.053,6.44327,-0.28254,50,5.39066,8.53362,-133.27501,-8.71492,-16.25754,29.05736,-20.60305,89.68339,,7.92813,,,,1000113065,Right,55.3607,-134.4387,14.52868,5.72315,-7.88981,-10.30153,-0.63733,9.1847,-8.12877,,,,,,,,,,,,,,,,,,,,,,,,,,,,,,,,,,,,,,,,,,,,,,,,,,,High,High,High,,,,,,v3
122,10/26/2022,2,2,1000136563,Right,T_B,1000194300,Left,T_A,3,Bottom,1,1,0,1-0,ChangeUp,Changeup,BallCalled,Undefined,Undefined,,Undefined,0,0,85.55546,-2.111496,-3.12421,1789.198887,256.630687,2:30,5.41744,1.19628,5.51575,-33.91368,5.04729,15.82402,0.61312,-0.40923,78.30217,-8.32276,-0.303014,0.449248,,,,,,,,,,,,-8.91993,3.53488,-0.93487,50,5.21044,6.10076,-123.97123,-5.77889,-13.82568,25.72004,-26.6951,83.90115,,7.25329,,,,1000113065,Right,54.9839,-125.00095,12.86002,5.4204,-4.71013,-13.34755,-1.1902,6.65428,-6.91284,,,,,,,,,,,,,,,,,,,,,,,,,,,,,,,,,,,,,,,,,,,,,,,,,,,High,High,High,,,,,,v3
123,10/26/2022,2,3,1000136563,Right,T_B,1000194300,Left,T_A,3,Bottom,1,2,0,2-0,Fastball,Sinker,InPlay,Undefined,GroundBall,GroundBall,Out,1,0,90.97571,-1.395884,-2.846134,2119.506306,229.908476,1:45,5.61376,1.04418,5.34318,-22.45391,12.02725,12.98863,2.4313,-0.54548,83.22849,-5.554442,-0.541012,0.422632,86.21713,-46.193599,-52.313141,,,,,1.81712,0.4006,-40.490862,0.024991,-7.30855,6.74469,-0.79718,50,5.47193,5.96364,-131.91362,-4.03484,-12.89627,27.68785,-20.27273,89.18504,2.28561,7.74722,0.04168,2.28561,0.55501,1000113065,Right,55.15596,-132.99142,13.84392,5.61363,-3.24569,-10.13637,-1.0391,6.46565,-6.44814,,0.0412,53.63074,,,,,,,,2.28642,-91.4591,,,,,,,,0.55562,-69.42297,,,,,,,,,,,,,,,,,,,,,,,,,,,,,,High,High,High,Low,Low,,,,v3
124,10/26/2022,3,1,1000136563,Right,T_B,1000110355,Right,T_A,3,Bottom,2,0,0,0-0,Slider,Slider,StrikeSwinging,Undefined,Undefined,,Undefined,0,0,80.05951,0.058328,-1.327137,2455.78137,82.282428,8:45,5.56782,1.06367,5.08093,-44.60081,0.21465,-8.41619,1.90608,-0.88891,73.81435,-8.010694,-2.816499,0.481821,,,,,,,,,,,,3.83418,0.48878,-0.93101,50,5.53804,3.03997,-116.21966,-1.49179,5.2557,21.33018,-31.50404,78.2292,,6.24515,,,,1000113065,Right,55.41919,-117.21005,10.66509,5.57335,-0.02903,-15.75202,-1.06649,2.79594,2.62785,,,,,,,,,,,,,,,,,,,,,,,,,,,,,,,,,,,,,,,,,,,,,,,,,,,High,High,High,,,,,,v3
125,10/26/2022,3,2,1000136563,Right,T_B,1000110355,Right,T_A,3,Bottom,2,0,1,0-1,ChangeUp,Changeup,FoulBall,Undefined,Undefined,,Undefined,0,0,85.44954,-1.375717,-2.702432,1893.862049,259.980129,2:45,5.59576,1.0939,5.26236,-35.40848,3.73,14.25989,1.35093,-0.25851,78.62022,-7.819384,-0.171516,0.45027,,,,,,,,,,,,-7.95941,2.54898,-0.85763,50,5.44329,5.24944,-123.96251,-4.28236,-12.41052,24.30459,-28.19962,83.7107,,6.82932,,,,1000113065,Right,55.23908,-124.98549,12.15229,5.59855,-3.09544,-14.09981,-1.08957,5.77179,-6.20526,,,,,,,,,,,,,,,,,,,,,,,,,,,,,,,,,,,,,,,,,,,,,,,,,,,High,High,High,,,,,,v3
126,10/26/2022,3,3,1000136563,Right,T_B,1000110355,Right,T_A,3,Bottom,2,0,2,0-2,Fastball,Sinker,FoulBall,Undefined,Undefined,LineDrive,Undefined,0,0,92.54247,-2.516279,-2.800205,2217.083742,232.547752,1:45,5.84135,0.4842,4.93521,-21.92533,11.7552,14.02221,1.63153,-0.99609,85.23087,-6.525785,-0.329281,0.417697,87.21335,18.07854,61.593138,5182.445423,44.5801,28.14224,100.56142,254.5195,161.19736,73.86103,3.180154,-7.70815,6.76662,-0.22412,50,5.57833,5.89075,-134.13063,-6.76889,-14.15047,26.92428,-19.75203,90.23877,30.38089,7.31159,1.65847,1.94011,0.43905,1000113065,Right,55.56557,-135.24321,13.46214,5.84117,-5.95269,-9.87602,-0.47962,6.47548,-7.07524,,1.65824,57.85591,-21.29534,6.04418,-1.69137,0.44583,-0.10289,0.01556,-0.00102,1.94041,39.68361,-14.77776,0.48688,0.25849,-0.17245,0.06045,-0.01033,0.00065,0.43876,106.9672,-13.30117,1.62895,-0.23087,0.08823,-0.03697,0.00763,-0.00057,,,,,,,,,,,,,,,,,,,,,,,High,High,High,High,Low,,,,v3
127,10/26/2022,3,4,1000136563,Right,T_B,1000110355,Right,T_A,3,Bottom,2,0,2,0-2,Slider,Curveball,InPlay,Undefined,FlyBall,FlyBall,Out,1,0,79.3014,-0.277785,-0.226891,2562.914332,30.020004,7:00,5.625,0.66989,4.90075,-51.71011,-5.22146,-3.92295,1.0531,0.12839,72.51003,-9.590256,-0.920259,0.490733,83.58079,34.35577,-19.322332,3774.658432,103.99474,65.3866,-35.84678,296.46609,293.07166,-18.604805,5.139853,1.89236,-2.16851,-0.64414,50,5.55388,0.6165,-115.00356,-2.45394,2.50772,23.41999,-35.04769,76.80851,82.4807,6.79137,4.14378,1.57161,-0.19405,1000113065,Right,55.60019,-116.13842,11.70999,5.63165,-0.75565,-17.52384,-0.67107,0.49498,1.25386,175.804231,4.14755,95.42147,-18.36741,3.84193,-0.48033,-0.02425,0.02037,-0.00281,0.00013,1.56891,69.22742,-16.41013,0.94752,-0.1881,0.03149,0.00175,-0.00119,0.0001,-0.19584,-33.44868,5.42249,-0.61074,-0.09351,0.0733,-0.01767,0.00197,-9.00E-05,,,,,,,,,,,,,,,,,,,,,,,High,High,High,High,Medium,,,,v3
128,10/26/2022,1,1,1000103199,Right,T_A,9000241166,Left,T_C,4,Top,0,0,0,0-0,Fastball,Four-Seam,FoulBall,Undefined,Undefined,,Undefined,0,0,89.50966,-1.670461,-1.881107,1881.670933,189.986295,12:15,5.62858,1.38368,6.28957,-17.18773,17.36162,2.85347,2.6556,-0.11268,81.40869,-4.965807,-1.365455,0.42305,73.41573,32.799912,161.748654,3617.073463,,,,,47.05243,,,-2.04744,9.87583,-1.24652,50,5.49715,4.15421,-129.94921,-4.25739,-3.47796,28.90881,-15.39812,89.09695,26.44748,8.10097,2.68053,2.5455,-0.06634,1000073611,Right,54.20861,-130.88212,14.45441,5.62652,-3.76048,-7.69906,-1.38239,4.26644,-1.73898,,2.68053,-85.95578,3.73386,1.05749,-0.42335,0.14858,-0.03628,0.00646,-0.0004,2.5455,58.32896,-31.32311,4.95589,-1.10373,0.23802,-0.0463,0.01124,-0.00218,-0.06634,28.3462,-7.29761,0.12371,0.12103,-0.07685,0.02147,-0.0038,0.0002,,,,,,,,,,,,,,,,,,,,,,,High,High,High,High,Low,,,,v3
129,10/26/2022,1,2,1000103199,Right,T_A,9000241166,Left,T_C,4,Top,0,0,1,0-1,Fastball,Four-Seam,StrikeCalled,Undefined,Undefined,,Undefined,0,0,91.30614,-1.177588,-1.262605,1727.851862,197.090428,12:30,5.85136,1.09042,5.96742,-17.57044,15.8867,4.55335,3.29492,0.29904,83.29365,-4.512899,-0.444322,0.416309,,,,,,,,,,,,-2.6748,8.79603,-0.99279,50,5.74816,2.72236,-132.57389,-3.25491,-4.75377,28.71186,-16.5413,90.53952,,8.01249,,,,1000073611,Right,54.52907,-133.55116,14.35593,5.84936,-2.69189,-8.27065,-1.08821,2.88416,-2.37688,,,,,,,,,,,,,,,,,,,,,,,,,,,,,,,,,,,,,,,,,,,,,,,,,,,High,High,High,,,,,,v3
130,10/26/2022,1,3,1000103199,Right,T_A,9000241166,Left,T_C,4,Top,0,0,2,0-2,Fastball,Four-Seam,BallCalled,Undefined,Undefined,,Undefined,0,0,90.39355,-0.425929,-2.293096,1771.159491,177.94326,12:00,5.93043,0.69046,5.81623,-15.5719,19.00749,-0.64047,4.23642,-1.49618,81.8749,-3.41601,-2.407687,0.423233,,,,,,,,,,,,-0.36524,10.13599,-0.50227,50,5.88628,5.27703,-131.06756,-1.4091,-0.63049,29.68796,-14.67766,89.05828,,8.51865,,,,1000073611,Right,54.67869,-132.12308,14.84398,5.9271,-0.88726,-7.33883,-0.69029,5.29945,-0.31524,,,,,,,,,,,,,,,,,,,,,,,,,,,,,,,,,,,,,,,,,,,,,,,,,,,High,High,High,,,,,,v3
131,10/26/2022,1,4,1000103199,Right,T_A,9000241166,Left,T_C,4,Top,0,1,2,1-2,Slider,Curveball,BallCalled,Undefined,Undefined,,Undefined,0,0,78.41977,-2.126185,-0.982907,2057.697524,78.379859,8:30,5.81844,1.15879,5.84542,-48.54467,-2.28288,-19.00414,-0.204,-1.33839,71.68961,-10.983034,-4.4024,0.489534,,,,,,,,,,,,9.46886,-0.04142,-1.0674,50,5.61693,2.64843,-113.74299,-5.75751,12.17026,24.54004,-32.22728,76.99661,,6.73016,,,,1000073611,Right,54.65502,-114.74291,12.27002,5.82477,-4.44435,-16.11364,-1.16522,2.15253,6.08513,,,,,,,,,,,,,,,,,,,,,,,,,,,,,,,,,,,,,,,,,,,,,,,,,,,High,High,High,,,,,,v3
132,10/26/2022,1,5,1000103199,Right,T_A,9000241166,Left,T_C,4,Top,0,2,2,2-2,Slider,Curveball,BallCalled,Undefined,Undefined,,Undefined,0,0,76.85166,-0.22312,-0.456116,2015.963396,69.430633,8:15,5.5699,1.44871,5.77851,-51.75613,-4.02177,-14.83517,1.04928,-0.21196,70.62081,-9.683367,-3.120457,0.497264,,,,,,,,,,,,7.50937,-1.6224,-1.40173,50,5.51991,1.42136,-111.66031,-2.06076,9.40156,21.67297,-34.20528,75.79967,,6.23086,,,,1000073611,Right,54.72331,-112.57336,10.83649,5.57637,-0.61974,-17.10264,-1.45326,1.02528,4.70078,,,,,,,,,,,,,,,,,,,,,,,,,,,,,,,,,,,,,,,,,,,,,,,,,,,High,High,High,,,,,,v3
133,10/26/2022,1,6,1000103199,Right,T_A,9000241166,Left,T_C,4,Top,0,3,2,3-2,Fastball,Changeup,BallCalled,Walk,Undefined,,Undefined,0,0,88.44272,-0.112389,-1.157258,1633.404595,196.111354,12:30,5.5609,1.30572,6.09854,-21.15111,13.96969,3.74268,3.69434,0.54714,81.44004,-4.093027,-0.483012,0.426534,,,,,,,,,,,,-2.21555,7.55315,-1.21854,50,5.54095,2.44444,-128.60553,-0.89566,-3.74266,24.51289,-19.41487,88.36911,,7.00268,,,,1000073611,Right,54.39963,-129.44141,12.25645,5.56021,-0.23363,-9.70743,-1.30407,2.57206,-1.87133,,,,,,,,,,,,,,,,,,,,,,,,,,,,,,,,,,,,,,,,,,,,,,,,,,,High,High,High,,,,,,v3
134,10/26/2022,2,1,1000103199,Right,T_A,9000241166,Left,T_C,4,Top,0,0,0,0-0,Fastball,Changeup,StrikeCalled,Undefined,Undefined,,Undefined,0,0,86.78627,-0.050932,-1.285933,1627.398449,205.267005,12:45,5.51071,1.36118,5.99442,-25.11123,11.56579,4.95142,3.3709,0.58194,79.85605,-4.743175,-0.395583,0.435881,,,,,,,,,,,,-2.86591,6.29788,-1.26253,50,5.49282,2.62995,-126.15797,-0.9073,-4.65152,23.96374,-21.95225,86.47407,,6.93021,,,,1000073611,Right,54.50376,-127.01057,11.98187,5.5112,-0.12626,-10.97613,-1.35904,2.79545,-2.32576,,,,,,,,,,,,,,,,,,,,,,,,,,,,,,,,,,,,,,,,,,,,,,,,,,,High,High,High,,,,,,v3
135,10/26/2022,2,2,1000103199,Right,T_A,90000221623,Right,T_C,4,Top,0,0,1,0-1,ChangeUp,Changeup,BallCalled,Undefined,Undefined,,Undefined,0,0,82.53333,-1.668548,-2.015645,1464.688738,232.992498,1:45,5.31429,1.68666,6.52243,-31.90096,7.9991,9.00693,1.12364,0.58717,76.11907,-7.628903,-0.37845,0.45463,,,,,,,,,,,,-5.2589,5.03122,-1.54997,50,5.18444,3.90104,-119.96715,-4.4034,-7.69031,22.46412,-24.8167,82.90794,,6.41426,,,,1000073611,Right,53.9767,-120.7095,11.23206,5.31641,-3.5833,-12.40835,-1.68308,4.15517,-3.84515,,,,,,,,,,,,,,,,,,,,,,,,,,,,,,,,,,,,,,,,,,,,,,,,,,,High,High,High,,,,,,v3
136,10/26/2022,2,3,1000103199,Right,T_A,90000221623,Right,T_C,4,Top,0,1,1,1-1,Fastball,Four-Seam,StrikeCalled,Undefined,Undefined,,Undefined,0,0,89.14588,-0.565557,-0.964238,1647.305258,198.652041,12:30,5.56602,1.57155,6.00518,-22.85627,11.95713,3.68351,3.13725,0.98505,81.87897,-4.846799,-0.301587,0.424663,,,,,,,,,,,,-2.13894,6.62359,-1.49772,50,5.509,2.02602,-129.56945,-2.0112,-3.65412,25.82116,-20.85847,88.75842,,7.26691,,,,1000073611,Right,54.49262,-130.46169,12.91058,5.56605,-1.29045,-10.42924,-1.56991,2.15228,-1.82706,,,,,,,,,,,,,,,,,,,,,,,,,,,,,,,,,,,,,,,,,,,,,,,,,,,High,High,High,,,,,,v3
137,10/26/2022,2,4,1000103199,Right,T_A,90000221623,Right,T_C,4,Top,0,1,2,1-2,Fastball,Four-Seam,BallCalled,Undefined,Undefined,,Undefined,0,0,89.59873,-0.709757,0.508587,1695.568492,201.726847,12:45,5.77197,1.0907,5.92262,-21.91485,12.72792,4.64866,3.28705,1.95004,82.13509,-4.817785,1.343558,0.423621,,,,,,,,,,,,-2.23335,7.04248,-1.13395,50,5.70272,-1.35439,-130.19199,-2.31934,-3.84342,26.65285,-20.05451,88.97672,,7.46364,,,,1000073611,Right,54.57489,-131.12521,13.32643,5.77163,-1.61715,-10.02726,-1.08888,-1.21982,-1.92171,,,,,,,,,,,,,,,,,,,,,,,,,,,,,,,,,,,,,,,,,,,,,,,,,,,High,High,High,,,,,,v3
138,10/26/2022,2,5,1000103199,Right,T_A,90000221623,Right,T_C,4,Top,0,2,2,2-2,ChangeUp,Changeup,BallCalled,Undefined,Undefined,,Undefined,0,0,82.43006,-1.340898,-1.659596,1454.431464,252.193305,2:30,5.36439,1.55315,6.74314,-34.08872,5.16111,12.76568,1.29785,1.10028,76.78671,-7.69976,0.672125,0.45091,,,,,,,,,,,,-7.17276,3.3965,-1.44854,50,5.26312,3.04917,-120.02851,-3.75388,-10.60195,20.36135,-27.15374,83.59189,,5.64335,,,,1000073611,Right,53.75835,-120.66438,10.18068,5.36711,-2.90589,-13.57687,-1.54894,3.38027,-5.30097,,,,,,,,,,,,,,,,,,,,,,,,,,,,,,,,,,,,,,,,,,,,,,,,,,,High,High,High,,,,,,v3
139,10/26/2022,2,6,1000103199,Right,T_A,90000221623,Right,T_C,4,Top,0,3,2,3-2,Fastball,Changeup,BallCalled,Walk,Undefined,,Undefined,0,0,86.12145,-1.243499,-0.452858,1639.263696,204.948567,12:45,5.41839,1.62165,6.18702,-24.3223,12.60075,5.36292,2.24316,1.65041,79.49333,-5.797837,0.515662,0.437341,,,,,,,,,,,,-2.88457,7.185,-1.59008,50,5.31219,0.77982,-125.24367,-3.4503,-4.61962,23.33623,-20.66725,86.1855,,6.62811,,,,1000073611,Right,54.31153,-126.04446,11.66812,5.41842,-2.74109,-10.33363,-1.61956,0.93835,-2.30981,,,,,,,,,,,,,,,,,,,,,,,,,,,,,,,,,,,,,,,,,,,,,,,,,,,High,High,High,,,,,,v3
140,10/26/2022,3,1,1000103199,Right,T_A,9000241166,Left,T_C,4,Top,0,0,0,0-0,Fastball,Changeup,StrikeCalled,Undefined,Undefined,,Undefined,0,0,85.60677,-0.416924,-1.891171,1696.363745,195.853573,12:30,5.65871,1.59319,5.98269,-23.99785,13.80072,3.59709,3.27223,0.13939,78.65912,-4.914299,-1.244878,0.442496,,,,,,,,,,,,-2.33697,7.55142,-1.44574,50,5.61243,3.96168,-124.37499,-1.63898,-3.68045,23.68247,-20.28148,85.18148,,6.94765,,,,1000073611,Right,54.51506,-125.23176,11.84123,5.65845,-0.90525,-10.14074,-1.59147,4.09483,-1.84023,,,,,,,,,,,,,,,,,,,,,,,,,,,,,,,,,,,,,,,,,,,,,,,,,,,High,High,High,,,,,,v3
141,10/26/2022,3,2,1000103199,Right,T_A,9000241166,Left,T_C,4,Top,0,0,1,0-1,Fastball,Four-Seam,InPlay,Undefined,LineDrive,LineDrive,Single,0,0,88.78938,-1.287938,-1.594728,1801.70752,198.453378,12:30,5.76801,1.36556,5.98617,-22.68411,12.55446,3.82461,2.68329,0.20585,81.41211,-5.537345,-0.9071,0.427248,100.4746,9.717204,-5.986971,791.927953,109.70845,14.21396,-8.00039,235.74606,233.62244,-2.070819,2.045958,-2.41354,7.14197,-1.24187,50,5.65377,3.43531,-128.98573,-3.62178,-4.0722,26.45356,-20.12402,88.22137,14.41145,7.37727,1.54388,2.57136,-0.20098,1000073611,Right,54.51316,-129.90804,13.22678,5.76781,-2.92016,-10.06201,-1.36411,3.57729,-2.0361,224.752972,1.54388,144.45644,-20.98659,4.37237,-0.88687,0.17042,-0.02961,0.00384,-0.00025,2.57136,24.87094,-13.23892,0.12658,0.08101,-0.0179,-0.00089,0.00162,-0.00026,-0.20098,-15.15114,8.60187,-2.38618,0.59192,-0.12342,0.01902,-0.00156,1.00E-05,,,,,,,,,,,,,,,,,,,,,,,High,High,High,High,High,,,,v3
142,10/26/2022,4,1,1000103199,Right,T_A,10035974,Right,T_C,4,Top,0,0,0,0-0,Slider,Curveball,BallCalled,Undefined,Undefined,,Undefined,0,0,76.71373,1.749247,0.022139,1968.289906,109.300319,9:45,5.49191,1.57836,5.5919,-43.99077,3.82508,-6.8417,3.45983,1.02889,70.54722,-6.329626,-1.199137,0.497688,,,,,,,,,,,,3.4554,1.93465,-1.57578,50,5.61347,0.21717,-111.41522,1.99738,4.36149,19.23517,-29.7321,75.73503,,6.16651,,,,1000073611,Right,54.90683,-112.25916,9.61759,5.49722,3.30187,-14.86605,-1.58111,0.02581,2.18074,,,,,,,,,,,,,,,,,,,,,,,,,,,,,,,,,,,,,,,,,,,,,,,,,,,High,High,High,,,,,,v3
143,10/26/2022,4,2,1000103199,Right,T_A,10035974,Right,T_C,4,Top,0,1,0,1-0,Fastball,Changeup,InPlay,Undefined,FlyBall,FlyBall,Sacrifice,1,1,86.72298,-1.950306,-1.954044,1782.273208,199.141051,12:45,5.57801,1.29871,6.23647,-20.54714,15.86363,5.13319,2.06491,-0.07677,79.99244,-5.823918,-1.027124,0.434296,85.3283,39.258446,10.820822,5008.866575,106.40779,82.21349,27.88141,284.93648,251.37867,23.806487,5.480793,-3.18512,9.08461,-1.15557,50,5.4222,4.10523,-126.03779,-4.88283,-5.16171,23.82941,-17.45192,86.78966,100.83419,6.73054,1.75143,2.00065,0.06683,1000073611,Right,54.26369,-126.84135,11.9147,5.57693,-4.29433,-8.72596,-1.29694,4.27928,-2.58085,196.081552,1.7559,95.09594,-21.66365,4.95137,-0.83125,0.09181,-0.0063,0.00039,-2.00E-05,1.99921,79.21571,-17.77217,0.90551,-0.01348,-0.05058,0.01774,-0.00254,0.00013,0.06647,18.19788,0.58293,0.0875,-0.06224,0.01523,-0.00161,3.00E-05,0,,,,,,,,,,,,,,,,,,,,,,,High,High,High,High,Medium,,,,v3
144,10/26/2022,5,1,1000103199,Right,T_A,1000112965,Left,T_C,4,Top,1,0,0,0-0,Fastball,Four-Seam,InPlay,Undefined,Bunt,,Out,1,0,89.60729,-1.87288,-0.884061,1748.318381,196.995906,12:30,5.93316,1.08335,5.9434,-18.898,15.74969,4.48433,2.62025,0.63694,82.15586,-5.436066,-0.078199,0.423651,,,,,,,,,,,,-2.56536,8.94418,-1.01555,50,5.77333,1.82537,-130.17526,-4.83944,-4.40866,26.93591,-16.80318,88.97044,,7.45142,,,,1000073611,Right,54.55649,-131.11471,13.46795,5.9319,-4.2534,-8.40159,-1.0819,1.97913,-2.20433,,,,,,,,,,,,,,,,,,,,,,,,,,,,,,,,,,,,,,,,,,,,,,,,,,,High,High,High,,,,,,v3
145,10/26/2022,6,1,1000103199,Right,T_A,90000243360,Right,T_C,4,Top,2,0,0,0-0,Fastball,Four-Seam,BallCalled,Undefined,Undefined,,Undefined,0,0,90.55054,-0.392229,-1.003522,1725.805507,195.786886,12:30,5.78933,1.00335,6.1423,-18.38107,15.1967,4.01067,3.89505,0.41011,83.03915,-3.87778,-0.280356,0.417059,,,,,,,,,,,,-2.32669,8.26107,-0.92884,50,5.74976,2.13706,-131.62992,-1.44525,-4.10024,26.77845,-17.61577,90.37678,,7.51139,,,,1000073611,Right,54.35529,-132.51299,13.38923,5.78784,-0.86433,-8.80788,-1.00154,2.27228,-2.05012,,,,,,,,,,,,,,,,,,,,,,,,,,,,,,,,,,,,,,,,,,,,,,,,,,,High,High,High,,,,,,v3
146,10/26/2022,6,2,1000103199,Right,T_A,90000243360,Right,T_C,4,Top,2,1,0,1-0,Fastball,Four-Seam,BallCalled,Undefined,Undefined,,Undefined,0,0,88.39423,-2.751504,-2.608977,1789.390893,192.483065,12:30,5.70681,1.19267,6.10375,-22.75226,12.50524,2.54122,1.26164,-1.00998,81.7623,-6.988466,-2.151432,0.427363,,,,,,,,,,,,-1.9724,7.48083,-0.99336,50,5.4829,5.74545,-128.31436,-6.88388,-3.31858,24.26761,-19.58745,88.19766,,6.63193,,,,1000073611,Right,54.39576,-129.14304,12.13381,5.70655,-6.21502,-9.79372,-1.19149,5.85878,-1.65929,,,,,,,,,,,,,,,,,,,,,,,,,,,,,,,,,,,,,,,,,,,,,,,,,,,High,High,High,,,,,,v3
147,10/26/2022,6,3,1000103199,Right,T_A,90000243360,Right,T_C,4,Top,2,2,0,2-0,Fastball,Four-Seam,FoulBall,Undefined,Undefined,GroundBall,Undefined,0,0,89.73424,-2.356586,-1.231801,1764.352687,197.431896,12:30,5.77512,1.14205,5.8866,-20.5604,13.90808,4.04736,1.87175,0.33533,82.78345,-6.194818,-0.505193,0.422554,67.4966,15.309436,154.633074,3603.133252,,,,110.19298,47.50484,162.168247,1.328071,-2.40205,8.05461,-1.04511,50,5.57304,2.63554,-130.35742,-6.02915,-4.16464,25.4542,-18.20907,89.20141,9.43451,6.95079,1.23596,1.63493,-0.48072,1000073611,Right,54.61339,-131.25516,12.7271,5.77436,-5.38694,-9.10453,-1.14065,2.78242,-2.08232,,1.23596,-86.27594,4.59029,0.25482,-0.03655,-0.21506,0.28618,-0.15301,0.03092,1.63493,26.13766,-23.22679,2.48662,-0.41568,-0.10215,0.19378,-0.10303,0.02037,-0.48072,40.9054,-14.17895,2.67703,-0.3349,-0.43038,0.53769,-0.27767,0.05476,,,,,,,,,,,,,,,,,,,,,,,High,High,High,Medium,Low,,,,v3
148,10/26/2022,6,4,1000103199,Right,T_A,90000243360,Right,T_C,4,Top,2,2,1,2-1,Fastball,Four-Seam,StrikeSwinging,Undefined,Undefined,,Undefined,0,0,89.99164,-1.311752,-1.800154,1938.015128,190.643237,12:15,5.71294,1.19693,6.04941,-16.84497,17.72603,3.10882,3.09405,-0.21102,81.59199,-4.539464,-1.240909,0.423182,,,,,,,,,,,,-2.13126,9.84938,-1.05842,50,5.60168,3.96989,-130.5569,-3.45974,-3.64864,29.57104,-15.31218,89.06906,,8.39964,,,,1000073611,Right,54.44628,-131.56013,14.78552,5.71024,-2.94026,-7.65609,-1.1952,4.09367,-1.82432,,,,,,,,,,,,,,,,,,,,,,,,,,,,,,,,,,,,,,,,,,,,,,,,,,,High,High,High,,,,,,v3
149,10/26/2022,6,5,1000103199,Right,T_A,90000243360,Right,T_C,4,Top,2,2,2,2-2,Fastball,Four-Seam,StrikeSwinging,Strikeout,Undefined,,Undefined,0,0,91.375,-2.264204,-2.08396,1976.550428,183.802902,12:15,5.88062,0.78949,5.89268,-13.1532,20.72607,1.29776,2.67979,-1.0381,82.5986,-4.819444,-1.851312,0.418927,,,,,,,,,,,,-1.30335,11.61678,-0.62231,50,5.69045,4.75949,-132.39371,-5.56725,-2.28813,31.14078,-11.78011,89.97378,,8.77641,,,,1000073611,Right,54.60226,-133.47183,15.57039,5.87613,-5.15941,-5.89006,-0.78846,4.83871,-1.14406,,,,,,,,,,,,,,,,,,,,,,,,,,,,,,,,,,,,,,,,,,,,,,,,,,,High,High,High,,,,,,v3
150,10/26/2022,1,1,1000112870,Right,T_B,1000094105,Right,T_A,4,Bottom,0,0,0,0-0,Fastball,Changeup,FoulBall,Undefined,Undefined,,Undefined,0,0,85.21521,-0.539778,-2.005904,1651.049721,186.230793,12:15,5.51762,0.6864,4.84528,-23.95915,16.13426,1.62028,3.00966,-1.07844,77.76621,-4.962058,-1.720959,0.45573,,,,,,,,,,,,-1.37291,8.49524,-0.48961,50,5.44451,4.25435,-123.52795,-2.02354,-2.1184,24.92522,-19.06587,82.70778,,7.449,,,,1000113065,Right,55.65374,-124.66353,12.46261,5.51691,-1.15491,-9.53293,-0.68564,4.35087,-1.0592,,,,,,,,,,,,,,,,,,,,,,,,,,,,,,,,,,,,,,,,,,,,,,,,,,,High,High,High,,,,,,v3
151,10/26/2022,1,2,1000112870,Right,T_B,1000094105,Right,T_A,4,Bottom,0,0,1,0-1,ChangeUp,Changeup,BallCalled,Undefined,Undefined,,Undefined,0,0,77.28644,0.613488,-1.111347,1619.952566,270.147631,3:00,5.52954,0.90659,4.93894,-47.0842,1.53213,16.14261,2.18581,1.20133,70.77649,-7.916505,1.738905,0.501837,,,,,,,,,,,,-8.45351,0.90295,-0.81311,50,5.54978,1.54004,-112.13658,-0.43982,-10.71333,21.16822,-31.02972,75.10897,,6.50996,,,,1000113065,Right,55.56292,-113.18183,10.58411,5.53367,1.09238,-15.51486,-0.90222,2.06904,-5.35667,,,,,,,,,,,,,,,,,,,,,,,,,,,,,,,,,,,,,,,,,,,,,,,,,,,High,High,High,,,,,,v3
152,10/26/2022,1,3,1000112870,Right,T_B,1000094105,Right,T_A,4,Bottom,0,1,1,1-1,Fastball,Changeup,InPlay,Undefined,Popup,,Error,0,0,86.36127,-1.129975,-2.163678,1685.032494,181.835128,12:00,5.57601,0.85946,4.77299,-20.41509,18.83769,0.56185,2.80262,-1.1459,78.62102,-4.923311,-2.065037,0.450927,85.10418,65.829724,-10.709347,,,,,,38.61809,,,-0.90091,9.97882,-0.64335,50,5.44595,4.7006,-125.0988,-3.18825,-1.42279,26.04079,-16.41466,83.5887,89.2847,7.74025,2.55585,2.83333,1.07694,1000113065,Right,55.72502,-126.28491,13.0204,5.57414,-2.44059,-8.20733,-0.85893,4.76541,-0.71139,187.544517,2.55585,50.21706,-17.42631,5.77682,-1.51056,0.36729,-0.08125,0.01297,-0.00078,2.83333,113.87668,-26.25153,2.51839,-0.23391,-0.03789,0.02779,-0.01001,0.00189,1.07694,-9.4971,7.18352,-2.40294,0.63238,-0.15455,0.03439,-0.00555,0.00035,,,,,,,,,,,,,,,,,,,,,,,High,High,High,High,Low,,,,v3
153,10/26/2022,2,1,1000112870,Right,T_B,1000187793,Left,T_A,4,Bottom,0,0,0,0-0,Fastball,Changeup,InPlay,Undefined,Bunt,,Out,1,0,85.85139,-2.212288,-1.659899,1702.76817,199.535365,12:45,5.5321,0.80006,5.10284,-23.52383,15.45473,5.05134,1.48532,-0.34348,78.86346,-6.546597,-0.766436,0.44935,,,,,,,,,,,,-2.99,8.66382,-0.6477,50,5.30529,3.38975,-124.5096,-5.63849,-4.70839,24.26636,-18.53097,83.88223,,6.98794,,,,1000113065,Right,55.3971,-125.55706,12.13318,5.53141,-4.8386,-9.26549,-0.79841,3.59299,-2.35419,,,,,,,,,,,,,,,,,,,,,,,,,,,,,,,,,,,,,,,,,,,,,,,,,,,High,High,High,,,,,,v3
154,10/26/2022,3,1,1000112870,Right,T_B,1000187798,Right,T_A,4,Bottom,1,0,0,0-0,ChangeUp,Changeup,StrikeSwinging,Undefined,Undefined,,Undefined,0,0,76.92889,0.012125,-1.727681,1574.030887,268.639449,3:00,5.58756,0.82245,4.84863,-47.36081,2.16567,19.69426,1.65232,0.82756,70.15365,-8.560082,1.745056,0.506512,,,,,,,,,,,,-10.2306,1.5565,-0.66958,50,5.5485,2.54992,-111.4855,-1.65789,-12.75467,21.80448,-30.23352,74.41562,,6.77523,,,,1000113065,Right,55.65066,-112.58523,10.90224,5.59366,-0.13302,-15.11676,-0.81441,3.19323,-6.37733,,,,,,,,,,,,,,,,,,,,,,,,,,,,,,,,,,,,,,,,,,,,,,,,,,,High,High,High,,,,,,v3
155,10/26/2022,3,2,1000112870,Right,T_B,1000187798,Right,T_A,4,Bottom,1,0,1,0-1,ChangeUp,Changeup,StrikeCalled,Undefined,Undefined,,Undefined,0,0,77.46043,0.864751,-1.254588,1688.750994,258.409739,2:30,5.4829,0.80743,4.91196,-43.4862,5.02831,16.74725,2.677,1.01652,70.71938,-7.042122,1.698773,0.501311,,,,,,,,,,,,-8.61626,2.70937,-0.69963,50,5.53128,1.76551,-112.30994,0.16648,-10.956,21.18825,-28.72895,75.18773,,6.74105,,,,1000113065,Right,55.58663,-113.359,10.59412,5.48782,1.5889,-14.36448,-0.80047,2.30796,-5.478,,,,,,,,,,,,,,,,,,,,,,,,,,,,,,,,,,,,,,,,,,,,,,,,,,,High,High,High,,,,,,v3
156,10/26/2022,3,3,1000112870,Right,T_B,1000187798,Right,T_A,4,Bottom,1,0,2,0-2,ChangeUp,Curveball,BallCalled,Undefined,Undefined,,Undefined,0,0,75.61339,0.756274,-2.793208,1834.917536,148.415303,11:00,5.34401,0.77955,4.72535,-43.34187,7.93552,-3.86547,2.45067,-2.19499,69.22402,-7.092652,-3.470788,0.515388,,,,,,,,,,,,1.10264,4.17036,-0.49385,50,5.38227,5.50036,-109.48883,-0.06017,1.33609,19.65535,-27.12077,73.1341,,6.38937,,,,1000113065,Right,55.77186,-110.52013,9.82768,5.34809,1.36284,-13.56038,-0.7806,5.43026,0.66804,,,,,,,,,,,,,,,,,,,,,,,,,,,,,,,,,,,,,,,,,,,,,,,,,,,High,High,High,,,,,,v3
157,10/26/2022,3,4,1000112870,Right,T_B,1000187798,Right,T_A,4,Bottom,1,1,2,1-2,ChangeUp,Changeup,StrikeSwinging,Strikeout,Undefined,,Undefined,0,0,77.4857,-1.199365,-2.02874,1671.231182,261.178805,2:45,5.50186,0.69734,5.03617,-44.16475,4.07343,16.07942,0.68909,0.12254,71.15849,-9.196562,0.817253,0.499881,,,,,,,,,,,,-8.62965,2.79004,-0.51727,50,5.35183,3.33996,-112.35365,-3.87889,-10.9886,21.08302,-28.62133,75.40276,,6.32721,,,,1000113065,Right,55.46416,-113.37435,10.54151,5.50608,-2.49323,-14.31067,-0.69185,3.87196,-5.4943,,,,,,,,,,,,,,,,,,,,,,,,,,,,,,,,,,,,,,,,,,,,,,,,,,,High,High,High,,,,,,v3
158,10/26/2022,4,1,1000112870,Right,T_B,1000073511,Right,T_A,4,Bottom,2,0,0,0-0,ChangeUp,Changeup,InPlay,Undefined,GroundBall,GroundBall,Out,1,0,76.93556,0.392768,-1.578679,1653.111519,257.298451,2:30,5.43281,0.93847,5.17244,-43.00746,5.46622,17.48584,2.21861,0.90965,70.63243,-7.446931,1.520593,0.5011,56.70235,-3.095363,-38.038834,2260.960678,,,,32.84588,30.57611,-39.163382,0.36299,-9.23445,3.02504,-0.80568,50,5.43647,2.39771,-111.67039,-0.67424,-11.65567,20.19062,-28.35585,75.2194,2.757,6.30313,2.57638,2.757,-1.40573,1000113065,Right,55.32832,-112.62966,10.09531,5.4365,0.67296,-14.17793,-0.93275,2.95147,-5.82783,,2.5766,65.39517,-6.43266,,,,,,,2.75711,-4.49416,-8.54506,,,,,,,-1.40528,-51.18669,-5.75437,,,,,,,,,,,,,,,,,,,,,,,,,,,,,High,High,High,Medium,High,,,,v3
159,10/26/2022,1,1,1000049559,Left,T_A,1000187796,Right,T_C,5,Top,0,0,0,0-0,Fastball,Four-Seam,InPlay,Undefined,Bunt,,Out,1,0,90.09535,-2.037565,2.336795,2156.562668,146.790059,11:00,5.93239,-1.75565,5.51748,-15.41891,19.43572,-12.00792,2.73993,-0.57015,82.52301,-4.958831,0.198551,0.424914,,,,,,,,,,,,6.75748,10.73367,1.56059,50,5.74482,-4.81293,-130.7207,-5.13527,11.72577,26.82415,-13.54864,88.70596,,7.57234,,,,1000073611,Right,54.9829,-131.73923,13.41207,5.93005,-4.62082,-6.77432,1.7518,-5.25816,5.86289,,,,,,,,,,,,,,,,,,,,,,,,,,,,,,,,,,,,,,,,,,,,,,,,,,,High,High,High,,,,,,v3
160,10/26/2022,2,1,1000049559,Left,T_A,1000050851,Left,T_C,5,Top,1,0,0,0-0,Slider,Slider,StrikeCalled,Undefined,Undefined,,Undefined,0,0,82.23971,0.591812,2.28157,2522.793472,245.990515,2:15,5.66294,-2.12839,5.26681,-38.69089,3.34606,4.77969,2.99511,0.41435,75.90537,-6.451449,3.12857,0.466645,,,,,,,,,,,,-1.80539,1.89913,1.91596,50,5.68853,-4.95572,-119.38445,-0.15142,-2.6243,21.43763,-29.4135,80.7732,,6.33435,,,,1000073611,Right,55.23276,-120.32042,10.71882,5.6671,1.13278,-14.70675,2.12983,-4.84114,-1.31215,,,,,,,,,,,,,,,,,,,,,,,,,,,,,,,,,,,,,,,,,,,,,,,,,,,High,High,High,,,,,,v3
161,10/26/2022,2,2,1000049559,Left,T_A,1000050851,Left,T_C,5,Top,1,0,1,0-1,Slider,Slider,BallCalled,Undefined,Undefined,,Undefined,0,0,81.67673,1.248395,2.678736,2469.413505,240.170333,2:00,5.652,-2.31336,5.19237,-39.71081,3.12803,3.2576,3.5186,0.47981,75.18678,-5.978027,3.254676,0.471075,,,,,,,,,,,,-0.92634,1.61429,2.06214,50,5.73779,-5.67927,-118.47942,1.15892,-1.32432,21.41729,-29.86622,80.01366,,6.48995,,,,1000073611,Right,55.30713,-119.43492,10.70865,5.65636,2.49136,-14.93311,2.31419,-5.62018,-0.66216,,,,,,,,,,,,,,,,,,,,,,,,,,,,,,,,,,,,,,,,,,,,,,,,,,,High,High,High,,,,,,v3
162,10/26/2022,2,3,1000049559,Left,T_A,1000050851,Left,T_C,5,Top,1,1,1,1-1,Fastball,Four-Seam,FoulBall,Undefined,Undefined,,Undefined,0,0,89.04817,-1.98275,3.830754,2141.414215,145.955833,10:45,5.8023,-1.85674,5.47949,-17.91584,17.78643,-11.28233,2.44919,0.79279,81.82919,-5.340334,1.827587,0.43005,,,,,,,,,,,,6.67843,9.81378,1.52805,50,5.6159,-8.14382,-129.04065,-5.0564,11.3436,25.00161,-15.50488,87.64657,,7.21897,,,,1000073611,Right,55.01974,-130.00958,12.5008,5.80022,-4.45551,-7.75244,1.85218,-8.58344,5.6718,,,,,,,,,,,,,,,,,,,,,,,,,,,,,,,,,,,,,,,,,,,,,,,,,,,High,High,High,,,,,,v3
163,10/26/2022,2,4,1000049559,Left,T_A,1000050851,Left,T_C,5,Top,1,1,2,1-2,Slider,Slider,BallCalled,Undefined,Undefined,,Undefined,0,0,83.1201,1.67442,2.200021,2597.064476,261.574621,2:45,5.56209,-2.20057,5.13923,-39.13604,1.7702,4.96063,3.87904,0.28542,77.40263,-5.411066,3.076511,0.460327,,,,,,,,,,,,-1.98752,0.82429,1.99036,50,5.68854,-4.84865,-120.76789,2.08192,-2.99179,19.27482,-30.93323,81.88191,,5.71747,,,,1000073611,Right,55.36221,-121.6207,9.63741,5.56615,3.45056,-15.46662,2.20196,-4.71628,-1.4959,,,,,,,,,,,,,,,,,,,,,,,,,,,,,,,,,,,,,,,,,,,,,,,,,,,High,High,High,,,,,,v3
164,10/26/2022,2,5,1000049559,Left,T_A,1000050851,Left,T_C,5,Top,1,2,2,2-2,Fastball,Four-Seam,StrikeSwinging,Strikeout,Undefined,,Undefined,0,0,90.81732,-0.89029,2.539935,2119.298764,153.968944,11:15,5.88876,-1.56436,5.64601,-13.97115,20.36359,-9.39268,3.89317,0.02366,82.55421,-3.577553,0.864303,0.421734,,,,,,,,,,,,5.47244,10.89973,1.35476,50,5.80445,-5.41983,-131.70683,-2.43991,9.58238,28.7911,-13.08828,89.37496,,8.26311,,,,1000073611,Right,54.85113,-132.76305,14.39555,5.88515,-1.95976,-6.54414,1.56004,-5.77137,4.79119,,,,,,,,,,,,,,,,,,,,,,,,,,,,,,,,,,,,,,,,,,,,,,,,,,,High,High,High,,,,,,v3
165,10/26/2022,3,1,1000049559,Left,T_A,1000099417,Right,T_C,5,Top,2,0,0,0-0,Fastball,Four-Seam,StrikeCalled,Undefined,Undefined,,Undefined,0,0,91.5312,-3.430814,3.78544,2358.794073,153.966187,11:15,5.96728,-1.85034,5.61007,-13.6804,20.57135,-9.44721,1.61407,0.90088,82.81024,-6.062186,2.104321,0.421224,,,,,,,,,,,,5.94504,11.82721,1.53262,50,5.66464,-8.32553,-132.27942,-8.33221,10.42951,30.82051,-11.4253,89.48321,,8.72097,,,,1000073611,Right,54.8871,-133.41323,15.41026,5.96343,-7.9119,-5.71265,1.84595,-8.70921,5.21476,,,,,,,,,,,,,,,,,,,,,,,,,,,,,,,,,,,,,,,,,,,,,,,,,,,High,High,High,,,,,,v3
166,10/26/2022,3,2,1000049559,Left,T_A,1000099417,Right,T_C,5,Top,2,0,1,0-1,Fastball,Four-Seam,InPlay,Undefined,GroundBall,GroundBall,Single,0,0,91.29648,-1.809577,2.384482,2339.368613,156.860818,11:15,5.95947,-2.04935,5.39222,-15.37501,19.12851,-7.66036,2.98025,-0.45167,82.6542,-4.738412,1.023959,0.422769,74.76903,-12.06364,-53.192704,,,,,15.05131,14.12247,-41.073397,0.123851,4.61055,10.5441,1.8421,50,5.78759,-5.16097,-132.26859,-4.66751,8.09165,30.66788,-13.66883,89.15612,3.06813,8.64229,3.8038,3.06813,0.67077,1000073611,Right,55.10627,-133.44728,15.33394,5.95688,-4.14217,-6.83442,2.04644,-5.47197,4.04583,74.339693,3.8043,64.19611,-26.65431,,,,,,,3.06835,-22.94203,-14.80944,,,,,,,0.67094,-85.88017,4.96527,,,,,,,,,,,,,,,,,,,,,,,,,,,,,High,High,High,Low,Low,,,,v3
167,10/26/2022,4,1,1000049559,Left,T_A,1000079313,Left,T_C,5,Top,2,0,0,0-0,Slider,Slider,StrikeCalled,Undefined,Undefined,,Undefined,0,0,82.52143,-0.555787,1.612343,2606.430809,220.524129,1:15,5.54098,-2.27598,5.22154,-36.65947,5.16288,3.3604,1.96326,-0.47965,76.20649,-7.225491,2.208221,0.465453,,,,,,,,,,,,-1.26642,3.09051,2.12457,50,5.46215,-3.51283,-119.82358,-2.47601,-1.85273,21.79351,-27.6527,80.98015,,6.31494,,,,1000073611,Right,55.27815,-120.77975,10.89676,5.54416,-1.26277,-13.82635,2.27691,-3.43154,-0.92636,,,,,,,,,,,,,,,,,,,,,,,,,,,,,,,,,,,,,,,,,,,,,,,,,,,High,High,High,,,,,,v3
168,10/26/2022,4,2,1000049559,Left,T_A,1000079313,Left,T_C,5,Top,2,0,1,0-1,Slider,Slider,BallCalled,Undefined,Undefined,,Undefined,0,0,82.18538,0.160559,3.596609,2622.75983,229.789605,1:45,5.54104,-2.27587,5.35497,-37.59356,4.81799,4.11209,2.55912,1.44433,75.27892,-6.708612,4.324842,0.46872,,,,,,,,,,,,-1.04063,2.78929,1.94904,50,5.52885,-7.65492,-119.0612,-0.98262,-1.49109,23.23612,-28.17732,80.41566,,6.90646,,,,1000073611,Right,55.14295,-120.06071,11.61806,5.54505,0.22943,-14.08866,2.27694,-7.59078,-0.74554,,,,,,,,,,,,,,,,,,,,,,,,,,,,,,,,,,,,,,,,,,,,,,,,,,,High,High,High,,,,,,v3
169,10/26/2022,4,3,1000049559,Left,T_A,1000079313,Left,T_C,5,Top,2,1,1,1-1,Fastball,Four-Seam,BallCalled,Undefined,Undefined,,Undefined,0,0,89.79321,-0.974433,3.135529,2234.155261,157.293014,11:15,5.85834,-1.76668,5.6767,-17.53143,17.60379,-6.87957,3.48753,0.58601,81.6577,-4.299072,1.908615,0.426621,,,,,,,,,,,,4.38512,9.55441,1.50645,50,5.76522,-6.82528,-130.14696,-2.75379,7.49431,28.2271,-15.84521,88.35103,,8.13551,,,,1000073611,Right,54.82026,-131.18825,14.11355,5.85602,-2.16927,-7.92261,1.76333,-7.10174,3.74715,,,,,,,,,,,,,,,,,,,,,,,,,,,,,,,,,,,,,,,,,,,,,,,,,,,High,High,High,,,,,,v3
170,10/26/2022,4,4,1000049559,Left,T_A,1000079313,Left,T_C,5,Top,2,2,1,2-1,Fastball,Four-Seam,BallCalled,Undefined,Undefined,,Undefined,0,0,89.49884,-3.505933,3.937631,2217.74106,154.089547,11:15,5.79997,-1.72265,5.52432,-17.93635,17.55639,-7.98233,1.01572,1.29925,82.15423,-6.858569,2.519468,0.428787,,,,,,,,,,,,5.08685,10.15056,1.3852,50,5.48223,-8.56137,-129.47295,-8.52982,8.66982,26.00296,-14.87392,87.90488,,7.34461,,,,1000073611,Right,54.97442,-130.46817,13.00148,5.7978,-7.96054,-7.43696,1.71922,-8.89319,4.33491,,,,,,,,,,,,,,,,,,,,,,,,,,,,,77.0946,2.145298,0.830259,1.315039,0.40014,0.89267,-1.34374,-0.96528,5.9416,-1.29522,127.27875,2.13503,3.54,-0.75012,110.05275,-9.67826,5.99197,13.33634,-12.37742,-1.2965,3.74651,-0.05208,High,High,High,,,High,High,High,v3
171,10/26/2022,4,5,1000049559,Left,T_A,1000079313,Left,T_C,5,Top,2,3,1,3-1,Fastball,Four-Seam,StrikeCalled,Undefined,Undefined,,Undefined,0,0,89.38386,-2.925133,2.666955,2269.628357,163.241696,11:30,5.84623,-1.84491,5.76173,-16.26639,19.0419,-5.38465,1.7628,0.19045,81.63854,-6.011159,1.70428,0.427671,,,,,,,,,,,,3.48449,10.86371,1.62715,50,5.59372,-5.79923,-129.50867,-7.09989,5.9118,27.31341,-13.74274,88.1342,,7.74532,,,,1000073611,Right,54.73559,-130.50358,13.6567,5.84322,-6.5993,-6.87137,1.84232,-6.01458,2.9559,,,,,,,,,,,,,,,,,,,,,,,,,,,,,,,,,,,,,,,,,,,,,,,,,,,High,High,High,,,,,,v3
172,10/26/2022,4,6,1000049559,Left,T_A,1000079313,Left,T_C,5,Top,2,3,2,3-2,Slider,Slider,StrikeSwinging,Strikeout,Undefined,,Undefined,0,0,83.05741,-2.22385,1.543705,2567.85737,251.119404,2:15,5.56564,-2.3207,5.29381,-38.09175,3.13606,5.63118,0.3015,-0.40167,77.01845,-9.114214,2.54493,0.462133,,,,,,,,,,,,-2.45599,2.46299,2.17584,50,5.33499,-3.47691,-120.56268,-6.04337,-3.63438,22.25255,-28.52927,81.56195,,6.03896,,,,1000073611,Right,55.2076,-121.52006,11.12628,5.5686,-4.81595,-14.26463,2.32206,-3.32054,-1.81719,,,,,,,,,,,,,,,,,,,,,,,,,,,,,,,,,,,,,,,,,,,,,,,,,,,High,High,High,,,,,,v3
173,10/26/2022,1,1,1000112871,Left,T_B,1000064785,Right,T_A,5,Bottom,0,0,0,0-0,Fastball,Four-Seam,BallCalled,Undefined,Undefined,,Undefined,0,0,93.20303,-2.983519,4.481607,2233.158424,159.239348,11:15,5.63441,-1.53957,7.08466,-13.14194,17.8491,-6.38044,1.82045,2.00485,85.02922,-5.555434,3.31616,0.400672,,,,,,,,,,,,4.66882,10.69264,1.27273,50,5.45043,-10.34142,-135.04194,-7.32267,8.59906,30.12383,-12.48037,94.07294,,8.17381,,,,1000113065,Right,53.41257,-135.80105,15.06192,5.63099,-7.00817,-6.24019,1.53606,-10.55811,4.29953,,,,,,,,,,,,,,,,,,,,,,,,,,,,,,,,,,,,,,,,,,,,,,,,,,,High,High,High,,,,,,v3
174,10/26/2022,1,2,1000112871,Left,T_B,1000064785,Right,T_A,5,Bottom,0,1,0,1-0,Fastball,Four-Seam,FoulBall,Undefined,Undefined,,Undefined,0,0,91.16417,-1.685534,3.4531,2244.90346,156.676892,11:15,5.55829,-1.85344,7.07965,-14.04662,18.25607,-7.41355,2.85446,0.66712,83.01487,-4.441121,2.096016,0.409064,71.75048,13.094024,162.782332,1621.985803,,,,,47.3641,,,4.99355,10.60442,1.64861,50,5.45218,-7.72291,-132.39196,-4.19276,8.81898,29.57106,-13.44593,92.1432,10.32797,8.1493,2.39026,2.80437,-0.6346,1000113065,Right,53.4194,-133.15352,14.78553,5.5557,-3.84648,-6.72297,1.85043,-7.95004,4.40949,272.310426,2.39026,-97.90453,9.52694,-0.88327,0.16589,-0.05713,0.11082,-0.14248,0.07501,2.80437,23.8407,-18.6895,1.59141,-0.27668,0.0176,0.10415,-0.14753,0.07853,-0.6346,30.33959,-9.91096,1.71096,-0.32708,-0.1391,0.50737,-0.67342,0.35592,,,,,,,,,,,,,,,,,,,,,,,High,High,High,High,Low,,,,v3
175,10/26/2022,1,3,1000112871,Left,T_B,1000064785,Right,T_A,5,Bottom,0,1,1,1-1,Curveball,Curveball,BallCalled,Undefined,Undefined,,Undefined,0,0,74.00557,3.259141,0.807889,1942.780198,320.098538,4:45,5.33132,-2.13837,6.15604,-59.1007,-8.81193,8.5804,3.42084,-0.6769,68.30172,-7.622575,2.355326,0.510396,,,,,,,,,,,,-4.21004,-4.93673,2.07278,50,5.5491,-1.80791,-107.54073,4.39198,-4.95243,17.86458,-37.98135,73.84946,,5.70385,,,,1000113065,Right,54.34691,-108.26043,8.93229,5.34134,5.92211,-18.99068,2.14159,-1.6084,-2.47622,,,,,,,,,,,,,,,,,,,,,,,,,,,,,,,,,,,,,,,,,,,,,,,,,,,High,High,High,,,,,,v3
176,10/26/2022,1,4,1000112871,Left,T_B,1000064785,Right,T_A,5,Bottom,0,2,1,2-1,Fastball,Four-Seam,BallCalled,Undefined,Undefined,,Undefined,0,0,91.36769,-0.56601,2.955719,2159.514782,148.368631,11:00,5.73695,-1.38521,7.00993,-14.28268,17.76469,-10.32737,4.03154,0.44322,83.47985,-3.357714,1.065994,0.407444,,,,,,,,,,,,6.30737,9.93465,1.20728,50,5.69686,-6.47324,-132.82169,-1.61663,11.27261,28.32505,-14.41866,92.5096,,7.88784,,,,1000113065,Right,53.4885,-133.56356,14.16253,5.73425,-1.23899,-7.20933,1.38069,-6.76848,5.6363,,,,,,,,,,,,,,,,,,,,,,,,,,,,,,,,,,,,,,,,,,,,,,,,,,,High,High,High,,,,,,v3
177,10/26/2022,1,5,1000112871,Left,T_B,1000064785,Right,T_A,5,Bottom,0,3,1,3-1,Fastball,Four-Seam,BallCalled,Walk,Undefined,,Undefined,0,0,90.65753,-2.166653,4.341119,2190.740757,152.639177,11:00,5.49938,-1.55361,7.01177,-15.55851,17.14186,-8.33205,2.22688,1.70543,82.91842,-5.184312,2.820432,0.411574,,,,,,,,,,,,5.77489,10.15784,1.29106,50,5.36136,-9.70519,-131.55788,-5.35286,10.10498,28.31787,-14.39973,91.5812,,7.73911,,,,1000113065,Right,53.4901,-132.30699,14.15893,5.49792,-4.97193,-7.19987,1.55133,-9.9725,5.05249,,,,,,,,,,,,,,,,,,,,,,,,,,,,,,,,,,,,,,,,,,,,,,,,,,,High,High,High,,,,,,v3
178,10/26/2022,2,1,1000112871,Left,T_B,1000112373,Right,T_A,5,Bottom,0,0,0,0-0,ChangeUp,Changeup,BallCalled,Undefined,Undefined,,Undefined,0,0,78.02914,1.941174,1.717677,1862.405048,122.388763,10:00,5.22895,-1.84465,6.62825,-34.80502,9.52056,-12.98729,4.10741,-1.3537,71.77925,-4.611872,-0.644049,0.47918,,,,,,,,,,,,7.24756,4.92343,1.73295,50,5.34624,-2.96563,-113.46283,2.93884,9.51109,19.4619,-25.71298,78.6603,,6.24988,,,,1000113065,Right,53.87078,-114.12485,9.73095,5.2314,3.81349,-12.85649,1.83933,-3.28915,4.75554,,,,,,,,,,,,,,,,,,,,,,,,,,,,,,,,,,,,,,,,,,,,,,,,,,,High,High,High,,,,,,v3
179,10/26/2022,2,2,1000112871,Left,T_B,1000112373,Right,T_A,5,Bottom,0,1,0,1-0,Fastball,Four-Seam,StrikeCalled,Undefined,Undefined,,Undefined,0,0,90.51163,-1.907401,1.543651,2132.625283,158.618339,11:15,5.53858,-1.42381,6.8541,-12.0928,20.81576,-7.73504,2.79062,-0.66073,82.60228,-4.29519,0.130466,0.412882,,,,,,,,,,,,4.51945,11.88682,1.3276,50,5.41163,-3.25096,-131.56723,-4.60748,7.90655,28.41454,-11.37877,91.29109,,7.90935,,,,1000113065,Right,53.64353,-132.35178,14.20727,5.5345,-4.2933,-5.68938,1.42038,-3.46927,3.95327,,,,,,,,,,,,,,,,,,,,,,,,,,,,,,,,,,,,,,,,,,,,,,,,,,,High,High,High,,,,,,v3
180,10/26/2022,2,3,1000112871,Left,T_B,1000112373,Right,T_A,5,Bottom,0,1,1,1-1,Fastball,Four-Seam,BallCalled,Undefined,Undefined,,Undefined,0,0,89.33788,-0.845042,2.584761,2256.407737,162.18456,11:30,5.60441,-1.444,7.11934,-12.60048,20.94218,-6.37642,3.78702,0.37076,81.23521,-3.351499,1.415299,0.416841,,,,,,,,,,,,4.15083,11.77304,1.29243,50,5.54933,-5.62999,-129.84795,-2.12463,7.05001,28.50461,-12.17811,90.42407,,8.10267,,,,1000113065,Right,53.37764,-130.58731,14.25231,5.60034,-1.80875,-6.08905,1.44084,-5.81286,3.52501,,,,,,,,,,,,,,,,,,,,,,,,,,,,,,,,,,,,,,,,,,,,,,,,,,,High,High,High,,,,,,v3
181,10/26/2022,2,4,1000112871,Left,T_B,1000112373,Right,T_A,5,Bottom,0,2,1,2-1,Curveball,Curveball,BallCalled,Undefined,Undefined,,Undefined,0,0,71.15919,4.31053,0.804659,1865.687255,323.498985,4:45,5.34651,-1.66321,5.89762,-63.51122,-8.14473,7.28622,4.0637,-0.30894,65.18659,-7.35368,2.110891,0.535544,,,,,,,,,,,,-3.48398,-4.80799,1.59434,50,5.65774,-1.69863,-103.17612,5.91597,-3.75227,17.30607,-37.35228,70.38164,,5.9726,,,,1000113065,Right,54.60429,-103.94554,8.65304,5.3578,7.57665,-18.67614,1.66615,-1.5318,-1.87614,,,,,,,,,,,,,,,,,,,,,,,,,,,,,,,,,,,,,,,,,,,,,,,,,,,High,High,High,,,,,,v3
182,10/26/2022,2,5,1000112871,Left,T_B,1000112373,Right,T_A,5,Bottom,0,3,1,3-1,Fastball,Four-Seam,BallCalled,Walk,Undefined,,Undefined,0,0,89.20236,-1.421986,3.2344,2141.4317,162.442304,11:30,5.55092,-1.30645,6.82794,-11.40253,22.66671,-6.81552,3.30131,1.07897,81.11767,-3.697178,1.992651,0.4201,,,,,,,,,,,,4.52327,12.72257,1.10051,50,5.4542,-7.05775,-129.49086,-3.40094,7.64656,28.14454,-10.66667,89.72259,,8.0847,,,,1000113065,Right,53.66881,-130.28583,14.07227,5.546,-3.09965,-5.33333,1.30291,-7.27373,3.82328,,,,,,,,,,,,,,,,,,,,,,,,,,,,,,,,,,,,,,,,,,,,,,,,,,,High,High,High,,,,,,v3
183,10/26/2022,3,1,1000112871,Left,T_B,1000051953,Right,T_A,5,Bottom,0,0,0,0-0,Fastball,Four-Seam,BallCalled,Undefined,Undefined,,Undefined,0,0,89.74701,-2.371658,3.60538,2104.962629,160.927892,11:15,5.5628,-1.44795,6.94323,-13.38465,20.06159,-6.56366,2.28337,1.29079,82.00084,-4.995669,2.407505,0.416241,,,,,,,,,,,,4.58587,11.77335,1.22563,50,5.41,-7.98394,-130.2946,-5.69006,7.86413,28.00188,-11.98446,90.55435,,7.74617,,,,1000113065,Right,53.55791,-131.057,14.00094,5.56048,-5.36376,-5.99223,1.44593,-8.19806,3.93206,,,,,,,,,,,,,,,,,,,,,,,,,,,,,,,,,,,,,,,,,,,,,,,,,,,High,High,High,,,,,,v3
184,10/26/2022,3,2,1000112871,Left,T_B,1000051953,Right,T_A,5,Bottom,0,1,0,1-0,Fastball,Four-Seam,FoulBall,Undefined,Undefined,,Undefined,0,0,87.42957,-1.354795,2.615092,2104.964013,156.581926,11:15,5.58689,-1.46254,6.97604,-14.84324,20.31804,-8.30571,3.11617,0.22556,79.71225,-4.266294,1.095724,0.42678,72.65959,55.344445,120.751316,3202.911851,,,,,28.52917,,,5.20425,11.59509,1.30371,50,5.49768,-5.51442,-127.07526,-3.3075,8.47838,26.93881,-13.28422,88.31828,38.34664,7.71732,1.48863,2.94224,-0.19757,1000113065,Right,53.5231,-127.81994,13.4694,5.58404,-2.94027,-6.64211,1.45939,-5.74879,4.23919,335.818089,1.50719,-31.50169,-5.32521,,,,,,,2.966,87.00771,-29.95627,,,,,,,-0.19707,52.06792,-4.44027,,,,,,,,,,,,,,,,,,,,,,,,,,,,,High,High,High,High,Low,,,,v3
185,10/26/2022,3,3,1000112871,Left,T_B,1000051953,Right,T_A,5,Bottom,0,1,1,1-1,Fastball,Four-Seam,StrikeCalled,Undefined,Undefined,,Undefined,0,0,90.97268,-2.526728,3.028094,2264.370704,164.406098,11:30,5.6809,-1.24368,7.04728,-11.47457,21.36836,-5.62937,2.42491,1.04024,81.98978,-4.831542,1.997751,0.41247,,,,,,,,,,,,4.06158,12.70316,1.0624,50,5.52396,-6.78647,-132.00503,-6.03473,7.03961,32.74468,-10.15657,91.38228,,8.9829,,,,1000113065,Right,53.45252,-132.85869,16.37234,5.67783,-5.76995,-5.07829,1.24172,-6.97,3.5198,,,,,,,,,,,,,,,,,,,,,,,,,,,,,,,,,,,,,,,,,,,,,,,,,,,High,High,High,,,,,,v3
186,10/26/2022,3,4,1000112871,Left,T_B,1000051953,Right,T_A,5,Bottom,0,1,2,1-2,Fastball,Four-Seam,HitByPitch,Undefined,Undefined,,Undefined,0,0,91.11181,-1.420344,3.180197,2218.665347,158.717267,11:15,5.59666,-1.56595,7.05567,-12.28386,20.37233,-7.48083,3.28083,0.70178,82.14642,-3.875793,1.810942,0.411296,,,,,,,,,,,,5.08284,11.75953,1.37639,50,5.50655,-7.08456,-132.27974,-3.51035,8.86218,32.42092,-11.67068,91.64314,,8.96539,,,,1000113065,Right,53.4436,-133.12107,16.21046,5.59371,-3.2075,-5.83534,1.56322,-7.31453,4.43109,,,,,,,,,,,,,,,,,,,,,,,,,,,,,,,,,,,,,,,,,,,,,,,,,,,High,High,High,,,,,,v3
187,10/26/2022,4,1,1000112871,Left,T_B,1000066765,Right,T_A,5,Bottom,0,0,0,0-0,Fastball,Four-Seam,BallCalled,Undefined,Undefined,,Undefined,0,0,90.32835,-3.933229,3.324091,2214.426538,148.695115,11:00,5.53124,-1.4862,7.04887,-14.33422,18.7704,-10.72819,0.75255,0.64241,82.2787,-6.732789,1.359912,0.41411,,,,,,,,,,,,6.72134,11.54701,1.28815,50,5.28778,-7.21639,-130.91941,-9.31028,11.59331,29.24044,-12.25714,91.02038,,8.04966,,,,1000113065,Right,53.44971,-131.68764,14.62022,5.52816,-8.98825,-6.12857,1.48174,-7.52098,5.79666,,,,,,,,,,,,,,,,,,,,,,,,,,,,,,,,,,,,,,,,,,,,,,,,,,,High,High,High,,,,,,v3
188,10/26/2022,4,2,1000112871,Left,T_B,1000066765,Right,T_A,5,Bottom,0,1,0,1-0,ChangeUp,Changeup,BallCalled,Undefined,Undefined,,Undefined,0,0,78.86948,-1.68649,4.760166,1853.951053,123.377611,10:00,5.30216,-1.91446,6.93946,-31.96742,11.29217,-15.07847,1.0974,1.1717,72.57077,-7.722153,2.009811,0.473383,,,,,,,,,,,,9.32969,6.89863,1.62177,50,5.18563,-9.0462,-114.3918,-4.15439,12.38921,20.67005,-23.01313,79.62356,,6.2987,,,,1000113065,Right,53.56027,-115.03333,10.33502,5.30348,-3.44014,-11.50657,1.9085,-9.43072,6.1946,,,,,,,,,,,,,,,,,,,,,,,,,,,,,,,,,,,,,,,,,,,,,,,,,,,High,High,High,,,,,,v3
189,10/26/2022,4,3,1000112871,Left,T_B,1000066765,Right,T_A,5,Bottom,0,2,0,2-0,Fastball,Four-Seam,InPlay,Undefined,GroundBall,GroundBall,Single,0,2,91.20547,-1.972734,2.980319,2255.896721,152.529004,11:00,5.6335,-1.63633,7.2717,-13.41839,18.57536,-9.11327,2.72804,0.30207,83.11649,-4.62024,1.304341,0.407103,94.4668,6.58571,-23.080929,2013.189768,,,,120.36085,118.21947,-25.668113,0.980051,5.79654,10.92532,1.46985,50,5.51736,-6.58375,-132.54206,-4.82359,10.26443,29.53284,-12.82762,92.58701,5.77827,8.08898,2.20309,2.65999,-0.25909,1000113065,Right,53.22748,-133.25926,14.76642,5.63072,-4.51207,-6.41381,1.63276,-6.83302,5.13221,,2.32903,124.85099,-16.98941,,,,,,,2.74493,14.69995,-17.93663,,,,,,,-0.23565,-54.29606,1.34679,,,,,,,,,,,,,,,,,,,,,,,,,,,,,High,High,High,High,High,,,,v3
190,10/26/2022,5,1,1000112871,Left,T_B,1000110355,Right,T_A,5,Bottom,0,0,0,0-0,Fastball,Four-Seam,BallCalled,Undefined,Undefined,,Undefined,0,0,89.90153,-0.416217,2.705201,2269.71912,149.19385,11:00,5.59591,-1.74132,7.16279,-14.19261,19.2041,-10.73721,4.03554,-0.18254,80.92133,-3.238238,0.73402,0.415933,,,,,,,,,,,,6.57457,10.74745,1.5853,50,5.56622,-5.76871,-130.56023,-1.20038,11.17031,31.50889,-13.91394,90.62144,,8.9802,,,,1000113065,Right,53.33258,-131.36204,15.75445,5.59226,-0.84631,-6.95697,1.73572,-6.05296,5.58515,,,,,,,,,,,,,,,,,,,,,,,,,,,,,,,,,,,,,,,,,,,,,,,,,,,High,High,High,,,,,,v3
191,10/26/2022,5,2,1000112871,Left,T_B,1000110355,Right,T_A,5,Bottom,0,1,0,1-0,Fastball,Four-Seam,BallCalled,Undefined,Undefined,,Undefined,0,0,88.87955,-0.654392,3.545331,2223.90718,154.748575,11:15,5.53053,-1.56924,6.94779,-12.87343,21.65041,-9.62264,3.86105,0.85944,79.94081,-3.230832,1.788707,0.422893,,,,,,,,,,,,6.22028,12.04953,1.35112,50,5.48432,-7.62209,-128.91515,-1.6851,10.30361,30.72353,-12.21458,89.12989,,8.93874,,,,1000113065,Right,53.54754,-129.75786,15.36177,5.52595,-1.35007,-6.10729,1.56406,-7.9047,5.1518,,,,,,,,,,,,,,,,,,,,,,,,,,,,,,,,,,,,,,,,,,,,,,,,,,,High,High,High,,,,,,v3
192,10/26/2022,5,3,1000112864,Right,T_B,1000110355,Right,T_A,5,Bottom,0,2,0,2-0,Fastball,Sinker,InPlay,Undefined,GroundBall,GroundBall,Sacrifice,1,1,92.36261,-0.27077,-2.703266,2102.329276,248.88317,2:15,5.31156,1.31848,4.55774,-26.74348,7.82067,17.3121,2.82494,0.18636,84.07511,-5.134449,0.325969,0.42314,89.54238,-0.13097,12.930537,2157.796483,,,,50.76893,50.07304,13.753548,0.392376,-9.26213,4.205,-1.05511,50,5.25869,5.44592,-133.78452,-1.77128,-16.74418,29.54341,-24.5722,89.07792,2.77379,8.2875,1.97742,2.77379,-0.1756,1000113065,Right,55.94204,-135.09032,14.7717,5.31298,-0.6852,-12.2861,-1.31217,6.186,-8.37209,281.13688,1.98506,127.73824,-18.19047,,,,,,,2.77855,-0.46186,-16.90045,,,,,,,-0.1801,29.54132,4.3074,,,,,,,,,,,,,,,,,,,,,,,,,,,,,High,High,High,High,High,,,,v3
193,10/26/2022,6,1,1000112864,Right,T_B,1000094105,Right,T_A,5,Bottom,1,0,0,0-0,Fastball,Sinker,BallCalled,Undefined,Undefined,,Undefined,0,0,91.16043,-1.193671,-5.500061,2069.36593,258.098618,2:30,5.33359,1.18703,4.69056,-30.72281,4.68847,16.83977,1.63462,-2.6478,83.36039,-6.742809,-2.560942,0.428294,,,,,,,,,,,,-9.70969,2.96894,-0.64299,50,5.18436,11.83666,-131.63847,-4.05853,-17.0793,27.30515,-26.95171,88.00598,,7.80005,,,,1000113065,Right,55.80872,-132.83788,13.65258,5.33664,-2.87465,-13.47585,-1.17941,12.58688,-8.53965,,,,,,,,,,,,,,,,,,,,,,,,,,,,,,,,,,,,,,,,,,,,,,,,,,,High,High,High,,,,,,v3
194,10/26/2022,6,2,1000112864,Right,T_B,1000094105,Right,T_A,5,Bottom,1,1,0,1-0,Fastball,Sinker,StrikeCalled,Undefined,Undefined,,Undefined,0,0,91.54416,-0.136392,-3.850542,2109.044107,251.794018,2:30,5.32235,1.31571,4.61326,-28.3399,6.7939,17.17418,2.83072,-0.91972,83.40076,-5.282493,-0.847467,0.426613,,,,,,,,,,,,-9.43123,3.69662,-0.93584,50,5.2825,8.04722,-132.46692,-1.51809,-16.75306,28.37413,-25.60758,88.35279,,8.14341,,,,1000113065,Right,55.88542,-133.72162,14.18707,5.32459,-0.38573,-12.80379,-1.30807,8.78804,-8.37653,,,,,,,,,,,,,,,,,,,,,,,,,,,,,,,,,,,,,,,,,,,,,,,,,,,High,High,High,,,,,,v3
195,10/26/2022,6,3,1000112864,Right,T_B,1000094105,Right,T_A,5,Bottom,1,1,1,1-1,Fastball,Sinker,FoulBall,Undefined,Undefined,,Undefined,0,0,91.35595,-0.349257,-3.457035,2078.177567,251.64549,2:30,5.25319,1.27309,5.04703,-27.52222,7.29603,18.45521,2.62964,-0.45371,82.96358,-5.398332,-0.201499,0.424693,,,,,,,,,,,,-10.16922,4.06059,-0.95881,50,5.19816,7.10593,-132.28996,-1.89944,-17.92743,29.59106,-25.01559,88.75228,,8.39236,,,,1000113065,Right,55.45198,-133.50391,14.79553,5.25503,-0.8732,-12.50779,-1.26541,7.84138,-8.96372,,,,,,,,,,,,,,,,,,,,,,,,,,,,,,,,,,,,,,,,,,,,,,,,,,,High,High,High,,,,,,v3
196,10/26/2022,6,4,1000112864,Right,T_B,1000094105,Right,T_A,5,Bottom,1,1,2,1-2,Slider,Curveball,BallCalled,Undefined,Undefined,,Undefined,0,0,80.41328,1.829713,-2.630716,2651.506234,33.775976,7:15,5.07775,1.37807,4.43269,-57.54468,-11.68453,-8.78024,2.03026,-1.86496,73.74867,-8.416937,-4.163166,0.487404,,,,,,,,,,,,3.49744,-5.75307,-1.08988,50,5.21519,5.74528,-116.4551,1.39699,4.78644,22.57047,-40.04744,77.33304,,6.66461,,,,1000113065,Right,56.06912,-117.62549,11.28523,5.0889,3.47365,-20.02372,-1.38136,5.49708,2.39322,,,,,,,,,,,,,,,,,,,,,,,,,,,,,,,,,,,,,,,,,,,,,,,,,,,High,High,High,,,,,,v3
197,10/26/2022,6,5,1000112864,Right,T_B,1000094105,Right,T_A,5,Bottom,1,2,2,2-2,Slider,Curveball,StrikeSwinging,Strikeout,Undefined,,Undefined,0,0,79.94813,-0.351734,-1.96842,2628.826623,32.331324,7:00,5.00376,1.3958,4.79643,-55.652,-10.40528,-7.39433,0.03259,-1.08641,74.43287,-10.266401,-3.272098,0.484133,,,,,,,,,,,,3.1754,-4.79929,-1.19267,50,4.91924,4.29511,-116.10034,-2.81968,4.35943,20.55032,-38.76287,77.8555,,5.51526,,,,1000113065,Right,55.70755,-117.10624,10.27516,5.01082,-0.92229,-19.38143,-1.39768,4.08172,2.17971,,,,,,,,,,,,,,,,,,,,,,,,,,,,,,,,,,,,,,,,,,,,,,,,,,,High,High,High,,,,,,v3
198,10/26/2022,7,1,1000112864,Right,T_B,1000187793,Left,T_A,5,Bottom,2,0,0,0-0,Fastball,Sinker,HitByPitch,Undefined,Undefined,,Undefined,0,0,91.29415,0.719723,-5.882894,2004.574283,261.342655,2:45,5.16128,1.39386,5.27775,-30.70911,3.82827,17.93355,3.28176,-2.6564,83.28655,-4.89227,-2.724935,0.422977,,,,,,,,,,,,-10.70178,1.98492,-0.86932,50,5.20452,12.78591,-131.93198,0.47162,-18.89772,27.57512,-28.66899,89.11237,,8.00761,,,,1000113065,Right,55.22417,-133.0194,13.78756,5.16364,1.60218,-14.3345,-1.38823,13.53114,-9.44886,,,,,,,,,,,,,,,,,,,,,,,,,,,,,,,,,,,,,,,,,,,,,,,,,,,High,High,High,,,,,,v3
199,10/26/2022,8,1,1000112864,Right,T_B,1000187798,Right,T_A,5,Bottom,2,0,0,0-0,Slider,Curveball,BallCalled,Undefined,Undefined,,Undefined,0,0,80.21999,2.313825,0.516762,2709.987742,32.99476,7:00,5.02926,1.57584,4.10714,-56.90353,-10.61099,-7.79894,2.50902,1.42184,73.76234,-7.775514,-0.83924,0.489696,,,,,,,,,,,,3.8687,-5.26292,-1.62459,50,5.22581,-0.68733,-116.27976,2.31561,5.31488,21.10656,-39.40435,76.97103,,6.45765,,,,1000113065,Right,56.39493,-117.4348,10.55328,5.04009,4.47199,-19.70217,-1.57902,-0.97819,2.65744,,,,,,,,,,,,,,,,,,,,,,,,,,,,,77.86156,2.08396,0.802099,1.28186,-1.30201,2.12486,-1.38041,-0.05791,6.11429,0.98371,127.27819,0.15092,2.60889,0.10759,111.94199,-10.01631,6.13542,10.12492,-11.55366,0.94055,-1.15382,1.93646,High,High,High,,,High,High,High,v3
200,10/26/2022,8,2,1000112864,Right,T_B,1000187798,Right,T_A,5,Bottom,2,1,0,1-0,Slider,Curveball,StrikeCalled,Undefined,Undefined,,Undefined,0,0,81.19082,1.383995,0.180241,2724.74113,37.676817,7:15,4.97989,1.43394,4.10032,-51.80274,-6.02319,-5.87091,1.99155,1.11768,73.73669,-7.8472,-0.840769,0.486976,,,,,,,,,,,,2.86551,-2.84988,-1.44729,50,5.07854,-0.09336,-117.51147,0.67135,3.96607,24.38286,-36.11848,77.40108,,7.45413,,,,1000113065,Right,56.39846,-118.83169,12.19143,4.98925,2.627,-18.05924,-1.43642,-0.3081,1.98303,,,,,,,,,,,,,,,,,,,,,,,,,,,,,,,,,,,,,,,,,,,,,,,,,,,High,High,High,,,,,,v3
201,10/26/2022,8,3,1000112864,Right,T_B,1000187798,Right,T_A,5,Bottom,2,1,1,1-1,Slider,Curveball,HitByPitch,Undefined,Undefined,,Undefined,0,0,79.81134,3.012362,2.911811,2780.835535,37.555176,7:15,5.06471,1.20283,4.24064,-59.08984,-12.45568,-10.65847,3.0307,3.10452,73.30641,-7.477114,1.05874,0.4915,,,,,,,,,,,,5.95674,-6.51937,-1.50958,50,5.33226,-5.40337,-115.54929,3.68671,8.08738,20.68152,-41.02529,76.6886,,6.50493,,,,1000113065,Right,56.26329,-116.66494,10.34076,5.07369,5.89978,-20.51265,-1.20634,-5.83964,4.04369,,,,,,,,,,,,,,,,,,,,,,,,,,,,,,,,,,,,,,,,,,,,,,,,,,,High,High,High,,,,,,v3
202,10/26/2022,9,1,1000112864,Right,T_B,1000103136,Right,T_A,5,Bottom,2,0,0,0-0,Fastball,Sinker,InPlay,Undefined,LineDrive,GroundBall,Out,1,0,90.46356,0.061966,-2.482556,1916.47653,266.452029,3:00,5.16727,1.27522,5.34241,-32.98144,2.04728,14.41765,2.477,0.14641,82.37379,-5.979334,0.078408,0.425974,95.51023,8.695986,8.327397,2420.286449,108.02741,9.21356,20.73529,176.25022,153.32127,12.898491,1.577261,-7.98504,1.32976,-1.06217,50,5.14918,5.03163,-131.19734,-1.14022,-13.84701,29.07277,-29.86807,88.48522,9.67301,8.08977,1.18641,2.31702,-0.16651,1000113065,Right,55.15732,-132.33524,14.53638,5.17093,0.02881,-14.93404,-1.26971,5.5736,-6.9235,245.245811,1.18641,137.01117,-23.64045,4.62958,-1.06373,0.24233,-0.05257,0.009,-0.00082,2.31702,21.17913,-16.17895,1.52583,-0.33315,0.08262,-0.01722,0.00292,-0.00027,-0.16651,20.05469,4.26963,-0.95751,0.22355,-0.0512,0.01096,-0.00186,0.00017,,,,,,,,,,,,,,,,,,,,,,,High,High,High,High,Medium,,,,v3
203,10/26/2022,1,1,1000064440,Left,T_A,90000221623,Right,T_C,6,Top,0,0,0,0-0,Fastball,Changeup,BallCalled,Undefined,Undefined,,Undefined,0,0,87.5244,-0.741903,3.720935,1602.066858,176.317426,12:00,5.79625,-1.60923,6.36557,-25.46206,10.98186,-0.62272,2.99022,1.76776,79.01199,-5.557559,3.608563,0.434494,,,,,,,,,,,,1.5515,6.3363,1.34021,50,5.73067,-8.22592,-126.84798,-2.39161,2.48455,30.09937,-22.02731,86.75017,,8.51241,,,,1000103236,Right,54.13334,-127.82501,15.04969,5.7967,-1.6766,-11.01366,1.60853,-8.30657,1.24227,,,,,,,,,,,,,,,,,,,,,,,,,,,,,,,,,,,,,,,,,,,,,,,,,,,High,High,High,,,,,,v3
204,10/26/2022,1,2,1000064440,Left,T_A,90000221623,Right,T_C,6,Top,0,1,0,1-0,Fastball,Changeup,BallCalled,Undefined,Undefined,,Undefined,0,0,87.48052,-2.702348,1.58169,1586.197102,176.936998,12:00,5.8147,-1.86734,6.39745,-24.17297,12.17327,-0.58161,1.31226,-0.46082,79.24562,-7.269891,1.476251,0.433911,,,,,,,,,,,,0.80831,7.60528,1.75411,50,5.60966,-3.47933,-126.83817,-6.68747,1.29771,29.44504,-19.96375,86.86668,,8.2349,,,,1000103236,Right,54.09824,-127.78602,14.72252,5.81458,-6.04483,-9.98188,1.86678,-3.5211,0.64886,,,,,,,,,,,,,,,,,,,,,,,,,,,,,,,,,,,,,,,,,,,,,,,,,,,High,High,High,,,,,,v3
205,10/26/2022,1,3,1000064440,Left,T_A,90000221623,Right,T_C,6,Top,0,2,0,2-0,Fastball,Changeup,StrikeCalled,Undefined,Undefined,,Undefined,0,0,88.21205,-1.910124,0.991431,1483.110226,168.816476,11:45,5.85534,-1.72048,5.90935,-26.05312,10.51197,-1.80752,1.91039,-0.95079,79.41129,-6.795564,0.66662,0.435216,,,,,,,,,,,,1.25362,6.42492,1.64193,50,5.68741,-2.13467,-127.81936,-5.11044,2.03328,31.16786,-21.75347,86.60631,,8.80076,,,,1000103236,Right,54.58552,-128.93266,15.58393,5.85608,-4.33342,-10.87674,1.71948,-2.2073,1.01664,,,,,,,,,,,,,,,,,,,,,,,,,,,,,,,,,,,,,,,,,,,,,,,,,,,High,High,High,,,,,,v3
206,10/26/2022,1,4,1000064440,Left,T_A,90000221623,Right,T_C,6,Top,0,2,1,2-1,Fastball,Four-Seam,StrikeCalled,Undefined,Undefined,,Undefined,0,0,88.98188,-2.220896,0.63516,1720.871264,171.765033,11:45,5.66039,-1.96014,6.30408,-22.54415,12.74111,-1.65752,1.73448,-1.51308,80.32842,-6.496299,0.335107,0.427531,,,,,,,,,,,,1.06768,7.72658,1.91429,50,5.48666,-1.36358,-129.0635,-5.66851,1.77049,31.09462,-19.36155,88.16297,,8.65346,,,,1000103236,Right,54.1919,-130.06952,15.54731,5.65992,-5.0421,-9.68077,1.95934,-1.42086,0.88525,,,,,,,,,,,,,,,,,,,,,,,,,,,,,,,,,,,,,,,,,,,,,,,,,,,High,High,High,,,,,,v3
207,10/26/2022,1,5,1000064440,Left,T_A,90000221623,Right,T_C,6,Top,0,2,2,2-2,Curveball,Curveball,BallCalled,Undefined,Undefined,,Undefined,0,0,69.79692,1.174443,-0.159931,2248.818632,328.291636,5:00,5.75096,-2.06465,5.30539,-73.1028,-13.38587,9.60882,0.7617,-1.41404,63.63994,-12.056985,1.553817,0.556186,,,,,,,,,,,,-4.89288,-6.56985,2.07181,50,5.80415,-0.0577,-101.21389,-0.20644,-4.96244,19.95215,-38.83728,67.76948,,6.15698,,,,1000103236,Right,55.19676,-102.23319,9.97608,5.76402,1.77764,-19.41864,2.06829,0.19581,-2.48122,,,,,,,,,,,,,,,,,,,,,,,,,,,,,,,,,,,,,,,,,,,,,,,,,,,High,High,High,,,,,,v3
208,10/26/2022,1,6,1000064440,Left,T_A,90000221623,Right,T_C,6,Top,0,3,2,3-2,Fastball,Changeup,BallCalled,Walk,Undefined,,Undefined,0,0,87.96386,-1.575091,0.178814,1574.018238,159.147413,11:15,5.6507,-2.04935,6.40221,-23.52056,12.56509,-4.26941,2.24186,-2.2407,79.06725,-6.054282,-0.595455,0.432353,,,,,,,,,,,,2.26992,7.4804,2.03826,50,5.52718,-0.2256,-127.59612,-4.18093,3.66429,31.35003,-20.09862,87.17973,,8.89661,,,,1000103236,Right,54.09216,-128.59763,15.67501,5.65049,-3.53886,-10.04931,2.04734,-0.34266,1.83214,,,,,,,,,,,,,,,,,,,,,,,,,,,,,,,,,,,,,,,,,,,,,,,,,,,High,High,High,,,,,,v3
209,10/26/2022,2,1,1000064440,Left,T_A,9000241166,Left,T_C,6,Top,0,0,0,0-0,Fastball,Four-Seam,BallCalled,Undefined,Undefined,,Undefined,0,0,87.20207,0.479673,1.726902,1781.330067,172.698885,11:45,5.73646,-2.21403,6.02808,-19.9819,17.31662,-2.0387,4.51574,-0.78414,78.00413,-3.361926,1.360416,0.439559,,,,,,,,,,,,1.62504,9.11575,2.08004,50,5.76324,-3.72326,-126.36056,0.50512,2.57195,30.81293,-17.74642,85.75057,,9.19794,,,,1000103236,Right,54.46524,-127.44475,15.40647,5.73448,1.12955,-8.87321,2.21264,-3.81376,1.28598,,,,,,,,,,,,,,,,,,,,,,,,,,,,,,,,,,,,,,,,,,,,,,,,,,,High,High,High,,,,,,v3
210,10/26/2022,2,2,1000064440,Left,T_A,9000241166,Left,T_C,6,Top,0,1,0,1-0,Fastball,Cutter,BallCalled,Undefined,Undefined,,Undefined,0,0,84.79109,1.241924,0.094386,1673.802527,191.39101,12:30,5.91779,-1.81398,6.16911,-26.92938,12.08501,2.15327,4.82095,-1.54737,76.27846,-3.86245,0.482795,0.449556,,,,,,,,,,,,-1.07095,6.2541,1.80583,50,5.99829,-0.28966,-122.99697,1.87348,-1.61449,28.01344,-22.7457,83.8437,,8.51263,,,,1000103236,Right,54.32503,-123.97811,14.00672,5.91872,2.67013,-11.37285,1.81499,-0.23312,-0.80724,,,,,,,,,,,,,,,,,,,,,,,,,,,,,,,,,,,,,,,,,,,,,,,,,,,High,High,High,,,,,,v3
211,10/26/2022,2,3,1000064440,Left,T_A,9000241166,Left,T_C,6,Top,0,2,0,2-0,Fastball,Changeup,FoulBall,Undefined,Undefined,,Undefined,0,0,85.91225,-0.1864,1.487125,1550.150723,166.873863,11:30,5.95811,-1.88555,5.92099,-25.17899,13.21363,-2.75543,3.68683,-0.73485,77.34988,-4.941245,0.992461,0.445959,66.23837,22.835227,-159.223588,3058.626967,,,,,48.48346,,,1.90303,7.23256,1.76809,50,5.92911,-3.12201,-124.58713,-1.17865,2.93986,29.03248,-21.00105,84.51992,18.29677,8.56237,0.94661,3.83356,0.66159,1000103236,Right,54.57546,-125.64882,14.51624,5.95817,-0.41066,-10.50053,1.88422,-3.22951,1.46993,45.943029,0.94661,-83.71302,5.71918,-0.58391,0.07578,0.00261,-0.00296,0.00368,-0.00149,3.83356,37.70199,-23.20893,2.25776,-0.4726,0.0873,-0.01546,0.00251,-8.00E-05,0.66159,-31.76016,6.86618,-1.55878,0.34994,-0.06651,0.01323,-0.00186,-8.00E-05,,,,,,,,,,,,,,,,,,,,,,,High,High,High,High,Low,,,,v3
212,10/26/2022,2,4,1000064440,Left,T_A,9000241166,Left,T_C,6,Top,0,2,1,2-1,Fastball,Four-Seam,BallCalled,Undefined,Undefined,,Undefined,0,0,87.92188,-2.777371,1.426357,1696.694844,171.218343,11:45,5.72079,-2.15932,6.08272,-22.67875,13.41048,-1.88634,1.25859,-0.99665,80.2968,-7.032377,1.086418,0.432375,,,,,,,,,,,,1.38815,8.09067,2.05014,50,5.4941,-3.09894,-127.53775,-6.88192,2.27556,27.38989,-18.91109,87.17542,,7.62508,,,,1000103236,Right,54.41474,-128.48235,13.69494,5.72019,-6.22973,-9.45555,2.15837,-3.17742,1.13778,,,,,,,,,,,,,,,,,,,,,,,,,,,,,,,,,,,,,,,,,,,,,,,,,,,High,High,High,,,,,,v3
213,10/26/2022,2,5,1000064440,Left,T_A,9000241166,Left,T_C,6,Top,0,3,1,3-1,Fastball,Changeup,InPlay,Undefined,FlyBall,FlyBall,Double,0,0,87.01914,-1.714457,2.084626,1623.71241,174.891643,11:45,5.92338,-2.02058,6.31436,-26.24068,10.20276,-0.80634,2.15594,-0.16676,79.56945,-6.635673,1.938773,0.434491,95.45958,30.416126,-24.68645,4375.102798,95.39051,57.45469,-54.77814,339.4135,285.43613,-41.700498,4.916802,1.03291,6.15461,1.86837,50,5.7852,-4.56975,-126.37553,-4.57246,1.6625,26.89534,-22.26797,86.75071,76.21231,7.44969,1.9105,2.18102,0.20986,1000103236,Right,54.18554,-127.26318,13.44767,5.92398,-3.83753,-11.13399,2.02009,-4.62462,0.83125,133.118462,1.901,109.89854,-28.03134,8.41357,-2.82758,0.88029,-0.19929,0.02585,-0.00137,2.17614,70.99121,-19.90818,2.07559,-0.72222,0.29118,-0.07094,0.00928,-0.00051,0.20799,-50.3963,-2.79767,2.90345,-1.08354,0.25278,-0.03323,0.00144,6.00E-05,,,,,,,,,,,,,,,,,,,,,,,High,High,High,High,Low,,,,v3
214,10/26/2022,3,1,1000064440,Left,T_A,10035974,Right,T_C,6,Top,0,0,0,0-0,Fastball,Changeup,StrikeCalled,Undefined,Undefined,,Undefined,0,0,86.86633,-1.472753,1.875972,1747.631668,165.478506,11:30,6.05856,-1.91973,6.03236,-23.85076,12.84556,-3.03784,2.70615,-0.43506,79.85525,-5.934141,1.329421,0.435996,,,,,,,,,,,,2.06351,7.35422,1.7748,50,5.93048,-4.01077,-126.1787,-3.98485,3.3401,24.70636,-20.27003,86.4513,,7.01108,,,,1000103236,Right,54.4661,-127.05018,12.35318,6.05843,-3.26986,-10.13501,1.91835,-4.12859,1.67005,,,,,,,,,,,,,,,,,,,,,,,,,,,,,,,,,,,,,,,,,,,,,,,,,,,High,High,High,,,,,,v3
215,10/26/2022,3,2,1000064440,Left,T_A,10035974,Right,T_C,6,Top,0,0,1,0-1,Fastball,Four-Seam,InPlay,Undefined,GroundBall,GroundBall,Single,0,2,87.64956,-1.613141,2.369645,1835.825594,164.569012,11:30,5.95224,-1.93215,6.10971,-22.90407,13.36753,-3.35784,2.55026,-0.01955,79.89097,-5.925825,1.76499,0.433466,96.79149,-10.719848,-5.282124,,,,,13.38852,7.89586,-4.274555,0.087366,2.43638,7.73815,1.75195,50,5.81633,-5.12898,-127.18589,-4.27819,3.96895,27.42146,-19.56836,86.95596,2.31048,7.75859,1.19839,2.31048,0.12564,1000103236,Right,54.38852,-128.12857,13.71073,5.95184,-3.60548,-9.78418,1.93061,-5.26542,1.98448,180,1.19541,139.1029,,,,,,,,2.31105,-26.44598,,,,,,,,0.12592,-12.86041,,,,,,,,,,,,,,,,,,,,,,,,,,,,,,High,High,High,Low,Low,,,,v3
216,10/26/2022,4,1,1000064440,Left,T_A,1000112965,Left,T_C,6,Top,0,0,0,0-0,Curveball,Curveball,StrikeCalled,Undefined,Undefined,,Undefined,0,0,69.36345,2.500638,0.33006,2197.673934,328.633862,5:00,5.9712,-1.97233,5.40024,-76.22406,-16.1067,11.10989,1.96399,-0.73722,63.26651,-11.327027,2.312048,0.558048,,,,,,,,,,,,-5.45063,-8.24197,1.93493,50,6.14096,-0.97481,-100.58287,2.01946,-5.47878,19.17747,-40.45861,67.54338,,6.09694,,,,1000103236,Right,55.10296,-101.55116,9.58873,5.98742,4.06225,-20.2293,1.97717,-0.69819,-2.73939,,,,,,,,,,,,,,,,,,,,,,,,,,,,,,,,,,,,,,,,,,,,,,,,,,,High,High,High,,,,,,v3
217,10/26/2022,4,2,1000064440,Left,T_A,1000112965,Left,T_C,6,Top,0,0,1,0-1,Fastball,Four-Seam,BallCalled,Undefined,Undefined,,Undefined,0,0,87.17654,-3.242352,1.097519,1840.474783,157.82653,11:15,6.20159,-1.99291,5.67118,-21.62544,15.48666,-5.8291,1.37272,-1.45529,80.02372,-7.268176,0.054865,0.438459,,,,,,,,,,,,3.28095,9.13012,1.90409,50,5.91412,-2.17964,-126.42479,-7.85876,5.3153,25.53935,-17.38288,85.96567,,7.15281,,,,1000103236,Right,54.82791,-127.39636,12.76968,6.2005,-7.19748,-8.69144,1.99086,-2.38184,2.65765,,,,,,,,,,,,,,,,,,,,,,,,,,,,,,,,,,,,,,,,,,,,,,,,,,,High,High,High,,,,,,v3
218,10/26/2022,4,3,1000064440,Left,T_A,1000112965,Left,T_C,6,Top,0,1,1,1-1,Curveball,Curveball,BallCalled,Undefined,Undefined,,Undefined,0,0,70.61428,-1.604816,1.575732,2190.579192,328.434058,5:00,5.79955,-1.93193,5.45997,-72.89449,-14.84213,10.37331,-1.77809,0.40781,65.14211,-14.679779,3.437096,0.54838,,,,,,,,,,,,-4.87099,-6.94567,1.78535,50,5.60669,-3.15451,-102.41355,-5.04311,-5.05182,20.61657,-39.3776,68.7342,,5.47217,,,,1000103236,Right,55.04468,-103.42409,10.30829,5.80658,-3.11298,-19.6888,1.93391,-2.90689,-2.52591,,,,,,,,,,,,,,,,,,,,,,,,,,,,,,,,,,,,,,,,,,,,,,,,,,,High,High,High,,,,,,v3
219,10/26/2022,4,4,1000064440,Left,T_A,1000112965,Left,T_C,6,Top,0,2,1,2-1,Fastball,Changeup,FoulBall,Undefined,Undefined,,Undefined,0,0,86.26126,-2.502316,1.810119,1666.682789,164.721266,11:30,5.7922,-1.84822,6.33901,-19.69336,17.18568,-4.3787,1.84463,-0.54601,79.18319,-6.238309,1.017772,0.43708,,,,,,,,,,,,2.79264,10.01079,1.71856,50,5.60054,-3.79544,-125.28194,-6.01236,4.44491,24.96369,-16.24024,86.23687,,7.07807,,,,1000103236,Right,54.16051,-126.10824,12.48185,5.79065,-5.47481,-8.12012,1.84662,-3.94257,2.22245,,,,,,,,,,,,,,,,,,,,,,,,,,,,,,,,,,,,,,,,,,,,,,,,,,,High,High,High,,,,,,v3
220,10/26/2022,4,5,1000064440,Left,T_A,1000112965,Left,T_C,6,Top,0,2,2,2-2,Fastball,Cutter,StrikeSwinging,Strikeout,Undefined,,Undefined,0,0,88.10526,-1.844564,2.550828,1782.153586,177.574658,12:00,5.87571,-2.01502,6.12743,-23.8719,11.76768,-0.45193,2.17904,0.30679,80.93666,-6.307938,2.469452,0.429673,,,,,,,,,,,,0.92921,6.9239,1.82016,50,5.72206,-5.68038,-127.90921,-4.8654,1.5425,25.8886,-20.68024,87.72359,,7.1686,,,,1000103236,Right,54.37168,-128.79099,12.9443,5.87578,-4.16102,-10.34012,2.01453,-5.73292,0.77125,,,,,,,,,,,,,,,,,,,,,,,,,,,,,,,,,,,,,,,,,,,,,,,,,,,High,High,High,,,,,,v3
221,10/26/2022,5,1,1000064440,Left,T_A,90000243360,Right,T_C,6,Top,1,0,0,0-0,Curveball,Curveball,BallCalled,Undefined,Undefined,,Undefined,1,0,70.75568,-2.741597,2.368554,2210.896627,327.469957,5:00,5.83212,-2.0934,5.48183,-71.39083,-14.01579,10.10969,-2.68642,0.96646,66.10355,-15.452086,4.183477,0.545171,,,,,,,,,,,,-4.56173,-6.33725,1.87807,50,5.54112,-4.56388,-102.59558,-7.0229,-4.79585,19.1325,-38.83656,69.13872,,4.65213,,,,1000103236,Right,55.02369,-103.52818,9.56625,5.83731,-5.12984,-19.41828,2.09484,-4.33011,-2.39793,,,,,,,,,,,,,,,,,,,,,,,,,,,,,,,,,,,,,,,,,,,,,,,,,,,High,High,High,,,,,,v3
222,10/26/2022,5,2,1000064440,Left,T_A,90000243360,Right,T_C,6,Top,2,1,0,1-0,Fastball,Four-Seam,StrikeCalled,Undefined,Undefined,,Undefined,0,0,88.16307,-2.309636,1.450611,1792.842449,165.688137,11:30,5.66116,-1.94354,6.20158,-19.87741,15.55946,-3.6902,1.8709,-0.91174,80.98641,-6.062046,0.784343,0.428449,,,,,,,,,,,,2.30142,9.02371,1.8363,50,5.47733,-3.0956,-128.05157,-5.74226,3.83325,25.66479,-17.14418,87.97414,,7.17666,,,,1000103236,Right,54.29684,-128.90988,12.83239,5.65979,-5.1689,-8.57209,1.94198,-3.2238,1.91662,,,,,,,,,,,,,,,,,,,,,,,,,,,,,,,,,,,,,,,,,,,,,,,,,,,High,High,High,,,,,,v3
223,10/26/2022,5,3,1000064440,Left,T_A,90000243360,Right,T_C,6,Top,2,1,1,1-1,Curveball,Curveball,BallCalled,Undefined,Undefined,,Undefined,0,0,74.14818,-3.554169,1.168651,2357.233969,328.483777,5:00,5.78779,-1.97731,5.43628,-67.73984,-15.4169,10.47158,-3.19041,-0.01016,69.25128,-15.58294,3.051051,0.520616,,,,,,,,,,,,-5.13642,-6.85583,1.86599,50,5.42427,-2.54098,-107.50011,-8.7873,-5.93188,20.91374,-40.09159,72.39969,,4.8969,,,,1000103236,Right,55.06938,-108.48185,10.45687,5.7926,-6.90529,-20.04579,1.97874,-2.26252,-2.96594,,,,,,,,,,,,,,,,,,,,,,,,,,,,,,,,,,,,,,,,,,,,,,,,,,,High,High,High,,,,,,v3
224,10/26/2022,5,4,1000064440,Left,T_A,90000243360,Right,T_C,6,Top,2,2,1,2-1,Fastball,Four-Seam,BallCalled,Undefined,Undefined,,Undefined,0,0,87.63303,-0.696185,0.085734,1911.747862,171.6009,11:45,5.77675,-1.88184,6.2185,-20.31887,15.56568,-2.13189,3.44105,-1.98038,80.12822,-4.552591,-0.299354,0.431147,,,,,,,,,,,,1.1228,8.59796,1.87641,50,5.71434,-0.10461,-127.36207,-2.12649,1.8443,26.14588,-18.05079,87.42369,,7.50482,,,,1000103236,Right,54.27854,-128.23739,13.07294,5.77542,-1.52218,-9.02539,1.88095,-0.16635,0.92215,,,,,,,,,,,,,,,,,,,,,,,,,,,,,,,,,,,,,,,,,,,,,,,,,,,High,High,High,,,,,,v3
225,10/26/2022,5,5,1000064440,Left,T_A,90000243360,Right,T_C,6,Top,2,3,1,3-1,Fastball,Changeup,BallCalled,Walk,Undefined,,Undefined,0,0,87.31977,-2.867993,1.022581,1654.549811,160.368535,11:15,5.78558,-1.77183,5.97771,-23.06793,13.30442,-4.35347,1.20202,-1.1866,80.5297,-7.164071,0.23928,0.434067,,,,,,,,,,,,2.51894,7.93882,1.69344,50,5.54579,-2.08974,-126.79606,-7.07685,4.1229,24.61947,-19.18016,86.83546,,6.79007,,,,1000103236,Right,54.52196,-127.67105,12.30974,5.78519,-6.39517,-9.59008,1.77032,-2.23627,2.06145,,,,,,,,,,,,,,,,,,,,,,,,,,,,,,,,,,,,,,,,,,,,,,,,,,,High,High,High,,,,,,v3
226,10/26/2022,6,1,1000064440,Left,T_A,1000187796,Right,T_C,6,Top,2,0,0,0-0,Fastball,Cutter,BallCalled,Undefined,Undefined,,Undefined,0,0,87.23761,-1.513122,0.241329,1749.51146,176.588622,12:00,5.80373,-1.912,6.10185,-22.05029,14.18119,-0.78004,2.56651,-1.75382,80.22507,-5.655782,0.100695,0.433226,,,,,,,,,,,,0.46618,8.06304,1.89385,50,5.67568,-0.50285,-126.79862,-4.01346,0.76249,24.80662,-18.98643,87.00412,,7.01255,,,,1000103236,Right,54.3965,-127.65584,12.40331,5.80304,-3.35736,-9.49322,1.91168,-0.5292,0.38124,,,,,,,,,,,,,,,,,,,,,,,,,,,,,,,,,,,,,,,,,,,,,,,,,,,High,High,High,,,,,,v3
227,10/26/2022,6,2,1000064440,Left,T_A,1000187796,Right,T_C,6,Top,2,1,0,1-0,Fastball,Cutter,BallCalled,Undefined,Undefined,,Undefined,0,0,84.76863,-0.176286,-0.407421,1806.417549,169.686293,11:45,5.64544,-2.17444,6.30061,-23.88151,14.7393,-2.43984,3.49289,-2.75314,76.76552,-4.720138,-0.848762,0.447282,,,,,,,,,,,,1.13598,8.1052,2.20543,50,5.62102,0.97009,-123.09681,-1.04082,1.72386,26.94639,-19.87448,84.26987,,8.00311,,,,1000103236,Right,54.1953,-124.01178,13.47319,5.64491,-0.36598,-9.93724,2.17349,0.91156,0.86193,,,,,,,,,,,,,,,,,,,,,,,,,,,,,,,,,,,,,,,,,,,,,,,,,,,High,High,High,,,,,,v3
228,10/26/2022,6,3,1000064440,Left,T_A,1000187796,Right,T_C,6,Top,2,2,0,2-0,Fastball,Changeup,BallCalled,Undefined,Undefined,,Undefined,0,0,83.95995,1.003653,-0.330038,1629.720785,182.006732,12:00,6.002,-1.99855,6.15837,-25.99159,13.32835,0.4228,4.76336,-2.26822,76.45105,-3.903604,-0.25379,0.451313,,,,,,,,,,,,-0.31173,6.98221,2.0234,50,6.06487,0.68586,-121.95247,1.38085,-0.46797,24.70011,-21.69261,83.51728,,7.50889,,,,1000103236,Right,54.3378,-122.8279,12.35005,6.0023,2.14969,-10.84631,1.9988,0.70244,-0.23399,,,,,,,,,,,,,,,,,,,,,,,,,,,,,,,,,,,,,,,,,,,,,,,,,,,High,High,High,,,,,,v3
229,10/26/2022,6,4,1000064440,Left,T_A,1000187796,Right,T_C,6,Top,2,3,0,3-0,Fastball,Changeup,StrikeCalled,Undefined,Undefined,,Undefined,0,0,84.23436,-0.73535,1.28334,1711.673188,163.533662,11:30,5.84091,-2.05419,6.16585,-24.79285,14.12064,-3.81362,3.09539,-1.18637,77.14848,-5.403142,0.595252,0.448974,,,,,,,,,,,,2.32677,7.883,1.95883,50,5.77245,-2.59542,-122.40024,-2.29023,3.53135,24.0625,-20.20992,83.95235,,7.08588,,,,1000103236,Right,54.33206,-123.24893,12.03125,5.84066,-1.57742,-10.10496,2.05257,-2.71997,1.76568,,,,,,,,,,,,,,,,,,,,,,,,,,,,,,,,,,,,,,,,,,,,,,,,,,,High,High,High,,,,,,v3
230,10/26/2022,6,5,1000064440,Left,T_A,1000187796,Right,T_C,6,Top,2,3,1,3-1,Fastball,Four-Seam,StrikeSwinging,Undefined,Undefined,,Undefined,0,0,86.81644,-2.17601,1.306463,1941.59626,170.00882,11:45,5.89657,-1.93172,5.93445,-21.23013,15.81115,-2.57658,2.10713,-0.93417,79.48938,-6.166931,0.843548,0.43804,,,,,,,,,,,,1.68299,9.07587,1.82888,50,5.7108,-2.76818,-126.01112,-5.42962,2.70548,25.65689,-17.58419,86.04784,,7.32706,,,,1000103236,Right,54.56307,-126.9368,12.82845,5.89525,-4.7952,-8.7921,1.93052,-2.86579,1.35274,,,,,,,,,,,,,,,,,,,,,,,,,,,,,,,,,,,,,,,,,,,,,,,,,,,High,High,High,,,,,,v3
231,10/26/2022,6,6,1000064440,Left,T_A,1000187796,Right,T_C,6,Top,2,3,2,3-2,Fastball,Cutter,InPlay,Undefined,GroundBall,GroundBall,Out,1,0,86.52113,-1.355909,2.448017,1790.240313,173.067216,11:45,5.98879,-1.93477,6.18276,-23.07631,13.9078,-1.54748,2.81234,0.19817,79.1373,-5.702631,2.169065,0.437702,63.94654,-25.574561,-52.932118,,,,,7.57731,7.57731,-38.110098,0.069742,1.50102,7.94953,1.7507,50,5.87461,-5.31075,-125.61941,-3.65582,2.39385,25.91087,-19.4962,86.1143,2.83751,7.38383,2.3882,2.83751,0.05444,1000103236,Right,54.31627,-126.50657,12.95543,5.98835,-2.98829,-9.7481,1.93394,-5.39271,1.19693,180,2.38539,51.24348,,,,,,,,2.83974,-40.68578,,,,,,,,0.05816,-67.83503,,,,,,,,,,,,,,,,,,,,,,,,,,,,,,High,High,High,Low,Low,,,,v3
232,10/26/2022,1,1,1000050494,Right,T_B,1000180386,Right,T_A,6,Bottom,0,0,0,0-0,Fastball,Four-Seam,BallCalled,Undefined,Undefined,,Undefined,0,0,90.87722,-2.247032,-4.243869,2216.798264,208.917492,1:00,5.95733,1.77345,5.39675,-19.67883,14.99127,7.66056,2.2048,-1.5725,83.03745,-5.912394,-2.887134,0.423788,,,,,,,,,,,,-5.02201,8.49347,-1.39981,50,5.74275,9.40585,-131.47768,-5.85243,-8.79417,27.7703,-17.30092,88.94165,,7.83977,,,,1000113065,Right,55.10114,-132.55075,13.88515,5.95597,-5.18391,-8.65046,-1.76983,9.74566,-4.39709,,,,,,,,,,,,,,,,,,,,,,,,,,,,,,,,,,,,,,,,,,,,,,,,,,,High,High,High,,,,,,v3
233,10/26/2022,1,2,1000050494,Right,T_B,1000180386,Right,T_A,6,Bottom,0,1,0,1-0,Slider,Slider,FoulBall,Undefined,Undefined,,Undefined,0,0,81.07685,-1.066013,-2.950213,2286.338417,121.769267,10:00,5.67599,1.86263,4.94475,-40.6249,3.81579,-3.76528,1.28173,-1.24159,74.13149,-8.416501,-3.613674,0.479802,,,,,,,,,,,,0.98925,2.61969,-1.57269,50,5.5389,6.20931,-117.38633,-3.67179,1.37042,23.70624,-28.54491,78.55836,,6.94536,,,,1000113065,Right,55.55368,-118.50259,11.85312,5.68015,-2.32769,-14.27245,-1.86355,6.14478,0.68521,,,,,,,,,,,,,,,,,,,,,,,,,,,,,,,,,,,,,,,,,,,,,,,,,,,High,High,High,,,,,,v3
234,10/26/2022,1,3,1000050494,Right,T_B,1000180386,Right,T_A,6,Bottom,0,1,1,1-1,Slider,Changeup,InPlay,Undefined,GroundBall,,Single,0,0,81.43631,-0.86428,-3.525919,1885.672155,238.960286,2:00,5.6319,1.96304,5.1725,-32.37206,11.01556,15.98399,2.1193,-0.02719,74.57126,-6.800307,-0.6996,0.474083,58.29043,-14.907255,-33.839444,,,,,,6.21765,,,-9.04705,6.12248,-1.64748,50,5.52674,6.61872,-118.00729,-2.89473,-12.75747,22.45529,-23.54055,79.50599,2.76194,6.86505,4.18292,2.76194,0.33731,1000113065,Right,55.32808,-119.01684,11.22764,5.63309,-1.8364,-11.77028,-1.95793,7.19227,-6.37874,180,4.18252,68.70781,,,,,,,,2.76207,-22.02146,,,,,,,,0.33758,-46.0644,,,,,,,,,,,,,,,,,,,,,,,,,,,,,,High,High,High,Low,Low,,,,v3
235,10/26/2022,2,1,1000050494,Right,T_B,1000187800,Left,T_A,6,Bottom,0,0,0,0-0,Fastball,Four-Seam,FoulBall,Undefined,Undefined,,Undefined,0,0,92.83748,-0.974176,-4.254149,2317.784174,216.371132,1:15,5.90086,1.78223,5.29238,-17.56843,16.04997,10.94997,3.51951,-1.30705,83.8567,-4.28547,-2.318838,0.417311,,,,,,,,,,,,-6.78292,8.67,-1.40273,50,5.79967,9.46584,-134.24754,-2.89236,-12.26257,31.60652,-16.49991,90.32216,,8.98079,,,,1000113065,Right,55.20493,-135.46742,15.80326,5.89902,-2.25553,-8.24995,-1.77721,9.93913,-6.13128,,,,,,,,,,,,,,,,,,,,,,,,,,,,,,,,,,,,,,,,,,,,,,,,,,,High,High,High,,,,,,v3
236,10/26/2022,2,2,1000050494,Right,T_B,1000187800,Left,T_A,6,Bottom,0,0,1,0-1,Fastball,Four-Seam,StrikeCalled,Undefined,Undefined,,Undefined,0,0,91.73991,-1.723657,-2.28988,2152.526794,212.59434,1:00,5.86068,1.59103,5.65891,-16.65651,16.67237,10.01658,2.86347,0.28918,84.27811,-4.860155,-0.501341,0.41551,,,,,,,,,,,,-5.67339,9.21867,-1.40362,50,5.7042,4.8782,-133.17207,-4.54536,-10.25467,26.85962,-15.51135,90.71363,,7.4618,,,,1000113065,Right,54.84001,-134.14471,13.42981,5.85863,-3.98367,-7.75567,-1.58699,5.24954,-5.12733,,,,,,,,,,,,,,,,,,,,,,,,,,,,,,,,,,,,,,,,,,,,,,,,,,,High,High,High,,,,,,v3
237,10/26/2022,2,3,1000050494,Right,T_B,1000187800,Left,T_A,6,Bottom,0,0,2,0-2,Fastball,Four-Seam,FoulBall,Undefined,Undefined,GroundBall,Undefined,0,0,92.18608,-1.773144,-1.784708,2183.341424,203.841282,12:45,5.94857,1.65188,5.43227,-17.25977,15.82532,6.57941,2.84836,0.52823,85.19993,-4.989642,-0.614382,0.413988,93.1701,-14.174577,-52.54392,,,,,12.51331,9.23001,-47.903543,0.084287,-3.76819,8.70997,-1.49855,50,5.77963,3.87658,-133.9095,-4.74595,-6.92697,25.56021,-16.16275,91.04723,2.82644,6.98614,1.58292,2.82644,-0.40156,1000113065,Right,55.06814,-134.87342,12.78011,5.94712,-4.13643,-8.08137,-1.64967,4.13781,-3.46348,180,1.5806,80.7448,,,,,,,,2.8274,-33.53343,,,,,,,,-0.39853,-105.39585,,,,,,,,,,,,,,,,,,,,,,,,,,,,,,High,High,High,Low,Low,,,,v3
238,10/26/2022,2,4,1000050494,Right,T_B,1000187800,Left,T_A,6,Bottom,0,0,2,0-2,Fastball,Four-Seam,StrikeSwinging,Strikeout,Undefined,,Undefined,0,0,91.90122,-1.48223,-1.780447,2118.892677,205.166518,12:45,5.84707,1.52552,5.43153,-16.28052,17.18292,7.60185,3.10125,0.49105,84.43604,-4.540304,-0.42837,0.416348,,,,,,,,,,,,-4.27032,9.32969,-1.37311,50,5.70459,3.79524,-133.41077,-3.9924,-7.75203,26.75615,-15.23765,90.53102,,7.46519,,,,1000113065,Right,55.06666,-134.42307,13.37807,5.84474,-3.4159,-7.61882,-1.52225,4.08853,-3.87601,,,,,,,,,,,,,,,,,,,,,,,,,,,,,,,,,,,,,,,,,,,,,,,,,,,High,High,High,,,,,,v3
239,10/26/2022,3,1,1000050494,Right,T_B,1000112373,Right,T_A,6,Bottom,1,0,0,0-0,ChangeUp,Changeup,BallCalled,Undefined,Undefined,,Undefined,0,0,82.0967,-2.113833,-2.862345,1842.725116,256.187582,2:30,5.58765,1.82385,5.21876,-36.79018,5.66414,17.72568,0.53092,0.60748,75.78188,-8.791151,0.282535,0.468956,,,,,,,,,,,,-9.6752,3.76886,-1.57349,50,5.36453,5.22078,-119.04064,-5.70613,-13.93735,22.01742,-26.74494,80.37517,,6.31482,,,,1000113065,Right,55.28226,-120.01366,11.00871,5.59058,-4.52419,-13.37247,-1.81782,5.83672,-6.96867,,,,,,,,,,,,,,,,,,,,,,,,,,,,,,,,,,,,,,,,,,,,,,,,,,,High,High,High,,,,,,v3
240,10/26/2022,3,2,1000050494,Right,T_B,1000112373,Right,T_A,6,Bottom,1,1,0,1-0,Slider,Slider,StrikeCalled,Undefined,Undefined,,Undefined,0,0,80.60163,0.868445,-2.335251,2345.338513,77.264302,8:30,5.59727,1.88903,4.96895,-43.9712,0.67425,-3.27398,2.75407,-0.59089,73.81909,-7.096492,-2.912378,0.480906,,,,,,,,,,,,0.95508,0.53528,-1.6604,50,5.64534,4.90474,-116.831,0.14776,1.3181,22.31796,-31.43534,78.37802,,6.78255,,,,1000113065,Right,55.52938,-117.88253,11.15898,5.60349,1.62886,-15.71767,-1.89002,4.84264,0.65905,,,,,,,,,,,,,,,,,,,,,,,,,,,,,,,,,,,,,,,,,,,,,,,,,,,High,High,High,,,,,,v3
241,10/26/2022,3,3,1000050494,Right,T_B,1000112373,Right,T_A,6,Bottom,1,1,1,1-1,ChangeUp,Changeup,BallCalled,Undefined,Undefined,,Undefined,0,0,82.05189,-3.065154,-4.420019,1846.449195,244.641348,2:15,5.60483,1.90207,5.49414,-33.30994,8.84922,15.9478,-0.04952,-0.91177,75.88113,-9.140259,-1.58428,0.467323,,,,,,,,,,,,-9.29063,5.63154,-1.52606,50,5.31292,8.55386,-118.75823,-7.49304,-13.35252,21.39035,-24.08038,80.65603,,6.17076,,,,1000113065,Right,55.00732,-119.65673,10.69517,5.60642,-6.48155,-12.04019,-1.89715,9.11474,-6.67626,,,,,,,,,,,,,,,,,,,,,,,,,,,,,,,,,,,,,,,,,,,,,,,,,,,High,High,High,,,,,,v3
242,10/26/2022,3,4,1000050494,Right,T_B,1000112373,Right,T_A,6,Bottom,1,2,1,2-1,Fastball,Four-Seam,FoulBall,Undefined,Undefined,,Undefined,0,0,91.76226,-1.780352,-3.008812,2155.395152,212.224495,1:00,5.85276,1.49468,5.72884,-18.78946,14.59024,8.53823,2.62605,-0.59858,84.04965,-5.305197,-1.48361,0.415827,,,,,,,,,,,,-5.15044,8.22201,-1.24884,50,5.69254,6.61603,-133.08484,-4.76101,-9.26321,27.8092,-17.38656,90.6445,,7.71261,,,,1000113065,Right,54.76953,-134.07777,13.9046,5.85145,-4.14023,-8.69328,-1.49097,6.94678,-4.6316,,,,,,,,,,,,,,,,,,,,,,,,,,,,,,,,,,,,,,,,,,,,,,,,,,,High,High,High,,,,,,v3
243,10/26/2022,3,5,1000050494,Right,T_B,1000112373,Right,T_A,6,Bottom,1,2,2,2-2,Fastball,Four-Seam,StrikeSwinging,Strikeout,Undefined,,Undefined,0,0,91.83765,-1.218548,-2.29312,2071.954864,208.276075,1:00,5.91555,1.6769,5.75101,-16.68324,16.61753,8.37166,3.3898,0.23864,83.90907,-4.377864,-0.79599,0.415335,,,,,,,,,,,,-4.87071,9.1026,-1.49152,50,5.80417,4.96112,-133.27327,-3.35664,-8.7705,28.32925,-15.78338,90.75191,,7.92858,,,,1000113065,Right,54.74647,-134.27841,14.16462,5.91333,-2.79663,-7.89169,-1.67306,5.2723,-4.38525,,,,,,,,,,,,,,,,,,,,,,,,,,,,,73.3089,,0.784282,,-1.7596,3.14044,-0.19698,-0.68261,6.15847,1.22491,,,,-0.5906,106.09441,-8.543,6.16285,6.835,-10.79862,1.20026,-4.26568,1.93394,High,High,High,,,High,High,High,v3
244,10/26/2022,4,1,1000050494,Right,T_B,1000194300,Left,T_A,6,Bottom,2,0,0,0-0,ChangeUp,Changeup,BallCalled,Undefined,Undefined,,Undefined,0,0,83.73057,-2.009807,-3.972375,1890.656474,251.09437,2:15,5.59341,1.98021,5.3614,-33.56187,6.9952,16.85627,0.90659,-0.34615,77.33682,-8.12771,-0.980782,0.458358,,,,,,,,,,,,-9.5015,4.40272,-1.63537,50,5.38849,7.72148,-121.3294,-5.45402,-14.26821,22.09166,-25.56257,82.23363,,6.39375,,,,1000113065,Right,55.1392,-122.26157,11.04583,5.59586,-4.37539,-12.78129,-1.97388,8.32353,-7.1341,,,,,,,,,,,,,,,,,,,,,,,,,,,,,,,,,,,,,,,,,,,,,,,,,,,High,High,High,,,,,,v3
245,10/26/2022,4,2,1000050494,Right,T_B,1000194300,Left,T_A,6,Bottom,2,1,0,1-0,Fastball,Four-Seam,BallCalled,Undefined,Undefined,,Undefined,0,0,92.30534,-3.778916,-4.519795,2131.495663,199.696846,12:45,5.75636,1.46677,5.81624,-15.98552,17.08229,5.74111,0.8945,-2.26607,84.72015,-6.787293,-3.495979,0.41388,,,,,,,,,,,,-4.16847,10.08178,-1.09953,50,5.4362,10.30402,-133.46683,-9.34093,-7.54414,27.82704,-13.92789,91.07104,,7.5852,,,,1000113065,Right,54.68358,-134.43978,13.91352,5.75429,-8.85395,-6.96395,-1.46441,10.56779,-3.77207,,,,,,,,,,,,,,,,,,,,,,,,,,,,,,,,,,,,,,,,,,,,,,,,,,,High,High,High,,,,,,v3
246,10/26/2022,4,3,1000050494,Right,T_B,1000194300,Left,T_A,6,Bottom,2,2,0,2-0,Fastball,Four-Seam,StrikeCalled,Undefined,Undefined,,Undefined,0,0,92.30837,-0.846217,-2.783994,2145.740024,219.534295,1:15,5.85729,1.57214,5.58364,-20.63844,12.75635,9.60441,3.34618,-0.22941,83.83841,-4.711977,-1.072394,0.415921,,,,,,,,,,,,-5.65398,7.02981,-1.33907,50,5.77123,6.06344,-133.80454,-2.69392,-10.1961,30.29602,-19.49687,90.62407,,8.46996,,,,1000113065,Right,54.91334,-134.91243,15.14801,5.85671,-1.98094,-9.74844,-1.56762,6.4363,-5.09805,,,,,,,,,,,,,,,,,,,,,,,,,,,,,,,,,,,,,,,,,,,,,,,,,,,High,High,High,,,,,,v3
247,10/26/2022,4,4,1000050494,Right,T_B,1000194300,Left,T_A,6,Bottom,2,2,1,2-1,Fastball,Four-Seam,FoulBall,Undefined,Undefined,,Undefined,0,0,92.71301,-2.504746,-2.227353,2170.966848,215.009876,1:15,5.87226,1.54083,5.48454,-18.64076,14.65828,9.46823,1.97218,0.2449,84.22621,-5.999158,-0.541544,0.415324,,,,,,,,,,,,-5.4387,8.47355,-1.35214,50,5.64009,4.7855,-134.30698,-6.51958,-9.86614,30.94822,-16.80249,90.75424,,8.4868,,,,1000113065,Right,55.01303,-135.4572,15.47411,5.87079,-5.8951,-8.40124,-1.53681,5.15218,-4.93307,,,,,,,,,,,,,,,,,,,,,,,,,,,,,,,,,,,,,,,,,,,,,,,,,,,High,High,High,,,,,,v3
248,10/26/2022,4,5,1000050494,Right,T_B,1000194300,Left,T_A,6,Bottom,2,2,2,2-2,Fastball,Four-Seam,StrikeCalled,Strikeout,Undefined,,Undefined,0,0,93.8057,-3.290254,-1.314009,2183.866049,200.757605,12:45,5.98646,1.58202,5.49266,-11.33438,21.22446,7.61359,1.95986,0.98708,85.05327,-5.487203,0.041892,0.410682,,,,,,,,,,,,-4.20705,11.98741,-1.4722,50,5.69079,2.75282,-135.83077,-8.11217,-7.80287,31.76466,-9.94076,91.78004,,8.75243,,,,1000113065,Right,55.00355,-136.99588,15.88233,5.98165,-7.74755,-4.97038,-1.57843,3.03903,-3.90143,,,,,,,,,,,,,,,,,,,,,,,,,,,,,,,,,,,,,,,,,,,,,,,,,,,High,High,High,,,,,,v3
