PitchNo,Date,PAofInning,PitchofPA,PitcherId,PitcherThrows,PitcherTeam,BatterId,BatterSide,BatterTeam,Inning,Top/Bottom,Outs,Balls,Strikes,Count,TaggedPitchType,AutoPitchType,PitchCall,KorBB,TaggedHitType,AutoHitType,PlayResult,OutsOnPlay,RunsScored,RelSpeed,VertRelAngle,HorzRelAngle,SpinRate,SpinAxis,Tilt,RelHeight,RelSide,Extension,VertBreak,InducedVertBreak,HorzBreak,PlateLocHeight,PlateLocSide,ZoneSpeed,VertApprAngle,HorzApprAngle,ZoneTime,ExitSpeed,Angle,Direction,HitSpinRate,PositionAt110X,PositionAt110Y,PositionAt110Z,Distance,LastTrackedDistance,Bearing,HangTime,pfxx,pfxz,x0,y0,z0,vx0,vy0,vz0,ax0,ay0,az0,EffectiveVelo,MaxHeight,SpeedDrop,ContactPositionX,ContactPositionY,ContactPositionZ,CatcherId,CatcherThrows,PitchTrajectoryXc0,PitchTrajectoryXc1,PitchTrajectoryXc2,PitchTrajectoryYc0,PitchTrajectoryYc1,PitchTrajectoryYc2,PitchTrajectoryZc0,PitchTrajectoryZc1,PitchTrajectoryZc2,HitSpinAxis,HitTrajectoryXc0,HitTrajectoryXc1,HitTrajectoryXc2,HitTrajectoryXc3,HitTrajectoryXc4,HitTrajectoryXc5,HitTrajectoryXc6,HitTrajectoryXc7,HitTrajectoryXc8,HitTrajectoryYc0,HitTrajectoryYc1,HitTrajectoryYc2,HitTrajectoryYc3,HitTrajectoryYc4,HitTrajectoryYc5,HitTrajectoryYc6,HitTrajectoryYc7,HitTrajectoryYc8,HitTrajectoryZc0,HitTrajectoryZc1,HitTrajectoryZc2,HitTrajectoryZc3,HitTrajectoryZc4,HitTrajectoryZc5,HitTrajectoryZc6,HitTrajectoryZc7,HitTrajectoryZc8,ThrowSpeed,PopTime,ExchangeTime,TimeToBase,CatchPositionX,CatchPositionY,CatchPositionZ,ThrowPositionX,ThrowPositionY,ThrowPositionZ,BasePositionX,BasePositionY,BasePositionZ,ThrowTrajectoryXc0,ThrowTrajectoryXc1,ThrowTrajectoryXc2,ThrowTrajectoryYc0,ThrowTrajectoryYc1,ThrowTrajectoryYc2,ThrowTrajectoryZc0,ThrowTrajectoryZc1,ThrowTrajectoryZc2,PitchReleaseConfidence,PitchLocationConfidence,PitchMovementConfidence,HitLaunchConfidence,HitLandingConfidence,CatcherThrowCatchConfidence,CatcherThrowReleaseConfidence,CatcherThrowLocationConfidence,System
1,11/3/2022,1,1,1000097856,Left,T_B,8886045,Right,T_A,1,Top,0,0,0,0-0,Fastball,Changeup,StrikeCalled,Undefined,Undefined,,Undefined,0,0,87.19603,0.077441,4.832652,1787.921365,111.568749,9:45,4.58928,-3.34404,5.3644,-29.20017,8.37855,-18.20757,2.2288,-0.31904,79.74575,-5.294043,1.611503,0.441207,,,,,,,,,,,,10.42627,4.53736,2.92271,50,4.57558,-9.86896,-126.22393,-0.88531,16.87848,24.87027,-24.8288,85.43029,,7.45029,,,,1000103236,Right,55.13545,-127.23177,12.43513,4.59108,0.12084,-12.4144,3.3365,-10.55293,8.43924,,,,,,,,,,,,,,,,,,,,,,,,,,,,,,,,,,,,,,,,,,,,,,,,,,,High,High,High,,,,,,v3
2,11/3/2022,1,2,1000097856,Left,T_B,8886045,Right,T_A,1,Top,0,0,1,0-1,ChangeUp,Changeup,BallCalled,Undefined,Undefined,,Undefined,0,0,78.15961,1.217978,6.0407,1758.101789,88.914829,9:00,4.31053,-3.10745,5.51854,-45.67046,1.16008,-19.05103,1.65,0.97403,71.40725,-7.127194,2.670297,0.492534,,,,,,,,,,,,11.26528,0.71457,2.5927,50,4.38655,-11.20313,-112.90602,0.90185,14.54204,20.55176,-31.25164,76.52763,,6.75236,,,,1000103236,Right,54.98197,-113.80925,10.27588,4.31674,2.27533,-15.62582,3.09911,-11.84224,7.27102,,,,,,,,,,,,,,,,,,,,,,,,,,,,,,,,,,,,,,,,,,,,,,,,,,,High,High,High,,,,,,v3
3,11/3/2022,1,3,1000097856,Left,T_B,8886045,Right,T_A,1,Top,0,1,1,1-1,Fastball,Sinker,StrikeSwinging,Undefined,Undefined,,Undefined,0,0,90.06224,-0.326784,5.50118,1957.1833,111.190374,9:45,4.67937,-3.3756,5.48344,-26.02332,9.17012,-20.72485,2.20361,0.06017,82.1431,-5.137668,1.831894,0.426975,,,,,,,,,,,,11.94036,5.04693,2.90636,50,4.63302,-11.61151,-130.2457,-1.689,20.54264,26.95859,-23.49111,88.27789,,7.91915,,,,1000103236,Right,55.01667,-131.27996,13.4793,4.68053,-0.78777,-11.74555,3.36695,-12.39962,10.27132,,,,,,,,,,,,,,,,,,,,,,,,,,,,,,,,,,,,,,,,,,,,,,,,,,,High,High,High,,,,,,v3
4,11/3/2022,1,4,1000097856,Left,T_B,8886045,Right,T_A,1,Top,0,1,2,1-2,Slider,Slider,BallCalled,Undefined,Undefined,,Undefined,0,0,78.54025,1.634257,0.794633,2271.928336,293.395174,3:45,4.70722,-3.42305,5.04476,-51.21369,-4.54268,13.75469,1.98152,-1.52723,72.28175,-7.620732,3.225998,0.491694,,,,,,,,,,,,-6.6354,-2.31768,3.33569,50,4.82176,-2.14032,-114.01125,1.41131,-8.74288,20.75638,-35.22782,76.65832,,6.25849,,,,1000103236,Right,55.457,-115.00043,10.37819,4.71449,3.09016,-17.61391,3.42776,-1.72366,-4.37144,,,,,,,,,,,,,,,,,,,,,,,,,,,,,,,,,,,,,,,,,,,,,,,,,,,High,High,High,,,,,,v3
5,11/3/2022,1,5,1000097856,Left,T_B,8886045,Right,T_A,1,Top,0,2,2,2-2,Slider,Slider,StrikeSwinging,Strikeout,Undefined,,Undefined,0,0,80.15107,0.753065,4.528786,2204.428334,296.501205,4:00,4.53018,-3.40174,5.35809,-46.7427,-2.16957,7.05315,1.34344,1.44198,73.81209,-7.717856,5.775121,0.480516,,,,,,,,,,,,-2.29028,-0.8978,2.98873,50,4.56463,-9.47435,-116.0476,-0.10326,-3.12408,21.65819,-33.39869,78.44155,,6.33898,,,,1000103236,Right,55.1422,-117.00336,10.82909,4.53667,1.3706,-16.69935,3.40378,-9.33648,-1.56204,,,,,,,,,,,,,,,,,,,,,,,,,,,,,63.57629,2.79225,1.694106,1.098145,-0.63388,1.05772,-1.65024,0.11938,5.10156,2.26643,74.01171,6.15872,-50.77255,0.15806,71.2826,-3.65505,5.18815,16.81064,-14.46813,2.12776,-55.62405,6.73451,High,High,High,,,High,High,High,v3
6,11/3/2022,2,1,1000097856,Left,T_B,691273,Right,T_A,1,Top,1,0,0,0-0,Fastball,Sinker,FoulBall,Undefined,Undefined,LineDrive,Undefined,0,0,89.28969,-0.050737,5.24902,1996.065807,109.317546,9:45,4.49984,-3.59368,5.56853,-28.11486,7.48768,-18.16324,2.10934,-0.19027,81.63431,-5.237903,2.026682,0.429449,72.314,13.436614,163.768956,1803.921009,,,,112.24413,48.04965,166.073646,1.2595,10.6215,4.12819,3.15242,50,4.47696,-11.07834,-129.22267,-1.12589,18.01512,26.15472,-25.17219,87.76926,8.63833,7.65537,1.8381,1.94914,0.06888,1000103236,Right,54.93196,-130.21708,13.07736,4.50157,-0.16884,-12.5861,3.58664,-11.76328,9.00756,,1.83811,-99.04762,9.02061,-0.38422,0.75267,-1.31708,1.2538,-0.59123,0.10581,1.94914,24.64542,-24.5027,3.61048,-0.79067,0.38676,-0.2675,0.13769,-0.03076,0.06887,28.83503,-5.71016,-0.08073,-0.45178,0.90648,-0.87548,0.41205,-0.07317,,,,,,,,,,,,,,,,,,,,,,,High,High,High,High,Low,,,,v3
7,11/3/2022,2,2,1000097856,Left,T_B,691273,Right,T_A,1,Top,1,0,1,0-1,Slider,Slider,StrikeCalled,Undefined,Undefined,,Undefined,0,0,79.31449,1.955033,2.101195,2093.763679,293.015056,3:45,4.4603,-3.43824,5.03099,-48.44526,-2.48799,9.19737,2.26974,-0.68841,72.7191,-6.815305,3.72341,0.48792,,,,,,,,,,,,-3.97,-1.34945,3.22961,50,4.60835,-4.60168,-114.98832,2.16838,-5.31236,21.4357,-33.9798,77.25128,,6.59539,,,,1000103236,Right,55.46897,-116.00335,10.71785,4.46757,3.77739,-16.9899,3.44156,-4.35013,-2.65618,,,,,,,,,,,,,,,,,,,,,,,,,,,,,,,,,,,,,,,,,,,,,,,,,,,High,High,High,,,,,,v3
8,11/3/2022,2,3,1000097856,Left,T_B,691273,Right,T_A,1,Top,1,0,2,0-2,ChangeUp,Changeup,BallCalled,Undefined,Undefined,,Undefined,0,0,80.90198,0.296545,3.500919,1741.39926,70.963343,8:15,4.18638,-3.48612,5.29991,-48.14904,-4.41544,-16.78828,0.45288,-1.59433,74.31076,-8.436027,0.521054,0.475969,,,,,,,,,,,,9.4439,-1.9439,3.18051,50,4.17783,-6.49822,-117.31856,-1.11235,13.1539,22.3237,-34.8816,79.19088,,6.59121,,,,1000103236,Right,55.2023,-118.30433,11.16185,4.19294,0.42794,-17.4408,3.48028,-7.07907,6.57695,,,,,,,,,,,,,,,,,,,,,,,,,,,,,,,,,,,,,,,,,,,,,,,,,,,High,High,High,,,,,,v3
9,11/3/2022,2,4,1000097856,Left,T_B,691273,Right,T_A,1,Top,1,1,2,1-2,Slider,Slider,BallCalled,Undefined,Undefined,,Undefined,0,0,78.38974,0.373308,4.064518,2260.457885,292.184831,3:45,4.70142,-3.32025,5.10821,-50.18924,-3.37402,11.57831,0.87159,1.48048,72.66524,-8.649021,6.103902,0.492453,,,,,,,,,,,,-4.67977,-1.35488,2.92727,50,4.69737,-8.53808,-113.58921,-1.04291,-6.13832,20.03756,-33.95119,76.54017,,5.7245,,,,1000103236,Right,55.39295,-114.53659,10.01878,4.70873,0.56232,-16.9756,3.32409,-8.24785,-3.06916,,,,,,,,,,,,,,,,,,,,,,,,,,,,,,,,,,,,,,,,,,,,,,,,,,,High,High,High,,,,,,v3
10,11/3/2022,2,5,1000097856,Left,T_B,691273,Right,T_A,1,Top,1,2,2,2-2,Fastball,Sinker,InPlay,Undefined,GroundBall,GroundBall,Out,1,0,90.50991,-0.078042,4.86322,2187.341648,103.986635,9:30,4.64072,-3.22774,5.37521,-29.37927,5.65347,-18.07426,2.11902,-0.16367,82.40251,-5.47766,1.664519,0.425999,65.43431,-32.543786,-47.947749,,,,,5.47925,3.36602,-24.162683,0.042269,10.53623,3.17063,2.80476,50,4.61287,-10.33349,-130.9744,-1.28892,18.25985,28.25708,-26.67916,88.48012,2.19017,8.1074,2.70036,2.19017,0.30562,1000103236,Right,55.12554,-132.07558,14.12854,4.64284,-0.24923,-13.33958,3.22132,-11.04508,9.12992,,2.69901,54.38639,,,,,,,,2.19145,-51.81546,,,,,,,,0.30712,-60.29154,,,,,,,,,,,,,,,,,,,,,,,,,,,,,,High,High,High,Low,Low,,,,v3
11,11/3/2022,3,1,1000097856,Left,T_B,1000194300,Left,T_A,1,Top,2,0,0,0-0,Slider,Slider,StrikeSwinging,Undefined,Undefined,,Undefined,0,0,79.01271,2.648884,3.461843,2172.868583,288.307749,3:30,4.53052,-3.51543,5.21031,-46.37014,-0.78311,6.09492,3.16363,0.25189,73.15487,-5.749777,4.537063,0.485951,,,,,,,,,,,,-2.20508,-0.65673,3.19024,50,4.74078,-7.1737,-114.5421,3.6804,-2.96576,18.70381,-33.05733,77.56434,,5.85784,,,,1000103236,Right,55.29083,-115.40282,9.3519,4.53642,5.20164,-16.52867,3.51722,-7.03722,-1.48288,,,,,,,,,,,,,,,,,,,,,,,,,,,,,,,,,,,,,,,,,,,,,,,,,,,High,High,High,,,,,,v3
12,11/3/2022,3,2,1000097856,Left,T_B,1000194300,Left,T_A,1,Top,2,0,1,0-1,Slider,Curveball,BallCalled,Undefined,Undefined,,Undefined,0,0,77.7083,0.345859,1.810912,2340.384914,300.859133,4:00,4.53056,-3.45767,4.88267,-53.65759,-6.10937,12.38158,0.38648,-0.71201,72.48756,-9.251912,3.994167,0.496294,,,,,,,,,,,,-5.7352,-2.8198,3.2687,50,4.51834,-4.06259,-112.9069,-1.26034,-7.47802,18.61493,-35.85075,75.94787,,5.22075,,,,1000103236,Right,55.62106,-113.82987,9.30746,4.53677,0.51722,-17.92537,3.46094,-3.69181,-3.73901,,,,,,,,,,,,,,,,,,,,,,,,,,,,,,,,,,,,,,,,,,,,,,,,,,,High,High,High,,,,,,v3
13,11/3/2022,3,3,1000097856,Left,T_B,1000194300,Left,T_A,1,Top,2,1,1,1-1,Fastball,Sinker,BallCalled,Undefined,Undefined,,Undefined,0,0,89.79059,-0.491915,4.944011,2148.879799,98.547758,9:15,4.55049,-3.25503,5.41057,-31.79907,3.64303,-16.74584,1.43797,-0.00702,82.13769,-6.311967,1.978095,0.428481,,,,,,,,,,,,9.79599,2.29232,2.82642,50,4.48428,-10.49257,-129.95761,-2.32734,16.77776,26.85727,-28.24795,87.96767,,7.65289,,,,1000103236,Right,55.0899,-131.00527,13.42864,4.55358,-1.22543,-14.12398,3.24848,-11.14704,8.38888,,,,,,,,,,,,,,,,,,,,,,,,,,,,,,,,,,,,,,,,,,,,,,,,,,,High,High,High,,,,,,v3
14,11/3/2022,3,4,1000097856,Left,T_B,1000110361,Right,T_A,1,Top,2,2,1,2-1,Fastball,Sinker,BallCalled,Undefined,Undefined,,Undefined,0,0,89.62475,-0.462208,6.209184,2105.624757,114.555713,9:45,4.64097,-3.41302,5.51924,-26.96635,8.48193,-16.15587,1.95906,1.069,82.09885,-5.428252,3.354339,0.428518,,,,,,,,,,,,9.75174,4.73945,2.88143,50,4.58249,-13.36638,-129.48458,-2.02677,16.65402,25.53951,-24.08001,87.95999,,7.5259,,,,1000103236,Right,54.98033,-130.4632,12.76975,4.64248,-1.10407,-12.04001,3.40583,-14.00453,8.32701,,,,,,,,,,,,,,,,,,,,,,,,,,,,,,,,,,,,,,,,,,,,,,,,,,,High,High,High,,,,,,v3
15,11/3/2022,3,5,1000097856,Left,T_B,1000110361,Right,T_A,1,Top,2,3,1,3-1,Fastball,Sinker,InPlay,Undefined,GroundBall,GroundBall,Error,0,0,91.37928,-0.014103,4.351827,2104.355845,100.087754,9:15,4.65302,-3.55097,5.25416,-30.36998,4.03709,-16.50312,2.1089,-0.82931,83.41941,-5.569586,1.434364,0.422177,53.79087,-54.620018,-86.155866,,,,,2.27084,2.27084,-17.42928,0.033452,9.55237,2.30543,3.16436,50,4.62909,-9.31891,-132.33666,-1.22182,16.9377,28.27439,-28.08622,89.28103,2.16347,7.95987,2.06358,2.16347,0.85273,1000103236,Right,55.24704,-133.45301,14.1372,4.65544,-0.1129,-14.04311,3.54549,-9.98765,8.46885,,2.06349,3.07908,,,,,,,,2.16536,-64.67392,,,,,,,,0.85406,-45.82403,,,,,,,,,,,,,,,,,,,,,,,,,,,,,,High,High,High,Low,Low,,,,v3
16,11/3/2022,4,1,1000097856,Left,T_B,691273,Right,T_A,1,Top,2,0,0,0-0,ChangeUp,Sinker,FoulBall,Undefined,Undefined,LineDrive,Undefined,0,0,88.48861,0.089182,3.884125,1820.933365,101.199905,9:15,4.51976,-3.37094,5.14975,-32.66254,4.64969,-16.65198,1.88203,-1.09634,79.75017,-5.905195,0.943141,0.43964,70.24152,16.85675,155.932583,2740.686007,,,,117.30214,47.77558,158.684814,1.418084,9.51623,2.67315,3.02069,50,4.50327,-7.91667,-127.97296,-1.05878,15.56178,29.83623,-27.80265,85.73485,11.27447,8.73844,0.30869,1.8746,0.93899,1000103236,Right,55.34794,-129.21379,14.91812,4.52326,0.09748,-13.90133,3.36339,-8.56385,7.78089,,0.30869,-90.02304,9.21752,-0.21208,0.00848,0.02778,-0.00729,0.00076,-6.00E-05,1.8746,29.87393,-25.51231,3.15189,-0.63759,0.14229,-0.02426,0.00381,-0.0004,0.93899,40.20783,-9.12381,1.38694,-0.28829,0.05104,-0.00832,0.00158,-0.00018,,,,,,,,,,,,,,,,,,,,,,,High,High,High,High,Low,,,,v3
17,11/3/2022,4,2,1000097856,Left,T_B,691273,Right,T_A,1,Top,2,0,1,0-1,ChangeUp,Changeup,BallCalled,Undefined,Undefined,,Undefined,0,0,77.82422,2.114752,0.568115,1421.026801,59.487475,8:00,4.21264,-3.49755,5.19922,-53.72936,-6.2104,-13.12339,1.72528,-4.05679,71.17199,-7.638213,-1.759315,0.496141,,,,,,,,,,,,6.69662,-3.23654,3.45523,50,4.36791,-0.58937,-112.90674,2.27306,8.60731,21.38118,-36.33404,75.97127,,6.65223,,,,1000103236,Right,55.30164,-113.90629,10.69059,4.22194,3.97164,-18.16702,3.49219,-0.99175,4.30365,,,,,,,,,,,,,,,,,,,,,,,,,,,,,,,,,,,,,,,,,,,,,,,,,,,High,High,High,,,,,,v3
18,11/3/2022,4,3,1000097856,Left,T_B,691273,Right,T_A,1,Top,2,1,1,1-1,Fastball,Sinker,BallCalled,Undefined,Undefined,,Undefined,0,0,89.02698,-0.390134,6.520435,1853.931352,109.167613,9:45,4.60006,-3.36107,5.37408,-30.66293,5.45268,-12.53741,1.67667,1.73372,81.7844,-5.9864,4.313996,0.432533,,,,,,,,,,,,7.96871,3.17421,2.78361,50,4.54313,-14.13159,-128.53917,-2.03242,13.43213,24.77098,-26.82356,87.14359,,7.24258,,,,1000103236,Right,55.12582,-129.5232,12.38549,4.60271,-0.96684,-13.41178,3.35559,-14.66519,6.71607,,,,,,,,,,,,,,,,,,,,,,,,,,,,,,,,,,,,,,,,,,,,,,,,,,,High,High,High,,,,,,v3
19,11/3/2022,4,4,1000097856,Left,T_B,691273,Right,T_A,1,Top,2,2,1,2-1,Fastball,Sinker,FoulBall,Undefined,Undefined,,Undefined,0,0,90.65911,-1.122678,4.48943,1943.417314,121.495481,10:00,4.77122,-3.28533,5.44185,-26.3206,8.36032,-11.86095,1.52327,-0.0615,83.00023,-5.96878,2.386743,0.423854,,,,,,,,,,,,7.21237,4.83835,2.8962,50,4.65356,-9.77421,-131.26548,-3.55275,12.61128,27.22451,-23.71388,88.92779,,7.65888,,,,1000103236,Right,55.05773,-132.3103,13.61225,4.77244,-2.64267,-11.85694,3.2806,-10.2582,6.30564,,,,,,,,,,,,,,,,,,,,,,,,,,,,,,,,,,,,,,,,,,,,,,,,,,,High,High,High,,,,,,v3
20,11/3/2022,4,5,1000097856,Left,T_B,691273,Right,T_A,1,Top,2,2,2,2-2,ChangeUp,Changeup,FoulBall,Undefined,Undefined,GroundBall,Undefined,0,0,80.40115,0.551139,5.799065,1915.162154,66.98389,8:15,4.20972,-3.29192,5.44203,-50.22381,-6.11122,-17.55682,0.54312,0.69349,74.06604,-8.546838,2.691231,0.478027,60.2811,-11.521048,-66.05721,,,,,5.46901,5.46901,-29.775389,0.033448,10.48016,-2.93134,2.79049,50,4.2232,-11.1285,-116.31253,-0.62041,14.41696,20.96159,-36.2065,78.84997,0.59129,6.33511,3.56976,0.59129,-0.06471,1000103236,Right,55.06157,-117.22117,10.4808,4.21608,0.94906,-18.10325,3.28642,-11.75344,7.20848,180,3.56956,35.19536,,,,,,,,0.59139,-17.6777,,,,,,,,-0.06425,-79.26297,,,,,,,,,,,,,,,,,,,,,,,,,,,,,,High,High,High,Low,Low,,,,v3
21,11/3/2022,4,6,1000097856,Left,T_B,1000073511,Right,T_A,1,Top,2,2,2,2-2,ChangeUp,Changeup,InPlay,Undefined,GroundBall,,Double,0,1,79.74265,1.077198,5.223496,1853.620179,70.830294,8:15,4.27081,-3.49221,5.29421,-48.71022,-3.88831,-14.92072,1.22737,0.18244,73.70546,-7.733451,2.588147,0.481855,,,,,,,,,,,,8.85426,-1.90815,3.0273,50,4.33292,-9.96834,-115.46801,0.47133,12.06677,19.60161,-34.77454,78.22358,,6.03719,,,,1000103236,Right,55.20899,-116.34891,9.8008,4.27662,2.03411,-17.38727,3.48747,-10.51063,6.03339,,,,,,,,,,,,,,,,,,,,,,,,,,,,,,,,,,,,,,,,,,,,,,,,,,,High,High,High,,,,,,v3
22,11/3/2022,5,1,1000097856,Left,T_B,1000066765,Right,T_A,1,Top,2,0,0,0-0,Slider,Curveball,StrikeCalled,Undefined,Undefined,,Undefined,0,0,76.86063,1.97277,1.536464,2044.403708,290.101831,3:45,4.54008,-3.41459,5.0557,-49.88243,-1.06087,7.00733,2.2451,-1.38129,70.53419,-7.069646,2.774045,0.502895,,,,,,,,,,,,-3.05079,-0.61669,3.26254,50,4.68813,-3.27185,-111.47147,2.0979,-3.84046,19.94933,-32.95037,74.95091,,6.32644,,,,1000103236,Right,55.44402,-112.44153,9.97467,4.54716,3.70015,-16.47519,3.41709,-3.08511,-1.92023,,,,,,,,,,,,,,,,,,,,,,,,,,,,,,,,,,,,,,,,,,,,,,,,,,,High,High,High,,,,,,v3
23,11/3/2022,5,2,1000097856,Left,T_B,1000066765,Right,T_A,1,Top,2,0,1,0-1,Slider,Slider,BallCalled,Undefined,Undefined,,Undefined,0,0,77.94485,0.946096,2.007888,2148.161023,298.707006,4:00,4.59336,-3.16284,5.1198,-51.33152,-4.35378,10.35544,1.20755,-0.40777,72.3477,-8.306857,3.839958,0.493307,,,,,,,,,,,,-4.6854,-2.07988,2.96544,50,4.64182,-4.37599,-113.21244,0.06463,-6.12747,19.18936,-34.89408,76.40765,,5.59715,,,,1000103236,Right,55.38283,-114.12117,9.59468,4.59964,1.71708,-17.44704,3.1658,-4.08581,-3.06373,,,,,,,,,,,,,,,,,,,,,,,,,,,,,,,,,,,,,,,,,,,,,,,,,,,High,High,High,,,,,,v3
24,11/3/2022,5,3,1000097856,Left,T_B,1000066765,Right,T_A,1,Top,2,1,1,1-1,Fastball,Sinker,InPlay,Undefined,GroundBall,GroundBall,Out,1,0,87.52939,-0.889817,5.033655,1989.933597,109.052123,9:45,4.6623,-3.58855,5.3127,-31.45289,6.15052,-14.21139,1.20275,-0.03609,79.83191,-6.651308,2.522328,0.441352,86.52541,-6.538069,-21.124903,,,,,12.2568,12.2568,-15.295564,0.080282,8.60776,3.67949,3.14198,50,4.55853,-10.52683,-126.57485,-3.13402,13.92729,26.47791,-26.22067,85.40222,1.08406,7.69748,2.52785,1.08406,0.30617,1000103236,Right,55.18722,-127.65534,13.23895,4.66459,-2.06402,-13.11034,3.58315,-11.09517,6.96364,197.854935,2.52796,117.58676,-22.57576,,,,,,,1.08384,-14.41315,11.44691,,,,,,,0.30604,-45.41759,16.59639,,,,,,,,,,,,,,,,,,,,,,,,,,,,,High,High,High,Low,Low,,,,v3
25,11/3/2022,1,1,1000036180,Right,T_A,1000187793,Left,T_B,1,Bottom,0,0,0,0-0,Fastball,Four-Seam,BallCalled,Undefined,Undefined,,Undefined,0,0,92.23095,-1.821398,-5.050764,2261.784262,211.426785,1:00,5.81697,2.41115,6.18178,-12.27194,20.30816,11.7854,3.10526,-1.28284,84.37891,-4.203499,-2.937241,0.410816,,,,,,,,,,,,-7.41595,11.28351,-2.03458,50,5.67235,11.30324,-133.54343,-4.56019,-13.44927,27.61012,-11.71066,91.75013,,7.85204,,,,8886145,Right,54.31691,-134.43299,13.80506,5.81319,-4.18289,-5.85533,-2.40573,11.73656,-6.72463,,,,,,,,,,,,,,,,,,,,,,,,,,,,,,,,,,,,,,,,,,,,,,,,,,,High,High,High,,,,,,v3
26,11/3/2022,1,2,1000036180,Right,T_A,1000187793,Left,T_B,1,Bottom,0,1,0,1-0,Fastball,Four-Seam,StrikeCalled,Undefined,Undefined,,Undefined,0,0,91.96614,-3.03074,-4.78398,2237.123264,215.736089,1:15,5.75284,2.30128,6.27176,-12.37532,20.33544,13.87828,1.91528,-0.96261,84.14058,-5.434608,-2.288288,0.411639,,,,,,,,,,,,-8.44642,11.66375,-1.95309,50,5.52138,10.55717,-133.10563,-7.36337,-15.20442,27.66685,-11.17813,91.56666,,7.82556,,,,8886145,Right,54.2269,-133.98133,13.83342,5.74885,-7.00956,-5.58906,-2.29486,11.03841,-7.60221,,,,,,,,,,,,,,,,,,,,,,,,,,,,,,,,,,,,,,,,,,,,,,,,,,,High,High,High,,,,,,v3
27,11/3/2022,1,3,1000036180,Right,T_A,1000187793,Left,T_B,1,Bottom,0,1,1,1-1,Fastball,Four-Seam,FoulBall,Undefined,Undefined,,Undefined,0,0,93.20211,-2.644285,-4.634118,2263.207474,218.728233,1:15,5.77964,2.32277,5.87316,-14.17398,18.12174,13.71091,2.13263,-0.84829,85.30047,-5.348709,-2.185839,0.409019,,,,,,,,,,,,-8.27575,10.29969,-1.95529,50,5.55678,10.33596,-134.91191,-6.66912,-15.30647,28.38572,-13.12418,92.15317,,7.90164,,,,8886145,Right,54.62667,-135.88189,14.19286,5.777,-6.22066,-6.56209,-2.31741,10.859,-7.65324,,,,,,,,,,,,,,,,,,,,,,,,,,,,,,,,,,,,,,,,,,,,,,,,,,,High,High,High,,,,,,v3
28,11/3/2022,1,4,1000036180,Right,T_A,1000187793,Left,T_B,1,Bottom,0,1,2,1-2,ChangeUp,Changeup,InPlay,Undefined,LineDrive,LineDrive,Single,0,0,86.38735,-1.758063,-3.971733,1890.497522,239.796699,2:00,5.65138,2.4884,5.81619,-25.39643,12.1267,18.83174,1.8959,0.35885,79.3503,-6.481247,-0.603753,0.440881,89.7762,12.377963,9.547639,1508.534706,107.90723,18.97592,21.35387,249.65491,249.65491,14.042477,2.589653,-10.78166,7.01122,-2.17452,50,5.49192,7.94577,-125.26497,-4.6748,-17.19958,24.35628,-20.9893,85.49351,19.97634,7.03706,3.20739,2.22858,-0.38512,8886145,Right,54.68534,-126.17269,12.17814,5.65157,-3.89257,-10.49465,-2.48259,8.58677,-8.59979,211.238248,3.20739,126.82927,-21.16716,4.63267,-0.91734,0.16369,-0.02673,0.00358,-0.00025,2.22858,28.22516,-10.68555,-0.77893,0.38626,-0.10849,0.02424,-0.00332,0.0002,-0.38512,21.33248,2.57358,-1.30829,0.42467,-0.10706,0.02119,-0.00282,0.00018,,,,,,,,,,,,,,,,,,,,,,,High,High,High,High,High,,,,v3
29,11/3/2022,2,1,1000036180,Right,T_A,1000064785,Right,T_B,1,Bottom,0,0,0,0-0,Fastball,Four-Seam,InPlay,Undefined,GroundBall,GroundBall,Single,1,1,89.63261,-2.812806,-3.711068,2226.283584,215.648585,1:15,5.88806,2.17718,6.02974,-14.42489,20.19694,13.70276,2.07354,-0.12248,82.16191,-5.578434,-1.252184,0.423493,50.7553,-10.977062,-60.286679,,,,,12.03238,12.03238,-32.314676,0.121527,-8.10394,11.51532,-1.89445,50,5.65987,7.87145,-129.92574,-6.78837,-13.90212,26.30721,-12.41976,89.00363,1.8318,7.4707,,,,8886145,Right,54.47082,-130.82785,13.15361,5.88535,-6.36248,-6.20988,-2.17255,8.34818,-6.95106,139.254915,5.80708,36.22072,-2.7102,,,,,,,1.83182,-14.17706,-7.37643,,,,,,,1.30735,-63.46648,-1.79762,,,,,,,,,,,,,,,,,,,,,,,,,,,,,High,High,High,Low,Low,,,,v3
30,11/3/2022,3,1,1000036180,Right,T_A,1000066765,Right,T_B,1,Bottom,1,0,0,0-0,Fastball,Four-Seam,BallCalled,Undefined,Undefined,,Undefined,0,0,93.31581,-0.213846,-3.113252,2177.891295,214.809992,1:15,5.869,2.23976,6.26696,-14.44713,17.2917,11.3091,4.46763,0.30914,84.8845,-3.003186,-1.073423,0.405478,,,,,,,,,,,,-6.70248,9.31335,-2.01414,50,5.84576,6.87634,-135.42627,-0.88796,-12.41973,30.19041,-14.91635,92.95808,,8.43131,,,,8886145,Right,54.23011,-136.36602,15.09521,5.86618,-0.42365,-7.45817,-2.2342,7.26294,-6.20987,,,,,,,,,,,,,,,,,,,,,,,,,,,,,,,,,,,,,,,,,,,,,,,,,,,High,High,High,,,,,,v3
31,11/3/2022,3,2,1000036180,Right,T_A,1000066765,Right,T_B,1,Bottom,1,1,0,1-0,Curveball,Curveball,BallCalled,Undefined,Undefined,,Undefined,0,0,77.37679,2.921631,-1.035263,2077.627417,30.093461,7:00,5.77328,2.3689,4.95131,-59.46141,-10.60623,-7.10048,3.58166,0.79887,70.35669,-7.816795,-2.287762,0.503068,,,,,,,,,,,,3.16358,-5.55555,-2.26242,50,6.00782,2.32314,-112.06741,3.53314,3.98426,22.08556,-39.17077,74.92514,,7.0201,,,,8886145,Right,55.54887,-113.15566,11.04278,5.78617,5.46326,-19.58538,-2.37206,2.12682,1.99213,,,,,,,,,,,,,,,,,,,,,,,,,,,,,,,,,,,,,,,,,,,,,,,,,,,High,High,High,,,,,,v3
32,11/3/2022,3,3,1000036180,Right,T_A,1000066765,Right,T_B,1,Bottom,1,2,0,2-0,Curveball,Curveball,BallCalled,Undefined,Undefined,,Undefined,0,0,75.02712,3.064158,-1.829257,2117.15509,42.924094,7:30,5.80874,2.40919,4.83457,-62.22161,-10.04512,-10.9465,3.52943,-0.2358,68.40265,-8.138303,-3.75386,0.519887,,,,,,,,,,,,4.79441,-5.27453,-2.21823,50,6.05909,3.91805,-108.61615,3.57668,5.67895,20.52912,-38.42174,72.50124,,6.62447,,,,8886145,Right,55.66621,-109.68187,10.26456,5.82164,5.57125,-19.21087,-2.41397,3.62324,2.83948,,,,,,,,,,,,,,,,,,,,,,,,,,,,,,,,,,,,,,,,,,,,,,,,,,,High,High,High,,,,,,v3
33,11/3/2022,3,4,1000036180,Right,T_A,1000058463,Right,T_B,1,Bottom,1,3,0,3-0,Fastball,Four-Seam,BallCalled,Walk,Undefined,,Undefined,0,0,90.77923,-1.058647,-4.949147,2226.181843,218.127543,1:15,5.70244,2.37664,6.39051,-17.02245,15.9967,11.82883,3.30642,-1.20111,83.87228,-4.290092,-2.818401,0.413575,,,,,,,,,,,,-7.34485,8.89189,-2.02531,50,5.6179,10.93174,-131.66914,-2.91656,-13.07468,24.28726,-16.34537,91.13808,,6.90694,,,,8886145,Right,54.10969,-132.42503,12.14363,5.70075,-2.40784,-8.17268,-2.37187,11.33866,-6.53734,,,,,,,,,,,,,,,,,,,,,,,,,,,,,,,,,,,,,,,,,,,,,,,,,,,High,High,High,,,,,,v3
34,11/3/2022,4,1,1000036180,Right,T_A,1000079407,Left,T_B,1,Bottom,1,0,0,0-0,Fastball,Four-Seam,BallCalled,Undefined,Undefined,,Undefined,0,0,89.58968,-1.784098,-4.402824,2213.871649,215.731776,1:15,5.83605,2.06425,6.1779,-15.78225,18.73718,12.69288,2.86785,-0.95201,81.9396,-4.80787,-2.122323,0.422866,,,,,,,,,,,,-7.7326,10.49627,-1.73708,50,5.69255,9.47298,-129.82279,-4.47631,-13.23236,26.49216,-14.21242,89.13556,,7.65008,,,,8886145,Right,54.32062,-130.7015,13.24608,5.83321,-4.0049,-7.10621,-2.05857,9.91188,-6.61618,,,,,,,,,,,,,,,,,,,,,,,,,,,,,,,,,,,,,,,,,,,,,,,,,,,High,High,High,,,,,,v3
35,11/3/2022,4,2,1000036180,Right,T_A,1000079407,Left,T_B,1,Bottom,1,1,0,1-0,Fastball,Four-Seam,BallCalled,Undefined,Undefined,,Undefined,0,0,91.03862,-1.003676,-2.63317,2295.804404,212.676904,1:00,5.82005,2.26526,6.05603,-13.9678,19.49088,11.83095,3.72597,0.81215,83.21596,-3.695058,-0.506103,0.416319,,,,,,,,,,,,-6.78465,10.61359,-2.06669,50,5.73431,5.57474,-132.18238,-2.68651,-12.02952,27.60664,-13.35557,90.53749,,7.82266,,,,8886145,Right,54.44228,-133.10693,13.80332,5.81679,-2.23923,-6.67779,-2.26014,5.97761,-6.01476,,,,,,,,,,,,,,,,,,,,,,,,,,,,,,,,,,,,,,,,,,,,,,,,,,,High,High,High,,,,,,v3
36,11/3/2022,4,3,1000036180,Right,T_A,1000079407,Left,T_B,1,Bottom,1,2,0,2-0,Curveball,Curveball,BallCalled,Undefined,Undefined,,Undefined,0,0,75.83596,3.614517,-1.066053,2081.851282,39.885655,7:15,5.75419,2.23345,5.08141,-62.04007,-11.71886,-11.11174,3.99645,0.30246,69.38818,-7.593148,-3.029084,0.51056,,,,,,,,,,,,5.1865,-6.32827,-2.12337,50,6.04776,2.49073,-109.8966,4.7481,6.32427,20.00766,-39.89056,73.82566,,6.44778,,,,8886145,Right,55.42107,-110.87917,10.00383,5.76648,6.70709,-19.94528,-2.23806,2.18014,3.16214,,,,,,,,,,,,,,,,,,,,,,,,,,,,,,,,,,,,,,,,,,,,,,,,,,,High,High,High,,,,,,v3
37,11/3/2022,4,4,1000036180,Right,T_A,1000079407,Left,T_B,1,Bottom,1,3,0,3-0,Fastball,Four-Seam,InPlay,Undefined,FlyBall,FlyBall,Triple,0,1,88.68219,-1.840266,-3.633164,2171.259067,215.349718,1:15,5.58835,2.27041,6.54494,-16.58005,18.15387,12.08883,2.51501,-0.05858,81.05655,-5.032333,-1.442415,0.424178,98.99482,24.369364,4.985918,1670.316811,109.453,46.21448,10.9529,377.91843,372.64551,6.121667,4.517196,-7.40087,10.40012,-2.02385,50,5.45348,7.71886,-128.70075,-4.56013,-12.40886,26.79785,-14.73641,88.85992,65.24572,7.62563,2.09208,2.65082,0.01765,8886145,Right,53.95505,-129.52165,13.39893,5.58626,-4.10872,-7.36821,-2.26612,8.09898,-6.20443,192.933495,2.09196,131.76108,-23.89656,5.76781,-1.19143,0.22128,-0.03882,0.0052,-0.00032,2.65279,59.85743,-14.54994,-0.4144,0.56063,-0.25811,0.0717,-0.01033,0.00058,0.01792,11.4887,0.72206,-0.91148,0.27422,-0.04335,0.0027,0.00017,-3.00E-05,,,,,,,,,,,,,,,,,,,,,,,High,High,High,High,Medium,,,,v3
38,11/3/2022,5,1,1000036180,Right,T_A,1000110355,Right,T_B,1,Bottom,1,0,0,0-0,Fastball,Four-Seam,BallCalled,Undefined,Undefined,,Undefined,0,0,90.59402,-1.200509,-3.304716,2197.624497,211.778225,1:00,5.80013,2.371,6.29933,-13.48985,20.18769,11.81957,3.56785,0.30771,82.40909,-3.828129,-1.172096,0.417678,,,,,,,,,,,,-7.0463,11.13556,-2.13323,50,5.70492,7.09738,-131.42846,-3.075,-12.28824,28.62544,-12.75436,90.24285,,8.18493,,,,8886145,Right,54.19801,-132.33964,14.31272,5.79634,-2.66901,-6.37718,-2.36538,7.48853,-6.14412,,,,,,,,,,,,,,,,,,,,,,,,,,,,,,,,,,,,,,,,,,,,,,,,,,,High,High,High,,,,,,v3
39,11/3/2022,5,2,1000036180,Right,T_A,1000187798,Right,T_B,1,Bottom,1,1,0,1-0,Fastball,Four-Seam,BallCalled,Undefined,Undefined,,Undefined,0,0,90.36495,-4.609902,-2.595192,2179.956749,214.183767,1:15,5.87338,2.17027,6.24925,-13.69146,20.32092,13.03064,0.46739,0.86111,82.60526,-7.244988,-0.242928,0.419749,,,,,,,,,,,,-7.49721,12.19485,-1.9835,50,5.52282,5.40035,-130.82313,-10.89922,-12.97308,27.99291,-11.07221,89.79747,,7.7597,,,,8886145,Right,54.24972,-131.72932,13.99645,5.86985,-10.54078,-5.5361,-2.16511,5.82032,-6.48654,,,,,,,,,,,,,,,,,,,,,,,,,,,,,,,,,,,,,,,,,,,,,,,,,,,High,High,High,,,,,,v3
40,11/3/2022,5,3,1000036180,Right,T_A,1000187798,Right,T_B,1,Bottom,1,2,0,2-0,Fastball,Four-Seam,InPlay,Undefined,LineDrive,LineDrive,Single,0,1,91.04023,-1.872677,-3.626916,2185.873823,211.133585,1:00,5.59882,2.39303,6.56849,-13.8595,19.14973,10.91465,2.72317,-0.02657,82.96395,-4.570677,-1.648524,0.413513,101.39574,7.890001,-0.297028,976.878976,109.97387,11.52177,2.38135,221.98319,221.98319,2.85544,1.911329,-6.80327,10.94154,-2.14779,50,5.46368,7.95162,-132.09365,-4.65528,-11.9851,28.90979,-12.89865,91.15173,11.56269,8.07628,1.75038,2.53052,0.05753,8886145,Right,53.93108,-132.95121,14.4549,5.5961,-4.27265,-6.44932,-2.38894,8.30714,-5.99255,214.088402,1.75038,147.30369,-23.49939,4.88756,-1.03974,0.21983,-0.0436,0.00664,-0.00052,2.53052,20.41416,-11.60188,0.0177,0.08865,-0.03026,0.00838,-0.00136,0.0001,0.05753,-0.76363,5.36231,-1.55166,0.41093,-0.1001,0.02133,-0.00337,0.00027,,,,,,,,,,,,,,,,,,,,,,,High,High,High,Medium,Medium,,,,v3
41,11/3/2022,1,1,1000097856,Left,T_B,1000051953,Right,T_A,2,Top,0,0,0,0-0,Fastball,Changeup,BallCalled,Undefined,Undefined,,Undefined,0,0,86.20551,-0.64954,5.277935,1733.143131,89.935809,9:00,4.63368,-2.93187,5.57426,-37.10683,1.21417,-13.47229,0.93214,0.88917,78.92745,-7.433072,2.886158,0.445543,,,,,,,,,,,,8.31154,1.14961,2.48536,50,4.55307,-10.95358,-124.70809,-2.75614,13.08274,25.19561,-30.36454,84.59882,,7.27807,,,,1000064885,Right,54.92604,-125.69939,12.5978,4.63801,-1.56147,-15.18227,2.92645,-11.46831,6.54137,,,,,,,,,,,,,,,,,,,,,,,,,,,,,,,,,,,,,,,,,,,,,,,,,,,High,High,High,,,,,,v3
42,11/3/2022,1,2,1000097856,Left,T_B,1000051953,Right,T_A,2,Top,0,1,0,1-0,Fastball,Changeup,BallCalled,Undefined,Undefined,,Undefined,0,0,85.61334,-1.302041,5.438612,1717.387849,98.428831,9:15,4.59358,-3.27364,5.31873,-35.8062,3.55504,-15.18521,0.38205,0.58038,78.22068,-7.828744,2.755666,0.45155,,,,,,,,,,,,9.21745,2.51083,2.79132,50,4.44914,-11.12936,-123.71654,-4.13526,14.2445,25.34904,-28.29386,83.47345,,7.39266,,,,1000064885,Right,55.18152,-124.77369,12.67452,4.59699,-2.9553,-14.14693,3.26785,-11.72342,7.12225,,,,,,,,,,,,,,,,,,,,,,,,,,,,,,,,,,,,,,,,,,,,,,,,,,,High,High,High,,,,,,v3
43,11/3/2022,1,3,1000097856,Left,T_B,1000051953,Right,T_A,2,Top,0,2,0,2-0,Fastball,Changeup,BallCalled,Undefined,Undefined,,Undefined,0,0,86.29134,0.355933,2.911336,1818.240689,108.598412,9:30,4.57745,-3.2447,5.36436,-31.92313,6.54489,-15.68406,2.25138,-1.81942,78.55136,-5.520576,0.126725,0.446397,,,,,,,,,,,,8.6943,3.56213,2.99469,50,4.58693,-5.67169,-125.0903,-0.37944,13.72338,26.13179,-26.55148,84.43705,,7.73998,,,,1000064885,Right,55.13417,-126.15829,13.0659,4.58026,0.7057,-13.27574,3.23795,-6.23256,6.86169,,,,,,,,,,,,,,,,,,,,,,,,,,,,,,,,,,,,,,,,,,,,,,,,,,,High,High,High,,,,,,v3
44,11/3/2022,1,4,1000097856,Left,T_B,1000051953,Right,T_A,2,Top,0,3,0,3-0,Fastball,Changeup,InPlay,Undefined,Bunt,,Error,0,0,85.42026,0.255179,4.798804,1895.036451,109.055297,9:45,4.62368,-3.28405,5.21621,-32.1199,7.41099,-17.71997,2.18781,-0.23793,77.85894,-5.634345,1.672121,0.452522,,,,,,,,,,,,10.30032,3.96866,2.85423,50,4.62322,-9.61802,-123.59887,-0.61134,15.91219,24.94645,-26.04313,83.29417,,7.56132,,,,1000064885,Right,55.2847,-124.66094,12.47323,4.62564,0.49742,-13.02157,3.27813,-10.29546,7.9561,,,,,,,,,,,,,,,,,,,,,,,,,,,,,,,,,,,,,,,,,,,,,,,,,,,High,High,High,,,,,,v3
45,11/3/2022,2,1,1000097856,Left,T_B,1000187798,Right,T_A,2,Top,0,0,0,0-0,Fastball,Changeup,StrikeCalled,Undefined,Undefined,,Undefined,0,0,84.9804,0.623824,5.245583,1765.529298,108.466092,9:30,4.49427,-3.22468,5.2076,-33.10419,6.59847,-16.16828,2.32474,0.37488,78.00833,-5.419774,2.397347,0.453504,,,,,,,,,,,,9.40981,3.49445,2.75091,50,4.52727,-10.5839,-122.95269,0.13173,14.51477,22.62984,-26.78384,83.1138,,6.97208,,,,1000064885,Right,55.29257,-123.92298,11.31492,4.497,1.28012,-13.39192,3.21805,-11.20624,7.25739,,,,,,,,,,,,,,,,,,,,,,,,,,,,,,,,,,,,,,,,,,,,,,,,,,,High,High,High,,,,,,v3
46,11/3/2022,2,2,1000097856,Left,T_B,1000187798,Right,T_A,2,Top,0,0,1,0-1,Slider,Curveball,StrikeCalled,Undefined,Undefined,,Undefined,0,0,76.8723,1.225714,1.734682,2174.80318,292.636594,3:45,4.50317,-3.33656,4.95045,-50.72062,-2.41721,8.84768,1.43535,-0.95963,71.68285,-7.890153,3.295137,0.500219,,,,,,,,,,,,-4.00697,-1.16032,3.16052,50,4.57955,-3.73104,-111.70229,0.59708,-5.13631,17.37908,-33.66139,75.35183,,5.18945,,,,1000064885,Right,55.55235,-112.56283,8.68954,4.50872,2.26386,-16.8307,3.33897,-3.47671,-2.56815,,,,,,,,,,,,,,,,,,,,,,,,,,,,,,,,,,,,,,,,,,,,,,,,,,,High,High,High,,,,,,v3
47,11/3/2022,2,3,1000097856,Left,T_B,1000187798,Right,T_A,2,Top,0,0,2,0-2,Slider,Curveball,StrikeCalled,Strikeout,Undefined,,Undefined,0,0,77.51196,2.822613,2.955136,2138.34402,309.059447,4:15,4.50864,-3.52321,5.1599,-50.68822,-3.21099,5.56579,2.94713,-0.27538,71.71986,-6.343713,3.937385,0.495923,,,,,,,,,,,,-2.04638,-1.8976,3.24274,50,4.73336,-6.02311,-112.39653,3.77757,-2.64665,18.26669,-34.62829,76.00465,,5.7921,,,,1000064885,Right,55.34165,-113.26133,9.13335,4.51571,5.41697,-17.31415,3.52492,-5.89781,-1.32333,,,,,,,,,,,,,,,,,,,,,,,,,,,,,,,,,,,,,,,,,,,,,,,,,,,High,High,High,,,,,,v3
48,11/3/2022,3,1,1000097856,Left,T_B,1000102964,Right,T_A,2,Top,1,0,0,0-0,Slider,Curveball,BallCalled,Undefined,Undefined,,Undefined,0,0,75.36926,2.642617,-0.800203,2159.559419,270.017203,3:00,4.47657,-3.33347,4.72609,-49.80459,1.58862,9.33579,2.8356,-3.31479,69.01931,-6.357517,0.839032,0.51597,,,,,,,,,,,,-4.77599,0.5576,3.40545,50,4.69917,1.14058,-109.22408,3.27066,-5.78025,18.90221,-31.49921,73.05164,,6.34995,,,,1000064885,Right,55.77271,-110.21857,9.45111,4.4835,4.92791,-15.74961,3.33744,1.4447,-2.89012,,,,,,,,,,,,,,,,,,,,,,,,,,,,,,,,,,,,,,,,,,,,,,,,,,,High,High,High,,,,,,v3
49,11/3/2022,3,2,1000097856,Left,T_B,1000102964,Right,T_A,2,Top,1,1,0,1-0,Fastball,Changeup,InPlay,Undefined,FlyBall,LineDrive,Double,0,2,86.05892,-0.894091,4.926882,1851.029763,119.245953,10:00,4.68639,-3.35549,5.34767,-31.29096,7.64898,-11.31383,1.23699,0.33444,78.33652,-6.640987,2.926619,0.449127,103.29681,20.755651,4.867051,2611.446746,108.88397,37.84201,15.62873,352.25853,339.19241,16.529665,4.09207,7.15713,4.46744,2.91933,50,4.58331,-10.23955,-124.42592,-3.06861,11.16072,26.20164,-25.20761,83.9238,52.76897,7.7224,2.14873,1.46026,-0.31332,1000064885,Right,55.15142,-125.50601,13.10082,4.68839,-2.02949,-12.60381,3.35091,-10.69962,5.58036,222.605678,2.14838,141.17025,-28.49766,6.61186,-1.49648,0.33719,-0.06603,0.00832,-0.00045,1.4605,53.67897,-14.35573,-0.14393,0.31137,-0.12427,0.0296,-0.00335,0.00012,-0.31362,12.02198,9.06245,-3.37786,0.95864,-0.23085,0.04424,-0.00537,0.00029,,,,,,,,,,,,,,,,,,,,,,,High,High,High,High,High,,,,v3
50,11/3/2022,4,1,1000097856,Left,T_B,1000102964,Right,T_A,2,Top,1,0,0,0-0,Fastball,Changeup,StrikeCalled,Undefined,Undefined,,Undefined,0,0,86.33262,-0.358814,5.361293,1744.284921,115.151532,9:45,4.60231,-3.36185,5.27815,-30.53852,7.90611,-14.31761,1.71895,0.49507,79.21461,-5.947796,2.836264,0.446261,,,,,,,,,,,,8.6028,4.39484,2.88226,50,4.547,-11.09871,-124.88064,-1.89679,13.6615,23.82854,-25.19491,84.46273,,7.11801,,,,1000064885,Right,55.22215,-125.87313,11.91427,4.60415,-0.84739,-12.59746,3.35639,-11.66773,6.83075,,,,,,,,,,,,,,,,,,,,,,,,,,,,,,,,,,,,,,,,,,,,,,,,,,,High,High,High,,,,,,v3
51,11/3/2022,4,2,1000097856,Left,T_B,1000069979,Right,T_A,2,Top,1,0,0,0-0,Slider,Changeup,StrikeCalled,Undefined,Undefined,,Undefined,0,0,77.98784,-0.736412,4.399386,1845.018626,83.089377,8:45,4.27236,-3.33997,5.3677,-47.76601,-0.77339,-18.60627,-0.40071,-0.75736,71.85233,-9.400392,1.095829,0.493385,,,,,,,,,,,,10.69304,0.14516,2.95876,50,4.17159,-7.98753,-112.99113,-3.05749,13.82995,20.50268,-31.98633,76.39554,,6.13551,,,,1000064885,Right,55.135,-113.91909,10.25134,4.27721,-1.60978,-15.99316,3.33445,-8.61348,6.91498,,,,,,,,,,,,,,,,,,,,,,,,,,,,,,,,,,,,,,,,,,,,,,,,,,,High,High,High,,,,,,v3
52,11/3/2022,4,3,1000097856,Left,T_B,1000102964,Right,T_A,2,Top,1,0,0,0-0,Slider,Curveball,BallCalled,Undefined,Undefined,,Undefined,0,0,76.15964,2.283268,0.395903,2252.751804,289.395163,3:45,4.56583,-3.38104,5.06851,-52.22156,-3.21378,12.81217,2.36801,-1.94007,70.83599,-7.139819,2.660951,0.503853,,,,,,,,,,,,-6.28768,-1.75079,3.3328,50,4.74077,-1.26647,-110.67263,2.59662,-7.91102,17.08054,-34.37686,74.80837,,5.32365,,,,1000064885,Right,55.43426,-111.50817,8.54027,4.57262,4.27825,-17.18843,3.38529,-0.87948,-3.95551,,,,,,,,,,,,,,,,,,,,,,,,,,,,,,,,,,,,,,,,,,,,,,,,,,,High,High,High,,,,,,v3
53,11/3/2022,4,4,1000097856,Left,T_B,1000102964,Right,T_A,2,Top,1,0,0,0-0,Fastball,Changeup,BallCalled,Undefined,Undefined,,Undefined,0,0,87.23166,-1.150649,4.647869,1837.682662,110.446051,9:45,4.7868,-3.21169,5.47385,-31.35482,6.12996,-13.22544,1.09345,0.04513,79.86534,-6.902552,2.301448,0.440655,,,,,,,,,,,,7.99099,3.75118,2.81198,50,4.66397,-9.69963,-126.27292,-3.67362,12.9067,25.62615,-26.11527,85.53723,,7.36632,,,,1000064885,Right,55.02619,-127.28886,12.81308,4.78908,-2.63829,-13.05764,3.20666,-10.21131,6.45335,,,,,,,,,,,,,,,,,,,,,,,,,,,,,,,,,,,,,,,,,,,,,,,,,,,High,High,High,,,,,,v3
54,11/3/2022,4,5,1000097856,Left,T_B,1000102964,Right,T_A,2,Top,1,0,0,0-0,Fastball,Changeup,FoulBall,Undefined,Undefined,GroundBall,Undefined,0,0,87.0629,-0.690944,4.571838,1925.075945,107.814384,9:30,4.67513,-3.5255,5.24341,-30.83478,7.1563,-18.4095,1.45411,-0.75386,79.46844,-6.342719,1.318524,0.443621,44.26958,-38.050995,-65.316618,,,,,3.66753,2.88558,-14.673662,0.038098,10.56091,4.11166,3.11924,50,4.58856,-9.27075,-126.01329,-2.66174,16.96167,25.88386,-25.5704,84.96538,1.53333,7.59446,2.72983,1.53333,0.85095,1000064885,Right,55.25726,-127.08857,12.94193,4.67707,-1.59948,-12.7852,3.519,-9.97539,8.48083,,2.72908,21.47287,,,,,,,,1.53473,-40.24688,,,,,,,,0.85257,-46.72105,,,,,,,,,,,,,,,,,,,,,,,,,,,,,,High,High,High,Low,Low,,,,v3
55,11/3/2022,4,6,1000097856,Left,T_B,1000102964,Right,T_A,2,Top,1,3,1,3-1,Slider,Slider,FoulBall,Undefined,Undefined,,Undefined,0,0,79.04495,0.523375,3.337125,2107.750483,284.991283,3:30,4.54238,-3.39472,5.08878,-46.28428,-0.64429,6.99178,1.17948,0.33673,73.59677,-7.811664,4.570336,0.486233,,,,,,,,,,,,-2.71662,-0.17524,3.07291,50,4.55486,-6.96412,-114.72992,-0.58422,-3.66462,18.82703,-32.41046,77.51934,,5.44818,,,,1000064885,Right,55.41397,-115.61492,9.41352,4.54652,0.93931,-16.20523,3.39623,-6.79186,-1.83231,,,,,,,,,,,,,,,,,,,,,,,,,,,,,,,,,,,,,,,,,,,,,,,,,,,High,High,High,,,,,,v3
56,11/3/2022,4,7,1000097856,Left,T_B,1000102964,Right,T_A,2,Top,1,3,2,3-2,Fastball,Sinker,FoulBall,Undefined,Undefined,GroundBall,Undefined,0,0,89.95429,-2.267865,4.268906,1882.240186,121.199407,10:00,4.96379,-3.21509,5.61497,-24.61092,10.4502,-15.38725,0.78925,-0.50573,82.32405,-6.823877,1.529165,0.426171,52.82299,-46.651548,-107.521837,,,,,3.0377,3.25888,-11.954735,0.020673,9.06835,6.25764,2.86046,50,4.75369,-9.06348,-130.24586,-6.0333,15.57806,27.34474,-21.42437,88.44432,1.16821,7.63023,3.30381,1.16821,0.42235,1000064885,Right,54.88578,-131.26761,13.67237,4.96417,-5.23277,-10.71218,3.20999,-9.64556,7.78903,,3.30398,-16.05979,,,,,,,,1.16878,-56.50987,,,,,,,,0.42286,-50.86754,,,,,,,,,,,,,,,,,,,,,,,,,,,,,,High,High,High,Low,Low,,,,v3
57,11/3/2022,4,8,1000097856,Left,T_B,1000102964,Right,T_A,2,Top,1,3,2,3-2,Fastball,Sinker,StrikeSwinging,Strikeout,Undefined,,Undefined,0,0,89.08692,0.448222,5.511721,1996.951789,106.874998,9:30,4.71652,-3.37307,5.46925,-29.71592,6.71469,-17.83962,2.66163,0.31447,80.30612,-5.046434,2.355474,0.434415,,,,,,,,,,,,10.62796,3.63071,2.89938,50,4.73612,-11.59913,-128.6342,-0.07622,17.61652,29.35437,-26.15595,86.76602,,8.78081,,,,1000064885,Right,55.0281,-129.77654,14.67719,4.71928,0.94165,-13.07798,3.3641,-12.28469,8.80826,,,,,,,,,,,,,,,,,,,,,,,,,,,,,,,,,,,,,,,,,,,,,,,,,,,High,High,High,,,,,,v3
58,11/3/2022,1,1,1000036180,Right,T_A,1000055244,Left,T_B,2,Bottom,0,0,0,0-0,Fastball,Four-Seam,InPlay,Undefined,Bunt,GroundBall,Out,1,0,89.4119,-2.35514,-4.895352,2286.921167,223.233709,1:30,5.83509,2.29943,6.31672,-17.54698,17.32217,15.14032,2.19442,-0.95884,81.06313,-5.72214,-2.169963,0.425003,31.11151,-8.674561,-29.548783,1264.158383,,,,11.88029,11.88029,-19.454664,0.220595,-9.38894,10.08941,-1.94767,50,5.6537,10.47973,-129.36785,-5.8123,-15.78129,29.04869,-15.21535,88.68745,2.25778,8.34876,2.69992,2.25778,0.93948,8886145,Right,54.18238,-130.30359,14.52434,5.83304,-5.32217,-7.60768,-2.29344,10.98809,-7.89065,96.027211,2.7,39.23662,-3.15441,,,,,,,2.2581,-6.90094,-15.12674,,,,,,,0.93948,-22.24522,0.22339,,,,,,,,,,,,,,,,,,,,,,,,,,,,,High,High,High,High,High,,,,v3
59,11/3/2022,2,1,1000036180,Right,T_A,1000094105,Right,T_B,2,Bottom,1,0,0,0-0,Slider,Slider,StrikeCalled,Undefined,Undefined,,Undefined,0,0,78.65135,-0.836248,-2.418563,2283.203824,84.141125,8:45,5.66878,2.46857,5.28581,-45.56959,0.69976,-7.14658,1.08527,-0.39951,72.54757,-9.090227,-3.687222,0.489574,,,,,,,,,,,,2.92118,0.98484,-2.24257,50,5.55899,5.09989,-114.09674,-3.22952,3.84693,21.1874,-30.8771,76.99033,,6.10377,,,,8886145,Right,55.21435,-115.06095,10.5937,5.67398,-1.82434,-15.43855,-2.47067,4.92482,1.92346,,,,,,,,,,,,,,,,,,,,,,,,,,,,,,,,,,,,,,,,,,,,,,,,,,,High,High,High,,,,,,v3
60,11/3/2022,2,2,1000036180,Right,T_A,1000094105,Right,T_B,2,Bottom,1,0,1,0-1,Fastball,Four-Seam,InPlay,Undefined,Popup,,Out,1,0,90.40734,-2.103345,-2.975476,2360.632239,216.471851,1:15,5.6525,2.2533,6.02636,-15.03898,19.27127,13.37355,2.44776,0.60959,82.02462,-5.001251,-0.572967,0.421583,82.60133,72.591295,3.41553,,,,,,88.17413,,,-7.79493,10.90406,-2.02775,50,5.47964,6.25234,-131.06417,-5.22774,-13.45814,29.61988,-13.34791,89.40687,81.19131,8.38272,1.94484,2.49382,-0.61498,8886145,Right,54.47229,-132.07102,14.80994,5.64963,-4.77401,-6.67396,-2.24805,6.70981,-6.72907,,1.94485,36.17962,-15.50607,4.94326,1.25389,-6.91178,10.11675,-7.08234,1.94736,2.49382,115.59932,-32.68033,4.4989,-0.99397,0.67125,-0.83172,0.60654,-0.17632,-0.61498,2.16032,5.26019,-1.96044,-0.65302,3.30594,-4.83611,3.39007,-0.93339,,,,,,,,,,,,,,,,,,,,,,,High,High,High,Medium,Low,,,,v3
61,11/3/2022,3,1,1000036180,Right,T_A,8886045,Left,T_B,2,Bottom,2,0,0,0-0,Curveball,Curveball,StrikeCalled,Undefined,Undefined,,Undefined,0,0,75.76801,2.305569,-1.350752,2160.128581,23.998543,6:45,5.93958,2.22655,5.49138,-64.36425,-14.46367,-7.17933,2.73446,0.36445,69.18599,-9.394618,-2.631384,0.508422,,,,,,,,,,,,3.17689,-7.42205,-2.10339,50,6.09829,2.86845,-109.91084,2.25118,3.84181,21.55674,-41.14955,74.13613,,6.58203,,,,8886145,Right,55.01071,-110.88923,10.77837,5.95373,4.11883,-20.57477,-2.22962,2.69408,1.92091,,,,,,,,,,,,,,,,,,,,,,,,,,,,,,,,,,,,,,,,,,,,,,,,,,,High,High,High,,,,,,v3
62,11/3/2022,3,2,1000036180,Right,T_A,8886045,Left,T_B,2,Bottom,2,0,1,0-1,Fastball,Four-Seam,BallCalled,Undefined,Undefined,,Undefined,0,0,89.35528,-3.644977,-2.296656,2207.234076,201.673634,12:45,5.83758,2.26976,6.01968,-15.05623,20.19084,7.53126,1.19945,0.76894,81.11391,-6.538388,-0.94289,0.4273,,,,,,,,,,,,-4.54225,11.82725,-2.09374,50,5.54323,4.86832,-129.37095,-8.63905,-7.63501,29.05492,-12.29374,88.21073,,8.24137,,,,8886145,Right,54.47654,-130.37245,14.52746,5.8337,-8.21529,-6.14687,-2.26608,5.13149,-3.81751,,,,,,,,,,,,,,,,,,,,,,,,,,,,,,,,,,,,,,,,,,,,,,,,,,,High,High,High,,,,,,v3
63,11/3/2022,3,3,1000036180,Right,T_A,8886045,Left,T_B,2,Bottom,2,1,1,1-1,Curveball,Curveball,StrikeCalled,Undefined,Undefined,,Undefined,0,0,76.3034,1.1635,-0.908806,2163.132816,21.883904,6:45,5.89981,2.27857,5.31464,-62.15822,-12.76516,-5.77937,1.81226,0.94391,69.93782,-10.084676,-1.937938,0.50583,,,,,,,,,,,,2.60567,-6.20185,-2.19193,50,5.96037,1.98387,-110.74262,0.0949,3.20483,21.54749,-39.80193,74.51604,,6.36558,,,,8886145,Right,55.18704,-111.74732,10.77374,5.91268,1.95075,-19.90097,-2.28094,1.83444,1.60241,,,,,,,,,,,,,,,,,,,,,,,,,,,,,,,,,,,,,,,,,,,,,,,,,,,High,High,High,,,,,,v3
64,11/3/2022,3,4,1000036180,Right,T_A,1000103136,Right,T_B,2,Bottom,2,1,2,1-2,Fastball,Four-Seam,FoulBall,Undefined,Undefined,GroundBall,Undefined,0,0,91.42153,-2.33227,-2.704142,2274.9976,223.162831,1:30,5.73542,2.26767,6.30255,-15.14938,17.96178,15.80375,2.32063,1.09143,83.18549,-5.251605,0.151536,0.414151,66.77788,-3.182353,-164.372856,6234.627874,,,,16.24773,16.24773,-161.317967,0.154996,-9.11497,10.39914,-2.07686,50,5.55675,5.63906,-132.66891,-5.81681,-16.15058,29.9323,-13.74809,91.0114,0.97142,8.23604,-1.11986,0.97142,-1.50111,8886145,Right,54.19804,-133.6127,14.96615,5.73332,-5.38332,-6.87404,-2.26269,6.14829,-8.07529,,-1.12024,-94.14245,13.34984,,,,,,,0.97114,-5.41347,-5.4865,,,,,,,-1.50192,-26.27262,15.42077,,,,,,,,,,,,,,,,,,,,,,,,,,,,,High,High,High,Medium,High,,,,v3
65,11/3/2022,3,5,1000036180,Right,T_A,1000103136,Right,T_B,2,Bottom,2,1,2,1-2,Curveball,Slider,BallCalled,Undefined,Undefined,,Undefined,0,0,77.10856,1.62383,-0.546167,2331.528434,86.537444,9:00,5.62764,2.21634,5.45608,-46.80967,0.74071,-10.9991,3.24737,0.78847,71.04665,-6.924971,-2.504872,0.496305,,,,,,,,,,,,5.3741,0.40689,-2.16054,50,5.73877,1.49436,-111.99494,1.62288,6.85501,19.41025,-31.65502,75.94616,,6.06191,,,,8886145,Right,55.04366,-112.86569,9.70512,5.63412,3.04294,-15.82751,-2.22068,1.18685,3.42751,,,,,,,,,,,,,,,,,,,,,,,,,,,,,,,,,,,,,,,,,,,,,,,,,,,High,High,High,,,,,,v3
66,11/3/2022,3,6,1000036180,Right,T_A,1000103136,Right,T_B,2,Bottom,2,2,2,2-2,Fastball,Four-Seam,InPlay,Undefined,FlyBall,FlyBall,Out,1,0,90.68106,-1.766042,-2.816631,2177.364259,213.656561,1:00,5.74852,2.26538,6.13164,-14.31615,19.31084,12.15772,2.92067,0.67302,83.01336,-4.519252,-0.62798,0.417365,88.07165,31.633815,-0.979644,3152.296696,109.9825,60.99904,1.93042,320.18692,317.5263,5.720927,4.937428,-7.07741,10.79717,-2.05648,50,5.60598,5.98043,-131.65238,-4.44805,-12.45107,27.3243,-13.17888,90.3106,78.58162,7.66769,1.63171,2.99152,-0.68708,8886145,Right,54.36828,-132.55591,13.66215,5.74586,-4.01227,-6.58944,-2.26104,6.39215,-6.22553,200.932756,1.63383,109.91868,-19.6567,4.03863,-0.62524,0.05797,-0.0036,0.00056,-6.00E-05,2.99151,67.74767,-16.93141,1.05066,-0.14515,-0.01063,0.01435,-0.00289,0.00018,-0.68714,-1.87493,4.6461,-1.2364,0.19809,-0.00615,-0.00415,0.00071,-4.00E-05,,,,,,,,,,,,,,,,,,,,,,,High,High,High,High,High,,,,v3
67,11/3/2022,1,1,1000049559,Left,T_B,8886045,Right,T_A,3,Top,0,0,0,0-0,Fastball,Four-Seam,BallCalled,Undefined,Undefined,,Undefined,0,0,88.594,-1.380877,2.339179,2189.268463,144.378008,10:45,6.04393,-2.52229,5.34537,-17.45828,18.928,-12.72016,3.29245,-1.38688,80.84987,-4.672254,0.081268,0.43415,,,,,,,,,,,,7.02115,10.22394,2.32087,50,5.90733,-4.67524,-128.47308,-3.65651,11.73562,26.59582,-15.08504,86.81884,,7.74413,,,,1000064885,Right,55.15269,-129.53537,13.29791,6.04135,-3.05399,-7.54252,2.51697,-5.14398,5.86781,,,,,,,,,,,,,,,,,,,,,,,,,,,,,,,,,,,,,,,,,,,,,,,,,,,High,High,High,,,,,,v3
68,11/3/2022,1,2,1000049559,Left,T_B,8886045,Right,T_A,3,Top,0,1,0,1-0,Fastball,Four-Seam,InPlay,Undefined,Bunt,,Out,1,0,88.77144,-1.923295,3.107181,2202.268117,145.701628,10:45,6.02002,-2.15133,5.58545,-17.90836,17.91029,-11.45638,2.7283,-0.20159,81.39807,-5.292677,1.066398,0.430751,,,,,,,,,,,,6.72012,9.96339,1.89219,50,5.84316,-6.50932,-128.7586,-4.90112,11.32048,25.87126,-15.39007,87.50408,,7.37337,,,,1000064885,Right,54.91556,-129.74251,12.93563,6.01842,-4.31581,-7.69504,2.14794,-6.93985,5.66024,,,,,,,,,,,,,,,,,,,,,,,,,,,,,,,,,,,,,,,,,,,,,,,,,,,High,High,High,,,,,,v3
69,11/3/2022,2,1,1000049559,Left,T_B,1000110361,Right,T_A,3,Top,1,0,0,0-0,Fastball,Four-Seam,StrikeCalled,Undefined,Undefined,,Undefined,0,0,89.21845,-1.695656,3.285877,2288.273228,149.143402,11:00,6.17154,-1.93238,5.51268,-17.83588,17.47595,-9.83339,3.09653,0.32418,82.35737,-5.031505,1.537348,0.427692,,,,,,,,,,,,5.77244,9.5604,1.65246,50,6.0116,-7.00206,-129.45032,-4.41865,9.9134,23.96261,-15.7553,88.12979,,6.86108,,,,1000064885,Right,54.98699,-130.37019,11.9813,6.16962,-3.81384,-7.87765,1.92856,-7.38262,4.9567,,,,,,,,,,,,,,,,,,,,,,,,,,,,,,,,,,,,,,,,,,,,,,,,,,,High,High,High,,,,,,v3
70,11/3/2022,2,2,1000049559,Left,T_B,1000110361,Right,T_A,3,Top,1,0,1,0-1,Slider,Slider,StrikeSwinging,Undefined,Undefined,,Undefined,0,0,80.67136,-0.879966,2.873792,2478.060929,259.804793,2:45,5.69842,-2.48403,5.2282,-40.92034,2.6004,7.98359,1.46006,0.8851,75.27635,-8.264208,4.28747,0.47481,,,,,,,,,,,,-3.32335,1.86528,2.21282,50,5.58638,-6.20173,-117.13795,-3.25006,-4.68038,19.30452,-29.54709,79.38433,,5.39501,,,,1000064885,Right,55.27294,-118.00374,9.65226,5.70242,-1.9249,-14.77355,2.48626,-5.99182,-2.34019,,,,,,,,,,,,,,,,,,,,,,,,,,,,,,,,,,,,,,,,,,,,,,,,,,,High,High,High,,,,,,v3
71,11/3/2022,2,3,1000049559,Left,T_B,691273,Right,T_A,3,Top,1,0,2,0-2,Slider,Slider,BallCalled,Undefined,Undefined,,Undefined,0,0,81.93843,-1.054971,0.742154,2443.037271,249.757362,2:15,5.65656,-2.51585,5.2717,-38.63089,3.53618,6.36205,1.44618,-1.28853,76.08223,-8.06075,1.872761,0.467367,,,,,,,,,,,,-3.01236,2.39551,2.44316,50,5.53156,-1.80322,-119.06505,-3.56994,-4.36768,20.71239,-28.70076,80.64847,,5.8562,,,,1000064885,Right,55.22871,-119.97118,10.35619,5.66027,-2.31433,-14.35038,2.51787,-1.61214,-2.18384,,,,,,,,,,,,,,,,,,,,,,,,,,,,,,,,,,,,,,,,,,,,,,,,,,,High,High,High,,,,,,v3
72,11/3/2022,2,4,1000049559,Left,T_B,691273,Right,T_A,3,Top,1,1,2,1-2,Fastball,Four-Seam,StrikeSwinging,Strikeout,Undefined,,Undefined,0,0,89.70601,-1.226842,2.558897,2241.954495,160.216878,11:15,6.12861,-2.00042,5.60454,-16.76702,18.10966,-6.14256,3.58478,-0.12198,82.50872,-4.38608,1.463956,0.425049,,,,,,,,,,,,3.76414,9.80819,1.7854,50,6.01278,-5.55129,-130.22572,-3.31699,6.51702,25.24403,-15.19258,88.67787,,7.19729,,,,1000064885,Right,54.89433,-131.17105,12.62201,6.12634,-2.74807,-7.59629,1.99785,-5.79534,3.25851,,,,,,,,,,,,,,,,,,,,,,,,,,,,,,,,,,,,,,,,,,,,,,,,,,,High,High,High,,,,,,v3
73,11/3/2022,3,1,1000049559,Left,T_B,1000110361,Right,T_A,3,Top,2,0,0,0-0,Slider,Slider,StrikeSwinging,Undefined,Undefined,,Undefined,0,0,80.58759,-1.482274,1.805989,2388.370847,247.606753,2:15,5.6981,-2.47948,5.45696,-40.0336,3.42772,5.25737,0.97345,-0.35027,74.76239,-8.755548,2.743047,0.474485,,,,,,,,,,,,-2.20484,2.46654,2.31648,50,5.53963,-3.89522,-117.03807,-4.39006,-3.07822,20.73639,-28.73042,79.43855,,5.8252,,,,1000064885,Right,55.04383,-117.92834,10.36819,5.70162,-3.1566,-14.36521,2.48087,-3.76306,-1.53911,,,,,,,,,,,,,,,,,,,,,,,,,,,,,,,,,,,,,,,,,,,,,,,,,,,High,High,High,,,,,,v3
74,11/3/2022,3,2,1000049559,Left,T_B,1000110361,Right,T_A,3,Top,2,0,1,0-1,Slider,Slider,StrikeCalled,Undefined,Undefined,,Undefined,0,0,82.26822,-0.061046,0.957627,2403.804125,260.217951,2:45,5.67241,-2.50013,5.20786,-39.45097,2.56835,7.87378,2.32742,-0.94333,76.08665,-7.223688,2.354132,0.466548,,,,,,,,,,,,-3.70032,1.65874,2.40535,50,5.63689,-2.32564,-119.52056,-1.55519,-5.39274,21.41766,-29.75666,80.79013,,6.18158,,,,1000064885,Right,55.29249,-120.46523,10.70883,5.67654,-0.24272,-14.87833,2.50269,-2.08779,-2.69637,,,,,,,,,,,,,,,,,,,,,,,,,,,,,,,,,,,,,,,,,,,,,,,,,,,High,High,High,,,,,,v3
75,11/3/2022,3,3,1000049559,Left,T_B,1000110361,Right,T_A,3,Top,2,0,2,0-2,Fastball,Four-Seam,BallCalled,Undefined,Undefined,,Undefined,0,0,88.21957,-0.079412,2.158945,2129.15729,163.602098,11:30,6.13291,-1.9813,5.37448,-16.9628,19.67048,-5.44575,4.64484,-0.41012,80.42635,-3.291808,1.192166,0.435622,,,,,,,,,,,,3.31461,10.22402,1.79174,50,6.11413,-4.57732,-127.95647,-0.69993,5.4979,26.28836,-15.21562,86.52566,,7.79322,,,,1000064885,Right,55.12202,-129.00448,13.14418,6.12994,-0.09335,-7.60781,1.97859,-4.7965,2.74895,,,,,,,,,,,,,,,,,,,,,,,,,,,,,,,,,,,,,,,,,,,,,,,,,,,High,High,High,,,,,,v3
76,11/3/2022,3,4,1000049559,Left,T_B,1000110361,Right,T_A,3,Top,2,1,2,1-2,Slider,Slider,FoulBall,Undefined,Undefined,,Undefined,0,0,81.86166,0.217511,0.458776,2419.975017,279.334289,3:15,5.8161,-2.52917,5.26242,-42.46018,-0.27614,8.75434,2.48211,-1.36863,76.01032,-7.477782,2.013677,0.467461,71.97622,73.17688,98.119788,5440.470143,,,,,7.1642,,,-4.30044,0.12571,2.48036,50,5.80422,-1.30913,-119.02019,-1.07643,-6.23644,20.49427,-31.99172,80.63226,24.6577,5.85134,1.84459,2.50095,1.1538,1000064885,Right,55.2394,-119.91897,10.24714,5.82067,0.32658,-15.99586,2.53178,-1.03563,-3.11822,,1.8449,-4.33317,-0.45333,,,,,,,2.50377,100.88918,-29.66712,,,,,,,1.15995,29.89677,-19.75527,,,,,,,,,,,,,,,,,,,,,,,,,,,,,High,High,High,Medium,Low,,,,v3
77,11/3/2022,3,5,1000049559,Left,T_B,1000110361,Right,T_A,3,Top,2,1,2,1-2,Fastball,Four-Seam,StrikeCalled,Strikeout,Undefined,,Undefined,0,0,88.98395,-3.323437,4.042538,2362.081594,147.511197,11:00,5.98896,-2.01387,5.61723,-19.58344,16.33068,-9.64697,1.24409,0.9613,81.383,-6.984976,2.325527,0.431324,,,,,,,,,,,,6.01028,9.55697,1.67465,50,5.69189,-8.67506,-128.6975,-8.12204,10.0793,26.73306,-16.14684,87.38769,,7.60095,,,,1000064885,Right,54.88084,-129.70738,13.36653,5.98719,-7.51207,-8.07342,2.00956,-9.05582,5.03965,,,,,,,,,,,,,,,,,,,,,,,,,,,,,,,,,,,,,,,,,,,,,,,,,,,High,High,High,,,,,,v3
78,11/3/2022,1,1,10023185,Right,T_A,1000180386,Right,T_B,3,Bottom,0,0,0,0-0,Curveball,Curveball,StrikeCalled,Undefined,Undefined,,Undefined,0,0,73.75392,1.215188,-0.747037,2052.66397,84.340072,8:45,5.81076,1.40621,5.5733,-51.30963,0.49957,-10.63859,2.67027,-0.17814,68.0634,-8.159991,-2.6466,0.518054,,,,,,,,,,,,5.17937,0.40673,-1.33477,50,5.88174,1.78258,-107.14727,0.67785,6.03499,18.1145,-31.70012,72.7578,,5.69052,,,,8886145,Right,54.92691,-107.97701,9.05725,5.81743,2.12989,-15.85006,-1.41009,1.50615,3.0175,,,,,,,,,,,,,,,,,,,,,,,,,,,,,,,,,,,,,,,,,,,,,,,,,,,High,High,High,,,,,,v3
79,11/3/2022,1,2,10023185,Right,T_A,1000180386,Right,T_B,3,Bottom,0,0,1,0-1,Curveball,Curveball,BallCalled,Undefined,Undefined,,Undefined,0,0,75.3427,2.316216,0.393431,2020.730751,64.84268,8:15,5.71019,1.21542,5.3534,-55.19763,-4.74016,-13.56009,3.28396,0.45441,68.87962,-7.7409,-2.017859,0.511251,,,,,,,,,,,,6.8813,-2.5161,-1.24092,50,5.87938,-0.22496,-109.30271,2.57689,8.28264,20.17651,-35.20251,73.72591,,6.46308,,,,8886145,Right,55.14685,-110.24869,10.08825,5.71987,4.22737,-17.60126,-1.22126,-0.61329,4.14132,,,,,,,,,,,,,,,,,,,,,,,,,,,,,,,,,,,,,,,,,,,,,,,,,,,High,High,High,,,,,,v3
80,11/3/2022,1,3,10023185,Right,T_A,1000180386,Right,T_B,3,Bottom,0,1,1,1-1,Fastball,Four-Seam,BallCalled,Undefined,Undefined,,Undefined,0,0,88.30024,-0.87201,-3.524368,1875.737628,213.870667,1:15,5.9182,1.0774,5.46287,-18.28158,18.15143,11.41406,3.57695,-1.2743,80.72214,-4.313309,-1.497625,0.434429,,,,,,,,,,,,-6.69327,9.72024,-0.77479,50,5.82905,7.37853,-127.99075,-2.53258,-11.13453,25.7105,-16.004,86.76315,,7.5781,,,,8886145,Right,55.03542,-128.99828,12.85525,5.916,-1.90542,-8.002,-1.07248,7.81487,-5.56726,,,,,,,,,,,,,,,,,,,,,,,,,,,,,,,,,,,,,,,,,,,,,,,,,,,High,High,High,,,,,,v3
81,11/3/2022,1,4,10023185,Right,T_A,1000180386,Right,T_B,3,Bottom,0,2,1,2-1,Curveball,Curveball,BallCalled,Undefined,Undefined,,Undefined,0,0,72.11189,3.121559,1.056975,2025.50042,65.113719,8:15,5.72717,1.29522,5.20659,-60.67956,-5.25799,-15.17788,3.6096,1.02454,65.93052,-7.902395,-1.633002,0.53581,,,,,,,,,,,,7.83567,-2.9424,-1.38118,50,5.97056,-1.35554,-104.52835,3.72294,8.63371,18.29467,-35.41612,70.34665,,6.18138,,,,8886145,Right,55.29433,-105.4509,9.14734,5.73779,5.50887,-17.70806,-1.30185,-1.79091,4.31686,,,,,,,,,,,,,,,,,,,,,,,,,,,,,,,,,,,,,,,,,,,,,,,,,,,High,High,High,,,,,,v3
82,11/3/2022,1,5,10023185,Right,T_A,1000180386,Right,T_B,3,Bottom,0,3,1,3-1,Fastball,Changeup,InPlay,Undefined,Popup,FlyBall,Out,1,0,87.12771,-0.946655,-1.775152,1831.747069,207.366086,1:00,5.89065,1.09423,5.68511,-18.81005,18.2621,8.84426,3.44028,0.17612,79.62432,-4.501943,-0.194675,0.438223,86.88206,55.834574,-17.329606,4921.240886,104.64654,144.17114,-33.89837,213.65229,213.65229,-19.613883,6.139218,-5.04142,9.93012,-0.95067,50,5.79944,3.55757,-126.51053,-2.66696,-8.16861,25.8629,-16.0843,86.01195,148.96716,7.50339,3.7394,3.478,-0.1601,8886145,Right,54.81485,-127.49104,12.93145,5.88899,-2.05717,-8.04215,-1.09141,3.86725,-4.0843,178.981101,3.73721,68.32093,-20.56183,6.19956,-1.29837,0.17774,-0.01283,0.00029,0,3.46282,105.69452,-23.83405,2.85468,-0.85377,0.23796,-0.04105,0.00368,-0.00014,-0.15886,-21.32956,6.01553,-2.00632,0.48302,-0.08445,0.00968,-0.00066,2.00E-05,,,,,,,,,,,,,,,,,,,,,,,High,High,High,High,Medium,,,,v3
83,11/3/2022,2,1,10023185,Right,T_A,1000187793,Left,T_B,3,Bottom,1,0,0,0-0,ChangeUp,Changeup,InPlay,Undefined,GroundBall,,Out,1,0,79.76089,0.331181,-2.598863,1806.828998,249.168691,2:15,5.65774,1.38779,6.6981,-34.67163,7.623,16.78186,3.07159,0.40822,73.56136,-6.181622,0.458208,0.468073,,,,,,,,,,,,-9.6665,4.2763,-1.22153,50,5.66579,4.73152,-116.05038,-0.24006,-13.25471,20.60561,-26.31038,80.52679,,6.19952,,,,8886145,Right,53.80418,-116.72388,10.30281,5.65959,0.61991,-13.15519,-1.38326,5.16476,-6.62736,,,,,,,,,,,,,,,,,,,,,,,,,,,,,,,,,,,,,,,,,,,,,,,,,,,High,High,High,,,,,,v3
84,11/3/2022,3,1,10023185,Right,T_A,1000064785,Right,T_B,3,Bottom,2,0,0,0-0,Curveball,Curveball,InPlay,Undefined,GroundBall,GroundBall,Out,1,0,71.47584,1.224753,-0.087694,1928.064755,46.857601,7:30,5.92338,0.95945,5.32595,-60.53834,-4.51012,-6.72666,2.02795,0.3166,65.7509,-9.763632,-1.285072,0.538734,70.46229,9.186692,-35.52913,3310.274675,,,,89.98342,86.03317,-37.409353,0.926421,3.3852,-2.21669,-0.94634,50,5.98985,0.39643,-103.77365,0.32962,3.67229,18.2085,-34.57874,69.96478,5.5145,5.72493,3.69049,2.38057,-0.34016,8886145,Right,55.17586,-104.67788,9.10425,5.93084,2.0468,-17.28937,-0.9615,0.21406,1.83615,63.46407,3.69049,83.02508,-11.64284,1.29819,-0.23308,-0.01553,0.02791,-0.01399,0.00313,2.38057,16.49915,-22.65986,2.66112,-0.54498,0.108,-0.00756,-0.00301,0.00106,-0.34016,-59.28493,-0.21152,1.24806,-0.37568,0.11038,-0.02273,0.005,-0.00073,,,,,,,,,,,,,,,,,,,,,,,High,High,High,High,High,,,,v3
85,11/3/2022,1,1,1000093990,Right,T_B,1000073511,Right,T_A,4,Top,0,0,0,0-0,Slider,Slider,StrikeCalled,Undefined,Undefined,,Undefined,0,0,83.86574,-1.091405,-3.01406,2484.665765,123.633183,10:00,6.20926,1.93281,5.04338,-35.36254,5.71296,-6.67772,2.23131,-1.46943,77.13903,-7.501452,-4.191737,0.461278,,,,,,,,,,,,2.49335,3.51508,-1.63954,50,6.07689,6.68877,-121.53286,-3.6306,3.73228,23.63106,-26.91237,81.71302,,6.72672,,,,1000064885,Right,55.45552,-122.58906,11.81553,6.21228,-2.42775,-13.45618,-1.93477,6.52196,1.86614,,,,,,,,,,,,,,,,,,,,,,,,,,,,,,,,,,,,,,,,,,,,,,,,,,,High,High,High,,,,,,v3
86,11/3/2022,1,2,1000093990,Right,T_B,1000073511,Right,T_A,4,Top,0,0,1,0-1,Slider,Curveball,StrikeCalled,Undefined,Undefined,,Undefined,0,0,81.28125,-0.043076,-2.111257,2414.556486,52.112315,7:45,6.07476,1.69177,5.0228,-48.68759,-5.18347,-8.29,1.97678,-0.99225,75.25981,-8.795333,-3.576353,0.474719,,,,,,,,,,,,3.57441,-2.21851,-1.48257,50,6.03099,4.69627,-117.9978,-1.90837,5.06067,21.57276,-35.31501,79.39947,,6.02144,,,,1000064885,Right,55.47904,-118.99528,10.78638,6.08148,-0.27548,-17.65751,-1.69431,4.46227,2.53033,,,,,,,,,,,,,,,,,,,,,,,,,,,,,,,,,,,,,,,,,,,,,,,,,,,High,High,High,,,,,,v3
87,11/3/2022,1,3,1000093990,Right,T_B,1000073511,Right,T_A,4,Top,0,0,2,0-2,Slider,Slider,BallCalled,Undefined,Undefined,,Undefined,0,0,80.55779,-1.426899,-2.793934,2468.265,78.115549,8:30,6.12479,1.61299,5.11356,-45.10211,-0.97118,-10.58749,1.02017,-1.90346,74.93904,-9.523016,-4.666763,0.478126,,,,,,,,,,,,4.59528,0.21602,-1.34107,50,5.95474,6.13153,-116.88288,-4.54079,6.39578,20.77197,-31.8734,78.83361,,5.61874,,,,1000064885,Right,55.38829,-117.83658,10.38598,6.12963,-3.0774,-15.9367,-1.61585,5.83788,3.19789,,,,,,,,,,,,,,,,,,,,,,,,,,,,,,,,,,,,,,,,,,,,,,,,,,,High,High,High,,,,,,v3
88,11/3/2022,1,4,1000093990,Right,T_B,1000073511,Right,T_A,4,Top,0,1,2,1-2,Slider,Slider,BallCalled,Undefined,Undefined,,Undefined,0,0,81.28373,-1.668773,-3.362444,2518.658149,79.614276,8:45,6.18008,1.71669,4.88212,-43.8079,-0.20598,-7.64099,0.94741,-2.10494,75.8712,-9.488351,-4.706963,0.475252,,,,,,,,,,,,2.97299,0.64142,-1.37941,50,5.97855,7.24479,-117.86534,-5.08365,4.22796,20.10576,-31.26187,79.31039,,5.41254,,,,1000064885,Right,55.61956,-118.82007,10.05288,6.1847,-3.59917,-15.63094,-1.71866,7.04403,2.11398,,,,,,,,,,,,,,,,,,,,,,,,,,,,,,,,,,,,,,,,,,,,,,,,,,,High,High,High,,,,,,v3
89,11/3/2022,1,5,1000093990,Right,T_B,1000073511,Right,T_A,4,Top,0,2,2,2-2,Fastball,Four-Seam,InPlay,Undefined,FlyBall,FlyBall,Out,1,0,92.11348,-3.10273,-2.271275,2231.549068,210.685519,1:00,6.30278,1.46007,5.59956,-15.58375,17.56529,9.83064,2.10236,0.15775,84.82639,-6.03161,-0.517636,0.414388,89.74527,33.479957,8.233737,4613.692883,107.5988,65.90569,22.85816,309.81126,306.31859,19.357259,5.017641,-5.60634,10.03166,-1.27215,50,6.02668,4.86806,-133.61533,-7.75324,-10.21161,26.75623,-13.90195,90.95926,84.49843,7.28708,1.92766,2.16772,-0.16333,1000064885,Right,54.90101,-134.59317,13.37811,6.30075,-7.24517,-6.95097,-1.45688,5.24125,-5.10581,207.422612,1.93054,108.59538,-23.43795,5.34616,-0.95261,0.13424,-0.01779,0.00219,-0.00013,2.16844,72.59095,-17.60933,0.60335,0.25027,-0.1805,0.05379,-0.00754,0.0004,-0.16397,15.73871,3.86342,-1.43534,0.35125,-0.06439,0.00895,-0.00086,4.00E-05,,,,,,,,,,,,,,,,,,,,,,,High,High,High,High,High,,,,v3
90,11/3/2022,2,1,1000093990,Right,T_B,1000066765,Right,T_A,4,Top,1,0,0,0-0,Slider,Slider,BallCalled,Undefined,Undefined,,Undefined,0,0,83.46291,-0.334828,-3.701117,2509.357599,50.976061,7:45,6.13743,1.75095,4.79406,-45.71928,-3.60953,-6.11575,2.00953,-2.27092,76.55894,-8.534134,-4.774125,0.467049,,,,,,,,,,,,1.93272,-1.27921,-1.37582,50,6.06409,8.08722,-120.80179,-2.50993,2.84319,24.51715,-34.05589,80.70335,,6.90397,,,,1000064885,Right,55.70544,-121.95423,12.25858,6.14445,-0.90912,-17.02795,-1.75282,7.95358,1.42159,,,,,,,,,,,,,,,,,,,,,,,,,,,,,,,,,,,,,,,,,,,,,,,,,,,High,High,High,,,,,,v3
91,11/3/2022,2,2,1000093990,Right,T_B,1000066765,Right,T_A,4,Top,1,0,0,0-0,Fastball,Four-Seam,BallCalled,Undefined,Undefined,,Undefined,0,0,93.10099,-3.331763,-4.336223,2232.504725,199.904812,12:45,6.25084,1.32203,5.32373,-14.89355,18.07635,6.17898,1.87067,-2.23996,85.60891,-6.121013,-3.244085,0.413266,,,,,,,,,,,,-4.21547,10.23441,-0.93366,50,5.93783,9.92106,-134.64696,-8.35923,-7.79707,27.17874,-13.24423,91.20614,,7.49208,,,,1000064885,Right,55.17532,-135.68759,13.58937,6.24818,-7.85213,-6.62212,-1.31924,10.2196,-3.89854,,,,,,,,,,,,,,,,,,,,,,,,,,,,,,,,,,,,,,,,,,,,,,,,,,,High,High,High,,,,,,v3
92,11/3/2022,2,3,1000093990,Right,T_B,1000066765,Right,T_A,4,Top,1,2,0,2-0,Fastball,Four-Seam,StrikeSwinging,Undefined,Undefined,,Undefined,0,0,91.25524,-2.020077,-2.214393,2219.876273,209.88357,1:00,6.25889,1.46978,5.52991,-17.69678,16.1128,8.67993,2.89359,0.12206,84.00016,-5.33,-0.668056,0.418496,,,,,,,,,,,,-4.95366,8.97123,-1.28329,50,6.07156,4.73263,-132.44965,-5.26656,-8.87067,26.15249,-16.10903,90.06639,,7.25509,,,,1000064885,Right,54.96929,-133.42724,13.07624,6.25717,-4.6644,-8.05451,-1.4664,5.06422,-4.43533,,,,,,,,,,,,,,,,,,,,,,,,,,,,,,,,,,,,,,,,,,,,,,,,,,,High,High,High,,,,,,v3
93,11/3/2022,2,4,1000093990,Right,T_B,1000066765,Right,T_A,4,Top,1,2,1,2-1,Fastball,Four-Seam,BallCalled,Undefined,Undefined,,Undefined,0,0,92.05119,-2.778429,-5.523908,2343.949837,201.28579,12:45,6.2681,1.20921,5.44899,-16.44005,17.19647,6.30079,2.28271,-3.45336,84.65641,-5.84945,-4.411301,0.417423,,,,,,,,,,,,-4.58481,9.68717,-0.72454,50,6.0104,12.57334,-132.98456,-7.02993,-8.27627,26.37563,-14.68728,90.29787,,7.39478,,,,1000064885,Right,55.04984,-133.98238,13.18782,6.26584,-6.47429,-7.34364,-1.20613,12.88644,-4.13814,,,,,,,,,,,,,,,,,,,,,,,,,,,,,,,,,,,,,,,,,,,,,,,,,,,High,High,High,,,,,,v3
94,11/3/2022,2,5,1000093990,Right,T_B,1000066765,Right,T_A,4,Top,1,3,1,3-1,Fastball,Four-Seam,BallCalled,Walk,Undefined,,Undefined,0,0,90.14692,-0.591441,-3.655814,2160.101874,201.559687,12:45,6.22951,1.40492,5.33545,-19.34099,15.51985,5.73642,4.06173,-1.55157,83.07886,-4.185647,-2.640355,0.424953,,,,,,,,,,,,-3.7704,8.23867,-1.07875,50,6.16231,8.09167,-130.73433,-2.02363,-6.59959,24.62512,-17.75335,88.69798,,7.06806,,,,1000064885,Right,55.16326,-131.70329,12.31256,6.22819,-1.32506,-8.87667,-1.40226,8.35136,-3.29979,,,,,,,,,,,,,,,,,,,,,,,,,,,,,,,,,,,,,,,,,,,,,,,,,,,High,High,High,,,,,,v3
95,11/3/2022,3,1,1000093990,Right,T_B,1000051953,Right,T_A,4,Top,1,0,0,0-0,Slider,Slider,StrikeCalled,Undefined,Undefined,,Undefined,0,0,80.07888,0.405565,-1.791,2424.69223,92.52135,9:00,6.17302,1.79158,4.83265,-43.53085,1.73532,-8.05949,2.9297,-0.57662,73.69241,-7.449144,-3.209184,0.484237,,,,,,,,,,,,3.48473,1.15933,-1.60687,50,6.17582,3.97595,-116.15587,-0.79444,4.77046,21.34777,-30.58695,77.83878,,6.38647,,,,1000064885,Right,55.66672,-117.1927,10.67388,6.17833,0.69113,-15.29347,-1.79435,3.74425,2.38523,,,,,,,,,,,,,,,,,,,,,,,,,,,,,,,,,,,,,,,,,,,,,,,,,,,High,High,High,,,,,,v3
96,11/3/2022,3,2,1000093990,Right,T_B,1000051953,Right,T_A,4,Top,1,0,1,0-1,Fastball,Four-Seam,FoulBall,Undefined,Undefined,,Undefined,0,0,90.26433,-1.902007,-2.764081,2229.581292,208.916585,1:00,6.19183,1.58129,5.53638,-18.13773,16.40324,8.4965,2.89985,-0.29623,83.14339,-5.292798,-1.251344,0.422998,,,,,,,,,,,,-5.04717,9.11788,-1.34733,50,6.01473,5.95902,-131.00347,-4.96029,-8.84389,25.52305,-16.19725,89.10778,,7.12093,,,,1000064885,Right,54.96446,-131.96714,12.76153,6.19047,-4.34874,-8.09863,-1.57862,6.29293,-4.42195,,,,,,,,,,,,,,,,,,,,,,,,,,,,,,,,,,,,,,,,,,,,,,,,,,,High,High,High,,,,,,v3
97,11/3/2022,3,3,1000093990,Right,T_B,1000051953,Right,T_A,4,Top,1,0,2,0-2,Slider,Slider,BallCalled,Undefined,Undefined,,Undefined,0,0,80.35269,-0.118335,-4.856216,2583.086193,67.07302,8:15,6.10012,1.65424,4.89669,-47.0414,-1.91469,-7.72119,2.06768,-3.59349,74.21586,-8.546518,-6.208497,0.483491,,,,,,,,,,,,2.49106,-0.51283,-1.17079,50,6.04881,10.19975,-116.22499,-1.99121,3.41276,21.4609,-32.87663,77.95898,,6.13683,,,,1000064885,Right,55.60361,-117.25513,10.73045,6.10652,-0.41311,-16.43832,-1.65646,10.03594,1.70638,,,,,,,,,,,,,,,,,,,,,,,,,,,,,,,,,,,,,,,,,,,,,,,,,,,High,High,High,,,,,,v3
98,11/3/2022,3,4,1000093990,Right,T_B,1000051953,Right,T_A,4,Top,1,1,2,1-2,Slider,Slider,BallCalled,Undefined,Undefined,,Undefined,0,0,80.40228,-0.485989,-3.128748,2502.774525,92.898848,9:00,6.03859,1.6302,4.80803,-43.00774,1.76228,-9.71508,1.99349,-2.14652,74.6229,-8.197625,-4.834446,0.481576,,,,,,,,,,,,4.00646,1.36406,-1.30982,50,5.95277,6.78375,-116.59424,-2.59621,5.55924,20.27968,-30.28135,78.26891,,5.77939,,,,1000064885,Right,55.69266,-117.58022,10.13984,6.04321,-1.12397,-15.14067,-1.63307,6.51347,2.77962,,,,,,,,,,,,,,,,,,,,,,,,,,,,,,,,,,,,,,,,,,,,,,,,,,,High,High,High,,,,,,v3
99,11/3/2022,3,5,1000093990,Right,T_B,1000051953,Right,T_A,4,Top,1,2,2,2-2,Slider,Curveball,StrikeCalled,Strikeout,Undefined,,Undefined,0,0,80.24185,0.746597,-1.576416,2454.646923,29.540434,7:00,6.04238,1.70156,5.0519,-51.55251,-6.67414,-4.58398,2.4508,-0.1676,73.67991,-8.556594,-2.387451,0.482159,,,,,,,,,,,,1.82984,-3.13099,-1.54759,50,6.07207,3.3951,-116.42633,-0.38806,2.50397,22.47942,-36.45854,78.17437,,6.56193,,,,1000064885,Right,55.44899,-117.4737,11.23971,6.05058,1.31063,-18.22927,-1.70306,3.27844,1.25198,,,,,,,,,,,,,,,,,,,,,,,,,,,,,,,,,,,,,,,,,,,,,,,,,,,High,High,High,,,,,,v3
100,11/3/2022,4,1,1000093990,Right,T_B,1000194300,Left,T_A,4,Top,2,0,0,0-0,Slider,Curveball,BallCalled,Undefined,Undefined,,Undefined,0,0,78.73742,-0.26049,-2.696845,2378.584868,51.501284,7:45,6.07016,1.81107,4.90948,-53.44916,-5.96036,-9.57288,1.36947,-1.53878,71.79529,-9.871539,-4.384746,0.495983,,,,,,,,,,,,3.87091,-2.40693,-1.53895,50,5.99987,5.76769,-113.98737,-2.48053,5.01415,23.97703,-35.29183,75.99539,,6.94213,,,,1000064885,Right,55.59,-115.15721,11.98852,6.07888,-0.75864,-17.64592,-1.81439,5.52305,2.50707,,,,,,,,,,,,,,,,,,,,,,,,,,,,,76.73231,,1.545626,,1.33295,1.35482,1.5452,-0.71683,6.01784,1.72869,,,,-0.59525,110.74754,-9.94847,6.03883,8.69024,-11.85568,1.71449,-1.13472,0.88913,High,High,High,,,High,High,High,v3
101,11/3/2022,4,2,1000093990,Right,T_B,1000194300,Left,T_A,4,Top,2,1,0,1-0,Fastball,Four-Seam,StrikeCalled,Undefined,Undefined,,Undefined,0,0,89.23569,-1.975458,-2.155773,2216.846167,213.268217,1:00,6.19958,1.81532,5.24573,-19.58966,16.27509,9.94764,2.7086,0.61742,81.8754,-5.618725,-0.392606,0.431028,,,,,,,,,,,,-5.545,8.99875,-1.62497,50,6.00379,4.4191,-129.42009,-5.14474,-9.44731,25.86342,-16.84236,87.44781,,7.36029,,,,1000064885,Right,55.25284,-130.4656,12.93171,6.19801,-4.4639,-8.42118,-1.81133,4.801,-4.72366,,,,,,,,,,,,,,,,,,,,,,,,,,,,,,,,,,,,,,,,,,,,,,,,,,,High,High,High,,,,,,v3
102,11/3/2022,4,3,1000093990,Right,T_B,1000194300,Left,T_A,4,Top,2,1,1,1-1,Fastball,Four-Seam,FoulBall,Undefined,Undefined,,Undefined,0,0,89.48344,-3.132926,-2.314017,2230.518453,200.766257,12:45,6.17105,1.61142,5.41566,-17.95237,17.79922,6.29583,1.73478,-0.03286,81.63736,-6.500085,-1.19489,0.430347,82.5284,51.978828,-35.411214,,,,,,185.69935,,,-3.84603,10.22174,-1.4103,50,5.88009,4.9572,-129.59073,-7.68402,-6.52014,27.86095,-14.84516,87.58612,92.2483,7.84607,1.40462,1.72188,0.03646,1000064885,Right,55.08273,-130.67891,13.93047,6.16888,-7.10421,-7.42258,-1.60889,5.21186,-3.26007,143.131055,1.40462,60.76402,-19.8213,6.31707,-1.64506,0.35911,-0.05378,-0.00018,0.00116,1.72188,95.35442,-26.67289,2.90473,-0.3329,-0.02669,0.03571,-0.01334,0.00213,0.03646,-43.20066,-1.29811,1.89357,-0.7736,0.24625,-0.06765,0.01392,-0.00149,,,,,,,,,,,,,,,,,,,,,,,High,High,High,High,Low,,,,v3
103,11/3/2022,4,4,1000093990,Right,T_B,1000194300,Left,T_A,4,Top,2,1,2,1-2,Slider,Slider,InPlay,Undefined,GroundBall,GroundBall,Out,1,0,81.59899,0.603005,-1.993972,2373.596871,72.989795,8:30,6.01559,1.65367,4.87771,-45.59353,-2.1278,-11.17221,2.78705,-1.16477,75.25948,-7.603947,-3.961036,0.474509,56.1413,-69.50896,15.724299,,,,,2.58396,2.15599,34.723429,0.034908,5.00233,-0.85681,-1.44769,50,6.03599,4.60018,-118.40309,-0.48253,7.12241,21.9783,-33.39401,79.43453,2.7093,6.33951,1.14919,2.7093,1.19747,1000064885,Right,55.62338,-119.44235,10.98915,6.02147,1.09654,-16.69701,-1.65725,4.26339,3.5612,,1.14822,27.91922,,,,,,,,2.71201,-77.6135,,,,,,,,1.19719,7.86052,,,,,,,,,,,,,,,,,,,,,,,,,,,,,,High,High,High,Low,Low,,,,v3
104,11/3/2022,1,1,1000097859,Right,T_A,1000058463,Right,T_B,4,Bottom,0,0,0,0-0,Curveball,Curveball,BallCalled,Undefined,Undefined,,Undefined,0,0,76.21716,2.751942,-1.488086,2336.557119,30.767323,7:00,5.76001,1.80441,4.63641,-54.96739,-5.14646,-3.85937,3.79772,0.06821,70.764,-7.083644,-2.164434,0.508016,,,,,,,,,,,,1.53327,-2.74425,-1.64818,50,5.99135,3.03319,-110.60531,3.28343,1.92702,17.0388,-35.623,74.19539,,5.45316,,,,8886145,Right,55.86575,-111.50527,8.5194,5.76823,5.16497,-17.8115,-1.8057,2.93141,0.96351,,,,,,,,,,,,,,,,,,,,,,,,,,,,,,,,,,,,,,,,,,,,,,,,,,,High,High,High,,,,,,v3
105,11/3/2022,1,2,1000097859,Right,T_A,1000058463,Right,T_B,4,Bottom,0,1,0,1-0,Fastball,Four-Seam,BallCalled,Undefined,Undefined,,Undefined,0,0,90.17367,-3.734114,-3.568191,1853.271615,211.600078,1:00,5.94392,1.33983,5.44615,-17.07761,18.16895,10.44957,1.01292,-1.13446,82.30673,-6.941555,-1.712748,0.427297,,,,,,,,,,,,-6.30071,10.57666,-1.03183,50,5.60165,7.66603,-130.39346,-9.07775,-10.82615,27.92716,-14.00071,88.21138,,7.86694,,,,8886145,Right,55.05273,-131.47118,13.96358,5.94154,-8.53746,-7.00035,-1.33572,8.08382,-5.41308,,,,,,,,,,,,,,,,,,,,,,,,,,,,,,,,,,,,,,,,,,,,,,,,,,,High,High,High,,,,,,v3
106,11/3/2022,1,3,1000097859,Right,T_A,1000058463,Right,T_B,4,Bottom,0,2,0,2-0,Fastball,Four-Seam,InPlay,Undefined,GroundBall,GroundBall,Error,0,0,88.00887,-1.418219,-3.718618,1990.284693,202.739153,12:45,5.95677,1.3908,5.23281,-19.65749,17.24875,6.75744,2.98245,-1.54644,80.81595,-5.075583,-2.524587,0.437241,55.98128,-15.525139,12.982552,,,,,11.05093,10.53946,18.835351,0.084227,-4.37756,9.35182,-1.0534,50,5.81169,7.99189,-127.53474,-3.83464,-7.25284,24.76561,-16.67974,86.20509,1.85864,7.19291,3.93956,1.85864,2.06471,8886145,Right,55.26704,-128.55346,12.3828,5.95531,-3.14853,-8.33987,-1.38828,8.29023,-3.62642,180,3.93526,77.40484,,,,,,,,1.85986,-22.0669,,,,,,,,2.06372,17.84549,,,,,,,,,,,,,,,,,,,,,,,,,,,,,,High,High,High,Low,Low,,,,v3
107,11/3/2022,2,1,1000097859,Right,T_A,1000079407,Left,T_B,4,Bottom,0,0,0,0-0,Fastball,Changeup,InPlay,Undefined,FlyBall,FlyBall,Out,1,0,87.544,-1.477808,-2.872898,1854.670395,214.44303,1:15,5.97366,1.75872,5.39742,-20.25422,16.85383,10.76064,2.89888,-0.03905,80.19508,-5.261213,-0.962114,0.438435,90.59107,41.419316,-16.893066,4214.671656,101.23545,87.07611,-43.02758,319.18807,293.71632,-33.75373,5.403685,-6.21339,9.23319,-1.51027,50,5.8278,5.90488,-126.95756,-3.94978,-10.17141,25.2653,-17.05923,85.97038,108.81542,7.34892,1.84483,2.86921,0.05812,8886145,Right,55.10194,-127.96885,12.63265,5.97223,-3.26696,-8.52962,-1.75477,6.31201,-5.0857,148.917394,1.84892,95.26299,-22.82369,5.75486,-1.15914,0.20591,-0.03154,0.00333,-0.00016,2.87084,87.85735,-21.04636,1.20729,0.20535,-0.18177,0.0485,-0.00598,0.00028,0.05874,-28.9645,-2.65828,0.88644,-0.21064,0.03774,-0.00461,0.00034,-1.00E-05,,,,,,,,,,,,,,,,,,,,,,,High,High,High,High,Medium,,,,v3
108,11/3/2022,3,1,1000097859,Right,T_A,1000187798,Right,T_B,4,Bottom,1,0,0,0-0,Fastball,Four-Seam,BallCalled,Undefined,Undefined,,Undefined,0,0,90.28559,-1.704642,-2.285749,2071.949761,211.103127,1:00,6.02018,1.43579,5.37602,-15.55328,19.29966,10.99197,3.12425,0.20779,82.73488,-4.642455,-0.333585,0.424904,,,,,,,,,,,,-6.10768,10.46083,-1.23897,50,5.85666,4.72462,-130.97356,-4.39145,-10.65953,26.43334,-13.91707,88.70807,,7.5507,,,,8886145,Right,55.1222,-132.00329,13.21667,6.01718,-3.8493,-6.95854,-1.43111,5.13987,-5.32976,,,,,,,,,,,,,,,,,,,,,,,,,,,,,77.30995,1.531764,0.664064,0.8677,-1.69687,2.86586,-0.19274,-2.66665,5.81854,-2.32375,64.68836,8.78074,-60.09925,-2.59311,81.85832,-4.94271,5.89294,14.96235,-13.37366,-2.52738,-74.12952,8.87215,High,High,High,,,High,High,High,v3
109,11/3/2022,3,2,1000097859,Right,T_A,1000187798,Right,T_B,4,Bottom,1,1,0,1-0,Fastball,Four-Seam,StrikeCalled,Undefined,Undefined,,Undefined,0,0,90.59181,-2.465576,-3.41508,2004.501095,209.965851,1:00,5.99128,1.29739,5.29245,-18.37221,16.41091,8.84327,2.13967,-1.17605,83.20953,-5.885002,-1.849184,0.424478,,,,,,,,,,,,-5.30642,9.183,-0.99288,50,5.75323,7.42272,-131.22677,-6.29364,-9.31098,26.14242,-16.061,88.79708,,7.38228,,,,8886145,Right,55.20587,-132.25979,13.07121,5.98939,-5.65899,-8.0305,-1.29346,7.79065,-4.65549,,,,,,,,,,,,,,,,,,,,,,,,,,,,,,,,,,,,,,,,,,,,,,,,,,,High,High,High,,,,,,v3
110,11/3/2022,3,3,1000097859,Right,T_A,1000187798,Right,T_B,4,Bottom,1,1,1,1-1,Fastball,Sinker,InPlay,Undefined,GroundBall,GroundBall,Out,1,0,89.99604,-1.026405,-2.821183,1918.364225,224.263066,1:30,6.02568,1.37995,5.37254,-21.35974,13.71316,12.31725,3.28213,-0.24075,82.54079,-4.993561,-0.634519,0.426243,68.09732,-54.851372,19.435574,,,,,3.562,2.37494,16.282421,0.038878,-6.96024,7.48906,-1.13611,50,5.91867,5.88289,-130.56678,-3.09572,-12.0718,26.27831,-19.18508,88.42947,3.19074,7.45525,1.30062,3.19074,0.25116,8886145,Right,55.12717,-131.59465,13.13915,6.02509,-2.34531,-9.59254,-1.37545,6.35508,-6.0359,,1.29893,54.49203,,,,,,,,3.19328,-82.07133,,,,,,,,0.25056,19.22771,,,,,,,,,,,,,,,,,,,,,,,,,,,,,,High,High,High,Low,Low,,,,v3
111,11/3/2022,4,1,1000097859,Right,T_A,1000055244,Left,T_B,4,Bottom,2,0,0,0-0,ChangeUp,Changeup,BallCalled,Undefined,Undefined,,Undefined,0,0,81.93457,1.257351,-0.914122,1570.98966,257.631782,2:30,5.60044,1.85745,4.88395,-38.11671,4.97469,16.70753,3.61394,2.38484,75.15754,-5.667197,2.029369,0.472462,,,,,,,,,,,,-8.45595,2.52697,-1.78248,50,5.69188,1.16219,-118.88959,1.18481,-12.14296,22.08738,-28.54529,79.77879,,6.77703,,,,8886145,Right,55.61532,-119.92827,11.04369,5.6046,2.52719,-14.27264,-1.85056,1.73323,-6.07148,,,,,,,,,,,,,,,,,,,,,,,,,,,,,,,,,,,,,,,,,,,,,,,,,,,High,High,High,,,,,,v3
112,11/3/2022,4,2,1000097859,Right,T_A,1000055244,Left,T_B,4,Bottom,2,1,0,1-0,Fastball,Four-Seam,FoulBall,Undefined,Undefined,LineDrive,Undefined,0,0,90.57478,-2.923154,-2.486099,1930.045728,213.221212,1:00,5.95817,1.56418,5.25026,-17.33576,17.37367,10.69764,1.76171,0.11804,83.48698,-6.148219,-0.590454,0.424028,82.30104,13.106849,-41.280863,4067.683696,75.25058,14.40708,-80.23294,189.81621,189.81621,-51.020259,2.009908,-6.01154,9.76493,-1.34434,50,5.67702,5.21758,-131.32633,-7.31089,-10.59322,25.46325,-14.96682,88.89129,14.55351,7.0878,0.72777,1.69314,-0.07156,8886145,Right,55.24995,-132.34034,12.73163,5.95629,-6.71487,-7.48341,-1.56052,5.63943,-5.29661,114.069694,0.72777,88.34719,-21.25041,4.83871,-1.04913,0.19896,-0.03457,0.00469,-0.00031,1.69314,27.3726,-14.95706,0.35908,0.09955,-0.04448,0.01284,-0.00184,0.00011,-0.07156,-77.56247,1.3881,0.83855,-0.41043,0.12462,-0.02881,0.0045,-0.00035,,,,,,,,,,,,,,,,,,,,,,,High,High,High,High,High,,,,v3
113,11/3/2022,4,3,1000097859,Right,T_A,1000055244,Left,T_B,4,Bottom,2,1,1,1-1,Fastball,Sinker,BallCalled,Undefined,Undefined,,Undefined,0,0,89.28416,-3.159903,-3.848249,2098.846331,223.351378,1:30,5.94248,1.50838,5.44005,-21.34974,14.9043,12.83579,1.1948,-1.03079,80.84477,-7.146908,-1.569184,0.433361,,,,,,,,,,,,-7.62252,8.85272,-1.17663,50,5.64779,8.09512,-129.00168,-7.85707,-12.70899,29.48516,-17.41395,86.97705,,8.43939,,,,8886145,Right,55.05646,-130.15227,14.74258,5.94114,-7.17753,-8.70698,-1.5022,8.59106,-6.35449,,,,,,,,,,,,,,,,,,,,,,,,,,,,,,,,,,,,,,,,,,,,,,,,,,,High,High,High,,,,,,v3
114,11/3/2022,4,4,1000097859,Right,T_A,1000055244,Left,T_B,4,Bottom,2,2,1,2-1,Fastball,Four-Seam,InPlay,Undefined,GroundBall,GroundBall,Out,1,0,90.69982,-2.66061,-1.527819,2223.693206,217.561624,1:15,5.91764,1.70198,5.32712,-18.0493,17.18666,12.22481,1.91429,1.28676,81.83673,-6.064109,0.643622,0.427233,60.84263,-34.547942,-50.143035,,,,,4.62644,2.05923,-47.458832,0.037513,-6.62485,9.83855,-1.57305,50,5.66448,2.93669,-131.29255,-6.70067,-11.39771,31.5201,-15.24737,88.22461,1.9054,8.86309,1.35447,1.9054,-1.28433,8886145,Right,55.16977,-132.52787,15.76005,5.91537,-6.1031,-7.62368,-1.6969,3.38338,-5.69886,,1.35342,47.27791,,,,,,,,1.90653,-50.7924,,,,,,,,-1.28307,-56.63013,,,,,,,,,,,,,,,,,,,,,,,,,,,,,,High,High,High,Low,Low,,,,v3
115,11/3/2022,1,1,1000064440,Left,T_B,1000069979,Right,T_A,5,Top,0,0,0,0-0,Curveball,Slider,StrikeCalled,Undefined,Undefined,,Undefined,0,0,80.42758,0.937351,2.711513,2424.89014,285.918068,3:30,5.6177,-2.50528,5.07829,-46.18896,-1.44508,10.02721,2.65331,0.88833,73.70165,-7.425934,4.481032,0.481436,,,,,,,,,,,,-4.19563,-0.55472,2.23994,50,5.67018,-5.94171,-116.56763,0.22454,-5.75237,22.6395,-32.93459,78.29176,,6.72594,,,,1000064885,Right,55.42108,-117.61578,11.31975,5.62449,1.74933,-16.4673,2.50886,-5.67539,-2.87618,,,,,,,,,,,,,,,,,,,,,,,,,,,,,,,,,,,,,,,,,,,,,,,,,,,High,High,High,,,,,,v3
116,11/3/2022,1,2,1000064440,Left,T_B,1000069979,Right,T_A,5,Top,0,0,0,0-0,Curveball,Slider,FoulBall,Undefined,Undefined,GroundBall,Undefined,0,0,80.95659,1.315954,2.68655,2418.96529,261.288465,2:45,5.68394,-2.54309,5.23197,-41.59675,2.4365,6.49756,3.45613,0.52558,73.78295,-6.278779,3.83592,0.477597,68.8205,-0.891968,126.91744,3462.639852,,,,37.99472,32.61272,128.861399,0.401245,-2.45276,1.2478,2.29051,50,5.77428,-5.7737,-117.29455,1.22648,-3.39581,23.47247,-30.44649,78.92098,3.35761,7.17364,0.16517,3.35761,-0.68253,1000064885,Right,55.26638,-118.34374,11.73624,5.68904,2.5874,-15.22325,2.5452,-5.62191,-1.69791,,0.16622,-60.65674,2.06014,,,,,,,3.36188,-1.71288,-16.6382,,,,,,,-0.67725,80.51314,-12.72146,,,,,,,,,,,,,,,,,,,,,,,,,,,,,High,High,High,Medium,Medium,,,,v3
117,11/3/2022,1,3,1000064440,Left,T_B,1000069979,Right,T_A,5,Top,0,0,2,0-2,Curveball,Slider,InPlay,Undefined,LineDrive,LineDrive,Out,1,0,80.32216,-0.852769,1.802414,2421.490813,287.873222,3:30,5.75793,-2.6413,5.15603,-45.23349,-0.60465,6.25044,1.18529,-0.42321,73.90392,-9.032324,2.910559,0.480816,91.93146,18.673208,-16.294098,1587.020054,104.78485,28.94196,-33.46833,297.29452,282.24877,-21.113997,3.153186,-2.63906,0.26811,2.46779,50,5.64314,-3.91801,-116.53594,-3.34304,-3.61716,22.57622,-31.80659,78.39258,33.08062,6.41824,3.38214,1.50008,0.51766,1000064885,Right,55.345,-117.56685,11.28811,5.76263,-1.89063,-15.9033,2.64293,-3.75283,-1.80858,139.682293,3.382,122.6093,-20.39468,5.01127,-1.16449,0.26528,-0.05607,0.00823,-0.00051,1.50016,43.16681,-15.34175,0.23131,0.19087,-0.06822,0.01039,0.00107,-0.00035,0.51769,-35.83922,-0.74859,1.08901,-0.41299,0.10716,-0.02088,0.00263,-0.00015,,,,,,,,,,,,,,,,,,,,,,,High,High,High,High,High,,,,v3
118,11/3/2022,2,1,1000064440,Left,T_B,8886045,Right,T_A,5,Top,1,0,0,0-0,ChangeUp,Changeup,BallCalled,Undefined,Undefined,,Undefined,0,0,82.50241,-2.052004,1.27085,1443.412293,134.342129,10:30,5.72884,-2.13598,5.70437,-29.60293,11.55131,-10.54178,1.34867,-1.83014,76.11971,-7.514731,-0.616628,0.46172,,,,,,,,,,,,5.7237,6.80111,2.0362,50,5.5383,-2.24473,-119.81247,-5.24276,8.36089,22.08416,-22.23932,81.63485,,6.3827,,,,1000064885,Right,54.79528,-120.69311,11.04208,5.72968,-4.35593,-11.11966,2.13236,-2.57814,4.18045,,,,,,,,,,,,,,,,,,,,,,,,,,,,,,,,,,,,,,,,,,,,,,,,,,,High,High,High,,,,,,v3
119,11/3/2022,2,2,1000064440,Left,T_B,1000102964,Right,T_A,5,Top,1,1,0,1-0,Fastball,Changeup,BallCalled,Undefined,Undefined,,Undefined,0,0,88.79394,-2.176032,0.564829,1700.621937,158.989539,11:15,5.81166,-2.17503,6.14756,-19.428,15.66587,-5.58792,2.18089,-2.11876,81.29768,-5.850711,-0.443432,0.426371,,,,,,,,,,,,3.03914,9.04386,2.13482,50,5.6359,-1.0432,-128.96049,-5.46735,5.11743,26.84755,-16.94563,88.403,,7.49627,,,,1000064885,Right,54.35021,-129.86298,13.42378,5.81011,-4.89772,-8.47281,2.17278,-1.21523,2.55871,,,,,,,,,,,,,,,,,,,,,,,,,,,,,,,,,,,,,,,,,,,,,,,,,,,High,High,High,,,,,,v3
120,11/3/2022,2,3,1000064440,Left,T_B,1000102964,Right,T_A,5,Top,1,2,0,2-0,Fastball,Four-Seam,StrikeSwinging,Undefined,Undefined,,Undefined,0,0,88.87929,-1.346404,2.818773,1677.913617,186.011411,12:15,5.81816,-1.9896,5.82134,-22.10915,13.43044,1.29559,2.72221,0.74114,81.31421,-5.480937,3.050539,0.429069,,,,,,,,,,,,0.12697,7.5791,1.75814,50,5.69486,-6.4026,-128.92052,-3.74832,0.21355,26.92573,-19.42477,87.84697,,7.56508,,,,1000064885,Right,54.67643,-129.89355,13.46287,5.81763,-3.04636,-9.71239,1.98965,-6.41032,0.10677,,,,,,,,,,,,,,,,,,,,,,,,,,,,,,,,,,,,,,,,,,,,,,,,,,,High,High,High,,,,,,v3
121,11/3/2022,2,4,1000064440,Left,T_B,1000102964,Right,T_A,5,Top,1,2,1,2-1,ChangeUp,Changeup,BallCalled,Undefined,Undefined,,Undefined,0,0,77.64816,2.269135,1.407926,1151.329931,133.045583,10:30,5.83905,-1.98616,5.64472,-40.25443,6.18784,-5.19945,4.6029,-1.10588,71.51201,-5.14185,0.479806,0.490488,,,,,,,,,,,,2.98244,2.99579,1.86999,50,6.00612,-2.5727,-112.7492,3.19243,3.87298,18.80893,-28.28373,76.84687,,6.13616,,,,1000064885,Right,54.85398,-113.55606,9.40447,5.84315,4.40574,-14.14186,1.98392,-2.73884,1.93649,,,,,,,,,,,,,,,,,,,,,,,,,,,,,,,,,,,,,,,,,,,,,,,,,,,High,High,High,,,,,,v3
122,11/3/2022,2,5,1000064440,Left,T_B,1000102964,Right,T_A,5,Top,1,3,1,3-1,Fastball,Changeup,InPlay,Undefined,FlyBall,LineDrive,Out,1,0,86.86761,-0.827683,1.606485,1501.410146,162.152304,11:30,5.67604,-2.13999,5.95833,-27.22084,9.50272,-2.70748,2.63975,-0.87549,79.96667,-5.88764,1.119876,0.436158,80.96532,24.466745,6.261482,3235.853758,108.22515,40.27177,19.67947,269.94529,264.08727,15.642051,3.69828,1.82843,5.42469,2.01399,50,5.59494,-3.43427,-126.25953,-2.70683,2.96548,24.56721,-23.37581,86.41922,44.67929,6.90094,2.94466,2.88893,0.89172,1000064885,Right,54.54199,-127.14022,12.28361,5.67696,-1.86885,-11.68791,2.13901,-3.54057,1.48274,218.016705,2.94421,107.45365,-18.75981,4.18364,-1.0075,0.29415,-0.08167,0.01411,-0.001,2.88952,49.16588,-15.17378,0.2492,0.27318,-0.18945,0.06839,-0.01181,0.00077,0.89154,11.79666,5.22854,-1.71624,0.3643,-0.04813,0.00509,-0.00062,5.00E-05,,,,,,,,,,,,,,,,,,,,,,,High,High,High,High,High,,,,v3
123,11/3/2022,3,1,1000064440,Left,T_B,1000069979,Right,T_A,5,Top,2,0,0,0-0,Fastball,Four-Seam,StrikeCalled,Undefined,Undefined,,Undefined,0,0,89.32229,-2.372466,1.975862,1591.01201,173.987134,11:45,5.78943,-1.89921,6.2714,-24.46139,10.09414,-0.9485,1.56135,-0.15607,81.95402,-6.947347,1.804395,0.423087,,,,,,,,,,,,1.04701,6.24225,1.75355,50,5.60189,-4.43656,-129.6876,-6.13714,1.78219,27.26051,-21.54874,89.08899,,7.36827,,,,1000064885,Right,54.2276,-130.57323,13.63025,5.78989,-5.43707,-10.77437,1.89862,-4.49446,0.8911,,,,,,,,,,,,,,,,,,,,,,,,,,,,,,,,,,,,,,,,,,,,,,,,,,,High,High,High,,,,,,v3
124,11/3/2022,3,2,1000064440,Left,T_B,8886045,Right,T_A,5,Top,2,0,1,0-1,Curveball,Slider,InPlay,Undefined,GroundBall,GroundBall,Single,0,0,81.36633,-0.586518,2.746161,2350.159408,273.1462,3:00,5.74419,-2.22423,5.15743,-42.2499,1.09618,3.97969,1.67062,0.69436,75.04615,-8.231825,3.450398,0.473856,102.3833,6.708955,-19.851204,1154.302128,,,,120.22299,120.22299,-21.707503,0.882005,-1.25874,1.02291,1.96438,50,5.65658,-5.82282,-118.02997,-2.72409,-1.77853,22.12715,-30.72873,79.54409,5.04912,6.32018,2.93394,1.8067,-0.33397,1000064885,Right,55.34369,-119.02754,11.06358,5.74817,-1.33874,-15.36437,2.22509,-5.74264,-0.88927,52.088182,3.01738,138.97993,-17.96675,,,,,,,1.89125,16.2312,-20.93247,,,,,,,-0.31382,-50.961,0.99941,,,,,,,,,,,,,,,,,,,,,,,,,,,,,High,High,High,High,High,,,,v3
125,11/3/2022,4,1,1000064440,Left,T_B,691273,Right,T_A,5,Top,2,0,0,0-0,Fastball,Cutter,StrikeCalled,Undefined,Undefined,,Undefined,0,0,86.05085,-0.725577,2.633629,1656.214344,198.95075,12:45,5.87999,-2.33237,5.88964,-26.74714,10.91197,3.35425,2.9766,0.39426,79.0647,-5.698353,3.234579,0.441679,,,,,,,,,,,,-1.00598,6.14075,2.11808,50,5.80606,-5.8826,-124.91879,-2.44532,-1.59456,24.4235,-22.44035,85.33903,,6.98615,,,,1000064885,Right,54.60847,-125.81659,12.21175,5.88079,-1.62042,-11.22018,2.33324,-5.82398,-0.79728,,,,,,,,,,,,,,,,,,,,,,,,,,,,,,,,,,,,,,,,,,,,,,,,,,,High,High,High,,,,,,v3
126,11/3/2022,4,2,1000064440,Left,T_B,691273,Right,T_A,5,Top,2,0,1,0-1,Curveball,Slider,InPlay,Undefined,GroundBall,GroundBall,Error,0,0,80.58856,-1.269462,2.017753,2417.763486,256.636527,2:30,5.78324,-2.60229,5.5215,-40.89959,2.59784,5.453,1.18713,-0.2606,74.52884,-8.714561,2.990573,0.474682,80.46929,-15.50804,-16.505701,,,,,6.79019,4.02749,-8.158233,0.040267,-2.23732,2.00665,2.42282,50,5.64506,-4.33331,-117.01118,-3.97177,-3.11084,21.48083,-29.38396,79.40559,1.27235,6.05972,2.32499,1.27235,0.3392,1000064885,Right,54.97922,-117.92171,10.74041,5.78701,-2.72622,-14.69198,2.60371,-4.20145,-1.55542,,2.32406,109.18238,,,,,,,,1.27262,-31.59754,,,,,,,,0.33947,-32.35311,,,,,,,,,,,,,,,,,,,,,,,,,,,,,,High,High,High,Low,Low,,,,v3
127,11/3/2022,5,1,1000064440,Left,T_B,1000110361,Right,T_A,5,Top,2,1,0,1-0,Curveball,Slider,InPlay,Undefined,Popup,,Out,1,0,82.17632,-0.69984,2.759857,2298.631625,201.79547,12:45,5.8603,-2.48869,5.38874,-36.11447,6.00611,1.88713,2.19403,0.25729,75.64734,-7.296643,3.095043,0.467109,,,,,,,,,,,,-0.20756,3.55713,2.24056,50,5.77212,-5.82284,-119.22491,-2.70137,-0.29935,22.50191,-27.04397,80.69296,,6.52898,,,,1000064885,Right,55.11161,-120.18578,11.25095,5.86282,-1.54656,-13.52199,2.48893,-5.81005,-0.14968,,,,,,,,,,,,,,,,,,,,,,,,,,,,,,,,,,,,,,,,,,,,,,,,,,,High,High,High,,,,,,v3
128,11/3/2022,1,1,1000187700,Left,T_A,1000094105,Right,T_B,5,Bottom,0,0,0,0-0,Curveball,Curveball,StrikeCalled,Undefined,Undefined,,Undefined,0,0,66.90871,4.191911,0.889955,2088.063032,315.470333,4:30,5.81782,-1.74709,4.28846,-80.01878,-12.57839,14.69087,3.16667,0.32843,60.85263,-10.072229,3.449092,0.59106,,,,,,,,,,,,-6.7363,-6.60489,1.63448,50,6.19173,-2.07219,-96.66704,4.35437,-6.28218,17.09614,-38.33367,63.77093,,6.05608,,,,8886145,Right,56.21372,-97.75979,8.54807,5.8351,6.8046,-19.16684,1.7541,-1.67064,-3.14109,,,,,,,,,,,,,,,,,,,,,,,,,,,,,,,,,,,,,,,,,,,,,,,,,,,High,High,High,,,,,,v3
129,11/3/2022,1,2,1000187700,Left,T_A,1000094105,Right,T_B,5,Bottom,0,0,1,0-1,Fastball,Changeup,BallCalled,Undefined,Undefined,,Undefined,0,0,84.33105,-0.25579,2.130655,2060.825113,153.787543,11:15,6.28454,-1.14093,5.05179,-23.05108,17.81914,-8.08414,4.1222,0.19584,76.43617,-4.558232,0.703564,0.460124,,,,,,,,,,,,4.60626,9.3041,0.94461,50,6.24252,-4.17821,-122.14642,-1.31383,6.91448,25.49778,-18.20761,81.91801,,7.89487,,,,8886145,Right,55.44303,-123.2774,12.74889,6.28288,-0.50621,-9.10381,1.13674,-4.48491,3.45724,,,,,,,,,,,,,,,,,,,,,,,,,,,,,,,,,,,,,,,,,,,,,,,,,,,High,High,High,,,,,,v3
130,11/3/2022,1,3,1000187700,Left,T_A,1000094105,Right,T_B,5,Bottom,0,1,1,1-1,Curveball,Curveball,StrikeCalled,Undefined,Undefined,,Undefined,0,0,69.43514,3.058387,0.778187,2187.462194,326.655645,5:00,5.80378,-1.82087,4.59793,-79.54154,-17.21328,12.86477,2.08708,-0.00865,62.82748,-11.186709,3.037493,0.568217,,,,,,,,,,,,-5.97654,-8.74977,1.7279,50,6.04537,-1.86399,-100.41116,2.63171,-5.94921,20.04664,-40.8838,66.33463,,6.60766,,,,8886145,Right,55.90449,-101.58313,10.02332,5.82165,5.02186,-20.4419,1.82671,-1.51619,-2.9746,,,,,,,,,,,,,,,,,,,,,,,,,,,,,,,,,,,,,,,,,,,,,,,,,,,High,High,High,,,,,,v3
131,11/3/2022,1,4,1000187700,Left,T_A,1000094105,Right,T_B,5,Bottom,0,1,2,1-2,Curveball,Curveball,BallCalled,Undefined,Undefined,,Undefined,0,0,65.46383,3.59879,2.036446,2154.495375,316.402573,4:30,5.91286,-1.84351,4.37535,-82.30532,-11.99398,13.76851,2.49746,1.2494,59.71892,-11.069833,4.438155,0.60351,,,,,,,,,,,,-6.10544,-6.57804,1.61052,50,6.21579,-3.85708,-94.60994,3.30405,-5.44032,16.71091,-38.0355,62.45542,,5.74492,,,,8886145,Right,56.12824,-95.68624,8.35545,5.92409,5.75382,-19.01775,1.84766,-3.50669,-2.72016,,,,,,,,,,,,,,,,,,,,,,,,,,,,,,,,,,,,,,,,,,,,,,,,,,,High,High,High,,,,,,v3
132,11/3/2022,1,5,1000187700,Left,T_A,1000094105,Right,T_B,5,Bottom,0,2,2,2-2,Fastball,Changeup,BallCalled,Undefined,Undefined,,Undefined,0,0,83.46964,0.427073,1.639468,2093.947496,153.048119,11:00,6.14293,-1.23026,5.07988,-24.98978,16.3141,-7.6365,4.4632,-0.32076,76.26433,-4.205677,0.290296,0.462559,,,,,,,,,,,,4.22083,8.36871,1.08117,50,6.1642,-3.12871,-121.06439,0.05443,6.27715,23.18042,-19.72829,81.48681,,7.20531,,,,8886145,Right,55.41681,-122.09715,11.59021,6.1422,0.93339,-9.86415,1.2268,-3.40837,3.13858,,,,,,,,,,,,,,,,,,,,,,,,,,,,,,,,,,,,,,,,,,,,,,,,,,,High,High,High,,,,,,v3
133,11/3/2022,1,6,1000187700,Left,T_A,1000094105,Right,T_B,5,Bottom,0,3,2,3-2,Curveball,Curveball,HitByPitch,Walk,Undefined,,Undefined,0,0,66.75317,2.753534,3.553834,2258.826476,320.93626,4:45,5.71334,-1.79952,4.43706,-81.44359,-13.72158,13.0815,1.55999,2.68487,60.95901,-11.730962,5.834387,0.592293,,,,,,,,,,,,-5.27611,-7.2693,1.40863,50,5.92521,-6.45821,-96.41512,1.99755,-4.86628,17.80871,-38.87869,63.6382,,5.79416,,,,8886145,Right,56.06677,-97.52927,8.90436,5.72416,4.42988,-19.43934,1.80315,-6.15377,-2.43314,,,,,,,,,,,,,,,,,,,,,,,,,,,,,,,,,,,,,,,,,,,,,,,,,,,High,High,High,,,,,,v3
134,11/3/2022,2,1,1000187700,Left,T_A,1000103136,Right,T_B,5,Bottom,0,0,0,0-0,Fastball,Changeup,FoulBall,Undefined,Undefined,,Undefined,0,0,83.45313,-1.230673,2.642367,2083.823975,148.963012,11:00,6.22106,-1.53391,5.14297,-23.13033,18.33666,-10.2019,3.13338,0.10563,76.02471,-5.539547,0.838855,0.463471,68.24284,20.109818,161.932644,1635.794587,,,,,47.05677,,,5.84989,9.89418,1.29467,50,6.08851,-5.14095,-120.91253,-3.35893,8.63368,24.2535,-17.57156,81.32641,14.92111,7.42841,0.94162,3.11327,-0.11007,8886145,Right,55.35474,-121.98189,12.12675,6.21953,-2.58418,-8.78578,1.52973,-5.52162,4.31684,318.01005,0.94162,-89.35311,6.38788,0.17614,-0.10053,0.00186,0.66271,-1.32856,0.81389,3.11327,34.41285,-24.37127,2.64304,-0.52467,-0.52955,2.94782,-4.76373,2.66853,-0.11007,29.14882,-7.3236,1.03433,-0.20909,-0.41832,1.97757,-3.13204,1.73916,,,,,,,,,,,,,,,,,,,,,,,High,High,High,High,Low,,,,v3
135,11/3/2022,2,2,1000187700,Left,T_A,1000103136,Right,T_B,5,Bottom,0,0,1,0-1,ChangeUp,Changeup,InPlay,Undefined,GroundBall,GroundBall,Out,2,0,76.67467,-0.556387,2.936905,1605.073294,142.814615,10:45,5.82012,-1.72623,4.75889,-33.87348,15.72143,-10.73095,2.46902,0.16691,70.34135,-6.737587,1.053383,0.506862,59.93694,-11.395263,-20.839398,,,,,14.28929,13.62778,-16.181786,0.131562,6.11674,8.33331,1.4415,50,5.73503,-5.26513,-111.0927,-2.22348,7.66101,19.491,-21.73684,74.36425,2.62082,6.33333,3.37629,2.62082,-0.05554,8886145,Right,55.74018,-112.09528,9.7455,5.82065,-1.10538,-10.86842,1.72246,-5.6592,3.83051,354.110974,3.37648,80.51822,-14.24868,,,,,,,2.62115,-17.40124,-19.18838,,,,,,,-0.05564,-30.6474,6.09754,,,,,,,,,,,,,,,,,,,,,,,,,,,,,High,High,High,Low,Low,,,,v3
136,11/3/2022,3,1,1000187700,Left,T_A,1000180386,Right,T_B,5,Bottom,2,0,0,0-0,Fastball,Four-Seam,StrikeCalled,Undefined,Undefined,,Undefined,0,0,85.27309,-1.008081,1.142304,1990.313849,150.425857,11:00,6.10641,-1.15297,5.08269,-23.06096,16.54103,-8.66843,3.23416,-0.79845,77.96164,-5.28413,-0.390379,0.452929,,,,,,,,,,,,4.6104,8.87142,1.05193,50,5.99331,-2.07855,-123.68826,-2.96935,7.14797,24.48478,-18.41978,83.21934,,7.31145,,,,8886145,Right,55.41449,-124.75549,12.24239,6.10524,-2.16649,-9.20989,1.14931,-2.39011,3.57398,,,,,,,,,,,,,,,,,,,,,,,,,,,,,,,,,,,,,,,,,,,,,,,,,,,High,High,High,,,,,,v3
137,11/3/2022,3,2,1000187700,Left,T_A,1000180386,Right,T_B,5,Bottom,2,0,1,0-1,ChangeUp,Changeup,BallCalled,Undefined,Undefined,,Undefined,0,0,77.43808,0.641165,1.24602,1790.876183,131.264465,10:30,5.55804,-1.74406,4.95865,-35.31211,13.07146,-13.10127,3.22129,-1.65844,70.66144,-5.837677,-1.064979,0.500634,,,,,,,,,,,,6.79697,6.7554,1.63461,50,5.59168,-1.89769,-112.26766,0.07036,8.65695,20.71771,-23.57006,75.2894,,6.77664,,,,8886145,Right,55.53785,-113.285,10.35886,5.5598,1.22777,-11.78503,1.73823,-2.32279,4.32847,,,,,,,,,,,,,,,,,,,,,,,,,,,,,,,,,,,,,,,,,,,,,,,,,,,High,High,High,,,,,,v3
138,11/3/2022,3,3,1000187700,Left,T_A,1000180386,Right,T_B,5,Bottom,2,1,1,1-1,Curveball,Curveball,StrikeCalled,Undefined,Undefined,,Undefined,0,0,66.3381,3.69156,1.927551,1973.159534,326.724166,5:00,5.63667,-1.82843,4.08212,-83.69229,-15.0504,11.3443,2.2134,0.96821,60.95778,-11.104711,3.896663,0.596302,,,,,,,,,,,,-4.82831,-7.59563,1.59903,50,5.9599,-3.66748,-95.92879,3.29697,-4.46425,15.91541,-39.19695,63.21034,,5.38032,,,,8886145,Right,56.42232,-96.98845,7.9577,5.6535,5.90675,-19.59848,1.83332,-3.37025,-2.23212,,,,,,,,,,,,,,,,,,,,,,,,,,,,,,,,,,,,,,,,,,,,,,,,,,,High,High,High,,,,,,v3
139,11/3/2022,3,4,1000187700,Left,T_A,1000180386,Right,T_B,5,Bottom,2,1,2,1-2,Fastball,Four-Seam,BallCalled,Undefined,Undefined,,Undefined,0,0,85.03123,1.851658,1.397109,1963.257857,155.769595,11:15,6.18369,-1.1439,5.27778,-24.48804,14.85048,-6.1641,5.88322,-0.34514,77.92877,-2.693935,0.304389,0.45142,,,,,,,,,,,,3.42918,7.30044,1.021,50,6.33507,-2.7394,-123.38879,3.16071,5.32417,22.91855,-20.83926,83.49755,,7.10246,,,,8886145,Right,55.21964,-124.35452,11.45928,6.18339,4.03883,-10.41963,1.14116,-2.96374,2.66209,,,,,,,,,,,,,,,,,,,,,,,,,,,,,,,,,,,,,,,,,,,,,,,,,,,High,High,High,,,,,,v3
140,11/3/2022,3,5,1000187700,Left,T_A,1000180386,Right,T_B,5,Bottom,2,2,2,2-2,ChangeUp,Changeup,FoulBall,Undefined,Undefined,GroundBall,Undefined,0,0,72.65798,0.548039,2.740937,1731.151453,102.905372,9:30,5.62071,-1.46336,4.47887,-50.67963,4.79437,-13.74646,1.92039,0.00561,67.25702,-8.528106,0.337483,0.536063,92.724,3.429827,-52.614801,4015.127839,,,,77.67771,75.11654,-53.273161,0.598326,7.48398,2.5861,1.1891,50,5.62937,-4.5088,-105.35948,-0.75025,8.47602,16.63263,-29.24516,70.3134,3.19553,5.40096,4.50862,2.41936,-0.20781,8886145,Right,56.02289,-106.30603,8.31632,5.62471,0.91408,-14.62258,1.45942,-4.99116,4.23801,,4.50862,82.42428,-23.37331,5.30923,-1.26094,0.26254,-0.05393,0.01002,-0.00112,2.41936,8.13604,-21.78577,2.69202,-0.5731,0.12615,-0.02608,0.0057,-0.00094,-0.20781,-107.86415,6.62879,0.79165,-0.53611,0.20685,-0.0608,0.01564,-0.0026,,,,,,,,,,,,,,,,,,,,,,,High,High,High,High,High,,,,v3
141,11/3/2022,3,6,1000187700,Left,T_A,1000180386,Right,T_B,5,Bottom,2,2,2,2-2,Curveball,Curveball,InPlay,Undefined,FlyBall,LineDrive,Single,0,0,65.93267,4.286396,0.373567,2083.917719,318.829594,4:45,5.89911,-1.85437,4.2552,-82.05536,-12.6128,13.13674,3.17122,-0.40211,60.05065,-10.328201,2.661733,0.599769,57.26703,37.780834,34.804029,4158.117414,83.86174,39.49715,71.18432,165.95785,165.69027,43.314164,3.316989,-6.26083,-6.91276,1.79883,50,6.28196,-1.10859,-95.27789,4.41795,-5.67806,16.46833,-38.44335,62.8449,42.22125,5.88202,3.0268,3.50999,0.4716,8886145,Right,56.24829,-96.35183,8.23416,5.91211,6.92492,-19.22168,1.85905,-0.73831,-2.83903,219.151774,3.02709,54.50151,-10.43862,2.47339,-0.58263,0.20462,-0.08647,0.02123,-0.00196,3.51015,51.44799,-18.50348,0.96833,0.15981,-0.25317,0.1161,-0.0237,0.00181,0.47162,37.88841,-1.24634,-0.1106,0.11435,-0.04687,0.0112,-0.00092,-3.00E-05,,,,,,,,,,,,,,,,,,,,,,,High,High,High,High,High,,,,v3
142,11/3/2022,4,1,1000187700,Left,T_A,1000187793,Left,T_B,5,Bottom,2,0,0,0-0,Fastball,Changeup,BallCalled,Undefined,Undefined,,Undefined,0,0,84.06302,-1.184518,4.188607,2059.331192,140.825112,10:45,6.25234,-1.17316,5.15238,-28.19053,12.32028,-9.05776,2.78489,2.02218,77.51354,-6.344671,2.590936,0.458096,,,,,,,,,,,,5.57386,6.80804,0.78832,50,6.11986,-8.52777,-121.76705,-3.52069,8.44558,21.85171,-21.85846,82.28059,,6.54948,,,,8886145,Right,55.34671,-122.7228,10.92585,6.25294,-2.56466,-10.92923,1.16938,-8.89716,4.22279,,,,,,,,,,,,,,,,,,,,,,,,,,,,,,,,,,,,,,,,,,,,,,,,,,,High,High,High,,,,,,v3
143,11/3/2022,4,2,1000187700,Left,T_A,1000187793,Left,T_B,5,Bottom,2,1,0,1-0,Curveball,Curveball,FoulBall,Undefined,Undefined,GroundBall,Undefined,0,0,65.35889,2.925474,0.697195,2040.927733,314.333842,4:30,5.76233,-1.64104,4.21886,-81.37548,-10.35627,13.24485,1.78536,0.13042,59.50527,-11.556097,3.006589,0.60654,50.63658,31.720534,-166.967254,4102.415068,,,,102.69966,47.81972,-166.339823,1.924871,-6.19882,-5.40445,1.5495,50,5.99825,-1.63782,-94.49267,2.15486,-5.49353,17.05928,-36.96362,62.14339,19.29641,5.85362,4.31323,2.31347,0.0139,8886145,Right,56.28329,-95.6203,8.52964,5.77506,4.59818,-18.48181,1.64576,-1.27469,-2.74677,356.131268,4.31329,-61.55095,3.43246,0.07816,0.47979,-0.64536,0.43257,-0.1399,0.01727,2.31345,39.04966,-24.24294,2.47509,-0.68917,0.33186,-0.17057,0.05613,-0.00762,0.01392,-14.24755,0.39332,0.26157,0.09097,-0.18279,0.12851,-0.04173,0.00511,,,,,,,,,,,,,,,,,,,,,,,High,High,High,High,High,,,,v3
144,11/3/2022,4,3,1000187700,Left,T_A,1000187793,Left,T_B,5,Bottom,2,1,1,1-1,Curveball,Curveball,BallCalled,Undefined,Undefined,,Undefined,0,0,62.65272,2.973108,2.676859,2059.144001,314.544394,4:30,5.78374,-1.73055,4.17354,-92.32729,-14.58068,17.66694,0.94513,2.30927,57.39243,-13.347746,5.7502,0.634618,,,,,,,,,,,,-7.55815,-7.21591,1.41443,50,6.01535,-4.86791,-90.49373,1.74859,-6.12487,16.00642,-38.02158,59.39393,,5.26029,,,,8886145,Right,56.33037,-91.60659,8.00321,5.80189,4.39208,-19.01079,1.73807,-4.44207,-3.06243,,,,,,,,,,,,,,,,,,,,,,,,,,,,,,,,,,,,,,,,,,,,,,,,,,,High,High,High,,,,,,v3
145,11/3/2022,4,4,1000187700,Left,T_A,1000187793,Left,T_B,5,Bottom,2,2,1,2-1,Fastball,Changeup,StrikeCalled,Undefined,Undefined,,Undefined,0,0,83.69005,-1.31981,3.236961,2014.913451,144.781691,10:45,6.16412,-1.37848,4.96356,-22.45182,18.9954,-12.45024,3.04412,0.64517,76.38482,-5.48988,1.045013,0.463361,,,,,,,,,,,,7.04418,10.15729,1.07573,50,6.01849,-6.3007,-121.18479,-3.54927,10.47725,23.63923,-17.06644,81.3458,,7.30524,,,,8886145,Right,55.53384,-122.2595,11.81962,6.16221,-2.77338,-8.53322,1.373,-6.77703,5.23863,,,,,,,,,,,,,,,,,,,,,,,,,,,,,,,,,,,,,,,,,,,,,,,,,,,High,High,High,,,,,,v3
146,11/3/2022,4,5,1000187700,Left,T_A,1000187793,Left,T_B,5,Bottom,2,2,2,2-2,Curveball,Curveball,InPlay,Undefined,GroundBall,GroundBall,Single,0,0,65.46431,3.634689,2.24979,2125.786129,317.323928,4:30,5.7962,-1.73187,4.19624,-85.21327,-14.15965,15.4117,2.18478,1.70902,59.59824,-11.494032,4.929055,0.606687,70.66272,-1.731498,-12.792662,2779.632324,,,,35.97339,35.82494,-15.693869,0.319463,-6.71843,-7.5004,1.46635,50,6.10703,-4.28334,-94.53483,3.18869,-5.95558,17.15741,-38.82283,62.12833,2.64112,5.86606,3.60372,2.64112,-1.65725,8886145,Right,56.30733,-95.67272,8.5787,5.81018,5.76344,-19.41141,1.73732,-3.88836,-2.97779,85.977996,3.60511,100.96225,-12.03072,,,,,,,2.64273,-3.19841,-15.89845,,,,,,,-1.65483,-23.03831,-7.03866,,,,,,,,,,,,,,,,,,,,,,,,,,,,,High,High,High,High,High,,,,v3
147,11/3/2022,5,1,1000187700,Left,T_A,1000064785,Right,T_B,5,Bottom,2,0,0,0-0,Fastball,Changeup,InPlay,Undefined,GroundBall,GroundBall,Out,1,0,81.97672,-2.0987,2.035134,1940.55154,136.773095,10:30,6.31753,-1.38755,5.02004,-27.34773,15.78225,-13.4906,2.05587,-0.5904,74.96021,-7.129403,-0.347882,0.472673,78.38982,-13.703153,-23.443098,,,,,11.2395,2.80611,-15.465006,0.080494,7.32008,8.84953,1.20418,50,6.09488,-3.65077,-118.78427,-5.2899,10.43362,23.26076,-19.56048,79.74314,2.19752,7.01651,2.56406,2.19752,0.58848,8886145,Right,55.47895,-119.85237,11.63038,6.31716,-4.39171,-9.78024,1.38282,-4.12987,5.21681,,2.5609,102.72253,,,,,,,,2.19836,-27.30055,,,,,,,,0.58985,-44.54377,,,,,,,,,,,,,,,,,,,,,,,,,,,,,,High,High,High,Estimated,Estimated,,,,v3
148,11/3/2022,1,1,1000103199,Right,T_B,1000073511,Right,T_A,6,Top,0,0,0,0-0,Slider,Slider,FoulBall,Undefined,Undefined,,Undefined,0,0,77.96157,0.458479,-0.626402,2180.577361,110.304708,9:45,5.66315,1.56143,5.58054,-40.14723,6.68087,-13.82926,2.74576,-0.17603,71.06672,-6.943279,-3.094844,0.492521,84.0366,55.027358,44.858842,4921.626774,,,,,178.2485,,,6.84079,3.68406,-1.49818,50,5.67642,1.76389,-113.14765,-0.36854,8.78973,22.35145,-27.44043,76.52963,93.52862,6.89485,1.82981,2.63166,0.06788,1000064885,Right,54.91824,-114.11508,11.17573,5.66667,0.81914,-13.72022,-1.56629,1.38345,4.39487,203.25474,1.82978,50.0817,-19.5175,6.31103,-2.71252,2.00714,-1.15923,0.33774,-0.03328,2.63167,100.9959,-25.73801,2.53571,0.00573,-0.54567,0.41689,-0.14453,0.01877,0.06789,49.83107,-6.64007,0.74518,0.23698,-0.39551,0.27381,-0.09383,0.01228,,,,,,,,,,,,,,,,,,,,,,,High,High,High,High,Low,,,,v3
149,11/3/2022,1,2,1000103199,Right,T_B,1000073511,Right,T_A,6,Top,0,0,1,0-1,Slider,Slider,FoulBall,Undefined,Undefined,LineDrive,Undefined,0,0,78.8867,-0.121114,-1.026426,2140.648826,91.043566,9:00,5.86606,1.40498,5.76437,-43.49746,1.59091,-10.72524,2.12854,-0.44419,72.60606,-8.100655,-2.949069,0.483285,94.74083,17.672061,40.910566,3986.299283,77.94255,31.15087,77.61998,300.0965,253.03555,53.57115,3.618335,5.21528,1.22823,-1.31329,50,5.82945,2.45196,-114.62308,-1.63059,6.92749,21.49802,-30.54257,77.9921,37.86949,6.28064,1.37402,2.21914,0.21776,1000064885,Right,54.73616,-115.50795,10.74901,5.8707,-0.37344,-15.27128,-1.40835,2.16682,3.46374,,1.37384,100.06401,-26.39287,6.36708,-1.40641,0.2438,-0.02866,0.00136,6.00E-05,2.21924,42.17678,-12.59564,-0.15984,0.17187,-0.01348,-0.00966,0.00368,-0.00039,0.21781,86.69882,-6.74452,-0.06709,0.31405,-0.11161,0.02464,-0.00341,0.00023,,,,,,,,,,,,,,,,,,,,,,,High,High,High,High,Medium,,,,v3
150,11/3/2022,1,3,1000103199,Right,T_B,1000073511,Right,T_A,6,Top,0,0,2,0-2,Fastball,Four-Seam,InPlay,Undefined,FlyBall,LineDrive,Single,0,0,90.55264,-2.364515,-1.118223,1822.581656,197.091906,12:30,5.86099,1.20092,5.93348,-16.49564,17.91678,5.13457,2.291,0.59123,81.94448,-5.520371,-0.195861,0.422211,78.236,23.509846,2.638781,3130.885068,109.44093,35.04751,11.07333,244.48677,244.48677,10.632238,3.251943,-3.00693,10.31182,-1.11466,50,5.66304,2.34766,-131.32028,-5.90234,-5.18616,31.00634,-14.38902,89.27404,36.66271,8.60816,2.04965,2.39918,-0.60572,1000064885,Right,54.56485,-132.39371,15.50317,5.85875,-5.4042,-7.19451,-1.19904,2.52721,-2.59308,221.420749,2.04976,105.10502,-16.64842,3.4596,-0.59948,0.04984,0.01251,-0.00487,0.00051,2.39902,45.77892,-16.53656,1.0852,-0.29188,0.12719,-0.04513,0.0094,-0.00081,-0.60575,4.84565,5.27165,-1.31362,0.27912,-0.04346,0.00312,0.00023,-5.00E-05,,,,,,,,,,,,,,,,,,,,,,,High,High,High,High,High,,,,v3
151,11/3/2022,2,1,1000103199,Right,T_B,1000066765,Right,T_A,6,Top,0,0,0,0-0,Fastball,Four-Seam,BallCalled,Undefined,Undefined,,Undefined,0,0,89.60193,-3.165041,-3.269008,1736.463336,199.882587,12:45,5.94445,1.03483,5.64312,-21.90584,13.61304,4.48461,1.15871,-1.64418,81.62436,-7.24418,-2.469287,0.428944,,,,,,,,,,,,-3.25843,8.21185,-0.76,50,5.66132,7.21185,-129.65918,-7.91337,-5.51027,28.78367,-18.28714,87.87258,,7.97757,,,,1000064885,Right,54.85505,-130.73253,14.39184,5.9437,-7.23144,-9.14357,-1.03277,7.41733,-2.75513,,,,,,,,,,,,,,,,,,,,,,,,,,,,,76.82289,,0.721254,,1.76194,1.20255,1.62927,-1.61979,5.87069,2.01798,,,,-1.49445,110.74122,-9.6956,5.89279,9.33586,-11.87803,1.98743,-4.05975,1.83755,High,High,High,,,High,High,High,v3
152,11/3/2022,2,2,1000103199,Right,T_B,1000066765,Right,T_A,6,Top,0,1,0,1-0,Slider,Slider,BallCalled,Undefined,Undefined,,Undefined,0,0,79.60699,-0.880388,-1.570332,2159.685426,115.79518,9:45,5.74601,1.76343,5.51161,-40.58018,5.20988,-7.13319,1.54069,-0.29982,71.63157,-8.359453,-2.842701,0.487031,,,,,,,,,,,,3.04382,3.44847,-1.62159,50,5.64246,3.44615,-115.25278,-3.10852,3.99276,26.366,-27.65047,77.39222,,7.97542,,,,1000064885,Right,54.98369,-116.3873,13.183,5.75062,-1.91873,-13.82524,-1.76618,3.27435,1.99638,,,,,,,,,,,,,,,,,,,,,,,,,,,,,,,,,,,,,,,,,,,,,,,,,,,High,High,High,,,,,,v3
153,11/3/2022,2,3,1000103199,Right,T_B,1000066765,Right,T_A,6,Top,0,2,0,2-0,Slider,Slider,BallCalled,Undefined,Undefined,,Undefined,0,0,78.87391,-1.435821,-1.642524,2165.240211,115.740372,9:45,5.59175,1.88621,5.36531,-42.50975,3.19992,-3.75335,0.7021,0.03286,72.92831,-9.152153,-2.31073,0.486604,,,,,,,,,,,,1.45095,2.39709,-1.73599,50,5.43248,3.42925,-114.4885,-4.30726,1.93031,20.67694,-28.98499,77.46021,,5.9456,,,,1000064885,Right,55.13462,-115.4121,10.33847,5.59596,-3.01256,-14.4925,-1.88725,3.34303,0.96516,,,,,,,,,,,,,,,,,,,,,,,,,,,,,,,,,,,,,,,,,,,,,,,,,,,High,High,High,,,,,,v3
154,11/3/2022,2,4,1000103199,Right,T_B,1000066765,Right,T_A,6,Top,0,3,0,3-0,Fastball,Four-Seam,InPlay,Undefined,FlyBall,FlyBall,Out,1,0,88.28878,-2.411824,-1.920297,1872.622026,197.028243,12:30,5.75678,1.66133,5.85674,-19.34497,16.56965,4.72445,1.9013,0.27022,80.87326,-6.052591,-1.073221,0.431327,88.95818,39.949049,18.76457,4498.106298,100.32726,80.1425,45.10427,274.45959,266.00411,32.648805,5.217356,-2.96205,9.50327,-1.50826,50,5.54961,4.10074,-128.11229,-5.9914,-4.92503,26.35375,-16.37282,87.38708,95.66728,7.41552,2.13802,1.95611,-0.25988,1000064885,Right,54.64235,-129.06373,13.17688,5.75524,-5.4003,-8.18641,-1.65952,4.27855,-2.46252,213.983902,2.14366,94.61613,-23.51957,5.9597,-1.38889,0.34516,-0.08576,0.0134,-0.00083,1.96323,83.63572,-21.24712,0.68638,0.67327,-0.37967,0.09811,-0.01226,0.00059,-0.24837,31.94364,3.18684,-3.72584,2.06916,-0.76516,0.17145,-0.02042,0.00098,,,,,,,,,,,,,,,,,,,,,,,High,High,High,High,Medium,,,,v3
155,11/3/2022,3,1,1000103199,Right,T_B,1000051953,Right,T_A,6,Top,1,0,0,0-0,Slider,Slider,InPlay,Undefined,Bunt,,Sacrifice,1,1,79.01773,0.613102,-1.36212,2114.645361,118.3683,10:00,5.73648,1.47904,5.56709,-40.00164,5.53059,-7.47733,2.97593,-0.41674,72.12128,-6.751548,-2.695883,0.485658,,,,,,,,,,,,3.41835,3.00394,-1.35638,50,5.76296,3.01119,-114.68121,-0.06246,4.52119,22.5668,-28.20099,77.61102,,6.89645,,,,1000064885,Right,54.93255,-115.64776,11.2834,5.73977,1.14541,-14.10049,-1.4812,2.81755,2.26059,,,,,,,,,,,,,,,,,,,,,,,,,,,,,,,,,,,,,,,,,,,,,,,,,,,High,High,High,,,,,,v3
156,11/3/2022,4,1,1000103199,Right,T_B,1000069979,Right,T_A,6,Top,2,0,0,0-0,ChangeUp,Changeup,InPlay,Undefined,GroundBall,GroundBall,Out,1,0,81.0936,-0.024485,-1.693519,1392.96658,227.279833,1:30,5.4529,1.67301,6.60702,-32.74486,9.13063,8.27587,2.70173,0.81095,73.34196,-6.222994,-0.187628,0.465748,43.65302,2.871471,17.930012,2704.419238,,,,34.26946,34.08328,17.095502,0.53165,-4.92244,5.23197,-1.56092,50,5.43779,3.19525,-117.77849,-0.92994,-6.80421,25.69378,-24.94197,80.92874,2.94051,7.75164,1.87382,2.78264,-0.83614,1000064885,Right,53.89089,-118.62427,12.84689,5.45489,-0.10891,-12.47098,-1.66979,3.41923,-3.4021,268.56918,1.87637,60.77276,-5.07056,,,,,,,2.78749,3.0865,-15.68431,,,,,,,-0.83825,19.73895,1.48612,,,,,,,,,,,,,,,,,,,,,,,,,,,,,High,High,High,High,High,,,,v3
