PitchNo,Date,PAofInning,PitchofPA,PitcherId,PitcherThrows,PitcherTeam,BatterId,BatterSide,BatterTeam,Inning,Top/Bottom,Outs,Balls,Strikes,Count,TaggedPitchType,AutoPitchType,PitchCall,KorBB,TaggedHitType,AutoHitType,PlayResult,OutsOnPlay,RunsScored,RelSpeed,VertRelAngle,HorzRelAngle,SpinRate,SpinAxis,Tilt,RelHeight,RelSide,Extension,VertBreak,InducedVertBreak,HorzBreak,PlateLocHeight,PlateLocSide,ZoneSpeed,VertApprAngle,HorzApprAngle,ZoneTime,ExitSpeed,Angle,Direction,HitSpinRate,PositionAt110X,PositionAt110Y,PositionAt110Z,Distance,LastTrackedDistance,Bearing,HangTime,pfxx,pfxz,x0,y0,z0,vx0,vy0,vz0,ax0,ay0,az0,EffectiveVelo,MaxHeight,SpeedDrop,ContactPositionX,ContactPositionY,ContactPositionZ,CatcherId,CatcherThrows,PitchTrajectoryXc0,PitchTrajectoryXc1,PitchTrajectoryXc2,PitchTrajectoryYc0,PitchTrajectoryYc1,PitchTrajectoryYc2,PitchTrajectoryZc0,PitchTrajectoryZc1,PitchTrajectoryZc2,HitSpinAxis,HitTrajectoryXc0,HitTrajectoryXc1,HitTrajectoryXc2,HitTrajectoryXc3,HitTrajectoryXc4,HitTrajectoryXc5,HitTrajectoryXc6,HitTrajectoryXc7,HitTrajectoryXc8,HitTrajectoryYc0,HitTrajectoryYc1,HitTrajectoryYc2,HitTrajectoryYc3,HitTrajectoryYc4,HitTrajectoryYc5,HitTrajectoryYc6,HitTrajectoryYc7,HitTrajectoryYc8,HitTrajectoryZc0,HitTrajectoryZc1,HitTrajectoryZc2,HitTrajectoryZc3,HitTrajectoryZc4,HitTrajectoryZc5,HitTrajectoryZc6,HitTrajectoryZc7,HitTrajectoryZc8,ThrowSpeed,PopTime,ExchangeTime,TimeToBase,CatchPositionX,CatchPositionY,CatchPositionZ,ThrowPositionX,ThrowPositionY,ThrowPositionZ,BasePositionX,BasePositionY,BasePositionZ,ThrowTrajectoryXc0,ThrowTrajectoryXc1,ThrowTrajectoryXc2,ThrowTrajectoryYc0,ThrowTrajectoryYc1,ThrowTrajectoryYc2,ThrowTrajectoryZc0,ThrowTrajectoryZc1,ThrowTrajectoryZc2,PitchReleaseConfidence,PitchLocationConfidence,PitchMovementConfidence,HitLaunchConfidence,HitLandingConfidence,CatcherThrowCatchConfidence,CatcherThrowReleaseConfidence,CatcherThrowLocationConfidence,System
1,11/13/2022,1,1,1000013430,Right,T_A,8886045,Left,T_B,1,Top,0,0,0,0-0,ChangeUp,Changeup,FoulBall,Undefined,Undefined,,Undefined,0,0,77.76647,-2.053651,-2.125654,1357.478617,228.917205,1:45,6.15358,1.07048,5.24583,-38.34931,9.45126,8.94508,1.02571,-0.18262,71.04774,-9.059485,-0.537314,0.497609,,,,,,,,,,,,-5.17744,5.79272,-0.88233,50,5.93648,3.83536,-112.65886,-5.29911,-6.59316,22.21606,-24.79738,75.74713,,6.71874,,,,1000055344,Right,55.25336,-113.69009,11.10803,6.15574,-4.14806,-12.39869,-1.06746,4.14141,-3.29658,,,,,,,,,,,,,,,,,,,,,,,,,,,,,,,,,,,,,,,,,,,,,,,,,,,High,High,High,,,,,,v3
2,11/13/2022,1,2,1000013430,Right,T_A,8886045,Left,T_B,1,Top,0,0,1,0-1,ChangeUp,Changeup,BallCalled,Undefined,Undefined,,Undefined,0,0,79.10769,1.523809,-1.041768,1580.781759,218.799863,1:15,6.18758,1.06903,5.48526,-33.2588,12.77698,8.93721,4.84223,0.83903,71.18807,-4.683553,0.549372,0.488336,,,,,,,,,,,,-4.80327,6.4302,-0.98384,50,6.29915,1.72013,-114.58768,2.00635,-6.28887,24.18851,-23.75503,77.1854,,7.91962,,,,1000055344,Right,55.00906,-115.64022,12.09426,6.18936,3.04002,-11.87751,-1.06464,1.99379,-3.14444,,,,,,,,,,,,,,,,,,,,,,,,,,,,,,,,,,,,,,,,,,,,,,,,,,,High,High,High,,,,,,v3
3,11/13/2022,1,3,1000013430,Right,T_A,8886045,Left,T_B,1,Top,0,1,1,1-1,Fastball,Four-Seam,FoulBall,Undefined,Undefined,,Undefined,0,0,88.44745,-2.357779,-1.672386,2022.440738,194.876609,12:30,6.44957,0.79492,5.29306,-16.51387,20.3706,5.06894,2.85742,-0.35338,80.19297,-5.489427,-0.773148,0.437112,70.00074,24.418032,-172.201211,2453.439897,,,,,47.3709,,,-3.0715,11.32792,-0.64665,50,6.22353,3.51691,-128.13192,-5.79551,-5.06069,28.68288,-13.50992,86.23054,19.72236,8.25447,4.13592,2.9195,0.38081,1000055344,Right,55.20537,-129.29191,14.34144,6.44687,-5.24915,-6.75496,-0.79302,3.72157,-2.53034,6.883437,4.13592,-92.61981,7.39165,-0.82315,0.79693,-2.30657,4.57277,-4.54621,1.77514,2.91951,42.4414,-24.26199,2.05948,1.46458,-7.00848,13.82625,-13.26446,4.96809,0.38081,-12.68538,1.59433,-0.17231,0.29832,-0.97259,1.92023,-1.88496,0.72554,,,,,,,,,,,,,,,,,,,,,,,High,High,High,High,Medium,,,,v3
4,11/13/2022,1,4,1000013430,Right,T_A,8886045,Left,T_B,1,Top,0,1,2,1-2,ChangeUp,Changeup,StrikeSwinging,Strikeout,Undefined,,Undefined,0,0,80.65493,-1.970192,-2.731199,1312.093788,241.456979,2:00,6.08673,1.04883,5.18989,-37.72978,6.15177,8.92024,1.08631,-0.7791,74.73648,-8.804944,-1.150067,0.476774,,,,,,,,,,,,-5.18847,3.94882,-0.80235,50,5.87487,5.2207,-116.9885,-5.34995,-7.24474,20.51395,-26.66023,79.05725,,5.91845,,,,1000055344,Right,55.31068,-117.91605,10.25698,6.08951,-4.14449,-13.33012,-1.04581,5.54827,-3.62237,,,,,,,,,,,,,,,,,,,,,,,,,,,,,68.52622,,,0.952368,,,,2.53868,4.60532,-1.92371,72.11169,3.13663,-52.66828,2.52522,76.04442,-3.13003,4.66566,13.22575,-15.55534,-2.02761,-63.1387,10.43562,High,High,High,,,High,High,High,v3
5,11/13/2022,2,1,1000013430,Right,T_A,1000110361,Right,T_B,1,Top,1,0,0,0-0,Curveball,Curveball,InPlay,Undefined,LineDrive,LineDrive,Single,0,0,74.22789,1.588767,-0.203554,2532.004219,34.130296,7:15,6.25426,1.16082,4.83285,-64.26118,-12.0356,-9.1339,2.40407,0.2069,69.16259,-9.898127,-1.81531,0.520131,99.93938,14.716392,-26.086086,2551.98239,95.1985,16.51237,-55.11088,200.28784,173.90312,-33.862605,1.721946,4.49977,-6.04552,-1.13225,50,6.35514,0.73426,-107.87965,0.73496,5.35014,17.20022,-39.36201,72.46715,16.58524,5.06531,2.83773,2.6314,-0.20864,1000055344,Right,55.67222,-108.78026,8.60011,6.2627,2.79598,-19.68101,-1.16337,0.45412,2.67507,77.536252,2.83772,127.32898,-25.29164,5.19781,-1.04342,0.12601,0.00945,-0.0095,0.00158,2.6314,37.23623,-27.43194,3.94261,-0.84564,0.15448,-0.01813,0.0002,0.00023,-0.20865,-62.33593,-5.53199,3.96095,-1.30031,0.27599,-0.01065,-0.01184,0.00244,,,,,,,,,,,,,,,,,,,,,,,High,High,High,High,Medium,,,,v3
6,11/13/2022,3,1,1000013430,Right,T_A,1000058463,Right,T_B,1,Top,1,0,0,0-0,Fastball,Four-Seam,StrikeSwinging,Undefined,Undefined,,Undefined,1,0,88.35343,-2.600213,-2.163575,1951.74555,189.766712,12:15,6.34726,0.85082,5.28937,-16.76962,19.69911,3.1998,2.50477,-0.9151,81.28506,-5.74038,-1.596252,0.434642,,,,,,,,,,,,-2.15854,10.87556,-0.65613,50,6.09826,4.69688,-128.11443,-6.3616,-3.61367,24.66307,-13.96705,86.72069,,7.06837,,,,1000055344,Right,55.20896,-129.1133,12.33154,6.34446,-5.79593,-6.98353,-0.84932,4.84324,-1.80683,,,,,,,,,,,,,,,,,,,,,,,,,,,,,79.08891,1.960246,0.698112,1.262134,-0.89154,2.26943,0.97893,-1.69185,6.16944,1.68735,127.28023,4.30262,2.14847,-1.46049,113.28474,-8.89487,6.16107,11.55185,-10.31836,1.6245,-2.05928,1.94894,High,High,High,,,High,High,High,v3
7,11/13/2022,3,2,1000013430,Right,T_A,1000058463,Right,T_B,1,Top,2,0,1,0-1,ChangeUp,Changeup,StrikeSwinging,Undefined,Undefined,,Undefined,0,0,81.6584,-2.528759,-3.041754,1477.100053,247.955197,2:15,6.16576,1.03157,5.3965,-36.23211,5.84922,11.70253,0.77176,-0.84641,76.47303,-9.083919,-0.959444,0.466892,,,,,,,,,,,,-6.65197,3.82642,-0.76876,50,5.91386,5.84335,-118.55251,-6.49122,-9.64153,18.74683,-26.62794,80.73061,,5.18538,,,,1000055344,Right,55.10605,-119.3572,9.37342,6.16795,-5.34823,-13.31397,-1.02846,6.2572,-4.82076,,,,,,,,,,,,,,,,,,,,,,,,,,,,,,,,,,,,,,,,,,,,,,,,,,,High,High,High,,,,,,v3
8,11/13/2022,3,3,1000013430,Right,T_A,1000058463,Right,T_B,1,Top,2,0,2,0-2,ChangeUp,Changeup,InPlay,Undefined,GroundBall,GroundBall,Out,1,0,81.45142,-0.410435,-2.324998,1356.697783,234.745835,1:45,6.14436,1.04897,5.18324,-37.73707,5.15559,5.54827,2.61312,-0.67736,75.3862,-7.266287,-1.342201,0.471371,77.69417,-15.774564,-3.435103,,,,,10.16416,6.83357,1.678786,0.078356,-3.37555,3.02374,-0.8373,50,6.0773,4.57516,-118.26597,-2.18773,-4.82531,20.58939,-27.85163,79.96341,2.43392,6.06523,1.55937,2.43392,0.81402,1000055344,Right,55.31746,-119.18812,10.2947,6.14735,-0.94033,-13.92581,-1.04705,4.79127,-2.41266,180,1.55561,109.76093,,,,,,,,2.43499,-31.0624,,,,,,,,0.81425,-6.58849,,,,,,,,,,,,,,,,,,,,,,,,,,,,,,High,High,High,Low,Low,,,,v3
9,11/13/2022,1,1,1000187700,Left,T_B,691273,Right,T_A,1,Bottom,0,0,0,0-0,Fastball,Changeup,BallCalled,Undefined,Undefined,,Undefined,0,0,82.96601,-2.802578,2.50063,2040.515382,130.695601,10:15,5.94851,-1.38726,5.10759,-27.35698,14.32906,-15.17269,1.02362,-0.29413,76.54565,-7.805622,-0.183625,0.464694,,,,,,,,,,,,8.2606,8.25079,1.16407,50,5.66287,-4.61435,-120.2566,-6.8415,12.17315,21.9418,-20.01538,81.11243,,6.42036,,,,8886145,Right,55.39276,-121.23656,10.9709,5.94846,-5.94757,-10.00769,1.3823,-5.15803,6.08657,,,,,,,,,,,,,,,,,,,,,,,,,,,,,,,,,,,,,,,,,,,,,,,,,,,High,High,High,,,,,,v3
10,11/13/2022,1,2,1000187700,Left,T_B,691273,Right,T_A,1,Bottom,0,1,0,1-0,Fastball,Four-Seam,BallCalled,Undefined,Undefined,,Undefined,0,0,84.67757,-2.548922,3.502662,2188.489064,145.350876,10:45,5.88368,-1.59336,4.98722,-25.25517,14.72422,-9.38713,1.36611,0.93598,78.53845,-7.154079,1.849176,0.455082,,,,,,,,,,,,5.51028,8.26355,1.26362,50,5.6172,-7.10255,-122.70821,-6.38044,8.52086,21.05075,-19.39565,82.8256,,6.13912,,,,8886145,Right,55.51296,-123.65035,10.52538,5.88334,-5.51238,-9.69783,1.59003,-7.48391,4.26043,,,,,,,,,,,,,,,,,,,,,,,,,,,,,,,,,,,,,,,,,,,,,,,,,,,High,High,High,,,,,,v3
11,11/13/2022,1,3,1000187700,Left,T_B,691273,Right,T_A,1,Bottom,0,2,0,2-0,Curveball,Curveball,BallCalled,Undefined,Undefined,,Undefined,0,0,64.90804,3.126972,2.179447,2123.400149,306.368536,4:15,5.50683,-1.7813,4.12128,-83.05638,-11.17847,18.45442,1.5906,1.84851,59.61765,-11.570551,5.383866,0.610196,,,,,,,,,,,,-8.12524,-5.57048,1.51716,50,5.76674,-4.26752,-93.84132,2.35133,-7.15499,15.85516,-37.07933,61.77107,,5.29039,,,,8886145,Right,56.38195,-94.91347,7.92758,5.52296,4.8587,-18.53967,1.78938,-3.78369,-3.57749,,,,,,,,,,,,,,,,,,,,,,,,,,,,,,,,,,,,,,,,,,,,,,,,,,,High,High,High,,,,,,v3
12,11/13/2022,1,4,1000187700,Left,T_B,691273,Right,T_A,1,Bottom,0,3,0,3-0,Fastball,Four-Seam,BallCalled,Walk,Undefined,,Undefined,0,0,83.21875,-3.306144,3.352997,2105.443877,159.197951,11:15,5.89273,-1.43966,5.18387,-25.29206,15.74934,-5.54784,0.66571,1.25627,77.49193,-7.918154,2.372061,0.461086,,,,,,,,,,,,3.55878,9,1.13223,50,5.56564,-6.8334,-120.58347,-7.8441,5.32661,19.80695,-18.70323,81.747,,5.72682,,,,8886145,Right,55.31615,-121.45356,9.90347,5.89218,-7.0225,-9.35161,1.43755,-7.06739,2.66331,,,,,,,,,,,,,,,,,,,,,,,,,,,,,,,,,,,,,,,,,,,,,,,,,,,High,High,High,,,,,,v3
13,11/13/2022,2,1,1000187700,Left,T_B,1000187798,Right,T_A,1,Bottom,0,0,0,0-0,Fastball,Changeup,BallCalled,Undefined,Undefined,,Undefined,0,0,83.4573,-2.80445,4.116188,2053.422135,138.528887,10:30,5.88877,-1.56215,5.16623,-26.22198,14.70611,-11.96264,1.05527,1.32159,77.47467,-7.593128,2.003882,0.46045,,,,,,,,,,,,6.95481,8.36811,1.18741,50,5.60658,-8.19272,-120.86528,-6.8439,10.44091,20.27506,-19.6114,81.86007,,5.98263,,,,8886145,Right,55.33386,-121.75675,10.13753,5.88854,-5.98162,-9.8057,1.55772,-8.65179,5.22046,,,,,,,,,,,,,,,,,,,,,,,,,,,,,,,,,,,,,,,,,,,,,,,,,,,High,High,High,,,,,,v3
14,11/13/2022,2,2,1000187700,Left,T_B,1000187798,Right,T_A,1,Bottom,0,1,0,1-0,Fastball,Changeup,BallCalled,Undefined,Undefined,,Undefined,0,0,83.28909,-0.328404,3.088958,2065.337378,148.258346,11:00,6.12976,-1.52081,5.07707,-24.39864,16.98914,-9.73071,3.7865,0.58309,76.44093,-4.840507,1.372332,0.463028,,,,,,,,,,,,5.64339,8.90768,1.23588,50,6.07979,-6.09652,-120.75771,-1.51986,8.38541,22.13412,-18.93828,81.40418,,6.84815,,,,8886145,Right,55.42141,-121.74737,11.06706,6.12882,-0.67309,-9.46914,1.51685,-6.47144,4.19271,,,,,,,,,,,,,,,,,,,,,,,,,,,,,,,,,,,,,,,,,,,,,,,,,,,High,High,High,,,,,,v3
15,11/13/2022,2,3,1000187700,Left,T_B,1000187798,Right,T_A,1,Bottom,0,2,0,2-0,Fastball,Changeup,StrikeCalled,Undefined,Undefined,,Undefined,0,0,83.89627,-1.446088,4.130217,2094.009617,138.77662,10:45,6.01844,-1.6369,5.24488,-26.19265,14.25603,-11.45241,2.47289,1.29695,77.47933,-6.259408,2.106113,0.457745,,,,,,,,,,,,6.73658,7.85166,1.26576,50,5.86597,-8.28964,-121.56348,-3.97508,10.19558,21.28412,-20.29088,82.34374,,6.41694,,,,8886145,Right,55.25427,-122.47998,10.64206,6.01832,-3.10136,-10.14544,1.63217,-8.72866,5.09779,,,,,,,,,,,,,,,,,,,,,,,,,,,,,,,,,,,,,,,,,,,,,,,,,,,High,High,High,,,,,,v3
16,11/13/2022,2,4,1000187700,Left,T_B,1000187798,Right,T_A,1,Bottom,0,2,1,2-1,ChangeUp,Changeup,StrikeCalled,Undefined,Undefined,,Undefined,0,0,71.82689,1.128149,4.324138,1757.166056,113.128677,9:45,5.73271,-1.88181,4.71818,-47.97196,8.15347,-15.38914,2.80882,0.94704,66.64973,-7.507071,1.630956,0.539202,,,,,,,,,,,,8.57048,4.21563,1.45866,50,5.8042,-7.27331,-104.04105,0.45484,9.53336,15.03041,-27.48481,69.90417,,5.17716,,,,8886145,Right,55.78209,-104.87303,7.51521,5.73691,1.97622,-13.7424,1.87587,-7.80102,4.76668,,,,,,,,,,,,,,,,,,,,,,,,,,,,,,,,,,,,,,,,,,,,,,,,,,,High,High,High,,,,,,v3
17,11/13/2022,2,5,1000187700,Left,T_B,1000187798,Right,T_A,1,Bottom,0,2,2,2-2,ChangeUp,Changeup,InPlay,Undefined,FlyBall,FlyBall,Out,1,0,73.40466,-0.216315,3.799416,1795.550041,112.46913,9:45,5.65195,-1.89505,4.57101,-45.25109,8.48347,-16.99855,1.67473,0.309,68.53433,-8.318336,0.826491,0.527592,94.95513,29.119125,-24.386807,3187.381289,100.81839,58.74652,-43.99582,361.01139,357.18142,-21.842856,5.442904,9.26067,4.58382,1.51799,50,5.5869,-6.41064,-106.46812,-1.96562,10.82471,15.13613,-26.81606,71.4424,88.63501,4.87033,2.91917,2.00242,-0.3319,8886145,Right,55.93136,-107.30804,7.56806,5.65469,-0.47756,-13.40803,1.89039,-7.01132,5.41236,181.95271,2.92217,110.7551,-22.10773,5.0875,-0.95088,0.14174,-0.01701,0.00155,-7.00E-05,2.00134,67.78514,-13.65767,-0.0975,0.23972,-0.10288,0.02606,-0.00338,0.00017,-0.33344,-50.2083,10.57175,-2.16765,0.36053,-0.05041,0.00685,-0.00078,4.00E-05,,,,,,,,,,,,,,,,,,,,,,,High,High,High,High,High,,,,v3
18,11/13/2022,3,1,1000187700,Left,T_B,1000110361,Right,T_A,1,Bottom,1,0,0,0-0,Curveball,Curveball,StrikeCalled,Undefined,Undefined,,Undefined,0,0,64.80482,3.468666,0.724668,2143.138536,310.80708,4:15,5.70065,-1.82357,4.22055,-78.42748,-7.77638,11.40808,2.49114,-0.17888,60.12734,-10.436036,2.710952,0.604966,,,,,,,,,,,,-5.31465,-4.08504,1.73128,50,5.99917,-1.60532,-93.89412,3.11658,-4.76712,13.58193,-35.83823,62.30506,,4.67749,,,,8886145,Right,56.28316,-94.79863,6.79096,5.71214,5.50329,-17.91911,1.82762,-1.28784,-2.38356,,,,,,,,,,,,,,,,,,,,,,,,,,,,,76.25848,,0.707738,,-0.09055,2.20769,0.10678,-0.85858,5.93463,0.97326,,,,-0.77345,110.51805,-10.18571,5.93432,5.41622,-10.47545,0.91561,-3.87728,4.9145,High,High,High,,,High,High,High,v3
19,11/13/2022,3,2,1000187700,Left,T_B,1000110361,Right,T_A,1,Bottom,1,0,1,0-1,ChangeUp,Changeup,BallCalled,Undefined,Undefined,,Undefined,0,0,74.03689,0.331543,0.543493,1695.141596,111.002502,9:45,5.71131,-1.85195,4.44018,-44.23475,8.41985,-18.52462,2.34134,-2.87726,69.45928,-7.56873,-2.695926,0.522263,,,,,,,,,,,,9.18174,4.41551,1.81364,50,5.70316,-0.27873,-107.64339,-0.95168,11.01708,14.71541,-26.87589,72.17134,,4.57761,,,,8886145,Right,56.06207,-108.46894,7.35771,5.71425,0.55608,-13.43794,1.84661,-0.8968,5.50854,,,,,,,,,,,,,,,,,,,,,,,,,,,,,,,,,,,,,,,,,,,,,,,,,,,High,High,High,,,,,,v3
20,11/13/2022,3,3,1000187700,Left,T_B,1000110361,Right,T_A,1,Bottom,1,1,1,1-1,Curveball,Curveball,FoulBall,Undefined,Undefined,,Undefined,0,0,63.91192,3.412274,1.503178,2033.667563,306.376035,4:15,5.61806,-1.92559,4.0547,-81.15937,-8.25158,13.98981,2.13745,0.68443,59.59898,-10.899896,3.930151,0.614552,,,,,,,,,,,,-6.40705,-4.43496,1.73969,50,5.91287,-2.93027,-92.60822,2.87429,-5.60553,12.86591,-36.0542,61.33324,,4.31293,,,,8886145,Right,56.4504,-93.50007,6.43296,5.62701,5.37353,-18.0271,1.92935,-2.5417,-2.80277,,,,,,,,,,,,,,,,,,,,,,,,,,,,,,,,,,,,,,,,,,,,,,,,,,,High,High,High,,,,,,v3
21,11/13/2022,3,4,1000187700,Left,T_B,1000110361,Right,T_A,1,Bottom,1,1,2,1-2,ChangeUp,Changeup,InPlay,Undefined,GroundBall,GroundBall,Out,1,0,73.1785,-0.118432,3.38236,1761.967874,111.981974,9:45,5.5562,-2.08025,4.54094,-44.68176,11.56808,-23.1682,1.71977,-0.78697,65.72515,-8.25774,-0.670611,0.539799,78.17773,6.59782,-9.888028,1372.189015,,,,70.60059,70.60059,-9.547017,0.653757,12.47414,6.2667,1.75129,50,5.50276,-5.30413,-105.6691,-1.72187,13.78819,21.76645,-25.2472,69.82681,3.42725,7.45335,2.27601,1.73162,0.82341,8886145,Right,55.95581,-106.88888,10.88323,5.55961,-0.30703,-12.6236,2.07018,-6.07681,6.89409,14.20735,2.292,111.87833,-13.6297,,,,,,,1.77294,12.31801,-23.07975,,,,,,,0.82681,-19.63064,0.68826,,,,,,,,,,,,,,,,,,,,,,,,,,,,,High,High,High,High,High,,,,v3
22,11/13/2022,4,1,1000187700,Left,T_B,1000079407,Left,T_A,1,Bottom,2,0,0,0-0,Fastball,Four-Seam,BallCalled,Undefined,Undefined,,Undefined,0,0,85.40984,-2.302853,5.69852,2120.441038,147.570571,11:00,6.01087,-1.30875,5.44583,-21.87785,17.70694,-10.3739,2.01976,3.17977,77.57668,-6.394676,3.866432,0.45283,,,,,,,,,,,,6.86418,9.98075,0.81098,50,5.79164,-11.84304,-123.20329,-5.66846,10.49385,25.70428,-16.91557,83.23744,,7.83316,,,,8886145,Right,55.05029,-124.25248,12.85214,6.00892,-4.978,-8.45779,1.30313,-12.27137,5.24692,,,,,,,,,,,,,,,,,,,,,,,,,,,,,,,,,,,,,,,,,,,,,,,,,,,High,High,High,,,,,,v3
23,11/13/2022,4,2,1000187700,Left,T_B,1000079407,Left,T_A,1,Bottom,2,1,0,1-0,Curveball,Curveball,BallCalled,Undefined,Undefined,,Undefined,0,0,65.49647,1.934059,2.835922,2144.405205,312.590915,4:30,5.56624,-1.7939,4.16074,-80.22894,-9.58867,13.0832,0.73766,2.01738,60.16127,-12.255015,5.11073,0.60492,,,,,,,,,,,,-5.36611,-4.50496,1.46472,50,5.69571,-5.18229,-94.68049,0.51911,-4.79764,16.48808,-36.20178,62.30984,,5.3352,,,,8886145,Right,56.3409,-95.77836,8.24404,5.58089,2.92963,-18.10089,1.79915,-4.86284,-2.39882,,,,,,,,,,,,,,,,,,,,,,,,,,,,,,,,,,,,,,,,,,,,,,,,,,,High,High,High,,,,,,v3
24,11/13/2022,4,3,1000187700,Left,T_B,1000079407,Left,T_A,1,Bottom,2,2,0,2-0,Curveball,Curveball,BallCalled,Undefined,Undefined,,Undefined,0,0,65.37575,2.782585,2.246554,2144.677052,316.57623,4:30,5.60188,-1.68284,4.33327,-80.95398,-10.99497,12.55827,1.51913,1.51178,60.26658,-11.584918,4.437282,0.601996,,,,,,,,,,,,-5.40425,-5.5189,1.42712,50,5.82007,-4.17265,-94.61634,1.94798,-4.85931,15.5287,-37.13643,62.61249,,5.10917,,,,8886145,Right,56.17013,-95.62363,7.76435,5.61558,4.3569,-18.56822,1.68756,-3.85744,-2.42966,,,,,,,,,,,,,,,,,,,,,,,,,,,,,,,,,,,,,,,,,,,,,,,,,,,High,High,High,,,,,,v3
25,11/13/2022,4,4,1000187700,Left,T_B,1000079407,Left,T_A,1,Bottom,2,3,0,3-0,Curveball,Curveball,StrikeCalled,Undefined,Undefined,,Undefined,0,0,65.34939,3.209911,1.036446,2198.606353,313.294029,4:30,5.63871,-1.94934,4.3618,-82.28886,-11.6354,15.04552,1.8511,0.29456,59.53545,-11.463063,3.664998,0.604976,,,,,,,,,,,,-6.91674,-5.95429,1.82205,50,5.90099,-2.26811,-94.48208,2.60414,-6.13345,16.9477,-37.45402,62.30402,,5.81394,,,,8886145,Right,56.14028,-95.57714,8.47385,5.65454,5.02421,-18.72701,1.9558,-1.8718,-3.06672,,,,,,,,,,,,,,,,,,,,,,,,,,,,,,,,,,,,,,,,,,,,,,,,,,,High,High,High,,,,,,v3
26,11/13/2022,4,5,1000187700,Left,T_B,1000079407,Left,T_A,1,Bottom,2,3,1,3-1,Curveball,Curveball,BallCalled,Walk,Undefined,,Undefined,0,0,64.33914,3.039203,2.984237,2153.334096,321.033031,4:45,5.54845,-1.83789,4.17813,-86.40406,-11.23221,11.66249,1.26756,1.99665,57.58709,-12.363051,5.010454,0.624021,,,,,,,,,,,,-4.36217,-5.59689,1.49474,50,5.79457,-5.27097,-92.616,2.08682,-3.63647,19.00833,-36.83984,60.40255,,6.75206,,,,8886145,Right,56.31915,-93.90397,9.50417,5.5686,4.58303,-18.41992,1.84354,-5.02457,-1.81823,,,,,,,,,,,,,,,,,,,,,,,,,,,,,,,,,,,,,,,,,,,,,,,,,,,High,High,High,,,,,,v3
27,11/13/2022,5,1,1000187700,Left,T_B,1000073511,Right,T_A,1,Bottom,2,0,0,0-0,ChangeUp,Changeup,InPlay,Undefined,GroundBall,GroundBall,Single,0,1,72.14335,0.386996,2.170498,1780.703775,132.323513,10:30,5.54585,-1.97561,4.38367,-43.66404,12.94363,-12.29627,2.27696,-0.9269,66.45349,-7.480368,0.024857,0.541513,99.543,1.933019,11.649209,1356.807643,,,,80.64332,79.42088,15.149112,0.601385,6.59319,6.65367,1.75672,50,5.54449,-3.4781,-104.56931,-0.7818,7.33605,16.82628,-24.77075,69.60575,2.73994,5.68986,1.46001,2.34335,0.87643,8886145,Right,56.11591,-105.54883,8.41314,5.54803,0.66021,-12.38538,1.97162,-3.90516,3.66803,264.090727,1.51383,141.69459,-24.70727,,,,,,,2.3561,4.63819,-14.26002,,,,,,,0.84699,30.13464,5.89391,,,,,,,,,,,,,,,,,,,,,,,,,,,,,High,High,High,High,High,,,,v3
28,11/13/2022,6,1,1000187700,Left,T_B,1000051953,Right,T_A,1,Bottom,2,0,0,0-0,Curveball,Curveball,BallCalled,Undefined,Undefined,,Undefined,0,0,63.55759,2.90544,2.135618,2142.568487,300.889588,4:00,5.59574,-1.82604,4.16841,-86.16509,-8.76008,20.32052,1.2047,1.91541,56.67319,-12.484536,5.668344,0.633222,,,,,,,,,,,,-8.78827,-4.3837,1.56652,50,5.82774,-4.17464,-91.49374,1.8697,-7.10461,19.3069,-35.71791,59.52486,,6.8844,,,,8886145,Right,56.32814,-92.81949,9.65345,5.61514,4.32235,-17.85895,1.83643,-3.68678,-3.55231,,,,,,,,,,,,,,,,,,,,,,,,,,,,,,,,,,,,,,,,,,,,,,,,,,,High,High,High,,,,,,v3
29,11/13/2022,6,2,1000187700,Left,T_B,1000069979,Right,T_A,1,Bottom,2,1,0,1-0,Fastball,Splitter,FoulBall,Undefined,Undefined,,Undefined,0,0,83.34949,-2.103427,3.153762,2150.226256,136.467501,10:30,5.95058,-1.72617,4.80972,-25.14458,17.08891,-14.85851,1.85856,0.02642,75.8842,-6.736763,0.54323,0.467735,,,,,,,,,,,,8.29571,9.45146,1.42612,50,5.72012,-5.99131,-120.59572,-5.31887,12.15606,24.54151,-18.32447,80.58504,,7.46529,,,,8886145,Right,55.68921,-121.74799,12.27075,5.94965,-4.45851,-9.16223,1.72082,-6.56206,6.07803,,,,,,,,,,,,,,,,,,,,,,,,,,,,,,,,,,,,,,,,,,,,,,,,,,,High,High,High,,,,,,v3
30,11/13/2022,6,3,1000187700,Left,T_B,1000069979,Right,T_A,1,Bottom,2,1,1,1-1,Fastball,Changeup,BallCalled,Undefined,Undefined,,Undefined,0,0,84.16405,-1.721951,1.533124,1983.251752,127.393931,10:15,5.9227,-1.70454,4.63311,-28.32832,12.96827,-15.26115,1.92429,-1.5188,77.26307,-6.872893,-1.144576,0.462518,,,,,,,,,,,,7.89756,7.19426,1.56224,50,5.72067,-2.56961,-122.00324,-4.73986,11.9354,23.40063,-21.30151,81.494,,6.90098,,,,8886145,Right,55.86593,-123.1232,11.70032,5.92312,-3.72036,-10.65075,1.69889,-3.14084,5.9677,,,,,,,,,,,,,,,,,,,,,,,,,,,,,,,,,,,,,,,,,,,,,,,,,,,High,High,High,,,,,,v3
31,11/13/2022,6,4,1000187700,Left,T_B,1000069979,Right,T_A,1,Bottom,2,2,1,2-1,ChangeUp,Changeup,StrikeSwinging,Undefined,Undefined,,Undefined,0,0,74.277,0.963916,2.705035,1785.845865,108.251764,9:30,5.65632,-1.81019,4.36787,-45.98817,7.44493,-17.63725,2.74571,-0.69451,68.38602,-7.295402,-0.370941,0.52611,,,,,,,,,,,,9.27682,3.81599,1.53901,50,5.71412,-4.35766,-107.63514,0.16387,10.94641,17.66268,-27.6713,71.64363,,5.89098,,,,8886145,Right,56.13224,-108.63677,8.83134,5.66034,1.73308,-13.83565,1.80373,-4.97842,5.4732,,,,,,,,,,,,,,,,,,,,,,,,,,,,,,,,,,,,,,,,,,,,,,,,,,,High,High,High,,,,,,v3
32,11/13/2022,6,5,1000187700,Left,T_B,1000069979,Right,T_A,1,Bottom,2,2,2,2-2,ChangeUp,Changeup,StrikeSwinging,Strikeout,Undefined,,Undefined,0,0,75.37195,0.614267,2.483763,1882.763783,107.831172,9:30,5.64529,-1.78756,4.31762,-43.28424,8.7393,-22.17564,2.62606,-1.25966,69.31226,-7.164705,-1.381839,0.519124,,,,,,,,,,,,11.4217,4.51551,1.54321,50,5.66829,-3.80586,-109.2382,-0.40299,13.86159,18.45772,-26.69394,72.60776,,6.05969,,,,8886145,Right,56.18294,-110.27797,9.22886,5.64864,1.10074,-13.34697,1.77959,-4.58672,6.9308,,,,,,,,,,,,,,,,,,,,,,,,,,,,,,,,,,,,,,,,,,,,,,,,,,,High,High,High,,,,,,v3
33,11/13/2022,1,1,1000103199,Right,T_A,1000066765,Right,T_B,2,Top,0,0,0,0-0,ChangeUp,Slider,BallCalled,Undefined,Undefined,,Undefined,0,0,81.28593,-0.656774,-0.487859,1359.205912,121.061442,10:00,5.93793,1.51301,5.32489,-36.25707,6.51548,-8.79493,2.30016,0.32229,75.32398,-7.264456,-2.051402,0.470711,,,,,,,,,,,,4.29512,3.81528,-1.46232,50,5.85234,1.36415,-118.12425,-2.61262,6.12716,20.46972,-26.73139,80.07562,,5.96195,,,,691373,Right,55.17484,-119.01762,10.23486,5.9409,-1.44597,-13.3657,-1.51602,1.09675,3.06358,,,,,,,,,,,,,,,,,,,,,,,,,,,,,,,,,,,,,,,,,,,,,,,,,,,High,High,High,,,,,,v3
34,11/13/2022,1,2,1000103199,Right,T_A,1000066765,Right,T_B,2,Top,0,1,0,1-0,ChangeUp,Changeup,FoulBall,Undefined,Undefined,,Undefined,0,0,81.90434,-1.541282,-2.487137,1769.859616,225.479529,1:30,5.6944,1.61407,6.55201,-27.17438,13.03142,12.08776,2.0149,0.33934,75.89199,-6.645117,-0.290968,0.456369,,,,,,,,,,,,-7.04965,7.59044,-1.44747,50,5.57604,4.76994,-119.1296,-3.93627,-10.2343,20.6974,-21.15469,82.59209,,6.01235,,,,691373,Right,53.94968,-119.81385,10.3487,5.69461,-3.2369,-10.57734,-1.61076,5.10829,-5.11715,,,,,,,,,,,,,,,,,,,,,,,,,,,,,,,,,,,,,,,,,,,,,,,,,,,High,High,High,,,,,,v3
35,11/13/2022,1,3,1000103199,Right,T_A,1000066765,Right,T_B,2,Top,0,1,1,1-1,Fastball,Four-Seam,BallCalled,Undefined,Undefined,,Undefined,0,0,89.92597,0.43188,-1.705194,1789.068628,190.455709,12:15,5.81369,1.35408,6.20347,-19.28379,14.62599,2.51618,4.60553,-0.01067,82.59012,-3.220332,-1.251323,0.419116,,,,,,,,,,,,-1.74102,7.77012,-1.22717,50,5.83625,3.78869,-130.73014,0.41612,-3.03297,25.85021,-18.63818,89.93327,,7.33585,,,,691373,Right,54.29482,-131.57664,12.92511,5.81263,1.02645,-9.31909,-1.35286,3.88801,-1.51648,,,,,,,,,,,,,,,,,,,,,,,,,,,,,,,,,,,,,,,,,,,,,,,,,,,High,High,High,,,,,,v3
36,11/13/2022,1,4,1000103199,Right,T_A,1000066765,Right,T_B,2,Top,0,2,1,2-1,Slider,Slider,FoulBall,Undefined,Undefined,GroundBall,Undefined,0,0,80.72525,-1.128407,-0.662942,2160.236619,93.30796,9:00,5.95412,1.36034,5.43159,-41.79959,1.57449,-5.09185,1.41384,0.31514,74.7422,-8.724656,-1.571062,0.474009,60.43969,-32.622469,-71.020005,,,,,4.9966,3.87399,-32.592762,0.03479,2.42118,1.41095,-1.29787,50,5.82476,1.55514,-117.29466,-3.7418,3.3882,21.25249,-30.19957,79.51842,1.66801,5.98305,3.36219,1.66801,-0.22723,691373,Right,55.06983,-118.20969,10.62625,5.95788,-2.44155,-15.09978,-1.36169,1.40926,1.6941,,3.36174,24.36194,,,,,,,,1.66888,-47.94512,,,,,,,,-0.22594,-70.83254,,,,,,,,,,,,,,,,,,,,,,,,,,,,,,High,High,High,Low,Low,,,,v3
37,11/13/2022,1,5,1000103199,Right,T_A,1000066765,Right,T_B,2,Top,0,2,2,2-2,Slider,Slider,BallCalled,Undefined,Undefined,,Undefined,0,0,82.08011,-2.163769,-0.09248,2363.750086,79.246743,8:45,6.0155,1.31266,5.4494,-41.56305,0.11429,-5.3937,0.52521,0.7766,76.65837,-9.674056,-1.055745,0.464645,,,,,,,,,,,,2.71886,0.90425,-1.30062,50,5.7954,0.40596,-119.2979,-5.96654,3.96524,20.37322,-30.85524,81.12094,,5.42173,,,,691373,Right,55.0524,-120.15763,10.18661,6.01971,-4.66448,-15.42762,-1.31422,0.23864,1.98262,,,,,,,,,,,,,,,,,,,,,,,,,,,,,,,,,,,,,,,,,,,,,,,,,,,High,High,High,,,,,,v3
38,11/13/2022,1,6,1000103199,Right,T_A,1000066765,Right,T_B,2,Top,0,3,2,3-2,Fastball,Four-Seam,InPlay,Undefined,LineDrive,LineDrive,Single,0,0,91.1069,-2.240285,-2.537621,2040.488413,209.596363,1:00,6.04152,1.02668,6.05466,-17.15891,16.1643,8.60792,2.53481,-0.60646,83.76148,-5.485127,-0.989501,0.415475,99.39901,12.636161,-9.102757,6659.314195,108.15292,14.3628,-20.07156,194.48341,194.48341,-11.923507,1.715274,-5.13559,9.24938,-0.8341,50,5.85793,5.50945,-132.28242,-5.69709,-9.14929,26.78338,-15.69595,90.72134,14.47452,7.34542,2.29364,2.62999,0.57183,691373,Right,54.44562,-133.17949,13.39169,6.03994,-5.17137,-7.84798,-1.02376,5.8159,-4.57465,71.001578,2.29365,140.46137,-22.376,3.40355,-0.46894,-0.18798,0.19875,-0.07599,0.01107,2.62999,31.89121,-23.60347,3.25314,-0.61714,-0.00235,0.09606,-0.04262,0.00652,0.57183,-22.50635,-3.48271,2.38096,-0.52804,-0.10677,0.18957,-0.0804,0.01231,,,,,,,,,,,,,,,,,,,,,,,High,High,High,High,High,,,,v3
39,11/13/2022,2,1,1000103199,Right,T_A,1000102964,Right,T_B,2,Top,0,0,0,0-0,Fastball,Four-Seam,StrikeCalled,Undefined,Undefined,,Undefined,0,0,90.13619,-3.088498,-2.499027,1930.706272,207.42695,1:00,6.06828,1.13479,6.09333,-16.8556,17.32812,8.42623,1.8014,-0.47601,82.59165,-6.286601,-0.982325,0.420805,,,,,,,,,,,,-5.05918,10.14044,-0.94666,50,5.821,5.36235,-130.73313,-7.54708,-8.7644,27.30424,-14.60702,89.57219,,7.54454,,,,691373,Right,54.40614,-131.65016,13.65212,6.06624,-7.0565,-7.30351,-1.1317,5.65671,-4.3822,,,,,,,,,,,,,,,,,,,,,,,,,,,,,,,,,,,,,,,,,,,,,,,,,,,High,High,High,,,,,,v3
40,11/13/2022,2,2,1000103199,Right,T_A,1000102964,Right,T_B,2,Top,0,0,1,0-1,Fastball,Four-Seam,BallCalled,Undefined,Undefined,,Undefined,0,0,92.64097,-3.753239,-3.148085,1996.627923,206.830598,1:00,6.00463,1.03612,5.87164,-16.05635,16.60044,7.87528,1.17018,-1.23461,85.03296,-6.779257,-1.73775,0.411299,,,,,,,,,,,,-4.89736,9.83556,-0.78588,50,5.69084,7.04059,-134.17891,-9.31463,-8.95712,28.1557,-14.18511,91.64232,,7.608,,,,691373,Right,54.62799,-135.14655,14.07785,6.00259,-8.82712,-7.09256,-1.03314,7.34842,-4.47856,,,,,,,,,,,,,,,,,,,,,,,,,,,,,,,,,,,,,,,,,,,,,,,,,,,High,High,High,,,,,,v3
41,11/13/2022,2,3,1000103199,Right,T_A,1000102964,Right,T_B,2,Top,0,1,1,1-1,Fastball,Four-Seam,StrikeCalled,Undefined,Undefined,,Undefined,0,0,92.11791,-3.510528,-2.260455,2062.598606,195.453496,12:30,6.02779,1.02518,6.05987,-13.25883,19.5208,5.10709,1.66711,-0.64249,84.38014,-6.054248,-1.341927,0.412072,,,,,,,,,,,,-3.25815,11.35363,-0.85238,50,5.74763,5.05691,-133.56121,-8.55649,-5.89412,28.36574,-11.63481,91.47045,,7.73777,,,,691373,Right,54.43915,-134.5007,14.18287,6.02465,-8.17114,-5.81741,-1.0231,5.25212,-2.94706,,,,,,,,,,,,,,,,,,,,,,,,,,,,,,,,,,,,,,,,,,,,,,,,,,,High,High,High,,,,,,v3
42,11/13/2022,2,4,1000103199,Right,T_A,1000102964,Right,T_B,2,Top,0,1,2,1-2,Slider,Slider,BallinDirt,Undefined,Undefined,,Undefined,0,0,83.92217,-3.736308,-1.067909,2236.557872,81.54836,8:45,6.0688,1.07512,5.7248,-39.44207,0.45976,-4.89937,-0.70359,-0.32793,77.96807,-10.877003,-1.947791,0.45464,,,,,,,,,,,,2.25646,1.49217,-0.98275,50,5.73157,2.45543,-121.7472,-9.28695,3.39449,23.39268,-29.92932,82.90606,,5.9541,,,,691373,Right,54.77759,-122.66174,11.69634,6.07177,-8.11686,-14.96466,-1.07615,2.32272,1.69725,,,,,,,,,,,,,,,,,,,,,,,,,,,,,,,,,,,,,,,,,,,,,,,,,,,High,High,High,,,,,,v3
43,11/13/2022,2,5,1000103199,Right,T_A,1000051953,Right,T_B,2,Top,0,2,2,2-2,Slider,Slider,InPlay,Undefined,GroundBall,GroundBall,Out,1,0,81.94543,-1.809298,-0.993872,2646.459621,86.932065,9:00,5.90917,1.31126,5.57417,-41.18585,0.85654,-7.87725,0.78627,-0.27357,75.73975,-9.300827,-2.402671,0.466675,82.29105,2.506984,-7.459911,1518.012003,,,,44.29086,42.12766,-7.642988,0.364211,3.76303,1.25039,-1.22024,50,5.72597,2.3704,-119.00895,-5.16304,5.39987,22.71749,-30.37977,80.76799,1.2259,6.20568,2.23094,0.90883,0.24591,691373,Right,54.92711,-119.9458,11.35875,5.91306,-3.91022,-15.18988,-1.31341,2.14771,2.69993,45.24762,2.234,119.44514,-13.89233,,,,,,,0.91399,5.09024,-20.90608,,,,,,,0.24806,-15.73378,-3.09377,,,,,,,,,,,,,,,,,,,,,,,,,,,,,High,High,High,Medium,High,,,,v3
44,11/13/2022,3,1,1000103199,Right,T_A,1000055244,Left,T_B,2,Top,1,0,0,0-0,Fastball,Four-Seam,BallCalled,Undefined,Undefined,,Undefined,0,0,91.00681,-3.993472,-2.422699,1905.626145,210.676967,1:00,5.91101,1.17506,6.07339,-15.17469,18.25186,10.22351,0.94193,-0.21608,83.87144,-6.868675,-0.582883,0.416119,,,,,,,,,,,,-5.89575,10.75886,-0.99285,50,5.59301,5.15699,-131.93869,-9.64993,-10.4705,26.10134,-13.06702,90.58096,,7.13537,,,,691373,Right,54.42614,-132.81142,13.05067,5.90836,-9.21302,-6.53351,-1.17114,5.50708,-5.23525,,,,,,,,,,,,,,,,,,,,,,,,,,,,,,,,,,,,,,,,,,,,,,,,,,,High,High,High,,,,,,v3
45,11/13/2022,3,2,1000103199,Right,T_A,1000055244,Left,T_B,2,Top,1,1,0,1-0,Fastball,Four-Seam,StrikeSwinging,Undefined,Undefined,,Undefined,0,0,91.36216,-2.4602,-1.837998,1944.50456,210.18954,1:00,5.92236,1.1508,6.07399,-15.68891,17.44084,9.5554,2.33594,0.24579,83.90861,-5.443267,-0.117648,0.414267,,,,,,,,,,,,-5.4128,9.95882,-1.01355,50,5.72333,3.856,-132.66574,-6.15444,-9.69191,27.13743,-14.34227,90.98585,,7.45355,,,,691373,Right,54.42508,-133.56784,13.56872,5.91999,-5.67767,-7.17114,-1.14709,4.17818,-4.84595,,,,,,,,,,,,,,,,,,,,,,,,,,,,,,,,,,,,,,,,,,,,,,,,,,,High,High,High,,,,,,v3
46,11/13/2022,3,3,1000103199,Right,T_A,1000055244,Left,T_B,2,Top,1,1,1,1-1,Fastball,Four-Seam,StrikeCalled,Undefined,Undefined,,Undefined,0,0,91.40363,-3.541847,-2.331079,1847.465251,202.571846,12:45,5.95236,1.21137,6.11002,-14.67355,18.37052,7.22213,1.44761,-0.34347,84.23209,-6.33054,-1.030682,0.413731,,,,,,,,,,,,-4.32618,10.7069,-1.0361,50,5.67213,5.09719,-132.59537,-8.6242,-7.76221,26.27463,-12.96331,91.10371,,7.17154,,,,691373,Right,54.3893,-133.4623,13.13731,5.94963,-8.19647,-6.48165,-1.2085,5.3533,-3.88111,,,,,,,,,,,,,,,,,,,,,,,,,,,,,,,,,,,,,,,,,,,,,,,,,,,High,High,High,,,,,,v3
47,11/13/2022,3,4,1000103199,Right,T_A,1000055244,Left,T_B,2,Top,1,1,2,1-2,Fastball,Four-Seam,HitByPitch,Undefined,Undefined,,Undefined,0,0,91.21129,-1.9338,-4.227039,2025.329889,197.908318,12:30,6.00013,0.95242,5.95983,-14.92143,18.6884,5.69516,2.9579,-2.49983,83.41733,-4.782717,-3.208328,0.417258,,,,,,,,,,,,-4.13851,10.50816,-0.61973,50,5.83805,9.53554,-132.16961,-4.90777,-7.3249,28.01307,-13.57518,90.33372,,7.79396,,,,691373,Right,54.54091,-133.12857,14.00654,5.9981,-4.44305,-6.78759,-0.95045,9.78628,-3.66245,,,,,,,,,,,,,,,,,,,,,,,,,,,,,,,,,,,,,,,,,,,,,,,,,,,High,High,High,,,,,,v3
48,11/13/2022,4,1,1000103199,Right,T_A,1000103136,Right,T_B,2,Top,1,0,0,0-0,Fastball,Changeup,FoulBall,Undefined,Undefined,,Undefined,0,0,88.68532,-1.31168,-1.780289,1796.808414,212.25029,1:00,6.00449,1.31522,5.91753,-20.25985,14.85272,8.74123,3.09808,0.39094,81.93904,-5.106441,-0.211015,0.426484,66.5436,29.19262,156.340745,3959.219632,,,,,46.52694,,,-4.94855,8.26508,-1.17768,50,5.88775,3.65138,-128.92601,-3.59057,-8.42014,24.05939,-18.11063,88.37951,21.74188,6.74628,1.1624,2.82706,-0.54193,691373,Right,54.58289,-129.77842,12.0297,6.00359,-2.94892,-9.05532,-1.31233,3.9497,-4.21007,,1.1624,-78.03962,1.46948,1.1161,0.60145,-4.71018,11.69938,-13.69104,6.18791,2.82706,47.60264,-27.76164,3.38245,0.20657,-4.24596,10.40899,-11.98768,5.35168,-0.54193,34.19072,-9.92835,1.76799,0.41144,-3.59524,8.67878,-9.98218,4.45453,,,,,,,,,,,,,,,,,,,,,,,High,High,High,High,Low,,,,v3
49,11/13/2022,4,2,1000103199,Right,T_A,1000103136,Right,T_B,2,Top,1,0,1,0-1,Fastball,Four-Seam,BallCalled,Undefined,Undefined,,Undefined,0,0,90.76831,-3.721226,-2.963963,1882.232942,206.352353,1:00,5.96359,0.9866,6.02359,-16.19879,17.44607,8.14099,1.15767,-1.08261,83.72628,-6.776779,-1.501468,0.417475,,,,,,,,,,,,-4.96402,10.25965,-0.75895,50,5.66273,6.47752,-131.58442,-9.04851,-8.77564,25.74922,-14.03655,90.28662,,7.04204,,,,691373,Right,54.47648,-132.4575,12.87461,5.96147,-8.57257,-7.01828,-0.98364,6.77508,-4.38782,,,,,,,,,,,,,,,,,,,,,,,,,,,,,,,,,,,,,,,,,,,,,,,,,,,High,High,High,,,,,,v3
50,11/13/2022,4,3,1000103199,Right,T_A,1000103136,Right,T_B,2,Top,1,1,1,1-1,Slider,Slider,BallCalled,Undefined,Undefined,,Undefined,0,0,82.46075,-2.453127,-1.683509,2144.336395,96.09363,9:15,5.83,1.43331,5.80459,-39.05471,1.65398,-5.3554,0.29164,-0.5791,77.18554,-9.549183,-2.645076,0.459214,,,,,,,,,,,,2.37043,1.71181,-1.29176,50,5.60464,3.72256,-119.86149,-6.42765,3.49568,20.19425,-29.64965,82.08036,,5.27521,,,,691373,Right,54.69785,-120.65039,10.09713,5.83311,-5.26937,-14.82482,-1.43451,3.586,1.74784,,,,,,,,,,,,,,,,,,,,,,,,,,,,,,,,,,,,,,,,,,,,,,,,,,,High,High,High,,,,,,v3
51,11/13/2022,4,4,1000103199,Right,T_A,1000103136,Right,T_B,2,Top,1,2,1,2-1,Fastball,Four-Seam,BallCalled,Undefined,Undefined,,Undefined,0,0,88.90228,-0.754595,-1.6313,2002.030829,203.813876,12:45,5.81174,1.21954,6.23192,-16.34135,18.67123,7.73288,3.75348,0.35859,80.87412,-3.901592,-0.235197,0.425876,,,,,,,,,,,,-4.4411,10.2093,-1.10126,50,5.74698,3.35532,-129.10094,-2.12242,-7.46621,27.8507,-15.01052,88.50562,,8.02816,,,,691373,Right,54.26414,-130.01758,13.92535,5.8087,-1.62838,-7.50526,-1.21573,3.60105,-3.7331,,,,,,,,,,,,,,,,,,,,,,,,,,,,,,,,,,,,,,,,,,,,,,,,,,,High,High,High,,,,,,v3
52,11/13/2022,4,5,1000103199,Right,T_A,1000103136,Right,T_B,2,Top,1,3,1,3-1,Fastball,Four-Seam,FoulBall,Undefined,Undefined,,Undefined,0,0,89.08832,-2.300518,-3.351354,2082.486174,201.376095,12:45,5.70834,1.40462,6.16949,-18.95206,15.54969,5.70784,1.99937,-1.21871,82.5475,-5.860376,-2.324016,0.422758,73.27366,20.725354,138.051145,3970.826827,,,,,44.77849,,,-3.76477,8.91808,-1.1535,50,5.52391,7.34756,-129.34499,-5.7673,-6.46456,23.54242,-16.86056,89.1584,16.21736,6.54082,0.26998,1.93805,1.06648,691373,Right,54.33056,-130.13082,11.77121,5.70703,-5.2045,-8.43028,-1.40236,7.56334,-3.23228,,0.26757,-74.69516,6.93778,,,,,,,1.94602,37.81297,-17.51762,,,,,,,1.10378,66.14972,-20.18709,,,,,,,,,,,,,,,,,,,,,,,,,,,,,High,High,High,Medium,Low,,,,v3
53,11/13/2022,4,6,1000103199,Right,T_A,1000103136,Right,T_B,2,Top,1,3,2,3-2,Fastball,Four-Seam,FoulBall,Undefined,Undefined,FlyBall,Undefined,0,0,90.27004,-1.804076,-2.138401,1823.260575,196.800418,12:30,5.90868,0.92884,6.11958,-15.37465,18.61316,5.295,2.95786,-0.6078,82.56104,-4.74887,-1.184887,0.419598,77.35822,38.315254,42.504958,4840.72712,67.10667,66.2537,87.15891,244.51982,149.78267,64.261547,4.469723,-3.33709,10.45394,-0.76779,50,5.76233,4.67757,-131.07381,-4.55365,-5.80814,27.58565,-13.97916,89.82994,70.74892,7.709,0.87739,2.97523,0.52122,691373,Right,54.37941,-131.99228,13.79283,5.90619,-4.08821,-6.98958,-0.92675,4.87095,-2.90407,,0.83428,66.69954,-25.64245,15.66122,-11.30356,5.55698,-1.59258,0.23844,-0.01431,2.95758,70.73209,-23.08838,4.91149,-2.71394,1.10744,-0.24947,0.02744,-0.00112,0.51472,60.23636,-0.95656,-1.74142,1.41012,-0.84378,0.30128,-0.05454,0.00383,,,,,,,,,,,,,,,,,,,,,,,High,High,High,High,Medium,,,,v3
54,11/13/2022,4,7,1000103199,Right,T_A,1000103136,Right,T_B,2,Top,1,3,2,3-2,Slider,Slider,InPlay,Undefined,FlyBall,FlyBall,Single,0,1,80.11901,-0.671005,-1.057165,2058.55205,67.594053,8:15,5.79143,1.43045,5.60503,-45.21959,-1.86874,-7.30445,1.39662,-0.16522,74.89582,-8.876541,-2.363857,0.473882,68.21878,27.59721,-3.70023,3178.081001,109.99957,40.13389,-0.25525,218.4918,218.4918,2.852436,3.595243,3.49701,-0.51228,-1.33501,50,5.70406,2.42459,-116.57115,-2.88052,4.87809,19.09068,-32.88865,79.53969,40.81017,5.22318,2.44621,1.54793,0.15117,691373,Right,54.89794,-117.37054,9.54534,5.79584,-1.50337,-16.44432,-1.43226,2.22033,2.43904,203.765682,2.44623,88.48691,-15.10441,3.53326,-0.78159,0.1991,-0.05359,0.00994,-0.00078,1.54832,46.33549,-13.92258,-0.23934,0.51843,-0.30584,0.10871,-0.01991,0.00143,0.15113,-5.72146,5.36094,-1.58687,0.39094,-0.08659,0.0177,-0.00277,0.0002,,,,,,,,,,,,,,,,,,,,,,,High,High,High,High,High,,,,v3
55,11/13/2022,5,1,1000103199,Right,T_A,1000180386,Right,T_B,2,Top,1,0,0,0-0,Fastball,Four-Seam,StrikeSwinging,Undefined,Undefined,,Undefined,0,0,90.59447,-0.658748,-2.098271,1791.956378,204.207694,12:45,5.89829,1.01859,5.89631,-19.39781,14.23607,5.97902,3.66978,-0.43208,83.72213,-4.293066,-1.02594,0.417407,,,,,,,,,,,,-3.5628,7.74827,-0.85306,50,5.83397,4.56978,-131.69168,-2.13825,-6.33728,24.59369,-18.3919,90.30137,,6.87234,,,,691373,Right,54.60286,-132.54848,12.29685,5.8973,-1.4975,-9.19595,-1.01611,4.79056,-3.16864,,,,,,,,,,,,,,,,,,,,,,,,,,,,,,,,,,,,,,,,,,,,,,,,,,,High,High,High,,,,,,v3
56,11/13/2022,5,2,1000103199,Right,T_A,1000180386,Right,T_B,2,Top,1,0,1,0-1,Fastball,Four-Seam,FoulBall,Undefined,Undefined,GroundBall,Undefined,0,0,90.82254,-1.330928,-1.803617,1734.560429,193.608028,12:30,5.97654,0.92834,5.99671,-18.24599,15.40698,3.47803,3.2219,-0.4537,83.22635,-4.779581,-1.178482,0.417526,65.30203,-43.047882,-74.217081,,,,,6.22152,4.35791,-31.44674,0.052966,-2.30331,8.62871,-0.78833,50,5.86171,4.01289,-131.94848,-3.63025,-4.06747,27.63861,-16.93651,90.27574,3.48315,7.59619,4.29348,3.48315,0.34259,691373,Right,54.50364,-132.88849,13.8193,5.97538,-3.05423,-8.46825,-0.92716,4.15123,-2.03373,,4.29252,19.14922,,,,,,,,3.48643,-65.76218,,,,,,,,0.34596,-67.74899,,,,,,,,,,,,,,,,,,,,,,,,,,,,,,High,High,High,Low,Low,,,,v3
57,11/13/2022,5,3,1000103199,Right,T_A,1000180386,Right,T_B,2,Top,1,0,2,0-2,Fastball,Four-Seam,StrikeSwinging,Strikeout,Undefined,,Undefined,0,0,89.61797,-0.494021,-2.019186,1760.779654,203.381029,12:45,5.8031,1.42677,6.21958,-18.27781,15.92017,6.43744,3.82379,0.09922,82.19608,-3.967879,-0.857574,0.420893,,,,,,,,,,,,-3.85646,8.69335,-1.27864,50,5.75677,4.3279,-130.23784,-1.64587,-6.65448,26.16414,-17.17335,89.55352,,7.42189,,,,691373,Right,54.27843,-131.09454,13.08207,5.80145,-1.08356,-8.58667,-1.42391,4.54579,-3.32724,,,,,,,,,,,,,,,,,,,,,,,,,,,,,,,,,,,,,,,,,,,,,,,,,,,High,High,High,,,,,,v3
58,11/13/2022,6,1,1000103199,Right,T_A,8886045,Left,T_B,2,Top,2,0,0,0-0,Fastball,Changeup,StrikeCalled,Undefined,Undefined,,Undefined,0,0,89.14678,-1.271125,-2.882595,1659.82085,200.478815,12:45,5.67403,1.39156,6.27777,-20.73911,13.59146,4.71205,2.77244,-0.87504,82.37351,-5.171518,-2.032158,0.421708,,,,,,,,,,,,-3.16331,7.69091,-1.18082,50,5.5698,6.33699,-129.5441,-3.49606,-5.4339,24.30614,-18.96264,89.3804,,6.77326,,,,691373,Right,54.22181,-130.33382,12.15307,5.67338,-2.87995,-9.48132,-1.38958,6.51354,-2.71695,,,,,,,,,,,,,,,,,,,,,,,,,,,,,,,,,,,,,,,,,,,,,,,,,,,High,High,High,,,,,,v3
59,11/13/2022,6,2,1000103199,Right,T_A,8886045,Left,T_B,2,Top,2,0,1,0-1,ChangeUp,Changeup,BallCalled,Undefined,Undefined,,Undefined,0,0,84.09069,-1.608726,-0.657498,1649.266614,237.347495,2:00,5.4688,1.72352,6.40687,-29.29143,9.40288,12.78859,1.54815,2.18464,77.26493,-7.090639,1.663048,0.447708,,,,,,,,,,,,-6.84461,5.74032,-1.68183,50,5.34032,0.92679,-122.24443,-4.28748,-10.35572,24.1313,-23.48906,84.18975,,6.82576,,,,691373,Right,54.09188,-123.04952,12.06565,5.47029,-3.50381,-11.74453,-1.71851,1.27229,-5.17786,,,,,,,,,,,,,,,,,,,,,,,,,,,,,,,,,,,,,,,,,,,,,,,,,,,High,High,High,,,,,,v3
60,11/13/2022,6,3,1000103199,Right,T_A,8886045,Left,T_B,2,Top,2,1,1,1-1,Fastball,Changeup,StrikeSwinging,Undefined,Undefined,,Undefined,0,0,89.64376,-2.644876,-2.960486,1537.217104,197.453542,12:30,5.7513,1.35921,6.16962,-23.11793,10.98985,3.15402,1.3769,-1.1148,83.14878,-6.942141,-2.392153,0.420337,,,,,,,,,,,,-2.37036,6.64429,-1.13654,50,5.5387,6.60813,-130.16933,-6.75451,-4.11524,24.28736,-20.6388,89.67185,,6.49498,,,,691373,Right,54.33128,-130.97497,12.14368,5.75141,-6.06989,-10.3194,-1.35801,6.74464,-2.05762,,,,,,,,,,,,,,,,,,,,,,,,,,,,,,,,,,,,,,,,,,,,,,,,,,,High,High,High,,,,,,v3
61,11/13/2022,6,4,1000103199,Right,T_A,8886045,Left,T_B,2,Top,2,1,2,1-2,Fastball,Four-Seam,FoulBall,Undefined,Undefined,,Undefined,0,0,91.06615,-2.152787,-1.620006,1713.652429,198.149078,12:30,5.87375,1.07097,6.08562,-20.39651,13.18792,3.96099,2.18076,-0.09802,83.08456,-5.995603,-0.906457,0.4171,,,,,,,,,,,,-2.53024,7.76882,-0.94807,50,5.69671,3.57534,-132.18665,-5.60898,-4.45629,29.38826,-18.4915,90.36779,,7.98159,,,,691373,Right,54.41347,-133.16425,14.69413,5.87306,-4.99386,-9.24575,-1.06947,3.72358,-2.22815,,,,,,,,,,,,,,,,,,,,,,,,,,,,,,,,,,,,,,,,,,,,,,,,,,,High,High,High,,,,,,v3
62,11/13/2022,6,5,1000103199,Right,T_A,8886045,Left,T_B,2,Top,2,1,2,1-2,Slider,Slider,BallCalled,Undefined,Undefined,,Undefined,0,0,81.35163,-1.803857,-0.945626,2187.301847,82.284842,8:45,5.70936,1.38033,5.60835,-42.21656,0.07012,-8.23,0.50676,-0.18826,75.77819,-9.463502,-2.418742,0.468029,,,,,,,,,,,,3.96315,0.82984,-1.29397,50,5.52745,2.26967,-118.24116,-5.15926,5.65971,20.70222,-30.98899,80.53434,,5.57344,,,,691373,Right,54.89322,-119.09481,10.35111,5.71385,-3.88144,-15.4945,-1.38275,2.0363,2.82985,,,,,,,,,,,,,,,,,,,,,,,,,,,,,,,,,,,,,,,,,,,,,,,,,,,High,High,High,,,,,,v3
63,11/13/2022,6,6,1000103199,Right,T_A,8886045,Left,T_B,2,Top,2,2,2,2-2,Fastball,Four-Seam,BallCalled,Undefined,Undefined,,Undefined,0,0,89.35181,0.216848,-1.648711,1709.173386,192.489992,12:30,5.83744,1.25146,5.93892,-19.50796,15.18213,3.13776,4.41302,-0.01693,82.07802,-3.460641,-1.085467,0.42391,,,,,,,,,,,,-2.02929,8.04264,-1.12172,50,5.84363,3.60509,-129.85182,-0.11006,-3.48914,25.40165,-18.34552,88.91604,,7.27379,,,,691373,Right,54.55922,-130.74065,12.70082,5.83625,0.53187,-9.17276,-1.25,3.72718,-1.74457,,,,,,,,,,,,,,,,,,,,,,,,,,,,,,,,,,,,,,,,,,,,,,,,,,,High,High,High,,,,,,v3
64,11/13/2022,6,7,1000103199,Right,T_A,8886045,Left,T_B,2,Top,2,3,2,3-2,ChangeUp,Changeup,FoulBall,Undefined,Undefined,,Undefined,0,0,83.76326,-1.422593,-2.424451,1612.18845,213.546306,1:00,5.3452,1.67881,6.54175,-23.82363,14.77434,9.03792,2.05375,0.20708,77.23452,-5.925696,-0.783392,0.44715,64.67728,26.548675,-146.130342,3063.26768,,,,,47.80037,,,-5.42154,8.49382,-1.51475,50,5.23622,4.84213,-121.788,-3.66214,-8.19392,22.51183,-19.33681,84.29476,19.37795,6.52874,2.25408,2.05179,-0.21081,691373,Right,53.95893,-122.5176,11.25592,5.34475,-3.03544,-9.66841,-1.67598,5.10769,-4.09696,35.124414,2.25408,-70.45771,2.76928,0.4642,-0.1392,0.05347,-0.01129,0.00434,-0.00132,2.05179,42.39837,-24.2222,2.42237,-0.4989,0.09076,-0.00971,-0.00218,0.00205,-0.21081,-47.29147,6.40785,-0.98262,0.20008,-0.02343,-0.00052,0.00472,-0.00251,,,,,,,,,,,,,,,,,,,,,,,High,High,High,High,Low,,,,v3
65,11/13/2022,6,8,1000103199,Right,T_A,8886045,Left,T_B,2,Top,2,3,2,3-2,Fastball,Four-Seam,BallCalled,Walk,Undefined,,Undefined,0,0,90.5854,-3.57499,-1.859304,1860.145754,207.839086,1:00,5.69137,1.55782,6.0993,-16.96257,16.573,8.23784,0.96541,0.52411,83.81463,-6.765627,-0.375123,0.416796,,,,,,,,,,,,-4.75087,9.77619,-1.41919,50,5.40685,3.93824,-131.50285,-8.72699,-8.40759,25.11277,-14.87323,90.43368,,6.77076,,,,691373,Right,54.40161,-132.34074,12.55638,5.68975,-8.23074,-7.43662,-1.55527,4.21877,-4.2038,,,,,,,,,,,,,,,,,,,,,,,,,,,,,,,,,,,,,,,,,,,,,,,,,,,High,High,High,,,,,,v3
66,11/13/2022,1,1,1000097859,Right,T_B,1000102964,Right,T_A,2,Bottom,0,0,0,0-0,Fastball,Four-Seam,StrikeCalled,Undefined,Undefined,,Undefined,0,0,88.01853,-2.604616,-2.425464,2262.681321,220.662183,1:15,6.13419,1.26334,5.4005,-17.5554,19.57411,15.69316,2.22669,0.29694,79.81267,-5.927591,0.363665,0.438562,,,,,,,,,,,,-8.59886,10.9943,-1.05839,50,5.88989,4.69584,-127.44431,-6.34346,-14.02737,28.17987,-14.23899,85.94551,,8.20586,,,,8886145,Right,55.0968,-128.56635,14.08993,6.13118,-5.77651,-7.11949,-1.25649,5.25437,-7.01368,,,,,,,,,,,,,,,,,,,,,,,,,,,,,,,,,,,,,,,,,,,,,,,,,,,High,High,High,,,,,,v3
67,11/13/2022,1,2,1000097859,Right,T_B,1000102964,Right,T_A,2,Bottom,0,0,1,0-1,Slider,Curveball,FoulBall,Undefined,Undefined,,Undefined,0,0,77.27416,-0.152747,-1.696395,2412.947109,15.182757,6:30,5.77596,1.54405,4.54901,-49.49605,-0.68784,-0.56717,1.50583,-0.11852,71.7482,-8.98882,-1.795842,0.502826,,,,,,,,,,,,-0.15146,0.02906,-1.36703,50,5.7129,3.34514,-112.16196,-2.13564,-0.19453,18.7188,-32.13673,74.96118,,5.52596,,,,8886145,Right,55.95289,-113.15108,9.3594,5.78088,-0.4375,-16.06837,-1.54406,3.35542,-0.09726,,,,,,,,,,,,,,,,,,,,,,,,,,,,,,,,,,,,,,,,,,,,,,,,,,,High,High,High,,,,,,v3
68,11/13/2022,1,3,1000097859,Right,T_B,1000102964,Right,T_A,2,Bottom,0,0,2,0-2,Slider,Curveball,StrikeCalled,Strikeout,Undefined,,Undefined,0,0,75.59178,0.790999,0.221706,2431.519954,48.128226,7:30,5.78867,1.56999,4.09496,-60.97586,-9.07855,-11.79481,1.46664,0.7999,70.2359,-9.973254,-1.832583,0.518494,,,,,,,,,,,,5.76016,-4.20252,-1.58113,50,5.81033,0.07762,-109.71873,-0.86019,7.06792,18.21344,-37.3307,72.69599,,5.35588,,,,8886145,Right,56.40873,-110.77748,9.10672,5.79727,1.30985,-18.66535,-1.5737,-0.33323,3.53396,,,,,,,,,,,,,,,,,,,,,,,,,,,,,57.25712,,,1.27041,,,,-2.5238,5.86761,-0.52287,76.32008,4.5031,-48.466,-2.44978,67.21306,-4.09201,5.96217,16.68302,-14.02184,-0.67147,-44.75275,5.59598,High,High,High,,,High,High,High,v3
69,11/13/2022,2,1,1000097859,Right,T_B,1000094105,Right,T_A,2,Bottom,1,0,0,0-0,Slider,Curveball,StrikeCalled,Undefined,Undefined,,Undefined,0,0,73.91369,1.485809,-1.069621,2431.453741,34.102853,7:15,5.75152,1.61866,4.52329,-64.43507,-11.18028,-8.55398,1.79754,-0.11296,68.95701,-9.961554,-2.569713,0.525231,,,,,,,,,,,,3.93547,-5.47705,-1.49826,50,5.84438,2.34494,-107.36697,0.44126,4.64068,16.81581,-38.63251,71.76349,,4.95667,,,,8886145,Right,55.98144,-108.29973,8.40791,5.76047,2.58418,-19.31625,-1.62119,2.08753,2.32034,,,,,,,,,,,,,,,,,,,,,,,,,,,,,,,,,,,,,,,,,,,,,,,,,,,High,High,High,,,,,,v3
70,11/13/2022,2,2,1000097859,Right,T_B,1000094105,Right,T_A,2,Bottom,1,0,1,0-1,Fastball,Changeup,FoulBall,Undefined,Undefined,,Undefined,0,0,86.98753,-1.323523,-3.406622,1874.675767,226.179234,1:30,5.79352,1.63461,5.11313,-22.22147,16.00265,15.35166,2.69244,-0.29916,79.23097,-5.452824,-0.696165,0.44498,79.34793,69.221098,46.831759,4760.230005,,,,,30.2004,,,-8.63178,8.71249,-1.32623,50,5.65193,6.80932,-125.97161,-3.68859,-13.83796,26.14677,-18.20675,84.70595,79.64265,7.75656,1.37524,2.68848,0.29967,8886145,Right,55.38567,-127.08455,13.07339,5.79244,-2.91362,-9.10338,-1.6286,7.39834,-6.91898,,1.37524,28.24562,-18.25851,5.82209,-1.52016,0.3697,-0.09458,0.02218,-0.00278,2.68848,108.80722,-26.19631,2.76471,-0.34804,0.00754,0.00727,-0.00124,0.00028,0.29967,30.11196,-0.14965,-1.17769,0.5257,-0.16986,0.04749,-0.01116,0.00174,,,,,,,,,,,,,,,,,,,,,,,High,High,High,Medium,Low,,,,v3
71,11/13/2022,2,3,1000097859,Right,T_B,1000094105,Right,T_A,2,Bottom,1,0,2,0-2,Slider,Curveball,StrikeCalled,Strikeout,Undefined,,Undefined,0,0,75.02741,2.533293,0.126944,2384.854288,55.322472,7:45,5.75589,1.68729,4.3546,-62.18283,-9.55249,-16.1669,2.99566,0.46133,68.93446,-8.548202,-2.696381,0.522143,,,,,,,,,,,,7.83221,-4.80969,-1.68372,50,5.96534,0.44562,-108.75171,2.45238,9.3727,19.20698,-37.92975,72.18795,,6.09295,,,,8886145,Right,56.14802,-109.83217,9.60349,5.76738,4.58605,-18.96487,-1.69396,-0.08162,4.68635,,,,,,,,,,,,,,,,,,,,,,,,,,,,,65.03536,,,1.046362,,,,-1.7424,5.04281,-4.77238,72.14464,5.35218,-52.63972,-1.70829,75.17569,-4.37783,5.12667,15.43613,-14.51047,-4.93052,-54.27255,8.23115,High,High,High,,,High,High,High,v3
72,11/13/2022,3,1,1000097859,Right,T_B,691273,Right,T_A,2,Bottom,2,0,0,0-0,Fastball,Sinker,InPlay,Undefined,GroundBall,GroundBall,Out,1,0,87.20754,-1.546897,-3.409705,2063.762968,225.638154,1:30,5.80866,1.46294,5.31512,-23.196,14.45178,13.53379,2.42089,-0.61321,79.71049,-5.850757,-1.011163,0.441612,77.2666,-1.488547,-4.588169,2330.736872,,,,31.61351,30.53167,-6.074725,0.268383,-7.7791,8.03949,-1.16402,50,5.65174,6.94026,-126.36175,-4.21844,-12.57911,25.72037,-19.17389,85.35191,2.46949,7.49704,2.02026,2.46949,0.17095,8886145,Right,55.18452,-127.41267,12.86019,5.8081,-3.43501,-9.58694,-1.45809,7.45424,-6.28956,64.012228,2.0193,112.97026,-12.51909,,,,,,,2.47154,-3.04462,-22.99664,,,,,,,0.17349,-9.18738,-14.65718,,,,,,,,,,,,,,,,,,,,,,,,,,,,,High,High,High,High,High,,,,v3
73,11/13/2022,1,1,1000103199,Right,T_A,1000064785,Right,T_B,3,Top,0,0,0,0-0,Slider,Slider,BallCalled,Undefined,Undefined,,Undefined,0,0,79.15491,-1.21733,0.505033,2024.295176,91.119166,9:00,5.7851,1.61499,5.3311,-43.38105,1.2885,-8.08563,1.02761,1.41506,74.32162,-9.045944,-0.934915,0.481036,,,,,,,,,,,,4.19221,1.26661,-1.65457,50,5.64346,-0.70064,-115.15869,-3.94432,5.74012,17.44914,-30.43977,78.35688,,4.83329,,,,691373,Right,55.17098,-115.93956,8.72457,5.7895,-2.5821,-15.21989,-1.61747,-0.95752,2.87006,,,,,,,,,,,,,,,,,,,,,,,,,,,,,,,,,,,,,,,,,,,,,,,,,,,High,High,High,,,,,,v3
74,11/13/2022,1,2,1000103199,Right,T_A,1000064785,Right,T_B,3,Top,0,1,0,1-0,ChangeUp,Changeup,InPlay,Undefined,Popup,,Out,1,0,81.34862,-1.627589,-1.886703,1441.14049,212.190236,1:00,5.52816,1.77953,6.58,-27.05935,13.45154,7.77957,1.78036,0.69809,75.74521,-6.701795,-0.471906,0.458097,84.8317,73.822171,-3.565102,,,,,,34.88047,,,-4.58878,7.81493,-1.65346,50,5.40483,3.6447,-118.40458,-4.08294,-6.61233,19.42373,-20.91294,82.28053,84.48256,5.60341,4.66249,1.76496,-0.64102,691373,Right,53.92176,-119.04619,9.71186,5.52829,-3.39214,-10.45647,-1.77746,3.86312,-3.30617,345.24182,4.66249,34.59871,-0.35934,0.08409,-0.25391,0.77796,-1.25151,0.96965,-0.29039,1.76496,119.49262,-32.65014,4.86845,-0.63062,-1.32896,2.4211,-1.85555,0.54511,-0.64102,-2.15498,4.03438,-0.81204,-2.16954,7.60807,-12.31449,9.52723,-2.84824,,,,,,,,,,,,,,,,,,,,,,,High,High,High,Medium,Low,,,,v3
75,11/13/2022,2,1,1000103199,Right,T_A,1000058463,Right,T_B,3,Top,1,0,0,0-0,Fastball,Four-Seam,BallCalled,Undefined,Undefined,,Undefined,0,0,89.04654,-3.499798,-3.8812,1877.470621,212.981445,1:00,5.73852,1.28027,6.1318,-16.70119,18.49761,11.24268,1.10043,-1.37572,81.30914,-6.682692,-1.860347,0.427007,,,,,,,,,,,,-6.91768,10.90804,-0.98921,50,5.46161,8.28786,-128.89066,-8.35966,-11.61432,27.28199,-13.86019,88.27114,,7.7374,,,,691373,Right,54.36692,-129.8117,13.641,5.73594,-7.89174,-6.9301,-1.27563,8.67996,-5.80716,,,,,,,,,,,,,,,,,,,,,,,,,,,,,,,,,,,,,,,,,,,,,,,,,,,High,High,High,,,,,,v3
76,11/13/2022,2,2,1000103199,Right,T_A,1000058463,Right,T_B,3,Top,1,1,0,1-0,ChangeUp,Changeup,BallCalled,Undefined,Undefined,,Undefined,0,0,82.7683,-2.948795,-2.844074,1440.473984,220.929054,1:15,5.56439,1.50289,6.4322,-25.03777,14.60757,11.67339,0.76207,-0.14032,76.77851,-7.636384,-0.728461,0.453176,,,,,,,,,,,,-6.86957,8.74146,-1.30575,50,5.34269,5.56699,-120.20993,-6.88425,-10.15986,20.95862,-19.24568,83.17387,,5.98979,,,,691373,Right,54.06905,-120.91729,10.47931,5.56407,-6.2347,-9.62284,-1.49943,5.90989,-5.07993,,,,,,,,,,,,,,,,,,,,,,,,,,,,,,,,,,,,,,,,,,,,,,,,,,,High,High,High,,,,,,v3
77,11/13/2022,2,3,1000103199,Right,T_A,1000058463,Right,T_B,3,Top,1,2,0,2-0,Fastball,Four-Seam,FoulBall,Undefined,Undefined,,Undefined,0,0,87.52329,-1.992582,-2.802102,1903.543269,206.12818,12:45,5.64062,1.5092,6.28569,-20.72257,15.01135,6.84363,2.07442,-0.50501,80.68725,-5.898202,-1.566269,0.430241,73.65169,9.501744,164.482461,5579.009413,,,,,46.29404,,,-4.29733,8.65796,-1.30587,50,5.48339,5.96001,-127.12411,-5.025,-7.08324,24.29003,-17.90321,87.60776,7.4124,6.83604,2.18833,2.06521,0.41415,691373,Right,54.21427,-127.92681,12.14501,5.63967,-4.43336,-8.9516,-1.5067,6.19409,-3.54162,252.723999,2.17992,-102.42685,11.34774,,,,,,,2.06819,17.75131,-13.92193,,,,,,,0.43325,27.97386,-13.15684,,,,,,,,,,,,,,,,,,,,,,,,,,,,,High,High,High,High,Low,,,,v3
78,11/13/2022,2,4,1000103199,Right,T_A,1000058463,Right,T_B,3,Top,1,2,1,2-1,Fastball,Changeup,InPlay,Undefined,FlyBall,GroundBall,Double,0,0,88.25574,-1.640523,-1.734096,1694.233736,217.579485,1:15,5.65964,1.39387,6.13539,-24.85647,10.5939,7.31237,2.07094,0.40003,81.06753,-6.286049,-0.415192,0.428531,106.94788,5.115414,-33.524144,3047.566566,,,,107.50435,105.07097,-37.191196,0.771807,-4.28319,6.25422,-1.26537,50,5.52142,3.59478,-128.23344,-4.45614,-7.14564,26.04181,-21.74018,87.9574,4.15559,7.18821,2.36678,2.05883,-0.41509,691373,Right,54.36468,-129.11678,13.02091,5.66007,-3.71871,-10.87009,-1.39142,3.83716,-3.57282,,2.49515,127.96248,-26.41101,,,,,,,2.12913,12.7331,-20.17779,,,,,,,-0.3889,-86.76996,3.95064,,,,,,,,,,,,,,,,,,,,,,,,,,,,,High,High,High,High,High,,,,v3
79,11/13/2022,3,1,1000103199,Right,T_A,1000066765,Right,T_B,3,Top,1,0,0,0-0,Slider,Slider,StrikeCalled,Undefined,Undefined,,Undefined,0,0,79.72593,0.678185,-0.788112,1861.573076,121.483969,10:00,5.89396,1.37778,5.31117,-39.12211,5.91052,-7.28949,3.27043,0.03053,72.88293,-6.492216,-2.082768,0.482986,,,,,,,,,,,,3.41177,3.22059,-1.30089,50,5.92735,1.89001,-115.67861,0.03314,4.61012,22.14006,-27.82225,78.04036,,6.84299,,,,691373,Right,55.18621,-116.667,11.07003,5.89815,1.27519,-13.91113,-1.38067,1.68421,2.30506,,,,,,,,,,,,,,,,,,,,,,,,,,,,,,,,,,,,,,,,,,,,,,,,,,,High,High,High,,,,,,v3
80,11/13/2022,3,2,1000103199,Right,T_A,1000066765,Right,T_B,3,Top,1,0,1,0-1,Slider,Slider,StrikeSwinging,Undefined,Undefined,,Undefined,0,0,78.4839,-0.056418,-0.307351,1969.874248,107.352786,9:30,5.96666,1.43289,5.59285,-40.97357,5.52138,-12.36615,2.49952,0.1154,71.13794,-7.615573,-2.516965,0.490766,,,,,,,,,,,,6.12768,3.32496,-1.39845,50,5.93562,1.09821,-113.81079,-1.43383,7.91397,23.87532,-27.87985,76.8033,,7.34596,,,,691373,Right,54.90344,-114.83483,11.93766,5.97147,-0.23802,-13.93992,-1.43828,0.75877,3.95699,,,,,,,,,,,,,,,,,,,,,,,,,,,,,,,,,,,,,,,,,,,,,,,,,,,High,High,High,,,,,,v3
81,11/13/2022,3,3,1000103199,Right,T_A,1000066765,Right,T_B,3,Top,1,0,2,0-2,Slider,Slider,InPlay,Undefined,GroundBall,GroundBall,Out,1,1,80.36999,-2.017363,-0.859986,2023.532682,133.103639,10:30,6.02746,1.21819,5.74295,-35.85404,7.69016,-6.74252,1.16031,-0.14447,73.9759,-8.604648,-2.068813,0.474937,46.54551,-5.687591,30.792763,,,,,5.67909,5.44942,18.506577,0.052965,3.21327,4.8915,-1.14242,50,5.83766,2.00735,-116.67437,-5.24994,4.4227,22.25688,-25.44141,79.36295,0.35871,6.39409,2.29144,0.35871,-0.04122,691373,Right,54.75631,-117.57819,11.12844,6.02987,-4.2168,-12.72071,-1.22029,1.82775,2.21135,180,2.29092,58.41506,,,,,,,,0.35877,-6.77259,,,,,,,,-0.04154,34.81236,,,,,,,,,,,,,,,,,,,,,,,,,,,,,,High,High,High,Low,Low,,,,v3
82,11/13/2022,4,1,1000103199,Right,T_A,1000102964,Right,T_B,3,Top,2,0,0,0-0,Slider,Curveball,StrikeCalled,Undefined,Undefined,,Undefined,0,0,78.72073,0.483487,0.322669,1974.284721,79.118557,8:45,5.90708,1.39483,5.42919,-45.90605,-0.11409,-7.94067,2.53441,1.03531,72.41362,-7.888965,-1.092609,0.487041,,,,,,,,,,,,4.08457,0.24524,-1.41776,50,5.91807,-0.33095,-114.33872,-0.59467,5.40987,20.98359,-31.84924,77.39061,,6.30711,,,,691373,Right,55.07051,-115.26551,10.49179,5.91327,0.81203,-15.92462,-1.39786,-0.56989,2.70494,,,,,,,,,,,,,,,,,,,,,,,,,,,,,,,,,,,,,,,,,,,,,,,,,,,High,High,High,,,,,,v3
83,11/13/2022,4,2,1000103199,Right,T_A,1000102964,Right,T_B,3,Top,2,0,1,0-1,Fastball,Changeup,BallCalled,Undefined,Undefined,,Undefined,0,0,89.05987,-2.573919,-3.228529,1733.835415,205.221848,12:45,5.96608,0.98693,5.9695,-20.9469,14.41017,6.23654,1.82875,-1.4898,81.29705,-6.509433,-2.109631,0.427966,,,,,,,,,,,,-4.11713,8.48804,-0.73437,50,5.75015,7.01581,-129.03429,-6.45795,-6.92024,27.61098,-17.90692,88.07338,,7.76282,,,,691373,Right,54.52772,-129.99953,13.80549,5.96497,-5.83195,-8.95346,-0.98386,7.25773,-3.46012,,,,,,,,,,,,,,,,,,,,,,,,,,,,,,,,,,,,,,,,,,,,,,,,,,,High,High,High,,,,,,v3
84,11/13/2022,4,3,1000103199,Right,T_A,1000102964,Right,T_B,3,Top,2,1,1,1-1,Slider,Slider,InPlay,Undefined,GroundBall,LineDrive,Out,1,0,80.23399,-0.831693,-1.148223,2014.406168,95.691909,9:15,6.03377,1.24236,5.82243,-41.26951,1.93016,-6.84118,1.82121,-0.39538,74.37944,-8.387774,-2.376382,0.473055,76.14255,11.765646,-36.78516,3754.92532,,,,114.99684,112.93277,-41.828768,1.195861,3.24059,1.51787,-1.14422,50,5.94086,2.58887,-116.66148,-3.01429,4.49125,20.78616,-30.07037,79.67878,7.92109,5.85455,3.13617,1.99319,0.41296,691373,Right,54.6793,-117.49225,10.39308,6.03732,-1.81244,-15.03518,-1.2441,2.40936,2.24562,80.224669,3.13617,87.5603,-18.1998,2.83665,-0.55701,0.07363,-0.00884,0.00114,-6.00E-05,1.99319,22.77166,-23.29066,2.99671,-0.64944,0.14289,-0.02644,0.00453,-0.00048,0.41296,-65.46811,-0.72044,1.8223,-0.60428,0.17504,-0.03955,0.00753,-0.00082,,,,,,,,,,,,,,,,,,,,,,,High,High,High,High,High,,,,v3
85,11/13/2022,1,1,1000097859,Right,T_B,1000187798,Right,T_A,3,Bottom,0,0,0,0-0,Fastball,Four-Seam,BallCalled,Undefined,Undefined,,Undefined,0,0,87.50511,-2.849545,-4.346294,2193.90946,213.857708,1:15,6.05511,1.38982,5.12207,-18.26068,19.81025,12.39296,1.83938,-1.67916,79.40289,-6.279696,-2.162511,0.444087,,,,,,,,,,,,-7.44587,11.08205,-0.99069,50,5.77287,9.04002,-126.38185,-6.90146,-11.96917,27.22572,-14.35976,84.8762,,8.10222,,,,8886145,Right,55.37518,-127.53453,13.61286,6.0522,-6.2935,-7.17988,-1.38415,9.54678,-5.98458,,,,,,,,,,,,,,,,,,,,,,,,,,,,,,,,,,,,,,,,,,,,,,,,,,,High,High,High,,,,,,v3
86,11/13/2022,1,2,1000097859,Right,T_B,1000187798,Right,T_A,3,Bottom,0,1,0,1-0,Fastball,Changeup,InPlay,Undefined,GroundBall,GroundBall,Out,1,0,86.17905,-0.890659,-3.452101,1845.002613,234.302821,1:45,5.82013,1.85896,4.93304,-25.53328,13.97052,17.4882,2.8489,0.04936,77.91017,-5.613722,-0.374245,0.452367,58.28419,-47.470426,-38.806552,,,,,4.52357,2.88946,-22.56718,0.045978,-9.7363,7.57473,-1.53825,50,5.71285,6.72389,-124.67375,-2.86423,-15.16621,27.48041,-20.37487,83.32272,2.91436,8.26888,2.09401,2.91436,-0.06067,8886145,Right,55.5651,-125.89442,13.74021,5.81997,-1.95918,-10.18743,-1.85189,7.39757,-7.58311,,2.09194,45.30893,,,,,,,,2.91725,-63.38629,,,,,,,,-0.059,-36.43784,,,,,,,,,,,,,,,,,,,,,,,,,,,,,,High,High,High,Estimated,Estimated,,,,v3
87,11/13/2022,2,1,1000097859,Right,T_B,1000110361,Right,T_A,3,Bottom,1,0,0,0-0,Slider,Curveball,BallCalled,Undefined,Undefined,,Undefined,0,0,76.20795,0.275332,-2.763444,2368.580439,43.343864,7:30,5.67684,1.75338,4.51942,-59.55936,-9.23197,-10.03532,0.97611,-1.71695,71.06603,-10.281101,-4.520194,0.510592,,,,,,,,,,,,4.21394,-4.2176,-1.45423,50,5.64819,5.74884,-110.57075,-1.69659,5.25428,18.38996,-37.43291,73.8211,,5.14192,,,,8886145,Right,55.98429,-111.5616,9.19498,5.68527,0.3203,-18.71646,-1.75636,5.46574,2.62714,,,,,,,,,,,,,,,,,,,,,,,,,,,,,75.84486,,,0.914844,,,,-1.57252,5.814,1.07676,64.80743,3.37227,-59.97252,-1.55643,76.45961,-4.27499,5.84112,8.54762,-12.27947,0.91427,-78.12524,12.57721,High,High,High,,,High,Medium,High,v3
88,11/13/2022,2,2,1000097859,Right,T_B,1000110361,Right,T_A,3,Bottom,1,1,0,1-0,Fastball,Four-Seam,BallCalled,Undefined,Undefined,,Undefined,0,0,89.10076,-2.698978,-3.985166,2210.822075,203.980286,12:45,6.07496,1.38107,5.25123,-15.37824,20.81289,8.73922,2.24928,-1.64143,81.50222,-5.602532,-2.441163,0.432984,,,,,,,,,,,,-5.43614,11.47485,-1.02166,50,5.81571,8.58103,-128.90338,-6.56957,-9.17253,26.08368,-12.8123,87.05263,,7.59854,,,,8886145,Right,55.24666,-129.96071,13.04184,6.07149,-6.05021,-6.40615,-1.37703,8.95284,-4.58627,,,,,,,,,,,,,,,,,,,,,,,,,,,,,,,,,,,,,,,,,,,,,,,,,,,High,High,High,,,,,,v3
89,11/13/2022,2,3,1000097859,Right,T_B,1000110361,Right,T_A,3,Bottom,1,2,0,2-0,Fastball,Sinker,InPlay,Undefined,GroundBall,GroundBall,Out,1,0,88.04154,-1.226092,-2.073132,1954.367278,242.693353,2:00,5.82629,1.74941,4.92176,-26.87801,9.88997,17.26525,2.42636,1.22736,81.92149,-6.104752,0.970952,0.436422,62.35745,3.157653,-20.626798,997.036793,,,,48.83083,48.83083,-22.287867,0.548184,-9.08812,5.46622,-1.56261,50,5.68429,3.85207,-127.92596,-3.78348,-15.3332,21.90605,-22.95157,86.367,2.81222,6.12005,1.68955,2.45913,-1.21596,8886145,Right,55.58058,-128.87804,10.95303,5.82705,-2.78596,-11.47579,-1.7445,4.51847,-7.6666,69.563636,1.68955,85.4646,-11.89152,1.46683,-0.30416,0.04812,-0.01185,0.00647,-0.00245,2.45913,5.0378,-18.09121,1.42668,-0.24158,0.05507,-0.00921,0.0019,-0.00042,-1.21596,-32.16966,0.98365,0.24942,-0.07021,0.01996,-0.00239,-0.00115,0.00075,,,,,,,,,,,,,,,,,,,,,,,High,High,High,High,High,,,,v3
90,11/13/2022,3,1,1000097859,Right,T_B,1000079407,Left,T_A,3,Bottom,2,0,0,0-0,Fastball,Four-Seam,BallCalled,Undefined,Undefined,,Undefined,0,0,89.04932,-2.905589,-3.941242,2183.966058,207.037664,1:00,6.0912,1.34548,5.20699,-15.1095,20.94151,10.13186,2.09073,-1.52254,82.00269,-5.744483,-2.152288,0.432146,,,,,,,,,,,,-6.07528,11.54154,-0.98843,50,5.81073,8.42874,-128.92734,-7.04423,-10.32472,24.37602,-12.55967,87.22161,,7.04662,,,,8886145,Right,55.29308,-129.92424,12.18801,6.08831,-6.53058,-6.27983,-1.34177,8.85099,-5.16236,,,,,,,,,,,,,,,,,,,,,,,,,,,,,,,,,,,,,,,,,,,,,,,,,,,High,High,High,,,,,,v3
91,11/13/2022,3,2,1000097859,Right,T_B,1000079407,Left,T_A,3,Bottom,2,1,0,1-0,Slider,Slider,BallCalled,Undefined,Undefined,,Undefined,0,0,76.67751,-0.825524,-2.951056,2438.257752,86.261907,9:00,5.77279,1.85085,4.71347,-48.80546,0.87,-9.63875,0.92111,-1.75556,70.99739,-9.55048,-4.642537,0.507274,,,,,,,,,,,,3.97784,1.02201,-1.54299,50,5.64531,6.116,-111.13025,-3.35333,4.98189,19.63768,-30.89408,74.30394,,5.68012,,,,8886145,Right,55.78773,-112.14832,9.81884,5.77763,-1.75168,-15.44704,-1.85336,5.85772,2.49095,,,,,,,,,,,,,,,,,,,,,,,,,,,,,,,,,,,,,,,,,,,,,,,,,,,High,High,High,,,,,,v3
92,11/13/2022,3,3,1000097859,Right,T_B,1000079407,Left,T_A,3,Bottom,2,2,0,2-0,Fastball,Sinker,BallCalled,Undefined,Undefined,,Undefined,0,0,90.27108,-1.865268,-0.612152,2258.969008,224.453388,1:30,6.02734,1.40773,5.17459,-21.98289,12.70784,11.54867,2.43949,1.79406,83.87679,-5.893263,1.434402,0.423914,,,,,,,,,,,,-5.89961,7.07311,-1.35986,50,5.83703,0.86921,-131.1773,-5.09375,-10.45187,23.3922,-19.64314,88.91522,,6.39428,,,,8886145,Right,55.32542,-132.12354,11.6961,6.02701,-4.29916,-9.82157,-1.40357,1.292,-5.22593,,,,,,,,,,,,,,,,,,,,,,,,,,,,,,,,,,,,,,,,,,,,,,,,,,,High,High,High,,,,,,v3
93,11/13/2022,3,4,1000097859,Right,T_B,1000079407,Left,T_A,3,Bottom,2,3,0,3-0,Fastball,Four-Seam,FoulBall,Undefined,Undefined,,Undefined,0,0,89.22813,-2.707097,-2.463512,2181.12091,206.852796,1:00,6.01695,1.50778,5.43126,-15.37666,20.4384,9.7552,2.19607,0.01215,81.50387,-5.622748,-0.729584,0.430729,86.74465,63.981066,-70.254546,4691.658026,,,,,43.12664,,,-5.63288,11.42103,-1.29656,50,5.76661,5.1351,-129.30994,-6.5913,-9.53366,27.06362,-12.84389,87.50844,76.01723,7.72426,2.33568,1.88702,0.10491,8886145,Right,55.06805,-130.36633,13.53181,6.0141,-6.08996,-6.42194,-1.50426,5.50723,-4.76683,150.76086,2.33568,18.85479,-13.04351,3.56083,-0.82907,-0.02648,0.31335,-0.253,0.07333,1.88702,114.33083,-36.28318,5.90572,-1.33186,0.11979,0.21503,-0.19052,0.05582,0.10491,-52.52828,3.36985,1.04344,-0.41957,-0.08303,0.33271,-0.26533,0.07752,,,,,,,,,,,,,,,,,,,,,,,High,High,High,High,Low,,,,v3
94,11/13/2022,3,5,1000097859,Right,T_B,1000079407,Left,T_A,3,Bottom,2,3,1,3-1,Fastball,Sinker,BallCalled,Walk,Undefined,,Undefined,0,0,90.19385,-1.899874,-0.731392,2285.061179,222.534794,1:30,5.9989,1.47627,5.36004,-19.64761,15.7891,13.33576,2.57917,1.90167,81.6147,-5.587373,1.639418,0.428448,,,,,,,,,,,,-6.89272,8.87048,-1.42031,50,5.81466,1.05056,-130.69923,-4.99839,-11.78858,30.43946,-17.00286,87.97435,,8.57916,,,,8886145,Right,55.13633,-131.89004,15.21973,5.99719,-4.33323,-8.50143,-1.47043,1.51174,-5.89429,,,,,,,,,,,,,,,,,,,,,,,,,,,,,,,,,,,,,,,,,,,,,,,,,,,High,High,High,,,,,,v3
95,11/13/2022,4,1,1000097859,Right,T_B,1000073511,Right,T_A,3,Bottom,2,0,0,0-0,Slider,Slider,BallCalled,Undefined,Undefined,,Undefined,0,0,77.15355,0.090008,-2.089352,2426.196459,75.076995,8:30,5.65358,1.91301,4.63757,-50.68806,-0.43567,-8.67934,1.51517,-0.79681,69.71781,-9.048443,-3.612115,0.510211,,,,,,,,,,,,3.54418,0.26012,-1.69039,50,5.61667,4.43662,-111.57373,-1.6781,4.37193,24.08384,-31.85318,73.87619,,7.43574,,,,8886145,Right,55.85968,-112.83149,12.04192,5.66088,-0.0146,-15.92659,-1.91613,4.2083,2.18596,,,,,,,,,,,,,,,,,,,,,,,,,,,,,,,,,,,,,,,,,,,,,,,,,,,High,High,High,,,,,,v3
96,11/13/2022,4,2,1000097859,Right,T_B,1000073511,Right,T_A,3,Bottom,2,1,0,1-0,Fastball,Sinker,FoulBall,Undefined,Undefined,,Undefined,0,0,87.48427,-1.895337,-3.052416,2147.669356,226.231972,1:30,5.81504,1.73943,5.29359,-26.1349,12.1065,11.09032,1.85437,-0.20508,78.44203,-6.758133,-1.085936,0.44508,,,,,,,,,,,,-6.61241,7.123,-1.46997,50,5.6238,6.24636,-126.46011,-5.10596,-10.47256,31.07393,-20.89285,84.68685,,9.04224,,,,8886145,Right,55.2025,-127.73208,15.53697,5.8153,-4.25074,-10.44643,-1.73443,6.67503,-5.23628,,,,,,,,,,,,,,,,,,,,,,,,,,,,,,,,,,,,,,,,,,,,,,,,,,,High,High,High,,,,,,v3
97,11/13/2022,4,3,1000097859,Right,T_B,1000073511,Right,T_A,3,Bottom,2,1,1,1-1,Fastball,Changeup,FoulBall,Undefined,Undefined,,Undefined,0,0,86.68662,-1.532348,-2.722452,1863.848186,227.918551,1:30,5.78092,1.70118,5.05694,-25.70679,12.98879,12.9139,2.19162,0.20798,78.77757,-6.275663,-0.441888,0.447715,73.53942,48.611926,79.907212,5384.174153,,,,,60.82137,,,-7.23138,7.28804,-1.45289,50,5.61505,5.38434,-125.52414,-4.29047,-11.46138,26.9774,-20.62286,84.1884,59.91142,7.90905,1.00794,2.14651,-0.20489,8886145,Right,55.4409,-126.6881,13.4887,5.78097,-3.40069,-10.31143,-1.69586,5.87885,-5.73069,,1.00794,12.49653,-14.37933,3.74217,-0.69175,-0.28189,0.65462,-0.51597,0.15821,2.1465,80.92017,-23.59042,2.56423,-0.64169,0.47787,-0.57399,0.4187,-0.12621,-0.20489,70.20716,-8.43637,1.95027,-0.38183,0.02106,0.07872,-0.07012,0.02201,,,,,,,,,,,,,,,,,,,,,,,High,High,High,Low,Low,,,,v3
98,11/13/2022,4,4,1000097859,Right,T_B,1000073511,Right,T_A,3,Bottom,2,1,2,1-2,ChangeUp,Changeup,BallCalled,Undefined,Undefined,,Undefined,0,0,84.04977,-3.080825,-4.791842,1573.632662,229.321107,1:45,5.69926,1.58646,5.6367,-29.92887,10.89619,10.92682,0.31811,-1.98391,76.13283,-8.615691,-2.847385,0.45987,,,,,,,,,,,,-7.12752,6.93973,-1.18554,50,5.41732,9.72813,-121.32577,-7.5288,-10.46589,27.03165,-21.98389,81.9633,,7.91694,,,,8886145,Right,54.86144,-122.40412,13.51582,5.70016,-6.65182,-10.99195,-1.58195,10.14564,-5.23295,,,,,,,,,,,,,,,,,,,,,,,,,,,,,,,,,,,,,,,,,,,,,,,,,,,High,High,High,,,,,,v3
99,11/13/2022,4,5,1000097859,Right,T_B,1000073511,Right,T_A,3,Bottom,2,2,2,2-2,Fastball,Changeup,FoulBall,Undefined,Undefined,,Undefined,0,0,87.28078,-1.450066,-2.864755,1984.684181,230.268952,1:45,5.67913,1.78799,5.04136,-24.91923,13.67666,14.70989,2.23264,0.30915,78.47376,-6.078419,-0.268389,0.447138,,,,,,,,,,,,-8.2978,7.66945,-1.52712,50,5.52144,5.64895,-126.23712,-4.09202,-13.15094,29.97573,-20.01899,84.29704,,8.80702,,,,8886145,Right,55.45625,-127.52615,14.98786,5.6789,-3.23115,-10.0095,-1.7822,6.21448,-6.57547,,,,,,,,,,,,,,,,,,,,,,,,,,,,,,,,,,,,,,,,,,,,,,,,,,,High,High,High,,,,,,v3
100,11/13/2022,4,6,1000097859,Right,T_B,1000073511,Right,T_A,3,Bottom,2,2,2,2-2,Slider,Curveball,InPlay,Undefined,GroundBall,GroundBall,Out,1,0,76.45615,1.266883,-1.391267,2392.623823,29.668274,7:00,5.71615,1.66174,4.76854,-58.15972,-8.49371,-5.67528,2.07118,-0.1305,70.70162,-9.148351,-2.390303,0.507225,81.89516,-28.611684,-48.463963,,,,,6.32012,5.18575,-25.527913,0.039333,2.44642,-4.2128,-1.51702,50,5.79108,2.92243,-110.98245,0.34655,3.06026,19.31344,-37.44391,74.31102,2.26775,5.75453,2.94644,2.26775,0.38825,8886145,Right,55.73459,-111.97595,9.65672,5.72371,2.2727,-18.72196,-1.66331,2.76501,1.53013,180,2.94539,70.08621,,,,,,,,2.26861,-57.65542,,,,,,,,0.38945,-79.11772,,,,,,,,,,,,,,,,,,,,,,,,,,,,,,High,High,High,Low,Low,,,,v3
101,11/13/2022,1,1,10023185,Right,T_A,1000051953,Right,T_B,4,Top,0,0,0,0-0,Slider,Curveball,StrikeCalled,Undefined,Undefined,,Undefined,0,0,73.71879,1.788549,-0.063956,2008.875597,44.731208,7:30,5.68978,1.40729,5.22312,-61.37507,-8.4693,-10.063,2.25726,0.50858,67.68912,-9.324902,-1.851144,0.523507,,,,,,,,,,,,5.00736,-4.25103,-1.39353,50,5.80853,0.50084,-106.99371,1.29434,5.77482,19.34258,-37.07658,71.99982,,6.02968,,,,691373,Right,55.27864,-107.94378,9.67129,5.70023,3.11547,-18.53829,-1.41117,0.21719,2.88741,,,,,,,,,,,,,,,,,,,,,,,,,,,,,,,,,,,,,,,,,,,,,,,,,,,High,High,High,,,,,,v3
102,11/13/2022,1,2,10023185,Right,T_A,1000051953,Right,T_B,4,Top,0,0,1,0-1,Slider,Curveball,FoulBall,Undefined,Undefined,,Undefined,0,0,74.3047,2.189578,-0.222133,2068.52617,48.111206,7:30,5.73724,1.43202,5.55262,-59.69066,-8.91315,-11.5082,2.80999,0.26545,69.01075,-8.653269,-2.277345,0.51287,,,,,,,,,,,,5.76922,-4.63154,-1.40501,50,5.8868,0.837,-108.03466,2.21032,6.87568,17.34115,-37.69386,73.49318,,5.29395,,,,691373,Right,54.9512,-108.8265,8.67057,5.74658,3.93151,-18.84693,-1.43606,0.52304,3.43784,,,,,,,,,,,,,,,,,,,,,,,,,,,,,,,,,,,,,,,,,,,,,,,,,,,High,High,High,,,,,,v3
103,11/13/2022,1,3,10023185,Right,T_A,1000051953,Right,T_B,4,Top,0,0,2,0-2,Fastball,Sinker,BallCalled,Undefined,Undefined,,Undefined,0,0,88.60736,1.815758,-1.171444,1906.023593,223.974171,1:30,5.82596,1.35085,5.71578,-21.10407,15.06733,13.35154,5.75969,1.37206,79.98678,-2.179538,1.215553,0.432867,,,,,,,,,,,,-7.07607,7.44516,-1.26095,50,5.965,2.03357,-128.47015,3.41023,-11.71352,28.97666,-19.84952,87.07635,,8.62059,,,,691373,Right,54.77977,-129.54374,14.48833,5.82502,4.14567,-9.92476,-1.34434,2.46756,-5.85676,,,,,,,,,,,,,,,,,,,,,,,,,,,,,,,,,,,,,,,,,,,,,,,,,,,High,High,High,,,,,,v3
104,11/13/2022,1,4,10023185,Right,T_A,1000103136,Right,T_B,4,Top,0,1,2,1-2,Slider,Curveball,FoulBall,Undefined,Undefined,LineDrive,Undefined,0,0,76.94806,0.464247,-1.554006,2125.37643,63.588763,8:00,5.7762,1.23012,5.43772,-51.38515,-3.16492,-9.49863,1.929,-1.01698,70.61297,-8.886653,-3.246399,0.499788,77.47715,21.396688,44.624869,3583.324747,70.97383,29.8867,84.03986,232.36416,210.08062,56.093166,2.974494,4.34036,-1.29579,-1.08578,50,5.78163,3.39251,-111.682,-0.80385,5.4481,21.2729,-33.80053,75.41681,30.53962,6.33509,0.90596,2.00002,0.64819,691373,Right,55.06264,-112.64219,10.63645,5.78348,0.7218,-16.90027,-1.23335,3.1466,2.72405,,0.90595,75.30101,-17.83869,3.88751,-0.79709,0.13781,-0.01538,0.0003,0.0001,2.00004,41.45567,-16.12436,0.93352,-0.17853,0.07135,-0.02965,0.00721,-0.00068,0.6482,74.32108,-4.84822,0.78786,-0.13869,0.04262,-0.0165,0.00375,-0.00034,,,,,,,,,,,,,,,,,,,,,,,High,High,High,High,Medium,,,,v3
105,11/13/2022,1,5,10023185,Right,T_A,1000103136,Right,T_B,4,Top,0,1,2,1-2,Slider,Curveball,BallCalled,Undefined,Undefined,,Undefined,0,0,74.99839,2.854568,0.283012,1956.571289,62.984627,8:00,5.71574,1.2991,5.31833,-54.32979,-3.63658,-10.14359,3.8695,0.71941,68.8763,-7.033006,-1.518311,0.512444,,,,,,,,,,,,5.1324,-2.08248,-1.31721,50,5.93516,-0.14609,-108.81969,3.61523,6.16807,18.69422,-34.67677,73.5543,,6.12209,,,,691373,Right,55.18215,-109.70632,9.34711,5.7247,5.25989,-17.33839,-1.30335,-0.43863,3.08404,,,,,,,,,,,,,,,,,,,,,,,,,,,,,,,,,,,,,,,,,,,,,,,,,,,High,High,High,,,,,,v3
106,11/13/2022,1,6,10023185,Right,T_A,1000180386,Right,T_B,4,Top,1,0,0,0-0,Fastball,Four-Seam,FoulBall,Undefined,Undefined,,Undefined,0,0,88.69158,-1.61288,-2.974734,1948.367479,217.988989,1:15,5.81064,1.009,5.60615,-18.96371,16.81347,12.27883,2.72232,-0.74709,81.45158,-5.169346,-0.785963,0.430501,88.07116,19.137891,64.612439,4441.595151,,,,,114.60901,,,-7.01878,9.28162,-0.76257,50,5.66035,6.15986,-128.68181,-4.23721,-11.83814,25.23146,-16.51934,87.55473,30.65338,7.24,0.49,2.79622,0.43693,691373,Right,54.89349,-129.63776,12.61573,5.80903,-3.61135,-8.25967,-1.00444,6.60837,-5.91907,,0.49,52.3197,-19.2351,4.50903,-0.9731,0.01789,0.22396,-0.17263,0.04791,2.79622,42.34776,-16.24972,0.97664,-0.15632,0.10627,-0.11659,0.07718,-0.02077,0.43693,110.24706,-11.45983,1.50889,-0.20003,0.06952,-0.07899,0.05353,-0.01454,,,,,,,,,,,,,,,,,,,,,,,High,High,High,High,Low,,,,v3
107,11/13/2022,1,7,10023185,Right,T_A,1000103136,Right,T_B,4,Top,1,0,1,0-1,Fastball,Sinker,InPlay,Undefined,GroundBall,GroundBall,FieldersChoice,1,0,89.44318,-2.169972,-3.112868,1980.717661,232.130766,1:45,5.89762,1.13036,5.88253,-22.50919,13.4378,15.4204,2.00278,-0.47821,79.78956,-6.436502,-0.348468,0.431522,46.85542,-59.096774,68.597295,,,,,1.75637,1.75637,60.653054,0.031886,-8.948,8.0478,-0.88761,50,5.70949,6.35562,-129.33034,-5.61445,-14.74921,33.70711,-18.90863,87.3477,1.89199,9.65362,0.44753,1.89199,0.47659,691373,Right,54.61204,-130.52683,16.85356,5.89687,-4.94325,-9.45431,-1.12251,6.87917,-7.37461,,0.44711,12.96069,,,,,,,,1.8939,-59.33607,,,,,,,,0.47553,33.06718,,,,,,,,,,,,,,,,,,,,,,,,,,,,,,High,High,High,Estimated,Estimated,,,,v3
108,11/13/2022,2,1,10023185,Right,T_A,1000180386,Right,T_B,4,Top,1,0,0,0-0,Fastball,Four-Seam,BallCalled,Undefined,Undefined,,Undefined,0,0,89.34294,-1.412522,-3.172006,2016.243836,213.811707,1:15,5.82374,1.19236,5.75102,-18.90863,16.72194,10.35634,2.93076,-0.90059,80.77653,-5.001393,-1.321799,0.429618,,,,,,,,,,,,-6.20989,9.29634,-0.93503,50,5.69494,6.71258,-129.39279,-3.77192,-10.42016,29.57856,-16.57478,87.73469,,8.56642,,,,691373,Right,54.74476,-130.47291,14.78928,5.82163,-3.16665,-8.28739,-1.1871,7.09309,-5.21008,,,,,,,,,,,,,,,,,,,,,,,,,,,,,,,,,,,,,,,,,,,,,,,,,,,High,High,High,,,,,,v3
109,11/13/2022,2,2,10023185,Right,T_A,1000180386,Right,T_B,4,Top,1,1,0,1-0,ChangeUp,Changeup,BallCalled,Undefined,Undefined,,Undefined,0,0,81.4171,-1.416029,-3.09828,1892.883133,222.221371,1:30,5.53657,1.36725,6.71175,-29.48667,11.10312,8.99772,1.78269,-0.71807,75.27863,-6.95929,-1.459953,0.458543,,,,,,,,,,,,-5.54737,6.60914,-1.16497,50,5.43093,6.10056,-118.33247,-3.70435,-7.92741,20.91954,-22.72931,82.2005,,6.13847,,,,691373,Right,53.78782,-119.00022,10.45977,5.53759,-2.97883,-11.36466,-1.36374,6.3536,-3.9637,,,,,,,,,,,,,,,,,,,,,,,,,,,,,,,,,,,,,,,,,,,,,,,,,,,High,High,High,,,,,,v3
110,11/13/2022,2,3,10023185,Right,T_A,1000055244,Left,T_B,4,Top,1,2,0,2-0,ChangeUp,Changeup,InPlay,Undefined,Popup,FlyBall,Out,1,0,82.11849,-0.05884,-2.75827,1859.420063,229.963205,1:45,5.59839,1.23032,6.51901,-29.06683,11.39989,12.04985,3.1221,-0.2983,75.14702,-5.54353,-0.572087,0.457847,78.38093,29.316367,-13.203518,2891.233165,104.49701,48.49352,-34.35657,236.91878,233.12882,-24.815033,3.772375,-7.10244,6.37965,-1.0431,50,5.58163,5.32198,-119.31389,-0.91521,-10.23092,23.11314,-22.9843,82.32538,51.1169,6.97148,1.32595,3.01271,0.32188,691373,Right,53.98017,-120.08244,11.55657,5.59935,-0.15094,-11.49215,-1.22572,5.66217,-5.11546,140.472886,1.32505,97.61287,-20.95683,5.09784,-1.31148,0.38118,-0.09682,0.01496,-0.00095,3.01363,56.26022,-17.81959,0.74555,0.1738,-0.15233,0.04868,-0.0069,0.00035,0.32157,-22.88536,-3.52192,1.58178,-0.49133,0.13287,-0.02877,0.00382,-0.00022,,,,,,,,,,,,,,,,,,,,,,,High,High,High,High,High,,,,v3
111,11/13/2022,3,1,10023185,Right,T_A,1000180386,Right,T_B,4,Top,1,0,0,0-0,Fastball,Changeup,BallCalled,Undefined,Undefined,,Undefined,0,0,88.58307,-2.48499,-3.904559,1830.699715,232.595996,1:45,5.79637,0.97315,5.77677,-24.29324,12.00953,14.01564,1.45283,-1.49768,80.27878,-7.023896,-1.399949,0.433652,,,,,,,,,,,,-8.32906,7.26685,-0.6588,50,5.57615,8.14201,-128.14614,-6.37411,-13.70328,29.09741,-20.21832,86.91868,,8.30429,,,,691373,Right,54.72045,-129.21354,14.54871,5.79637,-5.63242,-10.10916,-0.9667,8.6447,-6.85164,,,,,,,,,,,,,,,,,,,,,,,,,,,,,,,,,,,,,,,,,,,,,,,,,,,High,High,High,,,,,,v3
112,11/13/2022,3,2,10023185,Right,T_A,1000180386,Right,T_B,4,Top,1,1,0,1-0,Slider,Curveball,InPlay,Undefined,GroundBall,GroundBall,Out,1,0,76.92636,0.54609,-1.925811,2093.1129,62.765358,8:00,5.6655,1.27634,5.48721,-50.17727,-2.31343,-7.30504,1.99526,-1.13478,70.98904,-8.583003,-3.227672,0.497938,61.31676,-14.17695,-24.821922,,,,,12.20465,4.54696,-13.361911,0.104373,3.19547,-0.98095,-1.10231,50,5.6788,4.02695,-111.7204,-0.57453,4.04027,20.0533,-33.41433,75.69707,2.30854,5.93731,3.57981,2.30854,1.01592,691373,Right,55.01455,-112.6169,10.02665,5.67109,0.91927,-16.70716,-1.2783,3.84633,2.02014,,3.57424,79.46909,,,,,,,,2.31009,-22.11809,,,,,,,,1.0185,-36.75678,,,,,,,,,,,,,,,,,,,,,,,,,,,,,,High,High,High,Estimated,Estimated,,,,v3
113,11/13/2022,1,1,1000064440,Left,T_B,1000069979,Right,T_A,4,Bottom,0,0,0,0-0,ChangeUp,Changeup,BallCalled,Undefined,Undefined,,Undefined,0,0,75.87986,0.621561,0.517202,1269.943092,134.882342,10:30,5.90878,-1.98863,5.63983,-39.1351,9.2615,-7.94634,3.22741,-2.16832,70.35629,-6.573139,-0.903057,0.500701,,,,,,,,,,,,4.15575,4.98055,1.94984,50,5.93651,-0.70357,-110.32568,-0.00293,5.18374,17.41302,-25.96148,75.27927,,5.52358,,,,8886145,Right,54.85938,-111.09001,8.70651,5.91163,1.13662,-12.98074,1.98572,-0.93111,2.59187,,,,,,,,,,,,,,,,,,,,,,,,,,,,,,,,,,,,,,,,,,,,,,,,,,,High,High,High,,,,,,v3
114,11/13/2022,1,2,1000064440,Left,T_B,1000069979,Right,T_A,4,Bottom,0,1,0,1-0,Fastball,Changeup,InPlay,Undefined,FlyBall,,Out,1,0,85.77207,-1.127415,3.076765,1736.302836,169.5055,11:45,5.9112,-1.99396,6.06374,-25.94568,12.0426,-1.99736,2.70401,0.68983,78.17685,-5.990597,2.717841,0.443605,86.81761,35.080026,-7.340003,2849.140853,,,,,100.12356,,,1.94437,6.9141,1.75622,50,5.80979,-6.60866,-124.40355,-3.24431,3.02885,26.35327,-21.40367,84.96851,66.9654,7.59521,2.21844,2.90388,-0.67877,8886145,Right,54.43471,-125.33947,13.17663,5.91152,-2.48418,-10.70183,1.99283,-6.71622,1.51442,185.797032,2.21844,103.34851,-23.19585,5.83634,-1.37904,0.2918,-0.05985,0.01029,-0.001,2.90388,73.18042,-17.07716,0.80013,0.03472,-0.0452,0.01753,-0.00373,0.00042,-0.67877,-13.3126,4.55514,0.43453,-0.40817,0.15439,-0.04387,0.00919,-0.00105,,,,,,,,,,,,,,,,,,,,,,,High,High,High,High,Low,,,,v3
115,11/13/2022,2,1,1000064440,Left,T_B,1000102964,Right,T_A,4,Bottom,1,0,0,0-0,Slider,Slider,FoulBall,Undefined,Undefined,FlyBall,Undefined,0,0,79.31076,0.264547,1.718728,2539.1382,264.25123,2:45,5.74973,-2.38031,5.07289,-43.74534,2.03756,6.17386,2.35381,-0.24496,72.92775,-7.666626,2.810326,0.486993,77.80926,45.575767,38.692749,,72.16402,83.40242,83.02014,222.2794,165.90247,57.037512,4.79936,-2.61189,1.32209,2.21208,50,5.74008,-3.70392,-115.0822,-1.01803,-3.50335,21.32242,-30.40073,77.39828,85.50707,6.38301,1.59047,2.33479,0.15209,8886145,Right,55.42716,-116.08338,10.66121,5.75437,0.40942,-15.20037,2.38214,-3.53942,-1.75167,216.461986,1.62458,61.61125,-17.36509,0.61465,3.07503,-1.73506,0.43702,-0.05266,0.00245,2.33859,81.38321,-22.86072,0.65572,1.31715,-0.86133,0.26323,-0.03913,0.00225,0.15257,49.89901,-1.8347,-1.46672,1.20807,-0.57856,0.16299,-0.02385,0.00139,,,,,,,,,,,,,,,,,,,,,,,High,High,High,High,Low,,,,v3
116,11/13/2022,2,2,1000064440,Left,T_B,1000102964,Right,T_A,4,Bottom,1,0,1,0-1,Slider,Slider,BallCalled,Undefined,Undefined,,Undefined,0,0,78.64681,-0.393664,3.00018,2498.608768,268.54426,3:00,5.70955,-2.08118,5.37197,-44.43766,1.67512,10.82068,1.63682,1.63595,72.58551,-8.459069,4.920484,0.488745,,,,,,,,,,,,-4.60264,1.39473,1.80422,50,5.64282,-6.40528,-114.06206,-2.29374,-6.06588,20.90396,-30.33594,77.12092,,6.0613,,,,8886145,Right,55.12746,-114.99792,10.45198,5.7151,-0.93562,-15.16797,2.0849,-6.13371,-3.03294,,,,,,,,,,,,,,,,,,,,,,,,,,,,,,,,,,,,,,,,,,,,,,,,,,,High,High,High,,,,,,v3
117,11/13/2022,2,3,1000064440,Left,T_B,1000102964,Right,T_A,4,Bottom,1,1,1,1-1,Fastball,Four-Seam,InPlay,Undefined,GroundBall,,Out,1,0,86.52824,-1.972004,2.066193,1830.851368,160.138559,11:15,5.82604,-1.94091,6.15923,-22.78159,14.38111,-4.74599,2.10389,-0.42679,78.86972,-6.269602,1.210344,0.438758,,,,,,,,,,,,3.07646,8.3978,1.78648,50,5.66458,-4.34451,-125.56616,-4.99442,4.88195,26.86478,-18.84775,85.90712,,7.65852,,,,8886145,Right,54.33908,-126.49109,13.43239,5.82536,-4.34551,-9.42387,1.93896,-4.5126,2.44098,,,,,,,,,,,,,,,,,,,,,,,,,,,,,,,,,,,,,,,,,,,,,,,,,,,High,High,High,,,,,,v3
118,11/13/2022,3,1,1000064440,Left,T_B,1000094105,Right,T_A,4,Bottom,2,0,0,0-0,Fastball,Changeup,BallCalled,Undefined,Undefined,,Undefined,0,0,85.83198,-1.183882,1.183226,1782.980504,167.939533,11:30,5.74377,-2.17736,6.1886,-22.53958,14.51576,-2.87921,2.772,-1.32466,79.43751,-5.413126,0.663501,0.438124,,,,,,,,,,,,1.77984,8.14386,2.08957,50,5.64291,-2.46741,-124.84586,-3.24181,2.84247,22.33669,-19.16792,86.03148,,6.39447,,,,8886145,Right,54.31055,-125.61472,11.16834,5.74314,-2.58203,-9.58396,2.17619,-2.56526,1.42124,,,,,,,,,,,,,,,,,,,,,,,,,,,,,,,,,,,,,,,,,,,,,,,,,,,High,High,High,,,,,,v3
119,11/13/2022,3,2,1000064440,Left,T_B,1000094105,Right,T_A,4,Bottom,2,1,0,1-0,Fastball,Cutter,FoulBall,Undefined,Undefined,GroundBall,Undefined,0,0,84.24302,-1.195545,3.156744,1754.748552,173.321948,11:45,6.02487,-2.05547,6.23353,-26.76442,11.68583,-1.24394,2.68975,0.75599,78.16786,-6.181114,2.932526,0.446294,57.68996,-42.163897,-85.673674,,,,,4.37943,2.38499,-59.076957,0.048199,1.41575,6.69292,1.82041,50,5.92206,-6.70619,-122.42035,-3.35139,2.17564,21.30869,-21.8889,84.45649,2.75387,6.07516,2.02113,2.75387,-0.72465,8886145,Right,54.26721,-123.16087,10.65434,6.02532,-2.59071,-10.94445,2.05478,-6.7818,1.08782,,2.02091,4.75942,,,,,,,,2.75651,-57.13544,,,,,,,,-0.72175,-62.91168,,,,,,,,,,,,,,,,,,,,,,,,,,,,,,High,High,High,Estimated,Estimated,,,,v3
120,11/13/2022,3,3,1000064440,Left,T_B,1000094105,Right,T_A,4,Bottom,2,1,1,1-1,Slider,Slider,BallCalled,Undefined,Undefined,,Undefined,0,0,78.95456,-0.316029,2.720292,2503.469634,275.907149,3:15,5.81123,-2.21158,5.61858,-45.08341,0.10366,11.84079,1.75901,1.31578,73.07822,-8.52361,4.83258,0.483814,,,,,,,,,,,,-5.27949,0.54823,1.97157,50,5.75515,-5.89812,-114.62669,-2.12101,-7.04227,20.6799,-31.44279,77.90686,,5.87634,,,,8886145,Right,54.882,-115.50409,10.33995,5.81684,-0.78695,-15.7214,2.21548,-5.59933,-3.52114,,,,,,,,,,,,,,,,,,,,,,,,,,,,,,,,,,,,,,,,,,,,,,,,,,,High,High,High,,,,,,v3
121,11/13/2022,3,4,1000064440,Left,T_B,1000094105,Right,T_A,4,Bottom,2,2,1,2-1,Fastball,Cutter,BallCalled,Undefined,Undefined,,Undefined,0,0,86.24066,-2.628386,2.70469,1719.655216,176.731863,12:00,5.82171,-2.09667,5.98809,-23.55667,13.63465,-0.71693,1.41823,0.35217,79.82383,-7.006345,2.575939,0.438927,,,,,,,,,,,,1.05024,8.01926,1.8836,50,5.60091,-5.88555,-125.17974,-6.48325,1.68219,23.03504,-19.32937,85.87409,,6.41683,,,,8886145,Right,54.51185,-126.00726,11.51752,5.82135,-5.78886,-9.66469,2.09612,-5.94599,0.8411,,,,,,,,,,,,,,,,,,,,,,,,,,,,,,,,,,,,,,,,,,,,,,,,,,,High,High,High,,,,,,v3
122,11/13/2022,3,5,1000064440,Left,T_B,1000094105,Right,T_A,4,Bottom,2,3,1,3-1,Fastball,Changeup,BallCalled,Walk,Undefined,,Undefined,0,0,85.74856,0.524939,1.606087,1667.954497,171.942754,11:45,5.7996,-2.07651,5.9442,-27.05549,10.28351,-1.31563,4.0321,-0.69599,79.54022,-4.49776,1.369856,0.439798,,,,,,,,,,,,1.04886,5.47823,1.94931,50,5.82603,-3.44506,-124.73326,0.27272,1.67886,21.32455,-23.40517,85.70407,,6.20834,,,,8886145,Right,54.55552,-125.50966,10.66227,5.80059,1.12488,-11.70259,2.07586,-3.50618,0.83943,,,,,,,,,,,,,,,,,,,,,,,,,,,,,,,,,,,,,,,,,,,,,,,,,,,High,High,High,,,,,,v3
123,11/13/2022,4,1,1000064440,Left,T_B,691273,Right,T_A,4,Bottom,2,0,0,0-0,Fastball,Changeup,BallCalled,Undefined,Undefined,,Undefined,0,0,82.88742,-1.002353,1.057192,1749.035433,170.259635,11:45,5.97893,-2.37444,6.15816,-27.62651,12.45698,-1.92882,2.75046,-1.55839,76.23558,-6.171556,0.709122,0.455674,,,,,,,,,,,,1.28173,7.09323,2.29515,50,5.8886,-2.15076,-120.4808,-2.9196,1.89047,22.65266,-21.71207,82.71802,,6.65185,,,,8886145,Right,54.3403,-121.29411,11.32633,5.97943,-2.14006,-10.85604,2.37359,-2.21864,0.94523,,,,,,,,,,,,,,,,,,,,,,,,,,,,,,,,,,,,,,,,,,,,,,,,,,,High,High,High,,,,,,v3
124,11/13/2022,4,2,1000064440,Left,T_B,691273,Right,T_A,4,Bottom,2,1,0,1-0,Fastball,Changeup,StrikeCalled,Undefined,Undefined,,Undefined,0,0,82.07252,-0.117654,1.558838,1654.133519,182.671517,12:00,5.84976,-2.05288,5.8693,-30.71691,10.27749,0.42677,3.18069,-0.56899,76.07113,-5.801571,1.635385,0.460822,,,,,,,,,,,,0.15823,5.64662,1.92642,50,5.82222,-3.26423,-119.35053,-1.20901,0.23111,20.25669,-23.92663,81.79384,,6.00139,,,,8886145,Right,54.63053,-120.13388,10.12835,5.85108,-0.28374,-11.96332,2.05283,-3.27317,0.11555,,,,,,,,,,,,,,,,,,,,,,,,,,,,,,,,,,,,,,,,,,,,,,,,,,,High,High,High,,,,,,v3
125,11/13/2022,4,3,1000064440,Left,T_B,691273,Right,T_A,4,Bottom,2,1,1,1-1,Slider,Slider,BallCalled,Undefined,Undefined,,Undefined,0,0,77.50719,-3.921263,3.124645,2360.247712,258.885264,2:45,5.71302,-2.5462,5.59011,-43.74798,2.50933,7.22185,-1.60532,0.97615,73.68748,-11.734165,4.414865,0.48951,,,,,,,,,,,,-3.10906,2.28748,2.2727,50,5.34593,-6.38635,-112.47963,-9.10474,-4.07525,15.96973,-29.17571,77.00034,,3.81971,,,,8886145,Right,54.9146,-113.17524,7.98487,5.71484,-7.83389,-14.58785,2.54702,-6.20884,-2.03762,,,,,,,,,,,,,,,,,,,,,,,,,,,,,,,,,,,,,,,,,,,,,,,,,,,High,High,High,,,,,,v3
126,11/13/2022,4,4,1000064440,Left,T_B,691273,Right,T_A,4,Bottom,2,2,1,2-1,Fastball,Cutter,BallCalled,Undefined,Undefined,,Undefined,0,0,84.94112,-3.460002,2.851839,1781.225729,189.899218,12:15,5.75049,-2.37601,6.15222,-25.73265,12.03879,1.93162,0.40141,0.42206,79.62945,-8.199182,3.199858,0.442337,,,,,,,,,,,,-0.38327,7.32189,2.15805,50,5.47333,-6.21487,-123.3546,-8.25005,-0.6024,19.91515,-20.66569,85.21207,,5.31167,,,,8886145,Right,54.34995,-124.0549,9.95758,5.75066,-7.52336,-10.33284,2.37622,-6.19369,-0.3012,,,,,,,,,,,,,,,,,,,,,,,,,,,,,,,,,,,,,,,,,,,,,,,,,,,High,High,High,,,,,,v3
127,11/13/2022,4,5,1000064440,Left,T_B,691273,Right,T_A,4,Bottom,2,3,1,3-1,Fastball,Changeup,BallCalled,Walk,Undefined,,Undefined,0,0,83.62895,-0.368844,1.744262,1574.858239,170.641547,11:45,5.90765,-2.29361,5.96992,-25.13371,15.06402,-2.25417,3.47105,-0.86381,75.79185,-5.113606,1.339307,0.456323,,,,,,,,,,,,1.68457,8.25012,2.15666,50,5.86456,-3.60406,-121.32014,-1.51852,2.4862,25.89557,-19.99789,82.60038,,7.8371,,,,8886145,Right,54.52556,-122.2823,12.94779,5.90718,-0.7755,-9.99895,2.29229,-3.69643,1.2431,,,,,,,,,,,,,,,,,,,,,,,,,,,,,,,,,,,,,,,,,,,,,,,,,,,High,High,High,,,,,,v3
128,11/13/2022,5,1,1000064440,Left,T_B,1000187798,Right,T_A,4,Bottom,2,0,0,0-0,Slider,Slider,StrikeSwinging,Undefined,Undefined,,Undefined,0,0,78.8105,-1.848027,3.754961,2439.507637,258.091255,2:30,5.6823,-2.52385,5.57981,-42.6199,2.84815,7.22193,0.40041,1.58988,73.23322,-9.571139,5.040983,0.485316,,,,,,,,,,,,-2.70173,2.2915,2.19554,50,5.4948,-7.76748,-114.25811,-5.08198,-3.58788,20.15172,-29.13098,77.66579,,5.57728,,,,8886145,Right,54.92132,-115.12281,10.07586,5.68604,-3.83198,-14.56549,2.52554,-7.61353,-1.79394,,,,,,,,,,,,,,,,,,,,,,,,,,,,,,,,,,,,,,,,,,,,,,,,,,,High,High,High,,,,,,v3
129,11/13/2022,5,2,1000064440,Left,T_B,1000187798,Right,T_A,4,Bottom,2,0,1,0-1,Slider,Slider,BallCalled,Undefined,Undefined,,Undefined,0,0,79.53633,-2.2629,3.329012,2367.922168,257.520183,2:30,5.90501,-2.66168,5.70745,-41.66557,2.77059,6.6113,0.31986,0.99441,73.88186,-9.829112,4.510604,0.479777,,,,,,,,,,,,-2.51768,2.35347,2.3782,50,5.68877,-6.95247,-115.35217,-5.90531,-3.40452,20.73334,-28.9916,78.56235,,5.65446,,,,8886145,Right,54.79396,-116.21064,10.36667,5.90843,-4.70491,-14.4958,2.66315,-6.8115,-1.70226,,,,,,,,,,,,,,,,,,,,,,,,,,,,,78.43992,,,1.304346,,,,0.47565,5.82418,1.76158,127.28068,5.09469,0.02946,0.84462,110.80172,-10.55547,5.80272,12.86246,-10.27769,1.54487,-6.93877,4.38628,High,High,High,,,High,High,High,v3
130,11/13/2022,5,3,1000064440,Left,T_B,1000187798,Right,T_A,4,Bottom,2,1,1,1-1,Fastball,Changeup,BallCalled,Undefined,Undefined,,Undefined,0,0,84.79554,-3.433134,1.805445,1660.778313,184.852085,12:15,5.9778,-2.0525,6.09833,-26.84261,11.82977,0.89957,0.56029,-0.30716,77.99287,-8.416851,1.96764,0.447581,,,,,,,,,,,,0.03783,7.44622,1.91305,50,5.69899,-3.91063,-122.9883,-8.19632,0.05788,24.62114,-20.78031,84.2136,,6.80266,,,,8886145,Right,54.40147,-123.86631,12.31057,5.97806,-7.45528,-10.39016,2.05254,-3.91269,0.02894,,,,,,,,,,,,,,,,,,,,,,,,,,,,,,,,,,,,,,,,,,,,,,,,,,,High,High,High,,,,,,v3
131,11/13/2022,5,4,1000064440,Left,T_B,1000187798,Right,T_A,4,Bottom,2,2,1,2-1,Fastball,Four-Seam,StrikeCalled,Undefined,Undefined,,Undefined,0,0,85.05451,-1.925208,1.754632,2037.764574,182.863881,12:00,5.8447,-2.19814,6.14604,-20.87544,17.58406,0.81547,2.3246,-0.50831,77.53193,-5.886346,1.901618,0.446348,,,,,,,,,,,,0.09382,10.03717,2.06415,50,5.68724,-3.81303,-123.42861,-4.72608,0.14394,25.77781,-16.77176,84.44636,,7.52258,,,,8886145,Right,54.35091,-124.33396,12.88891,5.84288,-4.13703,-8.38588,2.19816,-3.81808,0.07197,,,,,,,,,,,,,,,,,,,,,,,,,,,,,,,,,,,,,,,,,,,,,,,,,,,High,High,High,,,,,,v3
132,11/13/2022,5,5,1000064440,Left,T_B,1000187798,Right,T_A,4,Bottom,2,2,2,2-2,Fastball,Four-Seam,FoulBall,Undefined,Undefined,,Undefined,0,0,84.91011,-3.21879,2.790604,1967.214339,161.85232,11:30,5.94783,-2.19632,6.33645,-23.09761,15.37154,-4.60929,1.05277,-0.00902,77.48623,-7.57687,1.957157,0.446403,,,,,,,,,,,,3.24843,9.3667,1.99519,50,5.70206,-5.82732,-123.06321,-7.567,4.9467,26.01869,-17.91038,84.43581,,7.42388,,,,8886145,Right,54.16211,-123.94006,13.00935,5.94691,-6.96341,-8.95519,2.19439,-5.99403,2.47335,,,,,,,,,,,,,,,,,,,,,,,,,,,,,,,,,,,,,,,,,,,,,,,,,,,High,High,High,,,,,,v3
133,11/13/2022,5,6,1000064440,Left,T_B,1000187798,Right,T_A,4,Bottom,2,2,2,2-2,Slider,Slider,StrikeSwinging,Strikeout,Undefined,,Undefined,0,0,80.50713,-1.420002,3.554949,2393.16981,209.935919,1:00,5.67324,-2.6106,5.64633,-39.23396,4.48095,1.78268,1.07638,0.85817,74.05029,-8.593003,3.872887,0.475868,,,,,,,,,,,,0.10079,3.06225,2.30746,50,5.52741,-7.31719,-116.68273,-4.18127,0.13865,22.42903,-27.96204,79.20783,,6.45684,,,,8886145,Right,54.85337,-117.61196,11.21451,5.67664,-3.02282,-13.98102,2.61073,-7.32293,0.06932,,,,,,,,,,,,,,,,,,,,,,,,,,,,,,,,,,,,,,,,,,,,,,,,,,,High,High,High,,,,,,v3
134,11/13/2022,1,1,10023185,Right,T_A,8886045,Left,T_B,5,Top,0,0,0,0-0,Fastball,Changeup,BallCalled,Undefined,Undefined,,Undefined,0,0,86.48638,0.053381,-1.539753,1685.971095,235.417549,1:45,5.79828,1.75701,5.80115,-27.87919,9.7526,12.35072,3.52468,1.35382,78.72194,-5.145767,0.67347,0.441519,,,,,,,,,,,,-6.73701,5.33205,-1.63791,50,5.78613,2.85805,-125.5489,-0.80425,-10.69837,26.62559,-23.70675,85.36999,,7.76444,,,,691373,Right,54.69669,-126.54102,13.31279,5.79964,0.07911,-11.85337,-1.75183,3.2567,-5.34918,,,,,,,,,,,,,,,,,,,,,,,,,,,,,,,,,,,,,,,,,,,,,,,,,,,High,High,High,,,,,,v3
135,11/13/2022,1,2,10023185,Right,T_A,8886045,Left,T_B,5,Top,0,1,0,1-0,Fastball,Changeup,BallCalled,Undefined,Undefined,,Undefined,0,0,87.28633,-3.204703,-3.222433,1795.349681,223.115629,1:30,5.78453,1.61559,6.19542,-21.29726,14.86788,12.89268,1.04345,-0.28807,80.4967,-7.199117,-0.897999,0.432829,,,,,,,,,,,,-7.50851,8.87532,-1.37914,50,5.53186,6.62022,-126.58807,-7.72483,-12.2693,24.14018,-17.67127,87.08386,,6.78963,,,,691373,Right,54.30415,-127.40622,12.07009,5.78352,-7.12593,-8.83563,-1.61056,7.03605,-6.13465,,,,,,,,,,,,,,,,,,,,,,,,,,,,,,,,,,,,,,,,,,,,,,,,,,,High,High,High,,,,,,v3
136,11/13/2022,1,3,10023185,Right,T_A,8886045,Left,T_B,5,Top,0,2,0,2-0,Fastball,Changeup,BallCalled,Undefined,Undefined,,Undefined,0,0,86.64783,-0.466118,-2.805894,1660.991361,220.428977,1:15,5.82229,1.61513,6.15493,-20.91647,15.96788,12.60166,3.64809,0.07085,79.09731,-4.434314,-0.536106,0.437112,,,,,,,,,,,,-7.28075,8.73603,-1.40805,50,5.776,5.66181,-125.79403,-1.62135,-11.6604,25.63865,-18.18293,86.23067,,7.55052,,,,691373,Right,54.34323,-126.67615,12.81932,5.82102,-0.99575,-9.09146,-1.60975,6.063,-5.8302,,,,,,,,,,,,,,,,,,,,,,,,,,,,,,,,,,,,,,,,,,,,,,,,,,,High,High,High,,,,,,v3
137,11/13/2022,1,4,10023185,Right,T_A,8886045,Left,T_B,5,Top,0,3,0,3-0,Fastball,Changeup,StrikeCalled,Undefined,Undefined,,Undefined,0,0,86.47529,-1.09149,-2.521174,1579.129388,221.956746,1:30,5.69753,1.66062,5.94677,-23.1856,14.24513,11.7002,2.75191,0.29567,78.83013,-5.453159,-0.420694,0.440337,,,,,,,,,,,,-6.70796,7.98792,-1.4663,50,5.59757,5.04398,-125.47397,-3.10219,-10.65838,26.17568,-19.48192,85.59899,,7.64515,,,,691373,Right,54.55086,-126.41978,13.08784,5.69695,-2.39825,-9.74096,-1.65551,5.4291,-5.32919,,,,,,,,,,,,,,,,,,,,,,,,,,,,,,,,,,,,,,,,,,,,,,,,,,,High,High,High,,,,,,v3
138,11/13/2022,1,5,10023185,Right,T_A,8886045,Left,T_B,5,Top,0,3,1,3-1,Fastball,Changeup,BallCalled,Walk,Undefined,,Undefined,0,0,86.26258,-0.300342,-1.481851,1585.036289,238.176572,2:00,5.73586,1.78106,5.88623,-26.88324,10.60375,15.20489,3.2166,1.6718,78.99629,-5.313376,1.247568,0.440668,,,,,,,,,,,,-8.15764,5.87237,-1.67012,50,5.69617,2.61369,-125.32022,-1.52748,-12.98532,25.10321,-22.82639,85.5347,,7.26629,,,,691373,Right,54.6123,-126.24074,12.55161,5.73684,-0.69045,-11.4132,-1.7747,3.08986,-6.49266,,,,,,,,,,,,,,,,,,,,,,,,,,,,,,,,,,,,,,,,,,,,,,,,,,,High,High,High,,,,,,v3
139,11/13/2022,2,1,10023185,Right,T_A,1000058463,Right,T_B,5,Top,0,0,0,0-0,Fastball,Four-Seam,StrikeCalled,Undefined,Undefined,,Undefined,0,0,88.38422,-1.964766,-3.95099,1911.004729,216.962386,1:15,5.85649,1.46938,5.74037,-17.61257,18.48296,13.03138,2.55426,-1.12939,80.75329,-5.299797,-1.626297,0.432412,,,,,,,,,,,,-7.68725,10.28386,-1.14815,50,5.68186,8.28046,-128.02509,-4.92601,-12.77584,26.0952,-15.08281,87.16784,,7.63093,,,,691373,Right,54.75761,-128.99119,13.0476,5.8539,-4.36761,-7.5414,-1.46346,8.75345,-6.38792,,,,,,,,,,,,,,,,,,,,,,,,,,,,,,,,,,,,,,,,,,,,,,,,,,,High,High,High,,,,,,v3
140,11/13/2022,2,2,10023185,Right,T_A,1000058463,Right,T_B,5,Top,0,0,1,0-1,Slider,Curveball,InPlay,Undefined,GroundBall,GroundBall,Out,2,0,75.40568,0.907086,-2.694509,2065.327028,54.954949,7:45,5.68197,1.83323,5.7761,-53.91798,-4.65201,-8.70296,2.03386,-1.40112,69.77116,-8.930611,-4.251938,0.505179,70.89171,3.964334,-10.634464,1351.566918,,,,54.98268,53.58198,-9.796151,0.538591,3.76051,-2.32083,-1.60503,50,5.72368,5.45622,-109.52476,0.07948,4.57294,19.14233,-34.99624,74.61209,2.70243,5.63452,2.2512,2.09554,1.38014,691373,Right,54.7267,-110.34778,9.57117,5.68792,1.58414,-17.49812,-1.83539,5.2596,2.28647,38.209633,2.25584,101.82814,-10.0761,,,,,,,2.10847,6.86708,-20.06119,,,,,,,1.38396,-19.23706,-1.31548,,,,,,,,,,,,,,,,,,,,,,,,,,,,,High,High,High,High,High,,,,v3
141,11/13/2022,3,1,10023185,Right,T_A,1000066765,Right,T_B,5,Top,2,0,0,0-0,Fastball,Changeup,StrikeCalled,Undefined,Undefined,,Undefined,0,0,88.26079,-2.712964,-3.710091,1692.138625,219.744244,1:15,5.85794,1.44715,6.02896,-18.36103,17.46564,13.5556,1.80825,-0.86391,80.72436,-6.19214,-1.276858,0.430799,,,,,,,,,,,,-7.98615,10.08524,-1.164,50,5.63528,7.73346,-127.87618,-6.60035,-13.23136,26.22776,-15.46492,87.49426,,7.53642,,,,691373,Right,54.46959,-128.78964,13.11388,5.85578,-6.06173,-7.73246,-1.44137,8.19429,-6.61568,,,,,,,,,,,,,,,,,,,,,,,,,,,,,,,,,,,,,,,,,,,,,,,,,,,High,High,High,,,,,,v3
142,11/13/2022,3,2,10023185,Right,T_A,1000066765,Right,T_B,5,Top,2,0,1,0-1,Fastball,Changeup,StrikeCalled,Undefined,Undefined,,Undefined,0,0,87.93968,-2.595142,-2.926033,1703.617193,221.712222,1:30,5.8566,1.35758,6.26589,-20.24663,15.27698,12.64953,1.77201,-0.28831,80.92415,-6.413979,-0.641921,0.428973,,,,,,,,,,,,-7.37744,8.96579,-1.14695,50,5.6541,6.03593,-127.64946,-6.37723,-12.23484,25.01849,-17.30507,87.86674,,7.01554,,,,691373,Right,54.2344,-128.4767,12.50925,5.85551,-5.80504,-8.65254,-1.35322,6.44047,-6.11742,,,,,,,,,,,,,,,,,,,,,,,,,,,,,,,,,,,,,,,,,,,,,,,,,,,High,High,High,,,,,,v3
143,11/13/2022,3,3,10023185,Right,T_A,1000066765,Right,T_B,5,Top,2,0,2,0-2,Fastball,Changeup,StrikeSwinging,Strikeout,Undefined,,Undefined,0,0,88.83108,-2.289805,-3.854009,1623.713543,236.348998,2:00,5.78192,1.33757,6.06451,-23.2156,11.82142,16.18965,1.7222,-0.88546,81.92281,-6.620195,-0.944777,0.426025,,,,,,,,,,,,-9.32528,7.00331,-1.04684,50,5.59137,8.02119,-128.84973,-5.90156,-15.80934,24.65947,-20.30118,88.47469,,6.90827,,,,691373,Right,54.43586,-129.69589,12.32973,5.78193,-5.20494,-10.15059,-1.33138,8.56367,-7.90467,,,,,,,,,,,,,,,,,,,,,,,,,,,,,,,,,,,,,,,,,,,,,,,,,,,High,High,High,,,,,,v3
144,11/13/2022,1,1,1000064440,Left,T_B,1000110361,Right,T_A,5,Bottom,0,0,0,0-0,Slider,Slider,InPlay,Undefined,FlyBall,,Sacrifice,1,1,77.8291,0.219203,1.855082,2363.657771,237.625355,2:00,5.89404,-2.4893,5.36365,-41.89471,4.85083,5.50693,2.60847,-0.29026,71.97863,-7.416095,2.833651,0.492086,96.705,44.400134,5.70312,5219.049578,,,,,124.06145,,,-2.30709,2.7602,2.31859,50,5.8837,-3.8718,-113.04089,-0.95401,-3.00453,19.35724,-28.57941,76.59719,123.21805,5.85046,1.77285,2.77399,0.29272,8886145,Right,55.13684,-113.91714,9.67862,5.89761,0.33969,-14.28971,2.49077,-3.7358,-1.50226,194.752062,1.77285,100.8352,-31.45575,8.57442,-2.30772,0.68987,-0.21443,0.04899,-0.00517,2.774,99.23559,-21.67322,1.66493,-0.07861,-0.11577,0.07675,-0.02334,0.00281,0.29272,10.07058,3.53119,0.31345,-0.37968,0.20332,-0.08637,0.02298,-0.00261,,,,,,,,,,,,,,,,,,,,,,,High,High,High,High,Low,,,,v3
145,11/13/2022,2,1,1000064440,Left,T_B,1000079407,Left,T_A,5,Bottom,1,0,0,0-0,Fastball,Cutter,BallCalled,Undefined,Undefined,,Undefined,0,0,83.59244,-0.672966,1.736752,1941.983053,165.830222,11:30,6.13542,-2.35397,6.10061,-25.08053,14.56627,-3.36189,3.42268,-1.02742,76.51828,-5.391329,1.131229,0.453185,,,,,,,,,,,,2.2148,8.08571,2.22209,50,6.07041,-3.55189,-121.42205,-2.15539,3.30674,23.75754,-20.10188,83.17232,,7.07416,,,,8886145,Right,54.39702,-122.27935,11.87877,6.1351,-1.43001,-10.05094,2.35241,-3.67121,1.65337,,,,,,,,,,,,,,,,,,,,,,,,,,,,,,,,,,,,,,,,,,,,,,,,,,,High,High,High,,,,,,v3
146,11/13/2022,2,2,1000064440,Left,T_B,1000079407,Left,T_A,5,Bottom,1,1,0,1-0,Fastball,Sinker,BallCalled,Undefined,Undefined,,Undefined,0,0,85.42892,-2.380415,1.577205,2084.461454,146.02783,10:45,5.77905,-2.54877,6.43631,-24.7297,12.37831,-7.63351,1.5286,-1.73511,79.24172,-7.008628,0.192091,0.438435,,,,,,,,,,,,4.41351,7.4002,2.44009,50,5.59841,-3.14575,-124.23163,-5.87319,6.97337,22.32156,-20.48172,85.97042,,6.18719,,,,8886145,Right,54.06456,-124.9598,11.16078,5.7791,-5.20504,-10.24086,2.54642,-3.37324,3.48668,,,,,,,,,,,,,,,,,,,,,,,,,,,,,,,,,,,,,,,,,,,,,,,,,,,High,High,High,,,,,,v3
147,11/13/2022,2,3,1000064440,Left,T_B,1000079407,Left,T_A,5,Bottom,1,2,0,2-0,Slider,Slider,StrikeSwinging,Undefined,Undefined,,Undefined,0,0,78.57407,-1.452962,3.542628,2400.937907,251.807427,2:30,5.80713,-2.67849,5.77549,-42.21664,3.47669,6.20008,0.9342,1.13885,72.41256,-9.16825,4.65102,0.486517,,,,,,,,,,,,-2.15752,2.62075,2.38179,50,5.66141,-7.28164,-113.89376,-4.22749,-2.82593,21.47224,-28.74138,77.47407,,6.1615,,,,8886145,Right,54.72369,-114.78085,10.73612,5.81154,-3.04008,-14.37069,2.68021,-7.16489,-1.41297,,,,,,,,,,,,,,,,,,,,,,,,,,,,,,,,,,,,,,,,,,,,,,,,,,,High,High,High,,,,,,v3
148,11/13/2022,2,4,1000064440,Left,T_B,1000079407,Left,T_A,5,Bottom,1,2,1,2-1,Fastball,Changeup,StrikeCalled,Undefined,Undefined,,Undefined,0,0,85.61999,-1.420588,3.612,1714.733982,169.384604,11:45,5.87085,-2.3134,5.9378,-20.59855,17.22639,-3.02236,2.83356,0.78997,79.0012,-5.286269,3.070899,0.44265,,,,,,,,,,,,2.45591,9.54233,2.02669,50,5.74558,-7.72161,-124.23166,-3.69459,3.87526,22.62914,-17.11676,85.15177,,6.61879,,,,8886145,Right,54.561,-125.0597,11.31457,5.86931,-3.06826,-8.55838,2.31183,-7.86341,1.93763,,,,,,,,,,,,,,,,,,,,,,,,,,,,,,,,,,,,,,,,,,,,,,,,,,,High,High,High,,,,,,v3
149,11/13/2022,2,5,1000064440,Left,T_B,1000079407,Left,T_A,5,Bottom,1,2,2,2-2,Slider,Curveball,BallCalled,Undefined,Undefined,,Undefined,0,0,77.64087,-0.896219,4.405012,2476.939475,285.232673,3:30,5.76089,-2.57927,5.29029,-47.57007,-0.30252,5.98989,0.95262,2.06428,72.32005,-9.457608,5.464098,0.494826,,,,,,,,,,,,-1.88941,0.47665,2.17289,50,5.64404,-8.89763,-112.5035,-3.38279,-2.44115,18.86332,-31.5582,76.17306,,5.32083,,,,8886145,Right,55.21072,-113.37381,9.43166,5.76652,-1.92677,-15.7791,2.5808,-8.78501,-1.22058,,,,,,,,,,,,,,,,,,,,,,,,,,,,,,,,,,,,,,,,,,,,,,,,,,,High,High,High,,,,,,v3
150,11/13/2022,2,6,1000064440,Left,T_B,1000079407,Left,T_A,5,Bottom,1,3,2,3-2,Fastball,Four-Seam,BallCalled,Walk,Undefined,,Undefined,0,0,84.38022,-1.216161,1.957475,2014.736016,170.870094,11:45,5.79775,-2.33658,5.92788,-23.1608,15.82469,-2.35492,2.73844,-0.71586,77.64433,-5.55621,1.534779,0.44939,,,,,,,,,,,,1.72236,8.80178,2.18142,50,5.68732,-4.09666,-122.57166,-3.29632,2.6351,22.94263,-18.70791,83.87476,,6.73588,,,,8886145,Right,54.57077,-123.42424,11.47132,5.7969,-2.6011,-9.35396,2.33548,-4.19458,1.31755,,,,,,,,,,,,,,,,,,,,,,,,,,,,,76.87074,2.061082,0.738304,1.322778,-0.08898,2.59007,0.67568,-1.07611,5.85528,-0.08692,127.27904,-0.10795,1.08691,-0.89438,110.29929,-10.2287,5.8561,9.57309,-10.6495,-0.18732,-4.36369,4.07918,High,High,High,,,High,High,High,v3
151,11/13/2022,3,1,1000064440,Left,T_B,1000073511,Right,T_A,5,Bottom,1,0,0,0-0,Slider,Slider,BallinDirt,Undefined,Undefined,,Undefined,1,0,78.08501,-2.742419,2.663167,2422.561016,283.908717,3:30,5.70788,-2.75752,5.33032,-46.24573,0.03362,4.78087,-0.72385,0.1415,73.43444,-11.024403,3.513866,0.489627,,,,,,,,,,,,-1.81528,0.92205,2.51305,50,5.42554,-5.44893,-113.35241,-6.98827,-2.39553,17.94799,-30.95729,76.98199,,4.65057,,,,8886145,Right,55.17299,-114.16855,8.974,5.71132,-5.58056,-15.47865,2.75835,-5.34,-1.19776,,,,,,,,,,,,,,,,,,,,,,,,,,,,,77.862,,,1.299487,,,,-0.8092,5.86978,1.45256,127.27941,2.69024,0.81972,-0.55068,111.26436,-9.91638,5.83945,10.07736,-9.61917,1.38644,-3.04105,2.00315,High,High,High,,,High,High,High,v3
152,11/13/2022,3,2,1000064440,Left,T_B,1000073511,Right,T_A,5,Bottom,2,1,0,1-0,Fastball,Four-Seam,InPlay,Undefined,GroundBall,GroundBall,Single,0,1,85.1345,-0.94715,2.430196,2057.500791,174.351401,11:45,5.78911,-2.20229,6.30373,-23.23635,14.60331,-1.33036,2.97928,-0.07288,78.18668,-5.330738,2.189876,0.442736,100.54081,-0.587584,-21.097172,2257.074356,,,,56.30003,53.58126,-22.869688,0.381191,1.35606,8.21811,2.02456,50,5.70828,-5.20104,-123.70607,-2.70423,2.1068,24.07906,-19.40622,85.13519,3.28626,6.94781,2.66305,3.28626,-0.02939,8886145,Right,54.19612,-124.52015,12.03953,5.78862,-2.04813,-9.70311,2.2016,-5.27227,1.0534,80.61267,2.66789,137.40037,-21.84428,,,,,,,3.29073,-1.66801,-18.30073,,,,,,,-0.02059,-53.38337,-10.45247,,,,,,,,,,,,,,,,,,,,,,,,,,,,,High,High,High,High,High,,,,v3
153,11/13/2022,4,1,1000064440,Left,T_B,1000069979,Right,T_A,5,Bottom,2,0,0,0-0,Slider,Slider,StrikeCalled,Undefined,Undefined,,Undefined,0,0,78.644,-0.676871,1.802475,2443.382465,239.710574,2:00,5.94119,-2.51553,5.53456,-41.11546,4.66158,5.54532,1.88188,-0.36806,72.41485,-8.194328,2.791731,0.486962,,,,,,,,,,,,-2.31768,2.94921,2.35521,50,5.85494,-3.80436,-114.1701,-2.69037,-3.05811,21.08485,-28.28263,77.40325,,6.22915,,,,8886145,Right,54.96507,-115.08339,10.54243,5.94494,-1.46531,-14.14132,2.51713,-3.6719,-1.52906,,,,,,,,,,,,,,,,,,,,,,,,,,,,,78.99529,2.748818,1.475942,1.272876,1.61011,1.90971,0.37748,-0.15744,5.63273,0.38695,127.27827,-0.79681,5.3336,-0.00361,113.73534,-10.91831,5.64475,9.22814,-11.23938,0.29992,-1.32956,4.21951,High,High,High,,,High,High,High,v3
154,11/13/2022,4,2,1000064440,Left,T_B,1000069979,Right,T_A,5,Bottom,2,0,1,0-1,Slider,Slider,BallinDirt,Undefined,Undefined,,Undefined,0,0,78.09443,-2.757326,2.336729,2356.352785,228.802795,1:45,5.76066,-2.60126,5.54144,-40.77164,5.96894,5.07713,-0.2181,0.00695,71.94024,-10.17378,3.24309,0.49206,,,,,,,,,,,,-1.92028,4.21855,2.39507,50,5.49408,-4.80612,-113.17629,-6.75745,-2.4773,21.69067,-26.73184,76.60125,,6.15419,,,,8886145,Right,54.95883,-114.12271,10.84533,5.76348,-5.59107,-13.36592,2.60241,-4.69803,-1.23865,,,,,,,,,,,,,,,,,,,,,,,,,,,,,,,,,,,,,,,,,,,,,,,,,,,High,High,High,,,,,,v3
155,11/13/2022,4,3,1000064440,Left,T_B,1000069979,Right,T_A,5,Bottom,2,1,1,1-1,Fastball,Four-Seam,BallCalled,Undefined,Undefined,,Undefined,0,0,85.49902,-3.769744,3.545052,2125.776055,161.278078,11:30,5.71374,-2.38227,6.43035,-21.05415,16.63174,-5.22111,0.48285,0.44501,78.43483,-7.745822,2.600629,0.441836,,,,,,,,,,,,3.7565,10.15193,2.13209,50,5.43499,-7.48371,-123.85077,-8.74079,5.82751,25.02093,-16.42522,85.30876,,7.06419,,,,8886145,Right,54.06951,-124.6702,12.51046,5.71245,-8.20286,-8.21261,2.3803,-7.67456,2.91376,,,,,,,,,,,,,,,,,,,,,,,,,,,,,,,,,,,,,,,,,,,,,,,,,,,High,High,High,,,,,,v3
156,11/13/2022,4,4,1000064440,Left,T_B,1000069979,Right,T_A,5,Bottom,2,2,1,2-1,Fastball,Four-Seam,InPlay,Undefined,GroundBall,GroundBall,Out,1,0,84.78767,-2.271078,3.11344,1981.644949,172.406304,11:45,5.91597,-2.37788,6.19234,-22.25096,16.16847,-1.99669,1.96077,0.33302,77.93592,-6.45704,2.753794,0.446115,72.67891,-26.529722,17.520333,,,,,5.06925,1.67513,8.12652,0.040377,1.87973,9.36563,2.1442,50,5.73327,-6.61553,-123.01293,-5.51521,2.8883,23.76603,-17.78316,84.4904,1.9274,6.85175,1.33669,1.9274,-0.44567,8886145,Right,54.30659,-123.84217,11.88302,5.91488,-4.89473,-8.89158,2.37679,-6.71631,1.44415,,1.33517,91.18137,,,,,,,,1.9282,-47.73484,,,,,,,,-0.44615,28.78495,,,,,,,,,,,,,,,,,,,,,,,,,,,,,,High,High,High,Low,Low,,,,v3
157,11/13/2022,1,1,1000093990,Right,T_A,1000051953,Right,T_B,6,Top,0,0,0,0-0,Fastball,Four-Seam,StrikeCalled,Undefined,Undefined,,Undefined,0,0,91.54279,-3.150841,-2.713042,2272.455222,199.9849,12:45,6.46081,1.54135,5.87487,-12.80717,20.65533,7.11792,2.46087,-0.3872,83.69528,-5.615457,-1.438057,0.416342,,,,,,,,,,,,-4.39091,11.76697,-1.326,50,6.19817,5.97856,-132.67267,-7.6528,-7.83203,28.19022,-11.18543,90.53232,,7.84751,,,,691373,Right,54.62358,-133.65147,14.09511,6.45715,-7.26443,-5.59272,-1.53831,6.2505,-3.91602,,,,,,,,,,,,,,,,,,,,,,,,,,,,,,,,,,,,,,,,,,,,,,,,,,,High,High,High,,,,,,v3
158,11/13/2022,1,2,1000093990,Right,T_A,1000051953,Right,T_B,6,Top,0,0,1,0-1,Fastball,Four-Seam,FoulBall,Undefined,Undefined,,Undefined,0,0,91.52401,-1.80415,-2.058277,2367.33054,201.895889,12:45,6.34982,1.48194,5.77775,-14.01481,19.34249,7.36563,3.50157,0.17974,83.98619,-4.478372,-0.740225,0.415687,,,,,,,,,,,,-4.32319,10.67745,-1.31659,50,6.19248,4.45952,-132.89835,-4.6001,-7.77036,27.15253,-12.98275,90.67495,,7.53782,,,,691373,Right,54.72211,-133.85965,13.57627,6.3472,-4.14046,-6.49138,-1.47934,4.73462,-3.88518,,,,,,,,,,,,,,,,,,,,,,,,,,,,,,,,,,,,,,,,,,,,,,,,,,,High,High,High,,,,,,v3
159,11/13/2022,1,3,1000093990,Right,T_A,1000051953,Right,T_B,6,Top,0,0,2,0-2,Fastball,Four-Seam,StrikeSwinging,Strikeout,Undefined,,Undefined,0,0,92.29352,-2.157094,-2.742572,2328.625903,175.404201,11:45,6.34522,1.31178,5.25648,-13.94615,20.22285,-1.52532,3.15301,-1.39414,83.1459,-4.82855,-3.012484,0.420715,,,,,,,,,,,,-0.11724,11.1217,-1.05912,50,6.13757,6.46786,-133.47706,-5.45161,-0.20861,32.45809,-12.38875,89.59148,,9.14762,,,,691373,Right,55.23804,-134.74479,16.22905,6.34104,-4.96774,-6.19437,-1.3119,6.47601,-0.1043,,,,,,,,,,,,,,,,,,,,,,,,,,,,,,,,,,,,,,,,,,,,,,,,,,,High,High,High,,,,,,v3
160,11/13/2022,2,1,1000093990,Right,T_A,1000051953,Right,T_B,6,Top,1,0,0,0-0,Fastball,Four-Seam,BallCalled,Undefined,Undefined,,Undefined,0,0,92.54718,-1.641599,-3.382163,2247.247538,212.056296,1:00,6.35135,1.14109,5.18917,-17.08591,16.18111,9.52516,3.38008,-1.25061,85.27941,-4.819394,-1.698954,0.415124,,,,,,,,,,,,-5.59457,8.78252,-0.83439,50,6.18606,7.48172,-134.19655,-4.46379,-10.31419,26.05153,-15.98255,90.79794,,7.26778,,,,691373,Right,55.31044,-135.22353,13.02577,6.34961,-3.83373,-7.99127,-1.13735,7.88832,-5.1571,,,,,,,,,,,,,,,,,,,,,,,,,,,,,,,,,,,,,,,,,,,,,,,,,,,High,High,High,,,,,,v3
161,11/13/2022,2,2,1000093990,Right,T_A,1000051953,Right,T_B,6,Top,1,1,0,1-0,Slider,Slider,StrikeSwinging,Undefined,Undefined,,Undefined,0,0,80.47368,-0.612182,-3.25489,2496.182816,63.959213,8:15,6.10283,1.70846,4.91796,-47.47192,-2.04583,-7.40288,1.56708,-1.9892,73.35285,-9.165589,-4.558325,0.485092,,,,,,,,,,,,2.62252,-0.3415,-1.38416,50,6.0036,6.93858,-116.42566,-3.01481,3.55243,24.53139,-32.63663,77.70166,,7.12083,,,,691373,Right,55.57996,-117.59551,12.2657,6.11026,-1.45844,-16.31831,-1.71101,6.76917,1.77622,,,,,,,,,,,,,,,,,,,,,,,,,,,,,,,,,,,,,,,,,,,,,,,,,,,High,High,High,,,,,,v3
162,11/13/2022,2,3,1000093990,Right,T_A,1000055244,Left,T_B,6,Top,1,0,0,0-0,Fastball,Four-Seam,StrikeCalled,Undefined,Undefined,,Undefined,0,0,91.07666,-1.741275,-1.406385,2168.384116,207.10783,1:00,6.23612,1.61967,5.46328,-19.9771,14.02745,6.66331,2.9406,0.85836,83.85448,-5.453052,-0.219877,0.419701,,,,,,,,,,,,-3.70969,7.82717,-1.5005,50,6.06921,2.9436,-132.23958,-4.71927,-6.62059,26.12567,-18.20509,89.80786,,7.22218,,,,691373,Right,55.03518,-133.23063,13.06284,6.23513,-4.02867,-9.10255,-1.61692,3.19475,-3.3103,,,,,,,,,,,,,,,,,,,,,,,,,,,,,,,,,,,,,,,,,,,,,,,,,,,High,High,High,,,,,,v3
163,11/13/2022,2,4,1000093990,Right,T_A,1000055244,Left,T_B,6,Top,1,0,1,0-1,Fastball,Four-Seam,BallCalled,Undefined,Undefined,,Undefined,1,0,92.39814,-1.054604,-2.863594,2250.748059,209.876446,1:00,6.37378,1.47078,5.16373,-17.68135,16.17143,8.63811,3.90639,-0.50681,83.911,-4.370532,-1.336756,0.418763,,,,,,,,,,,,-5.12044,8.68701,-1.21039,50,6.2623,6.27754,-133.83438,-3.08768,-9.24816,30.01653,-16.48422,90.00893,,8.48714,,,,691373,Right,55.33318,-135.02521,15.00826,6.37183,-2.43371,-8.24211,-1.46672,6.64444,-4.62408,,,,,,,,,,,,,,,,,,,,,,,,,,,,,81.67608,1.89578,0.646195,1.249585,-0.88391,3.72715,0.55919,-1.03728,6.05518,-0.05787,127.27948,1.49875,4.31125,-0.81087,116.98201,-11.62713,6.06776,10.1744,-11.0712,-0.14399,-0.2195,3.04493,High,High,High,,,High,High,High,v3
164,11/13/2022,2,5,1000093990,Right,T_A,1000055244,Left,T_B,6,Top,2,1,1,1-1,Fastball,Four-Seam,FoulBall,Undefined,Undefined,,Undefined,0,0,92.3571,-2.78424,-2.535507,2215.345169,204.990292,12:45,6.22948,1.57113,5.61983,-15.74824,17.75749,7.72528,2.31419,-0.15286,83.63382,-5.779877,-1.157551,0.416611,,,,,,,,,,,,-4.58559,10.11012,-1.35927,50,5.9814,5.54368,-133.64305,-6.97633,-8.22701,30.95194,-14.03549,90.47392,,8.72328,,,,691373,Right,54.87245,-134.76679,15.47597,6.22543,-6.46676,-7.01775,-1.56596,5.84237,-4.1135,,,,,,,,,,,,,,,,,,,,,,,,,,,,,,,,,,,,,,,,,,,,,,,,,,,High,High,High,,,,,,v3
165,11/13/2022,2,6,1000093990,Right,T_A,1000055244,Left,T_B,6,Top,2,1,2,1-2,Slider,Slider,BallCalled,Undefined,Undefined,,Undefined,0,0,79.55017,0.178725,-1.643314,2576.938936,82.746531,8:45,6.11925,1.71331,5.2395,-45.3825,-0.46169,-13.6452,2.50542,-0.96871,73.76683,-8.033364,-4.063283,0.482387,,,,,,,,,,,,6.43406,0.08689,-1.55156,50,6.10159,3.85971,-115.57039,-1.23281,8.75995,20.19519,-32.05576,78.13741,,5.78334,,,,691373,Right,55.26214,-116.48628,10.0976,6.12453,0.22099,-16.02788,-1.71759,3.46243,4.37997,,,,,,,,,,,,,,,,,,,,,,,,,,,,,,,,,,,,,,,,,,,,,,,,,,,High,High,High,,,,,,v3
166,11/13/2022,1,1,1000064685,Right,T_A,1000103136,Right,T_B,7,Top,0,0,0,0-0,Slider,Slider,StrikeSwinging,Undefined,Undefined,,Undefined,0,0,79.52958,0.314334,-2.772463,2619.43516,101.574942,9:30,5.45579,3.02587,5.2493,-42.18404,3.40236,-9.34894,2.23619,-0.36052,72.7045,-7.374266,-4.42732,0.485947,,,,,,,,,,,,3.85725,2.04693,-2.76405,50,5.45352,5.96078,-115.25151,-0.8244,5.15507,22.6934,-29.4384,77.5649,,6.82508,,,,691373,Right,55.2491,-116.28048,11.3467,5.46064,0.5104,-14.7192,-3.02902,5.72704,2.57753,,,,,,,,,,,,,,,,,,,,,,,,,,,,,,,,,,,,,,,,,,,,,,,,,,,High,High,High,,,,,,v3
167,11/13/2022,1,2,1000064685,Right,T_A,1000103136,Right,T_B,7,Top,0,0,1,0-1,Fastball,Sinker,StrikeCalled,Undefined,Undefined,GroundBall,Undefined,0,0,88.42941,-0.645243,-3.897217,2162.952519,237.847581,2:00,5.40515,2.85178,6.2289,-25.90844,9.19843,12.98764,2.64941,0.33295,81.42322,-5.485153,-1.557774,0.426449,93.69721,-6.416655,54.113865,,,,,21.59868,8.49447,52.242747,0.158267,-7.76241,5.25351,-2.56674,50,5.34386,8.23628,-128.37915,-2.26364,-13.05181,24.71258,-23.34071,88.38668,2.43432,7.00619,0.53708,2.43432,-0.46077,691373,Right,54.27172,-129.19883,12.35629,5.4061,-1.48947,-11.67035,-2.8471,8.66919,-6.52591,180,0.53402,80.1692,,,,,,,,2.4349,-15.38106,,,,,,,,-0.465,110.80584,,,,,,,,,,,,,,,,,,,,,,,,,,,,,,High,High,High,Low,Low,,,,v3
168,11/13/2022,1,3,1000064685,Right,T_A,1000103136,Right,T_B,7,Top,0,0,2,0-2,Slider,Slider,BallCalled,Undefined,Undefined,,Undefined,0,0,81.27744,1.035608,-5.303632,2569.407501,93.760019,9:15,5.29827,2.77559,5.21476,-42.38967,1.78079,-4.27047,2.74388,-2.58158,73.84507,-6.677868,-6.054174,0.478341,,,,,,,,,,,,0.48717,1.03264,-2.28102,50,5.36278,11.07171,-117.3271,0.61774,0.67209,24.32406,-30.74943,78.79832,,7.43237,,,,691373,Right,55.28229,-118.41716,12.16203,5.30422,1.99573,-15.37471,-2.77651,11.04159,0.33605,,,,,,,,,,,,,,,,,,,,,,,,,,,,,,,,,,,,,,,,,,,,,,,,,,,High,High,High,,,,,,v3
169,11/13/2022,1,4,1000064685,Right,T_A,1000102964,Right,T_B,7,Top,0,1,2,1-2,Slider,Curveball,BallCalled,Undefined,Undefined,,Undefined,0,0,81.04012,-0.964934,-4.378159,2704.682361,61.491934,8:00,5.32005,2.92745,5.05849,-49.39247,-4.59929,-11.32835,0.2913,-2.15336,73.93202,-9.841993,-6.372743,0.481701,,,,,,,,,,,,4.24181,-1.59343,-2.50078,50,5.1886,9.4366,-117.11554,-3.78824,5.79229,25.59035,-34.34989,78.24864,,7.10811,,,,691373,Right,55.44137,-118.29853,12.79517,5.32701,-2.20031,-17.17494,-2.93082,9.16884,2.89615,,,,,,,,,,,,,,,,,,,,,,,,,,,,,,,,,,,,,,,,,,,,,,,,,,,High,High,High,,,,,,v3
170,11/13/2022,1,5,1000064685,Right,T_A,1000102964,Right,T_B,7,Top,0,2,2,2-2,Slider,Slider,FoulBall,Undefined,Undefined,GroundBall,Undefined,0,0,80.55197,-0.134603,-3.218473,2639.153579,61.300354,8:00,5.43934,2.8595,5.09334,-47.23168,-2.42181,-7.1287,1.37632,-0.77091,73.68915,-8.670322,-4.477323,0.48179,59.50253,-36.06814,-166.393481,,,,,1.04821,3.20142,-10.040627,0.036604,2.60835,-0.83051,-2.5491,50,5.38917,6.85166,-116.67789,-1.97754,3.56315,23.80925,-33.30856,78.2341,1.88794,6.86281,3.55145,1.88794,0.42703,691373,Right,55.40725,-117.77613,11.90462,5.44495,-0.44114,-16.65428,-2.86136,6.68731,1.78157,,3.553,-68.82553,,,,,,,,1.8891,-51.5774,,,,,,,,0.42741,-16.65894,,,,,,,,,,,,,,,,,,,,,,,,,,,,,,High,High,High,Low,Low,,,,v3
171,11/13/2022,1,6,1000064685,Right,T_A,1000102964,Right,T_B,7,Top,0,2,2,2-2,Fastball,Four-Seam,InPlay,Undefined,FlyBall,FlyBall,Sacrifice,1,1,88.53955,-1.621424,-4.123114,2263.552727,217.806724,1:15,5.42652,2.95555,6.22515,-22.48202,13.12709,9.23375,2.0527,-0.08581,80.37045,-5.870748,-2.46131,0.429489,86.81597,30.571994,4.418222,4470.216479,108.98667,58.26874,14.89607,292.8434,286.47343,16.2498,4.76316,-6.05634,7.66036,-2.65145,50,5.29384,8.87739,-128.2531,-4.3086,-9.99972,28.68116,-19.52587,87.76112,72.90743,8.16909,2.01146,2.17158,0.03229,691373,Right,54.27318,-129.20518,14.34058,5.4261,-3.66044,-9.76293,-2.95164,9.20933,-4.99986,203.117324,2.01042,109.32811,-23.05346,5.57319,-1.37555,0.338,-0.06658,0.00799,-0.00041,2.17329,64.72349,-16.18387,0.55592,0.19713,-0.14136,0.03979,-0.00531,0.00027,0.03249,8.44077,3.93477,-0.93983,0.23312,-0.05841,0.01173,-0.00142,7.00E-05,,,,,,,,,,,,,,,,,,,,,,,High,High,High,High,High,,,,v3
172,11/13/2022,2,1,1000064685,Right,T_A,1000051953,Right,T_B,7,Top,1,0,0,0-0,Slider,Curveball,BallCalled,Undefined,Undefined,,Undefined,0,0,80.13548,0.109196,-3.928068,2711.756481,63.644133,8:00,5.34891,2.92341,5.20147,-49.28318,-4.2652,-11.4719,1.34492,-1.73286,73.6601,-8.782158,-5.9536,0.482908,,,,,,,,,,,,4.59311,-1.76536,-2.55007,50,5.32167,8.43494,-116.04952,-1.54296,6.22851,22.85886,-34.56793,78.05306,,6.47538,,,,691373,Right,55.29916,-117.08867,11.42943,5.35609,0.02848,-17.28396,-2.92708,8.1518,3.11425,,,,,,,,,,,,,,,,,,,,,,,,,,,,,,,,,,,,,,,,,,,,,,,,,,,High,High,High,,,,,,v3
173,11/13/2022,2,2,1000064685,Right,T_A,1000094105,Right,T_B,7,Top,1,1,0,1-0,Slider,Slider,StrikeSwinging,Undefined,Undefined,,Undefined,0,0,80.20294,0.345474,-2.898865,2634.647834,58.650273,8:00,5.29777,2.88544,5.37912,-47.86617,-3.68725,-8.18036,1.63321,-0.51607,74.15431,-8.325925,-4.351471,0.478387,,,,,,,,,,,,3.36461,-1.6211,-2.61969,50,5.29442,6.21589,-116.4076,-0.96531,4.63002,21.26389,-34.40483,78.79074,,6.04863,,,,691373,Right,55.12272,-117.33963,10.63195,5.30368,0.5427,-17.20242,-2.8877,6.01295,2.31501,,,,,,,,,,,,,,,,,,,,,,,,,,,,,,,,,,,,,,,,,,,,,,,,,,,High,High,High,,,,,,v3
174,11/13/2022,2,3,1000064685,Right,T_A,1000094105,Right,T_B,7,Top,1,1,1,1-1,Fastball,Four-Seam,InPlay,Undefined,LineDrive,LineDrive,Single,0,0,88.59175,-1.034168,-3.805895,2287.357672,223.360493,1:30,5.42109,3.02983,6.17868,-23.71639,11.6126,9.89922,2.48748,0.33492,80.96128,-5.49019,-2.024676,0.427796,88.47689,12.253087,-7.975798,1148.81556,109.65779,14.41463,-8.66988,196.39804,196.39804,-1.839557,1.929161,-6.21016,6.64162,-2.7469,50,5.3307,8.15268,-128.49272,-3.05561,-10.37296,26.85099,-21.08042,88.1084,14.49326,7.63047,1.23498,2.48465,-0.32157,691373,Right,54.32054,-129.39243,13.4255,5.42125,-2.34926,-10.54021,-3.0259,8.50025,-5.18648,252.040919,1.23498,125.58313,-16.73077,2.82034,-0.45948,0.05059,-0.00383,0.00016,1.00E-05,2.48465,27.54026,-16.59132,0.9783,-0.07389,-0.00073,0.00417,-0.00068,3.00E-05,-0.32157,-17.59544,12.11342,-3.73894,1.02003,-0.23323,0.04707,-0.00706,0.00054,,,,,,,,,,,,,,,,,,,,,,,High,High,High,High,High,,,,v3
175,11/13/2022,3,1,1000064685,Right,T_A,691273,Right,T_B,7,Top,1,0,0,0-0,Fastball,Sinker,BallCalled,Undefined,Undefined,,Undefined,0,0,88.90424,-2.237123,-5.675803,2192.790785,229.049067,1:45,5.33779,2.92308,6.14666,-26.90435,8.66567,8.58674,1.01733,-1.62323,80.93095,-7.250138,-4.13825,0.429253,,,,,,,,,,,,-6.1563,5.5065,-2.49415,50,5.15279,12.41922,-128.44091,-5.90284,-10.20867,28.42404,-23.04289,87.80939,,7.97328,,,,691373,Right,54.35196,-129.40041,14.21202,5.33892,-5.12498,-11.52145,-2.9192,12.76383,-5.10434,,,,,,,,,,,,,,,,,,,,,,,,,,,,,,,,,,,,,,,,,,,,,,,,,,,High,High,High,,,,,,v3
176,11/13/2022,3,2,1000064685,Right,T_A,691273,Right,T_B,7,Top,1,1,0,1-0,Slider,Slider,StrikeCalled,Undefined,Undefined,,Undefined,0,0,79.70077,1.079536,-2.768174,2658.660927,90.878859,9:00,5.4096,3.09349,5.20885,-43.5416,1.44709,-8.51477,2.79764,-0.22131,73.51487,-6.824213,-4.273789,0.482751,,,,,,,,,,,,3.52638,0.83606,-2.83065,50,5.47666,5.93596,-115.62029,0.64972,4.79671,20.57599,-31.03678,78.07847,,6.18589,,,,691373,Right,55.29117,-116.55811,10.288,5.4148,2.06433,-15.51839,-3.09622,5.71734,2.39835,,,,,,,,,,,,,,,,,,,,,,,,,,,,,,,,,,,,,,,,,,,,,,,,,,,High,High,High,,,,,,v3
177,11/13/2022,3,3,1000064685,Right,T_A,691273,Right,T_B,7,Top,1,1,1,1-1,Slider,Curveball,StrikeSwinging,Undefined,Undefined,,Undefined,0,0,80.19057,0.426156,-3.255745,2787.185716,60.085871,8:00,5.37546,2.96044,5.19929,-50.12074,-5.61544,-11.98942,1.60022,-1.10424,74.28344,-8.602169,-5.375645,0.48015,,,,,,,,,,,,5.13406,-2.54788,-2.64908,50,5.3768,7.10381,-116.33377,-0.94133,7.05994,21.12253,-35.67765,78.50132,,5.90712,,,,691373,Right,55.30275,-117.29263,10.56126,5.38277,0.67826,-17.83883,-2.96428,6.78332,3.52997,,,,,,,,,,,,,,,,,,,,,,,,,,,,,,,,,,,,,,,,,,,,,,,,,,,High,High,High,,,,,,v3
178,11/13/2022,3,4,1000064685,Right,T_A,691273,Right,T_B,7,Top,1,1,2,1-2,Slider,Slider,BallCalled,Undefined,Undefined,,Undefined,0,0,81.0907,-0.987518,-5.234658,2664.594428,59.920795,8:00,5.37966,2.9509,5.39859,-46.68581,-2.58398,-7.03221,0.55981,-2.55417,74.14193,-9.43189,-6.477425,0.477969,,,,,,,,,,,,1.91154,-0.61213,-2.47773,50,5.25834,11.01288,-117.14503,-3.65445,2.62232,24.76931,-33.01381,78.85957,,6.94877,,,,691373,Right,55.10116,-118.2187,12.38465,5.38573,-2.2234,-16.5069,-2.95264,10.89921,1.31116,,,,,,,,,,,,,,,,,,,,,,,,,,,,,,,,,,,,,,,,,,,,,,,,,,,High,High,High,,,,,,v3
179,11/13/2022,3,5,1000064685,Right,T_A,691273,Right,T_B,7,Top,1,2,2,2-2,Slider,Slider,BallCalled,Undefined,Undefined,,Undefined,0,0,80.41948,-0.41816,-4.332298,2649.473995,90.021489,9:00,5.37032,2.72386,5.23215,-43.40561,1.49819,-9.60418,1.35898,-2.15662,73.50157,-8.288449,-6.026651,0.482295,,,,,,,,,,,,3.48087,1.31012,-2.31679,50,5.29943,9.20448,-116.30993,-2.37684,4.72136,23.8175,-30.39705,78.15223,,6.91791,,,,691373,Right,55.26636,-117.3834,11.90875,5.37569,-1.00682,-15.19852,-2.72685,8.99169,2.36068,,,,,,,,,,,,,,,,,,,,,,,,,,,,,,,,,,,,,,,,,,,,,,,,,,,High,High,High,,,,,,v3
180,11/13/2022,3,6,1000064685,Right,T_A,691273,Right,T_B,7,Top,1,3,2,3-2,Slider,Slider,StrikeSwinging,Strikeout,Undefined,,Undefined,0,0,80.52344,-0.191772,-2.368646,2660.73622,70.302932,8:15,5.45702,2.99241,5.20844,-46.57235,-2.67299,-10.90965,1.39549,-0.1455,74.81235,-8.589343,-4.301844,0.476871,,,,,,,,,,,,4.8924,-0.97425,-2.76457,50,5.40367,5.27387,-116.94691,-2.05689,6.82434,20.56473,-33.53304,79.04124,,5.71109,,,,691373,Right,55.29388,-117.87415,10.28236,5.46233,-0.54493,-16.76652,-2.99542,4.96617,3.41217,,,,,,,,,,,,,,,,,,,,,,,,,,,,,,,,,,,,,,,,,,,,,,,,,,,High,High,High,,,,,,v3
181,11/13/2022,4,1,1000064685,Right,T_A,1000187798,Right,T_B,7,Top,2,0,0,0-0,Fastball,Four-Seam,BallCalled,Undefined,Undefined,,Undefined,0,0,89.22926,-1.533582,-6.792782,2332.29488,226.569232,1:30,5.26575,2.74122,6.23127,-24.56584,10.70197,10.03973,1.79344,-2.71842,81.12269,-6.137807,-4.99989,0.427426,,,,,,,,,,,,-7.20827,6.35685,-2.23675,50,5.13831,14.92579,-128.71265,-4.22853,-12.02449,28.11699,-21.56986,88.18472,,8.10657,,,,691373,Right,54.26691,-129.64139,14.0585,5.26622,-3.51604,-10.78493,-2.73633,15.32298,-6.01224,,,,,,,,,,,,,,,,,,,,,,,,,,,,,,,,,,,,,,,,,,,,,,,,,,,High,High,High,,,,,,v3
182,11/13/2022,4,2,1000064685,Right,T_A,1000187798,Right,T_B,7,Top,2,1,0,1-0,Slider,Slider,BallCalled,Undefined,Undefined,,Undefined,0,0,80.75764,-0.629675,-3.882979,2649.314888,72.400102,8:30,5.30926,2.99243,5.22504,-45.78223,-0.78453,-7.70591,0.90072,-1.3058,73.05255,-8.946135,-5.24511,0.482799,,,,,,,,,,,,2.53469,0.27315,-2.62788,50,5.217,8.24091,-116.71952,-2.91068,3.42061,26.42302,-31.80542,78.07062,,7.70509,,,,691373,Right,55.27249,-117.90706,13.21151,5.31569,-1.48122,-15.90271,-2.9948,8.08717,1.7103,,,,,,,,,,,,,,,,,,,,,,,,,,,,,,,,,,,,,,,,,,,,,,,,,,,High,High,High,,,,,,v3
183,11/13/2022,4,3,1000064685,Right,T_A,1000187798,Right,T_B,7,Top,2,2,0,2-0,Slider,Slider,StrikeCalled,Undefined,Undefined,,Undefined,0,0,80.2019,0.477763,-2.770944,2723.201804,70.358393,8:15,5.4051,2.83886,5.10366,-49.04723,-3.75355,-14.77635,1.76854,-1.00544,73.18517,-8.393304,-5.380512,0.484385,,,,,,,,,,,,6.48957,-1.57547,-2.56527,50,5.41188,6.23857,-116.1754,-0.81306,8.76183,24.22308,-34.30116,77.81512,,7.01673,,,,691373,Right,55.39596,-117.29509,12.11154,5.41282,0.77247,-17.15058,-2.84428,5.83357,4.38092,,,,,,,,,,,,,,,,,,,,,,,,,,,,,,,,,,,,,,,,,,,,,,,,,,,High,High,High,,,,,,v3
184,11/13/2022,4,4,1000064685,Right,T_A,1000187798,Right,T_B,7,Top,2,2,1,2-1,Slider,Slider,FoulBall,Undefined,Undefined,GroundBall,Undefined,0,0,81.06769,0.164564,-1.738303,2736.6338,69.734691,8:15,5.4418,2.84581,4.93665,-46.56463,-2.30173,-10.0876,1.71703,0.3617,74.29583,-8.237484,-3.517958,0.478841,65.37231,-22.876431,-72.75479,,,,,6.49043,4.06813,-44.116353,0.049735,4.53118,-0.85567,-2.66781,50,5.41884,3.99042,-117.56978,-1.39176,6.30718,23.44004,-33.36511,78.716,1.85943,6.77186,3.35317,1.85943,-0.30928,691373,Right,55.56425,-118.67395,11.72002,5.44738,0.17994,-16.68256,-2.84878,3.69331,3.15359,,3.35253,26.26906,,,,,,,,1.86034,-37.38679,,,,,,,,-0.30721,-84.62517,,,,,,,,,,,,,,,,,,,,,,,,,,,,,,High,High,High,Low,Low,,,,v3
185,11/13/2022,4,5,1000064685,Right,T_A,1000187798,Right,T_B,7,Top,2,2,2,2-2,Slider,Slider,BallCalled,Undefined,Undefined,,Undefined,0,0,79.53693,-0.544287,-3.414172,2732.252564,77.663555,8:30,5.34447,2.95904,5.12003,-46.48865,-0.02732,-7.89666,0.9568,-0.91883,72.03904,-8.979278,-4.808776,0.490588,,,,,,,,,,,,2.76516,0.69886,-2.63133,50,5.25755,7.19175,-114.99156,-2.75288,3.62995,25.2184,-31.25663,76.83109,,7.49789,,,,691373,Right,55.37614,-116.16459,12.6092,5.35178,-1.29897,-15.62832,-2.96193,7.0229,1.81497,,,,,,,,,,,,,,,,,,,,,,,,,,,,,,,,,,,,,,,,,,,,,,,,,,,High,High,High,,,,,,v3
186,11/13/2022,4,6,1000064685,Right,T_A,1000187798,Right,T_B,7,Top,2,3,2,3-2,Slider,Curveball,BallCalled,Walk,Undefined,,Undefined,0,0,81.62055,-1.224393,-4.196507,2708.530728,55.025832,7:45,5.39953,2.81437,5.3368,-47.65629,-4.21524,-8.08685,0.27622,-1.80364,74.80299,-9.827322,-5.629002,0.474375,,,,,,,,,,,,2.78768,-1.37945,-2.42892,50,5.25428,8.99163,-118.09541,-4.22705,3.89265,24.84743,-34.10027,79.45711,,6.81756,,,,691373,Right,55.16353,-119.17687,12.42371,5.40596,-2.74287,-17.05014,-2.81658,8.82221,1.94633,,,,,,,,,,,,,,,,,,,,,,,,,,,,,,,,,,,,,,,,,,,,,,,,,,,High,High,High,,,,,,v3
187,11/13/2022,5,1,1000064685,Right,T_A,1000079407,Left,T_B,7,Top,2,0,0,0-0,Fastball,Changeup,StrikeCalled,Undefined,Undefined,,Undefined,0,0,85.13193,0.388482,-3.216429,2019.400035,265.484872,2:45,5.25906,2.99086,6.07768,-35.95018,2.49079,15.74631,2.62322,1.32395,77.68609,-6.28182,-0.383177,0.44624,,,,,,,,,,,,-9.00623,1.57099,-2.75,50,5.27027,6.31343,-123.54031,-0.34344,-13.86942,25.42553,-29.75476,84.46675,,7.44584,,,,691373,Right,54.42155,-124.44697,12.71277,5.2636,0.71761,-14.87738,-2.98395,6.808,-6.93471,,,,,,,,,,,,,,,,,,,,,,,,,,,,,,,,,,,,,,,,,,,,,,,,,,,High,High,High,,,,,,v3
188,11/13/2022,5,2,1000064685,Right,T_A,1000079407,Left,T_B,7,Top,2,1,0,1-0,Slider,Slider,BallCalled,Undefined,Undefined,,Undefined,0,0,80.4169,-0.493029,-2.679602,2649.97393,82.879261,8:45,5.22217,3.06812,5.29217,-44.22168,0.47551,-8.3252,1.07359,-0.14349,73.38197,-8.535804,-4.156254,0.481184,,,,,,,,,,,,3.32524,0.87063,-2.81785,50,5.14527,5.79693,-116.49729,-2.56304,4.52078,24.07432,-30.99042,78.33265,,7.03493,,,,691373,Right,55.20539,-117.56806,12.03716,5.22861,-1.18465,-15.49521,-3.07121,5.59585,2.26039,,,,,,,,,,,,,,,,,,,,,,,,,,,,,,,,,,,,,,,,,,,,,,,,,,,High,High,High,,,,,,v3
189,11/13/2022,5,3,1000064685,Right,T_A,1000079407,Left,T_B,7,Top,2,1,1,1-1,Fastball,Changeup,StrikeCalled,Undefined,Undefined,,Undefined,0,0,84.99216,-0.121213,-5.390429,2198.734381,259.08932,2:45,5.12068,3.06063,6.05934,-35.21781,3.90146,13.06587,2.07317,-0.85448,76.92585,-6.663257,-3.051762,0.45016,,,,,,,,,,,,-8.39607,2.46071,-2.64782,50,5.0926,11.07273,-122.87742,-1.40425,-12.68688,27.00395,-28.45577,83.73125,,8.06631,,,,691373,Right,54.43865,-123.84903,13.50197,5.1247,-0.3804,-14.22789,-3.05443,11.52921,-6.34344,,,,,,,,,,,,,,,,,,,,,,,,,,,,,,,,,,,,,,,,,,,,,,,,,,,High,High,High,,,,,,v3
190,11/13/2022,5,4,1000064685,Right,T_A,1000079407,Left,T_B,7,Top,2,1,2,1-2,Slider,Slider,StrikeSwinging,Strikeout,Undefined,,Undefined,0,0,82.75253,-0.142039,-3.369973,2688.782785,83.78593,8:45,5.32989,2.96722,5.23521,-41.83931,0.73382,-7.15681,1.70954,-0.80042,74.98822,-7.765456,-4.63585,0.469612,,,,,,,,,,,,2.48205,0.84402,-2.65123,50,5.2858,7.35475,-119.73257,-1.8145,3.54425,26.64018,-30.96885,80.26291,,7.76431,,,,691373,Right,55.26226,-120.89774,13.32009,5.33554,-0.46001,-15.48442,-2.96952,7.19974,1.77213,,,,,,,,,,,,,,,,,,,,,,,,,,,,,,,,,,,,,,,,,,,,,,,,,,,High,High,High,,,,,,v3
