PitchNo,Date,PAofInning,PitchofPA,PitcherId,PitcherThrows,PitcherTeam,BatterId,BatterSide,BatterTeam,Inning,Top/Bottom,Outs,Balls,Strikes,Count,TaggedPitchType,AutoPitchType,PitchCall,KorBB,TaggedHitType,AutoHitType,PlayResult,OutsOnPlay,RunsScored,RelSpeed,VertRelAngle,HorzRelAngle,SpinRate,SpinAxis,Tilt,RelHeight,RelSide,Extension,VertBreak,InducedVertBreak,HorzBreak,PlateLocHeight,PlateLocSide,ZoneSpeed,VertApprAngle,HorzApprAngle,ZoneTime,ExitSpeed,Angle,Direction,HitSpinRate,PositionAt110X,PositionAt110Y,PositionAt110Z,Distance,LastTrackedDistance,Bearing,HangTime,pfxx,pfxz,x0,y0,z0,vx0,vy0,vz0,ax0,ay0,az0,EffectiveVelo,MaxHeight,SpeedDrop,ContactPositionX,ContactPositionY,ContactPositionZ,CatcherId,CatcherThrows,PitchTrajectoryXc0,PitchTrajectoryXc1,PitchTrajectoryXc2,PitchTrajectoryYc0,PitchTrajectoryYc1,PitchTrajectoryYc2,PitchTrajectoryZc0,PitchTrajectoryZc1,PitchTrajectoryZc2,HitSpinAxis,HitTrajectoryXc0,HitTrajectoryXc1,HitTrajectoryXc2,HitTrajectoryXc3,HitTrajectoryXc4,HitTrajectoryXc5,HitTrajectoryXc6,HitTrajectoryXc7,HitTrajectoryXc8,HitTrajectoryYc0,HitTrajectoryYc1,HitTrajectoryYc2,HitTrajectoryYc3,HitTrajectoryYc4,HitTrajectoryYc5,HitTrajectoryYc6,HitTrajectoryYc7,HitTrajectoryYc8,HitTrajectoryZc0,HitTrajectoryZc1,HitTrajectoryZc2,HitTrajectoryZc3,HitTrajectoryZc4,HitTrajectoryZc5,HitTrajectoryZc6,HitTrajectoryZc7,HitTrajectoryZc8,ThrowSpeed,PopTime,ExchangeTime,TimeToBase,CatchPositionX,CatchPositionY,CatchPositionZ,ThrowPositionX,ThrowPositionY,ThrowPositionZ,BasePositionX,BasePositionY,BasePositionZ,ThrowTrajectoryXc0,ThrowTrajectoryXc1,ThrowTrajectoryXc2,ThrowTrajectoryYc0,ThrowTrajectoryYc1,ThrowTrajectoryYc2,ThrowTrajectoryZc0,ThrowTrajectoryZc1,ThrowTrajectoryZc2,PitchReleaseConfidence,PitchLocationConfidence,PitchMovementConfidence,HitLaunchConfidence,HitLandingConfidence,CatcherThrowCatchConfidence,CatcherThrowReleaseConfidence,CatcherThrowLocationConfidence,System
1,2/8/2023,1,1,1000097856,Left,T_A,691273,Right,T_B,1,Top,0,0,0,0-0,Fastball,Sinker,FoulBall,Undefined,Undefined,,Undefined,0,0,88.36587,0.022601,4.826989,2050.393122,107.329269,9:30,4.12424,-3.57828,5.71519,-29.69222,6.96378,-18.08497,1.67101,-0.57803,79.65981,-5.497948,1.606051,0.435757,,,,,,,,,,,,10.76497,3.89469,3.18531,50,4.10785,-10.01869,-127.79552,-0.9782,17.56498,29.61673,-25.81918,86.49881,,8.70606,,,,1000103236,Right,54.78378,-128.89939,14.80836,4.12638,-0.01586,-12.90959,3.57093,-10.67338,8.78249,,,,,,,,,,,,,,,,,,,,,,,,,,,,,,,,,,,,,,,,,,,,,,,,,,,High,High,High,,,,,,v3
2,2/8/2023,1,2,1000097856,Left,T_A,691273,Right,T_B,1,Top,0,0,1,0-1,ChangeUp,Changeup,BallCalled,Undefined,Undefined,,Undefined,0,0,79.65849,2.258336,1.249165,1973.302397,63.92787,8:15,3.92303,-3.38346,6.17455,-46.21369,-3.11512,-8.79422,2.15915,-2.96246,73.71193,-6.270696,-0.337777,0.472501,,,,,,,,,,,,4.85559,-1.78492,3.29333,50,4.07048,-2.20872,-115.85532,3.13863,6.66959,19.49386,-34.62578,79.77218,,5.94655,,,,1000103236,Right,54.32724,-116.58115,9.74693,3.92962,4.42787,-17.31289,3.38019,-2.45706,3.33479,,,,,,,,,,,,,,,,,,,,,,,,,,,,,,,,,,,,,,,,,,,,,,,,,,,High,High,High,,,,,,v3
3,2/8/2023,1,3,1000097856,Left,T_A,691273,Right,T_B,1,Top,0,1,1,1-1,Fastball,Sinker,BallCalled,Undefined,Undefined,,Undefined,0,0,87.6703,1.660018,3.203333,2180.759638,120.42049,10:00,4.05619,-3.48618,5.90757,-27.41962,8.96028,-13.32709,3.31491,-1.62031,79.95685,-3.455599,0.81647,0.434112,,,,,,,,,,,,7.65961,4.48233,3.23619,50,4.17408,-6.55357,-127.15383,2.78321,12.55463,25.79145,-24.82722,86.82647,,7.71344,,,,1000103236,Right,54.59059,-128.08158,12.89573,4.0579,3.67627,-12.41361,3.48005,-7.00518,6.27731,,,,,,,,,,,,,,,,,,,,,,,,,,,,,,,,,,,,,,,,,,,,,,,,,,,High,High,High,,,,,,v3
4,2/8/2023,1,4,1000097856,Left,T_A,691273,Right,T_B,1,Top,0,2,1,2-1,Fastball,Sinker,StrikeSwinging,Undefined,Undefined,,Undefined,0,0,87.29584,1.33221,4.138973,2133.802817,126.055578,10:15,4.06452,-3.48624,5.80843,-27.4484,9.15678,-11.12591,3.0195,-0.55769,80.24921,-3.758,2.153588,0.435454,,,,,,,,,,,,6.71221,4.66571,3.15293,50,4.15764,-8.69783,-126.58973,2.03047,10.99573,23.53367,-24.53083,86.55886,,7.04663,,,,1000103236,Right,54.69125,-127.45887,11.76683,4.06592,2.93644,-12.26541,3.48166,-9.10392,5.49786,,,,,,,,,,,,,,,,,,,,,,,,,,,,,,,,,,,,,,,,,,,,,,,,,,,High,High,High,,,,,,v3
5,2/8/2023,1,5,1000097856,Left,T_A,691273,Right,T_B,1,Top,0,2,2,2-2,Fastball,Sinker,BallCalled,Undefined,Undefined,,Undefined,0,0,88.85293,0.904204,5.60622,2261.32875,126.288524,10:15,4.15589,-3.47059,5.76103,-22.81844,12.70284,-15.88001,3.10008,0.44088,81.55267,-3.34666,2.784379,0.428959,,,,,,,,,,,,9.45953,6.55992,3.01443,50,4.21724,-11.94114,-128.58833,1.28576,15.9995,24.12411,-21.07882,87.86956,,7.30025,,,,1000103236,Right,54.73874,-129.4743,12.06205,4.1558,2.05989,-10.53941,3.46376,-12.52873,7.99975,,,,,,,,,,,,,,,,,,,,,,,,,,,,,,,,,,,,,,,,,,,,,,,,,,,High,High,High,,,,,,v3
6,2/8/2023,1,6,1000097856,Left,T_A,691273,Right,T_B,1,Top,0,3,2,3-2,Fastball,Sinker,FoulBall,Undefined,Undefined,FlyBall,Undefined,0,0,88.83291,0.901735,4.98141,2183.934824,129.64934,10:15,4.17423,-3.45199,5.71397,-25.70119,10.26638,-10.9667,2.87576,0.28648,80.71048,-3.88497,3.031847,0.431645,78.93663,41.679133,33.71919,4268.654112,81.39827,76.17565,73.98831,242.08858,222.28454,49.810322,4.745343,7.02189,5.30233,3.04126,50,4.23411,-10.73233,-128.51793,1.15815,11.70812,27.39718,-23.33307,87.32274,79.98193,8.12244,1.53355,2.81699,-0.34968,1000103236,Right,54.78482,-129.53394,13.69859,4.17512,2.02344,-11.66653,3.44731,-11.16652,5.85406,218.50983,1.55729,71.36993,-19.20525,1.70674,2.64562,-1.71005,0.47258,-0.06239,0.0032,2.81108,77.08703,-22.75171,2.15048,-0.12384,-0.17492,0.09255,-0.01784,0.0012,-0.35466,48.09403,-1.36955,-0.69564,0.2914,-0.11196,0.04018,-0.00761,0.00053,,,,,,,,,,,,,,,,,,,,,,,High,High,High,High,Medium,,,,v3
7,2/8/2023,1,7,1000097856,Left,T_A,691273,Right,T_B,1,Top,0,3,2,3-2,Fastball,Sinker,StrikeCalled,Strikeout,Undefined,,Undefined,0,0,90.24277,-0.080295,5.090535,2137.24147,109.34827,9:45,4.04726,-3.3389,5.91804,-27.92895,6.50087,-15.40643,1.64504,0.11386,82.4457,-5.263102,2.338694,0.422317,,,,,,,,,,,,9.27583,3.68484,2.93886,50,4.02492,-10.98161,-130.66697,-1.15046,16.05963,27.1696,-25.79432,89.25147,,7.79707,,,,1000103236,Right,54.58155,-131.61617,13.5848,4.04937,-0.24931,-12.89716,3.33232,-11.54266,8.02981,,,,,,,,,,,,,,,,,,,,,,,,,,,,,75.49852,,,0.843066,,,,4.52646,4.64324,-1.64795,71.29338,3.54047,-53.48832,4.55605,83.64056,-5.29541,4.67772,9.98296,-13.41834,-1.75114,-70.04755,10.23147,High,High,High,,,High,High,High,v3
8,2/8/2023,2,1,1000097856,Left,T_A,1000051968,Left,T_B,1,Top,1,0,0,0-0,Fastball,Sinker,StrikeCalled,Undefined,Undefined,,Undefined,0,0,87.36607,1.097311,5.342089,1980.993139,102.950693,9:30,4.08665,-3.47655,5.90003,-32.33706,4.34484,-14.02607,2.41515,0.32832,80.01271,-4.876691,2.840847,0.435911,,,,,,,,,,,,8.57965,2.27969,3.05381,50,4.1567,-11.24525,-126.46776,1.32626,13.96376,24.60215,-28.46377,86.46829,,7.35336,,,,1000103236,Right,54.59999,-127.35946,12.30107,4.08993,2.35793,-14.23189,3.47056,-11.75136,6.98188,,,,,,,,,,,,,,,,,,,,,,,,,,,,,,,,,,,,,,,,,,,,,,,,,,,High,High,High,,,,,,v3
9,2/8/2023,2,2,1000097856,Left,T_A,1000051968,Left,T_B,1,Top,1,0,1,0-1,Fastball,Sinker,StrikeCalled,Undefined,Undefined,,Undefined,0,0,89.37395,0.826449,5.480319,2109.403996,108.214643,9:30,4.1019,-3.36779,6.05188,-28.26702,6.4752,-16.54552,2.51491,0.34203,82.04259,-4.420837,2.521681,0.424229,,,,,,,,,,,,9.91453,3.43882,2.94919,50,4.15117,-11.73649,-129.43421,0.9276,16.95807,24.92938,-26.29218,88.84931,,7.33136,,,,1000103236,Right,54.44891,-130.28827,12.46469,4.10396,1.82834,-13.14609,3.36122,-12.31746,8.47904,,,,,,,,,,,,,,,,,,,,,,,,,,,,,,,,,,,,,,,,,,,,,,,,,,,High,High,High,,,,,,v3
10,2/8/2023,2,3,1000097856,Left,T_A,1000051968,Left,T_B,1,Top,1,0,2,0-2,Slider,Slider,BallCalled,Undefined,Undefined,,Undefined,0,0,77.79038,0.483843,2.225759,2253.870112,263.751886,2:45,4.08185,-3.58875,5.65709,-43.24065,3.18024,16.71552,0.93004,-0.11905,71.92032,-7.424848,5.2081,0.490375,,,,,,,,,,,,-7.95914,1.85764,3.38922,50,4.09516,-5.0072,-113.00104,-0.41806,-10.32005,20.0526,-29.76538,76.86454,,5.87006,,,,1000103236,Right,54.84439,-113.85746,10.0263,4.08587,0.85317,-14.88269,3.59365,-4.56645,-5.16002,,,,,,,,,,,,,,,,,,,,,,,,,,,,,,,,,,,,,,,,,,,,,,,,,,,High,High,High,,,,,,v3
11,2/8/2023,2,4,1000097856,Left,T_A,1000051968,Left,T_B,1,Top,1,1,2,1-2,Slider,Slider,InPlay,Undefined,Popup,Popup,Out,1,0,76.79343,1.449108,2.166638,2361.120785,268.424563,3:00,4.00593,-3.55218,5.14862,-46.80869,2.21898,24.64962,1.47075,0.54272,70.39071,-7.055292,6.518473,0.503955,65.17676,43.925377,-26.098826,3685.669325,90.03139,67.85182,-63.20086,202.72409,198.84023,-41.306476,4.33899,-11.77587,1.0574,3.32923,50,4.10542,-5.16595,-111.36055,1.24396,-14.68396,21.30558,-30.85552,74.79325,67.9014,6.40271,3.11842,1.91799,-0.40841,1000103236,Right,55.35328,-112.38008,10.65279,4.01057,2.72048,-15.42776,3.55962,-4.46328,-7.34198,148.195027,3.12052,61.77492,-14.11447,3.03759,-0.19619,-0.12775,0.0448,-0.0058,0.00027,1.91728,66.32968,-18.40903,1.13433,-0.13461,-0.03873,0.02921,-0.00614,0.00043,-0.40817,-30.2967,-1.06929,0.45656,-0.04626,-0.02429,0.01057,-0.00165,0.0001,,,,,,,,,,,,,,,,,,,,,,,High,High,High,High,Medium,,,,v3
12,2/8/2023,3,1,1000097856,Left,T_A,1000058463,Right,T_B,1,Top,2,0,0,0-0,Fastball,Sinker,BallCalled,Undefined,Undefined,,Undefined,0,0,88.46626,0.284227,6.017685,2125.185817,122.893376,10:00,4.16625,-3.36594,6.45827,-28.06391,6.97339,-9.165,2.09013,1.41856,81.24733,-4.958917,4.370237,0.426026,,,,,,,,,,,,6.3478,3.90496,2.9429,50,4.17395,-13.1415,-128.03309,-0.22296,10.60313,24.8753,-25.65134,88.47441,,7.21893,,,,1000103236,Right,54.04113,-128.81584,12.43765,4.16827,0.58421,-12.82567,3.36167,-13.47515,5.30157,,,,,,,,,,,,,,,,,,,,,,,,,,,,,,,,,,,,,,,,,,,,,,,,,,,High,High,High,,,,,,v3
13,2/8/2023,3,2,1000097856,Left,T_A,1000058463,Right,T_B,1,Top,2,0,1,0-1,Fastball,Sinker,BallCalled,Undefined,Undefined,,Undefined,0,0,88.8435,1.511902,3.303016,2042.649085,118.409032,10:00,4.01868,-3.44334,5.82641,-27.82576,7.98359,-12.53497,3.10804,-1.41394,80.43904,-3.680473,1.061614,0.430695,,,,,,,,,,,,7.31323,3.99721,3.18038,50,4.12619,-6.87833,-128.72281,2.45115,12.18977,28.35984,-25.51143,87.51544,,8.40447,,,,1000103236,Right,54.6701,-129.74763,14.17992,4.02096,3.37304,-12.75572,3.43689,-7.31882,6.09489,,,,,,,,,,,,,,,,,,,,,,,,,,,,,,,,,,,,,,,,,,,,,,,,,,,High,High,High,,,,,,v3
14,2/8/2023,3,3,1000097856,Left,T_A,1000058463,Right,T_B,1,Top,2,1,1,1-1,Fastball,Changeup,StrikeSwinging,Undefined,Undefined,,Undefined,0,0,86.3541,0.710893,4.167694,2077.474831,112.450334,9:45,4.06873,-3.54838,6.0304,-30.88293,6.60197,-13.038,2.15526,-0.7685,78.66674,-5.040745,1.829931,0.440656,,,,,,,,,,,,7.87642,3.56418,3.22911,50,4.10775,-8.59084,-125.15329,0.5508,12.46272,25.82273,-26.53453,85.53714,,7.68737,,,,1000103236,Right,54.46825,-126.07185,12.91136,4.07137,1.49468,-13.26726,3.54259,-9.03416,6.23136,,,,,,,,,,,,,,,,,,,,,,,,,,,,,,,,,,,,,,,,,,,,,,,,,,,High,High,High,,,,,,v3
15,2/8/2023,3,4,1000097856,Left,T_A,1000058463,Right,T_B,1,Top,2,2,1,2-1,Fastball,Sinker,StrikeCalled,Undefined,Undefined,,Undefined,0,0,88.76529,0.556453,3.894967,2136.1369,109.116073,9:45,4.07403,-3.49771,5.93504,-28.44927,7.13945,-17.25095,2.22071,-1.31624,80.78364,-4.743668,0.804715,0.429366,,,,,,,,,,,,9.91367,3.85579,3.196,50,4.10256,-8.02824,-128.6814,0.29008,16.57826,27.3708,-25.72611,87.78629,,7.98165,,,,1000103236,Right,54.5638,-129.64849,13.6854,4.07625,1.19907,-12.86305,3.49001,-8.614,8.28913,,,,,,,,,,,,,,,,,,,,,,,,,,,,,,,,,,,,,,,,,,,,,,,,,,,High,High,High,,,,,,v3
16,2/8/2023,3,5,1000097856,Left,T_A,1000058463,Right,T_B,1,Top,2,2,2,2-2,Slider,Slider,BallCalled,Undefined,Undefined,,Undefined,0,0,78.59836,-0.04953,3.147405,2418.549999,280.549886,3:15,4.05792,-3.42174,5.20392,-48.07148,-1.05965,14.16261,0.00531,0.72156,71.82135,-8.758275,5.651729,0.493486,,,,,,,,,,,,-6.12095,-0.08701,3.11892,50,4.01706,-6.82506,-113.83204,-1.76675,-7.93313,23.28,-32.2868,76.37991,,6.777,,,,1000103236,Right,55.29573,-114.90997,11.64,4.06425,-0.27177,-16.1434,3.42644,-6.45773,-3.96657,,,,,,,,,,,,,,,,,,,,,,,,,,,,,,,,,,,,,,,,,,,,,,,,,,,High,High,High,,,,,,v3
17,2/8/2023,3,6,1000097856,Left,T_A,1000058463,Right,T_B,1,Top,2,3,2,3-2,Fastball,Sinker,BallCalled,Walk,Undefined,,Undefined,0,0,89.12064,0.41625,6.484378,2090.738819,120.434959,10:00,4.1448,-3.26627,6.19516,-26.98017,8.61138,-12.47532,2.28321,1.70612,80.23511,-4.650067,4.255895,0.429383,,,,,,,,,,,,8.44465,4.70697,2.78202,50,4.16295,-14.0883,-128.56363,0.08325,13.95338,29.8286,-24.39657,87.78274,,8.88554,,,,1000103236,Right,54.30098,-129.55768,14.9143,4.14663,0.89628,-12.19829,3.25927,-14.5533,6.97669,,,,,,,,,,,,,,,,,,,,,,,,,,,,,,,,,,,,,,,,,,,,,,,,,,,High,High,High,,,,,,v3
18,2/8/2023,4,1,1000097856,Left,T_A,1000110361,Right,T_B,1,Top,2,0,0,0-0,Fastball,Sinker,StrikeCalled,Undefined,Undefined,,Undefined,0,0,87.29201,0.122894,5.894762,2013.360585,113.824455,9:45,4.18886,-3.22115,6.211,-29.5788,7.19567,-13.45009,1.83798,1.11764,79.14746,-5.40753,3.485563,0.43646,,,,,,,,,,,,8.67634,4.07666,2.7839,50,4.18351,-12.47952,-126.16,-0.66522,13.8878,27.30886,-25.64877,86.3594,,8.14455,,,,1000103236,Right,54.28657,-127.08449,13.65443,4.19134,0.20308,-12.82438,3.21433,-12.94967,6.9439,,,,,,,,,,,,,,,,,,,,,,,,,,,,,,,,,,,,,,,,,,,,,,,,,,,High,High,High,,,,,,v3
19,2/8/2023,4,2,1000097856,Left,T_A,1000110361,Right,T_B,1,Top,2,0,1,0-1,Slider,Slider,FoulBall,Undefined,Undefined,,Undefined,0,0,77.08189,2.414393,1.861272,2384.62817,259.894261,2:45,4.07915,-3.38002,5.23967,-43.32353,5.14709,20.33414,2.74061,0.06446,70.41486,-5.510619,5.456818,0.501084,95.97274,44.05708,-31.965622,4012.96455,,,,,113.65523,,,-9.70142,2.27299,3.19277,50,4.26909,-4.4189,-111.73579,3.28068,-12.20195,21.09617,-29.31518,75.2218,105.78239,6.66704,2.66152,2.87685,0.03779,1000103236,Right,55.26091,-112.72469,10.54808,4.0831,4.65486,-14.65759,3.3865,-3.84693,-6.10097,157.611737,2.66152,85.81787,-27.87045,8.77451,-2.3211,0.58586,-0.14622,0.03159,-0.00386,2.87685,97.88082,-20.86395,0.56713,0.46857,-0.24939,0.07674,-0.01489,0.00139,0.03779,-53.55339,6.26469,-1.31826,0.20827,-0.02572,0.00533,-0.00229,0.00047,,,,,,,,,,,,,,,,,,,,,,,High,High,High,High,Low,,,,v3
20,2/8/2023,4,3,1000097856,Left,T_A,1000110361,Right,T_B,1,Top,2,0,2,0-2,Slider,Curveball,BallCalled,Undefined,Undefined,,Undefined,0,0,75.72876,0.034932,2.885608,2310.282673,271.520852,3:00,4.11927,-3.22011,5.17608,-49.21904,1.25728,14.45729,0.0506,0.70224,69.48679,-8.87921,5.441641,0.511346,,,,,,,,,,,,-6.38048,1.06996,2.93983,50,4.08503,-6.08819,-109.73772,-1.57547,-7.718,20.87469,-30.87981,73.71213,,6.24197,,,,1000103236,Right,55.32372,-110.74578,10.43735,4.12511,-0.08424,-15.4399,3.22484,-5.71548,-3.859,,,,,,,,,,,,,,,,,,,,,,,,,,,,,,,,,,,,,,,,,,,,,,,,,,,High,High,High,,,,,,v3
21,2/8/2023,4,4,1000097856,Left,T_A,1000110361,Right,T_B,1,Top,2,1,2,1-2,Fastball,Sinker,InPlay,Undefined,GroundBall,GroundBall,Out,1,0,88.23647,0.354131,5.277689,2174.564551,135.14174,10:30,4.09197,-3.51917,5.80401,-25.23974,11.3493,-10.02634,2.31941,0.56758,79.73335,-4.370969,3.493608,0.435358,82.01414,-2.710949,-21.497976,,,,,27.05078,19.20123,-21.4545,0.217077,6.77611,6.0424,3.09099,50,4.10623,-11.36335,-127.54898,-0.03394,11.04939,28.72314,-22.32107,86.57799,2.26267,8.50311,2.02885,2.26267,-0.44613,1000103236,Right,54.69455,-128.60182,14.36157,4.09248,0.78423,-11.16053,3.51493,-11.76836,5.5247,43.598606,2.03114,111.65329,-23.22362,,,,,,,2.26467,-5.81142,-21.32902,,,,,,,-0.44586,-44.04904,2.40843,,,,,,,,,,,,,,,,,,,,,,,,,,,,,High,High,High,Low,Low,,,,v3
22,2/8/2023,1,1,691205,Right,T_B,8886045,Left,T_A,1,Bottom,0,0,0,0-0,Fastball,Sinker,StrikeSwinging,Undefined,Undefined,,Undefined,0,0,94.75058,-0.93455,-2.467603,2340.873007,228.565172,1:30,5.30809,1.64041,5.27457,-16.81745,15.33717,16.11225,3.02797,0.66395,85.69074,-4.104994,0.388777,0.408125,,,,,,,,,,,,-8.75725,8.26252,-1.4271,50,5.21077,5.12015,-137.27421,-2.83116,-16.56936,32.78145,-16.54077,92.35513,,9.05985,,,,1000055344,Right,55.22237,-138.51571,16.39073,5.30614,-2.20473,-8.27038,-1.63289,5.74767,-8.28468,,,,,,,,,,,,,,,,,,,,,,,,,,,,,,,,,,,,,,,,,,,,,,,,,,,High,High,High,,,,,,v3
23,2/8/2023,1,2,691205,Right,T_B,8886045,Left,T_A,1,Bottom,0,0,1,0-1,Fastball,Sinker,StrikeCalled,Undefined,Undefined,,Undefined,0,0,95.18171,-2.009207,-3.636119,2265.607535,231.667026,1:45,5.17607,1.51562,5.75981,-17.37843,14.19438,16.47379,1.85318,-0.50057,85.60604,-5.310707,-0.693028,0.404416,,,,,,,,,,,,-9.49134,8.19485,-1.22382,50,4.99885,7.97011,-137.70087,-5.40865,-17.94505,34.94142,-16.68019,93.20217,,9.57566,,,,1000055344,Right,54.73625,-138.89748,17.47071,5.17429,-4.83741,-8.3401,-1.50729,8.58467,-8.97253,,,,,,,,,,,,,,,,,,,,,,,,,,,,,,,,,,,,,,,,,,,,,,,,,,,High,High,High,,,,,,v3
24,2/8/2023,1,3,691205,Right,T_B,8886045,Left,T_A,1,Bottom,0,0,2,0-2,Fastball,Four-Seam,InPlay,Undefined,GroundBall,GroundBall,Out,1,0,95.52251,-1.794284,-3.144082,2247.588626,219.6973,1:15,5.45942,1.50626,5.41755,-13.92414,17.8317,13.81938,2.61517,-0.29034,85.75403,-4.46876,-0.690263,0.405586,66.29406,-17.789166,3.993832,,,,,11.27854,10.33835,4.591222,0.088508,-8.02811,9.91182,-1.23693,50,5.29074,6.93233,-138.21207,-4.78078,-15.26427,35.70458,-13.3282,92.93322,2.6401,9.76848,3.03405,2.6401,0.32971,1000055344,Right,55.08039,-139.51832,17.85229,5.45672,-4.29316,-6.6641,-1.50076,7.49077,-7.63214,180,3.02859,92.74103,,,,,,,,2.64185,-29.82898,,,,,,,,0.32933,6.47505,,,,,,,,,,,,,,,,,,,,,,,,,,,,,,High,High,High,Low,Low,,,,v3
25,2/8/2023,2,1,691205,Right,T_B,1000102964,Right,T_A,1,Bottom,1,0,0,0-0,Slider,Slider,InPlay,Undefined,GroundBall,GroundBall,Out,1,0,83.40461,0.550622,0.089351,2338.696963,44.286577,7:30,5.37118,1.42804,4.30941,-47.38601,-4.46303,-5.76284,1.94882,1.03323,75.98111,-7.919617,-0.916966,0.471538,58.37509,-8.328963,-29.471284,,,,,16.03975,2.4864,-29.214084,0.162255,2.82725,-1.95957,-1.43141,50,5.38235,0.0804,-120.82774,-0.81227,4.1453,25.34662,-35.04716,79.93519,2.02001,7.42351,1.9871,2.02001,-1.04023,1000055344,Right,56.19031,-122.1194,12.67331,5.37824,0.97374,-17.52358,-1.43012,-0.13084,2.07265,,1.97973,74.03435,,,,,,,,2.02125,-12.44962,,,,,,,,-1.03606,-41.83765,,,,,,,,,,,,,,,,,,,,,,,,,,,,,,High,High,High,Estimated,Estimated,,,,v3
26,2/8/2023,3,1,691205,Right,T_B,1000079407,Left,T_A,1,Bottom,2,0,0,0-0,Cutter,Four-Seam,BallCalled,Undefined,Undefined,,Undefined,0,0,91.00167,0.144277,-3.578745,2444.828288,207.592458,1:00,5.40864,1.55795,4.64444,-22.9873,12.06276,5.78796,3.6304,-1.36488,83.93532,-4.042946,-2.566994,0.426104,,,,,,,,,,,,-3.69362,6.16929,-1.19691,50,5.40283,7.9642,-131.89907,-0.6004,-6.59316,24.57093,-21.16176,88.45828,,7.06634,,,,1000055344,Right,55.8548,-132.98526,12.28546,5.4087,0.33509,-10.58088,-1.55542,8.25566,-3.29658,,,,,,,,,,,,,,,,,,,,,,,,,,,,,,,,,,,,,,,,,,,,,,,,,,,High,High,High,,,,,,v3
27,2/8/2023,3,2,691205,Right,T_B,1000079407,Left,T_A,1,Bottom,2,1,0,1-0,ChangeUp,Changeup,StrikeCalled,Undefined,Undefined,,Undefined,0,0,86.908,0.824993,-3.827008,1883.402297,278.649234,3:15,5.15455,1.80022,5.49567,-39.67829,-1.23051,17.74544,2.62151,-0.3061,77.85197,-6.475531,-0.671301,0.446279,,,,,,,,,,,,-10.16402,-0.42339,-1.47708,50,5.20053,7.6087,-125.66787,0.32721,-15.90498,30.56135,-32.83658,84.45927,,9.05602,,,,1000055344,Right,55.00096,-126.87823,15.28067,5.16181,1.62768,-16.41829,-1.7909,8.2386,-7.95249,,,,,,,,,,,,,,,,,,,,,,,,,,,,,,,,,,,,,,,,,,,,,,,,,,,High,High,High,,,,,,v3
28,2/8/2023,3,3,691205,Right,T_B,1000079407,Left,T_A,1,Bottom,2,1,1,1-1,Fastball,Sinker,BallCalled,Undefined,Undefined,,Undefined,0,0,95.5274,-2.581267,-3.392882,2276.781372,234.113843,1:45,5.28899,1.49781,5.75212,-19.25257,12.43784,15.43182,1.2758,-0.37842,85.16941,-6.228878,-0.634531,0.405168,,,,,,,,,,,,-8.98123,7.59245,-1.22515,50,5.06287,7.4413,-138.01767,-6.88531,-16.87526,38.13017,-17.90826,93.0291,,10.35799,,,,1000055344,Right,54.74208,-139.3216,19.06509,5.28786,-6.2729,-8.95413,-1.48949,8.01838,-8.43763,,,,,,,,,,,,,,,,,,,,,,,,,,,,,,,,,,,,,,,,,,,,,,,,,,,High,High,High,,,,,,v3
29,2/8/2023,3,4,691205,Right,T_B,1000079407,Left,T_A,1,Bottom,2,2,1,2-1,Fastball,Sinker,StrikeCalled,Undefined,Undefined,,Undefined,0,0,95.37218,-2.229651,-1.66968,2397.3017,232.513804,1:45,5.3259,1.53522,5.57878,-18.44292,13.13292,15.6191,1.70467,1.27697,85.94981,-5.702454,1.118028,0.404435,,,,,,,,,,,,-8.37185,7.68351,-1.40175,50,5.1222,3.26966,-138.12801,-6.02173,-15.93016,35.10029,-17.55369,93.1977,,9.42237,,,,1000055344,Right,54.917,-139.37189,17.55014,5.32457,-5.39966,-8.77685,-1.52762,3.83419,-7.96508,,,,,,,,,,,,,,,,,,,,,,,,,,,,,,,,,,,,,,,,,,,,,,,,,,,High,High,High,,,,,,v3
30,2/8/2023,3,5,691205,Right,T_B,1000079407,Left,T_A,1,Bottom,2,2,2,2-2,Slider,Slider,StrikeSwinging,Strikeout,Undefined,,Undefined,0,0,85.94586,-0.656988,-0.666924,2571.80997,69.168077,8:15,5.23978,1.52028,4.07073,-43.35164,-2.48957,-10.20776,0.99619,0.02917,78.29019,-8.366675,-2.44211,0.460078,,,,,,,,,,,,4.68827,-0.59106,-1.43346,50,5.11883,1.95468,-124.40654,-3.33526,7.27866,27.14119,-33.09168,81.92616,,7.65567,,,,1000055344,Right,56.42766,-125.80101,13.5706,5.24651,-1.63506,-16.54584,-1.52428,1.58071,3.63933,,,,,,,,,,,,,,,,,,,,,,,,,,,,,57.06069,,,1.295459,,,,-1.54832,5.18974,-0.41091,79.69519,7.12081,-45.09286,-1.44295,68.01539,-4.13105,5.31581,19.7094,-14.10469,-0.60244,-41.04372,5.12861,High,High,High,,,High,High,High,v3
31,2/8/2023,1,1,1000097856,Left,T_A,1000064785,Right,T_B,2,Top,0,0,0,0-0,Fastball,Sinker,InPlay,Undefined,LineDrive,LineDrive,Sacrifice,1,1,87.61817,0.207888,4.703454,2145.080478,121.863769,10:00,4.20904,-3.432,5.56755,-27.34706,10.28564,-14.29993,2.12497,-0.22006,78.65618,-4.896252,2.164692,0.441524,96.09171,19.507626,-0.049342,2804.897253,109.93211,37.09969,3.84663,304.98077,300.97397,5.104083,3.918629,8.82607,5.51331,3.03555,50,4.20934,-9.80376,-126.63452,-0.47203,14.08514,30.01743,-23.37563,85.36898,47.51481,8.962,2.75471,2.30128,0.25778,1000103236,Right,54.9305,-127.7979,15.00872,4.21008,0.43394,-11.68782,3.42609,-10.34965,7.04257,198.482886,2.75441,132.85172,-30.56745,8.04615,-1.85884,0.39219,-0.06856,0.00796,-0.00042,2.30155,47.05694,-10.53961,-2.09749,1.0474,-0.31161,0.05988,-0.00616,0.00023,0.25771,-0.11207,5.47523,-2.18067,0.64721,-0.15231,0.02657,-0.00298,0.00015,,,,,,,,,,,,,,,,,,,,,,,High,High,High,High,High,,,,v3
32,2/8/2023,2,1,1000097856,Left,T_A,1000055244,Right,T_B,2,Top,1,0,0,0-0,Fastball,Sinker,StrikeCalled,Undefined,Undefined,,Undefined,0,0,87.69282,0.371972,3.96365,2123.198735,115.197311,9:45,4.16819,-3.4628,5.60444,-29.23828,8.08563,-14.33698,2.07974,-0.95156,79.03,-5.065306,1.412047,0.439709,,,,,,,,,,,,8.47052,4.36973,3.1325,50,4.18147,-8.15979,-126.89079,-0.19486,13.62967,29.13769,-25.14287,85.72138,,8.66282,,,,1000103236,Right,54.89218,-128.00924,14.56885,4.17042,0.77025,-12.57143,3.45575,-8.68297,6.81484,,,,,,,,,,,,,,,,,,,,,,,,,,,,,,,,,,,,,,,,,,,,,,,,,,,High,High,High,,,,,,v3
33,2/8/2023,2,2,1000097856,Left,T_A,1000055244,Right,T_B,2,Top,1,0,1,0-1,Fastball,Sinker,StrikeCalled,Undefined,Undefined,,Undefined,0,0,88.13703,-0.265745,5.269884,2274.330087,123.035622,10:00,4.10476,-3.54044,5.85694,-27.2747,9.38343,-12.42532,1.58392,0.33419,79.5844,-5.360027,3.055123,0.435769,,,,,,,,,,,,8.00233,5.25166,3.11892,50,4.06733,-11.22615,-127.39077,-1.49671,12.99612,29.03122,-23.64516,86.49632,,8.55263,,,,1000103236,Right,54.64081,-128.44401,14.51561,4.10606,-0.63887,-11.82258,3.53475,-11.69764,6.49806,,,,,,,,,,,,,,,,,,,,,,,,,,,,,,,,,,,,,,,,,,,,,,,,,,,High,High,High,,,,,,v3
34,2/8/2023,2,3,1000097856,Left,T_A,1000055244,Right,T_B,2,Top,1,0,2,0-2,Slider,Slider,StrikeSwinging,Strikeout,Undefined,,Undefined,0,0,77.43396,1.577489,3.527689,2408.186151,278.810025,3:15,4.12762,-3.50384,5.20371,-49.45235,-1.03831,16.90658,1.4934,1.22701,70.71061,-7.399893,6.509473,0.500792,,,,,,,,,,,,-7.32406,-0.4952,3.16382,50,4.23694,-7.58923,-112.07538,1.38839,-9.22475,22.10056,-32.79775,75.26569,,6.72335,,,,1000103236,Right,55.29526,-113.11475,11.05028,4.13537,2.93084,-16.39888,3.51053,-7.15539,-4.61238,,,,,,,,,,,,,,,,,,,,,,,,,,,,,,,,,,,,,,,,,,,,,,,,,,,High,High,High,,,,,,v3
35,2/8/2023,3,1,1000097856,Left,T_A,1000187793,Left,T_B,2,Top,2,0,0,0-0,Slider,Slider,BallCalled,Undefined,Undefined,,Undefined,0,0,76.71138,0.720806,4.385437,2332.34698,260.093301,2:45,4.07144,-3.50495,5.10036,-45.44538,4.61855,16.24521,0.96557,1.9893,69.51081,-7.547306,7.238808,0.509253,,,,,,,,,,,,-6.58237,2.60083,3.07719,50,4.10472,-9.15266,-110.77988,-0.13675,-8.02649,23.24964,-29.00261,74.01509,,7.20057,,,,1000103236,Right,55.39587,-111.90659,11.62482,4.07729,1.26876,-14.50131,3.51131,-8.76368,-4.01324,,,,,,,,,,,,,,,,,,,,,,,,,,,,,75.44747,2.615845,1.265357,1.350488,-0.68663,0.6779,-2.25855,-0.74846,5.82803,-0.66817,127.27835,0.11218,1.88704,-0.54288,108.04449,-10.01285,5.83441,10.37438,-10.82557,-0.73391,-1.23626,2.38155,High,High,High,,,High,High,High,v3
36,2/8/2023,3,2,1000097856,Left,T_A,1000187793,Left,T_B,2,Top,2,1,0,1-0,Fastball,Changeup,StrikeCalled,Undefined,Undefined,,Undefined,0,0,86.30863,0.703529,5.964664,2150.450431,123.213057,10:00,4.16473,-3.47975,6.21023,-28.60131,8.9191,-11.72776,2.43416,1.06786,78.42674,-4.650327,3.865806,0.440864,,,,,,,,,,,,7.78886,4.78469,3.0365,50,4.2035,-12.57119,-124.75287,0.65978,12.22807,25.98907,-24.66237,85.49666,,7.88189,,,,1000103236,Right,54.2881,-125.64301,12.99453,4.16644,1.50448,-12.33118,3.47424,-12.99001,6.11404,,,,,,,,,,,,,,,,,,,,,,,,,,,,,,,,,,,,,,,,,,,,,,,,,,,High,High,High,,,,,,v3
37,2/8/2023,3,3,1000097856,Left,T_A,1000187793,Left,T_B,2,Top,2,1,1,1-1,Fastball,Sinker,BallCalled,Undefined,Undefined,,Undefined,0,0,87.82603,-0.901991,5.831218,2100.232336,125.236891,10:15,4.08892,-3.62051,6.04705,-26.68009,9.83032,-12.16516,1.02613,0.78284,79.81745,-5.886804,3.658379,0.43489,,,,,,,,,,,,8.01371,5.68579,3.17168,50,4.00399,-12.47222,-126.93197,-2.85867,12.99757,27.40398,-22.95219,86.67113,,8.00858,,,,1000103236,Right,54.452,-127.88953,13.70199,4.08987,-2.05667,-11.47609,3.61542,-12.92638,6.49879,,,,,,,,,,,,,,,,,,,,,,,,,,,,,,,,,,,,,,,,,,,,,,,,,,,High,High,High,,,,,,v3
38,2/8/2023,3,4,1000097856,Left,T_A,1000187793,Left,T_B,2,Top,2,2,1,2-1,Fastball,Changeup,BallCalled,Undefined,Undefined,,Undefined,0,0,86.87598,0.850605,2.627021,2143.573704,115.983947,9:45,4.06523,-3.54795,5.73059,-29.10218,8.69272,-15.05406,2.4331,-2.3542,78.23119,-4.586431,-0.063837,0.442474,,,,,,,,,,,,8.63878,4.49677,3.33875,50,4.11838,-5.16325,-125.93179,0.90033,13.65029,29.40033,-25.06863,85.1856,,8.6448,,,,1000103236,Right,54.76927,-127.04036,14.70017,4.06661,1.84557,-12.53431,3.54314,-5.67795,6.82514,,,,,,,,,,,,,,,,,,,,,,,,,,,,,,,,,,,,,,,,,,,,,,,,,,,High,High,High,,,,,,v3
39,2/8/2023,3,5,1000097856,Left,T_A,1000187793,Left,T_B,2,Top,2,3,1,3-1,Fastball,Sinker,FoulBall,Undefined,Undefined,,Undefined,0,0,87.45185,0.292106,4.935685,2126.315141,130.5678,10:15,4.03894,-3.6732,6.04387,-27.20588,9.46989,-9.6456,2.04323,0.10395,79.50771,-4.795321,3.209761,0.435874,,,,,,,,,,,,6.29713,5.17717,3.2924,50,4.04737,-10.51477,-126.53952,-0.2283,10.17776,26.58667,-23.80642,86.47551,,7.94414,,,,1000103236,Right,54.45126,-127.47132,13.29334,4.04074,0.60606,-11.90321,3.66717,-10.87148,5.08888,,,,,,,,,,,,,,,,,,,,,,,,,,,,,,,,,,,,,,,,,,,,,,,,,,,High,High,High,,,,,,v3
40,2/8/2023,3,6,1000097856,Left,T_A,1000187793,Left,T_B,2,Top,2,3,2,3-2,Fastball,Sinker,InPlay,Undefined,GroundBall,GroundBall,Single,0,1,87.50287,0.562094,5.196173,2061.087174,121.203755,10:00,4.0251,-3.50376,6.0499,-29.83214,7.12311,-9.59182,2.0616,0.52038,78.92822,-5.013678,3.480812,0.437532,98.29586,-3.594516,-29.481539,,,,,27.39134,16.43306,-30.236501,0.187387,6.58634,3.86429,3.10359,50,4.0531,-11.11228,-126.50872,0.27806,10.53362,28.97472,-25.9938,86.1479,1.97748,8.57465,1.52505,1.97748,-0.40545,1000103236,Right,54.44767,-127.52332,14.48736,4.02743,1.18827,-12.9969,3.49916,-11.48113,5.26681,101.001726,1.5282,125.02935,-36.88824,,,,,,,1.9773,-9.02533,-8.14183,,,,,,,-0.40408,-70.90919,-2.93945,,,,,,,,,,,,,,,,,,,,,,,,,,,,,High,High,High,Low,Low,,,,v3
41,2/8/2023,4,1,1000097856,Left,T_A,1000110355,Right,T_B,2,Top,2,0,0,0-0,Slider,Curveball,BallCalled,Undefined,Undefined,,Undefined,0,0,75.61367,1.167483,2.511028,2206.287074,285.023091,3:30,4.11502,-3.5098,5.00863,-54.48554,-3.63016,19.51434,0.67776,0.48807,69.466,-8.655462,5.950525,0.513263,,,,,,,,,,,,-8.98701,-1.72717,3.25197,50,4.18287,-5.56962,-109.61089,0.35723,-10.85849,20.61718,-34.26088,73.43692,,6.14767,,,,1000103236,Right,55.49311,-110.63928,10.30859,4.12243,2.06618,-17.13044,3.51628,-5.028,-5.42925,,,,,,,,,,,,,,,,,,,,,,,,,,,,,,,,,,,,,,,,,,,,,,,,,,,High,High,High,,,,,,v3
42,2/8/2023,4,2,1000097856,Left,T_A,1000110355,Right,T_B,2,Top,2,1,0,1-0,Fastball,Sinker,StrikeCalled,Undefined,Undefined,,Undefined,0,0,88.02586,-0.384947,5.139139,2057.665288,114.13049,9:45,4.1172,-3.53883,5.87237,-30.08474,6.21433,-11.29146,1.25114,0.30641,80.47638,-5.951943,3.124812,0.43363,,,,,,,,,,,,7.23756,3.61764,3.12877,50,4.0684,-10.99575,-127.42411,-1.88258,11.89933,26.18928,-26.22624,86.92311,,7.54948,,,,1000103236,Right,54.62758,-128.37169,13.09464,4.11935,-0.93367,-13.11312,3.5344,-11.42628,5.94967,,,,,,,,,,,,,,,,,,,,,,,,,,,,,,,,,,,,,,,,,,,,,,,,,,,High,High,High,,,,,,v3
43,2/8/2023,4,3,1000097856,Left,T_A,1000110355,Right,T_B,2,Top,2,1,1,1-1,Fastball,Sinker,InPlay,Undefined,GroundBall,GroundBall,Error,0,1,86.99329,0.194026,4.47359,1996.74218,127.974777,10:15,4.15664,-3.53191,5.79137,-30.17592,7.53981,-7.9326,1.82302,-0.02298,78.48618,-5.423036,3.059097,0.442011,66.31794,-44.344126,-38.040761,,,,,3.33509,3.33053,-16.1561,0.025593,5.49028,4.15784,3.16789,50,4.15468,-9.51544,-125.84677,-0.58595,8.68083,28.89395,-25.59999,85.27496,1.74492,8.50711,1.7973,1.74492,0.17216,1000103236,Right,54.70638,-126.92274,14.44698,4.15875,0.36736,-12.79999,3.52825,-9.8387,4.34041,180,1.79665,54.94083,,,,,,,,1.74572,-68.18061,,,,,,,,0.17266,-42.98746,,,,,,,,,,,,,,,,,,,,,,,,,,,,,,High,High,High,Low,Low,,,,v3
44,2/8/2023,1,1,691205,Right,T_B,1000049656,Left,T_A,2,Bottom,0,0,0,0-0,ChangeUp,Changeup,StrikeCalled,Undefined,Undefined,,Undefined,0,0,86.79516,1.009824,-2.356137,1854.99392,271.452763,3:00,5.00297,1.96436,5.5064,-37.15392,0.7878,19.58127,2.85211,1.3914,78.75405,-5.819707,1.132687,0.443333,,,,,,,,,,,,-10.55575,0.48685,-1.77208,50,5.06632,4.32098,-125.86658,0.84998,-16.78822,27.59501,-31.39972,85.02065,,8.04112,,,,1000055344,Right,54.99291,-126.9565,13.79751,5.00826,2.09018,-15.69986,-1.95584,4.98407,-8.39411,,,,,,,,,,,,,,,,,,,,,,,,,,,,,77.4935,2.024011,0.748083,1.275928,-0.63894,2.63732,-1.43446,-0.374,6.00455,-0.31561,127.27909,-0.23013,-2.58702,-0.24128,111.60494,-9.22073,6.03128,10.42478,-12.03553,-0.35375,-4.34615,2.05737,High,High,High,,,High,High,High,v3
45,2/8/2023,1,2,691205,Right,T_B,1000049656,Left,T_A,2,Bottom,0,0,1,0-1,Cutter,Sinker,InPlay,Undefined,GroundBall,GroundBall,Out,1,1,93.43676,-1.931736,-3.629846,2228.992647,246.106632,2:15,5.21866,1.73743,5.58692,-23.36029,9.06457,18.14473,1.4638,-0.14462,85.55908,-6.254242,-0.396534,0.409836,68.57083,-40.35138,31.059884,,,,,2.96301,2.96301,20.154395,0.022245,-10.20851,5.42323,-1.43761,50,5.03721,7.76701,-135.43236,-5.43743,-18.99218,29.11484,-22.08455,91.96948,1.45172,7.87769,1.31785,1.45172,0.13933,1000055344,Right,54.91351,-136.48457,14.55742,5.21929,-4.6393,-11.04227,-1.73071,8.45339,-9.49609,,1.31733,65.80099,,,,,,,,1.45224,-65.26145,,,,,,,,0.13902,39.63088,,,,,,,,,,,,,,,,,,,,,,,,,,,,,,High,High,High,Estimated,Estimated,,,,v3
46,2/8/2023,2,1,691205,Right,T_B,1000066765,Right,T_A,2,Bottom,1,0,0,0-0,Slider,Slider,StrikeCalled,Undefined,Undefined,,Undefined,0,0,82.69884,0.685402,-1.376935,2274.689233,109.406867,9:45,5.31284,1.73259,4.13124,-39.36719,3.98732,-7.71083,2.68991,-0.23101,76.22941,-6.342954,-2.716387,0.473902,,,,,,,,,,,,3.34957,2.12461,-1.57056,50,5.34723,3.24664,-119.90758,-0.19799,4.91439,21.50456,-29.0569,79.53638,,6.46943,,,,1000055344,Right,56.36788,-121.04422,10.75228,5.31711,1.33785,-14.52845,-1.7353,2.98689,2.45719,,,,,,,,,,,,,,,,,,,,,,,,,,,,,,,,,,,,,,,,,,,,,,,,,,,High,High,High,,,,,,v3
47,2/8/2023,2,2,691205,Right,T_B,1000066765,Right,T_A,2,Bottom,1,0,1,0-1,Slider,Slider,StrikeSwinging,Undefined,Undefined,,Undefined,0,0,84.4324,-0.389142,-2.342082,2451.967213,105.2796,9:30,5.18188,1.82689,4.20816,-38.18754,3.83473,-8.96886,1.62652,-1.16518,77.09303,-7.223453,-3.901141,0.466564,,,,,,,,,,,,3.63697,2.36043,-1.55926,50,5.09952,5.42776,-122.19027,-2.4234,5.47075,25.21533,-28.62348,80.7873,,7.33937,,,,1000055344,Right,56.28974,-123.48141,12.60767,5.18609,-0.95775,-14.31174,-1.83001,5.14763,2.73538,,,,,,,,,,,,,,,,,,,,,,,,,,,,,79.61554,1.567635,0.72745,0.840186,0.14369,1.46283,1.25239,-1.2483,5.62371,-1.66534,66.67696,5.34684,-58.10702,-1.25109,84.26098,-4.06184,5.67907,11.45756,-14.06687,-1.83335,-77.98287,12.97989,High,High,High,,,High,High,High,v3
48,2/8/2023,2,3,691205,Right,T_B,1000066765,Right,T_A,2,Bottom,1,0,2,0-2,Slider,Slider,StrikeCalled,Strikeout,Undefined,,Undefined,0,0,83.21823,0.51098,-0.378253,2380.23945,98.772902,9:15,5.22445,1.53351,4.06561,-39.3138,3.95729,-16.68643,2.43905,-0.22029,76.10556,-6.518408,-3.275,0.473446,,,,,,,,,,,,7.88949,2.15181,-1.47151,50,5.23943,1.5966,-120.57092,-0.57002,11.59345,23.82559,-29.01199,79.61298,,7.11267,,,,1000055344,Right,56.43342,-121.83557,11.91279,5.22882,0.96992,-14.50599,-1.53992,0.98123,5.79672,,,,,,,,,,,,,,,,,,,,,,,,,,,,,,,,,,,,,,,,,,,,,,,,,,,High,High,High,,,,,,v3
49,2/8/2023,3,1,691205,Right,T_B,1000103136,Right,T_A,2,Bottom,2,0,0,0-0,Fastball,Sinker,FoulBall,Undefined,Undefined,,Undefined,0,0,94.78414,-1.267956,-1.875885,2457.35995,228.487687,1:30,5.40339,1.40626,5.76418,-16.04103,15.29032,16.12095,2.88571,1.00314,86.31726,-4.309769,1.009827,0.402866,,,,,,,,,,,,-8.77363,8.4652,-1.26096,50,5.28878,3.7742,-137.58664,-3.56704,-16.76389,31.4424,-15.99947,93.56064,,8.46688,,,,1000055344,Right,54.73515,-138.66453,15.7212,5.40166,-3.01856,-7.99973,-1.40019,4.34889,-8.38195,,,,,,,,,,,,,,,,,,,,,,,,,,,,,,,,,,,,,,,,,,,,,,,,,,,High,High,High,,,,,,v3
50,2/8/2023,3,2,691205,Right,T_B,1000103136,Right,T_A,2,Bottom,2,0,1,0-1,Slider,Slider,StrikeCalled,Undefined,Undefined,,Undefined,0,0,83.23844,0.267879,-1.324029,2357.041555,56.110233,7:45,5.3266,1.5403,4.1064,-47.999,-4.86264,-9.24595,1.58382,-0.50102,76.471,-8.248109,-2.931759,0.472708,,,,,,,,,,,,4.0702,-2.01595,-1.38174,50,5.30454,3.22869,-120.6276,-1.4896,5.99364,23.59426,-35.14268,79.73721,,6.76744,,,,1000055344,Right,56.39383,-121.87179,11.79713,5.33423,0.36357,-17.57134,-1.54366,2.91262,2.99682,,,,,,,,,,,,,,,,,,,,,,,,,,,,,,,,,,,,,,,,,,,,,,,,,,,High,High,High,,,,,,v3
51,2/8/2023,3,3,691205,Right,T_B,1000103136,Right,T_A,2,Bottom,2,0,2,0-2,Slider,Slider,BallCalled,Undefined,Undefined,,Undefined,0,0,84.06206,0.60931,-1.961285,2534.292094,56.383811,8:00,5.33708,1.41738,3.95346,-47.77794,-5.18425,-9.80855,1.9423,-1.28811,77.12088,-7.846402,-3.660137,0.469725,,,,,,,,,,,,4.13469,-2.26366,-1.18115,50,5.35273,4.64733,-121.74024,-0.80212,6.19795,24.15803,-35.56731,80.24357,,6.94119,,,,1000055344,Right,56.54677,-123.03252,12.07901,5.34475,1.10047,-17.78366,-1.42088,4.31579,3.09898,,,,,,,,,,,,,,,,,,,,,,,,,,,,,,,,,,,,,,,,,,,,,,,,,,,High,High,High,,,,,,v3
52,2/8/2023,3,4,691205,Right,T_B,1000103136,Right,T_A,2,Bottom,2,1,2,1-2,Slider,Slider,BallCalled,Undefined,Undefined,,Undefined,0,0,83.70318,-0.359777,-1.046617,2540.950449,69.155193,8:15,5.34225,1.45529,4.21625,-48.13636,-5.28603,-17.66284,0.98625,-1.0191,76.44964,-8.915351,-4.125712,0.471139,,,,,,,,,,,,8.22733,-2.06075,-1.32063,50,5.2523,3.04823,-121.22643,-2.79724,12.11675,25.98227,-35.20904,80.00288,,7.25354,,,,1000055344,Right,56.28428,-122.56593,12.99113,5.34972,-0.98206,-17.60452,-1.46167,2.42356,6.05838,,,,,,,,,,,,,,,,,,,,,,,,,,,,,,,,,,,,,,,,,,,,,,,,,,,High,High,High,,,,,,v3
53,2/8/2023,3,5,691205,Right,T_B,1000103136,Right,T_A,2,Bottom,2,2,2,2-2,Fastball,Sinker,FoulBall,Undefined,Undefined,GroundBall,Undefined,0,0,95.35443,-2.288146,-2.652639,2409.257716,234.645975,1:45,5.38159,1.4023,5.70427,-17.19989,13.82579,18.0734,1.81285,0.43503,87.07071,-5.521579,0.577932,0.400896,88.05111,-18.570589,82.519667,,,,,4.46837,0.70525,76.479179,0.040493,-9.94075,7.97339,-1.19129,50,5.17892,5.57381,-138.28933,-6.11804,-19.23511,31.06442,-16.74573,94.02042,1.66783,8.28372,0.39842,1.66783,-0.57751,1000055344,Right,54.79542,-139.36237,15.53221,5.38026,-5.5396,-8.37286,-1.3953,6.23824,-9.61756,,0.39827,15.96028,,,,,,,,1.66823,-41.18809,,,,,,,,-0.57867,121.55273,,,,,,,,,,,,,,,,,,,,,,,,,,,,,,High,High,High,Low,Low,,,,v3
54,2/8/2023,3,6,691205,Right,T_B,1000103136,Right,T_A,2,Bottom,2,2,2,2-2,Fastball,Four-Seam,StrikeSwinging,Strikeout,Undefined,,Undefined,0,0,96.37928,-0.88992,-2.179978,2410.108607,209.489687,1:00,5.56001,1.38333,5.36309,-11.34568,19.53859,10.45997,3.77937,0.20981,87.31711,-3.084841,-0.322877,0.399982,,,,,,,,,,,,-5.86327,10.34701,-1.19513,50,5.47242,4.79946,-139.70934,-2.50306,-11.52166,33.17312,-11.84157,94.23543,,9.06218,,,,1000055344,Right,55.13372,-140.92304,16.58656,5.55608,-2.06982,-5.92079,-1.37844,5.221,-5.76083,,,,,,,,,,,,,,,,,,,,,,,,,,,,,,,,,,,,,,,,,,,,,,,,,,,High,High,High,,,,,,v3
55,2/8/2023,1,1,1000097856,Left,T_A,1000187798,Right,T_B,3,Top,0,0,0,0-0,ChangeUp,Changeup,BallCalled,Undefined,Undefined,,Undefined,0,0,80.6915,0.767319,2.002878,1336.982088,49.926722,7:45,3.77216,-3.60949,5.89302,-50.38759,-7.45796,-10.45327,0.2861,-2.62023,74.14896,-8.466399,0.123877,0.471574,,,,,,,,,,,,5.91233,-3.60795,3.4541,50,3.80517,-3.69889,-117.2352,-0.10855,8.21088,22.60384,-37.18469,79.92898,,6.54254,,,,1000103236,Right,54.60842,-118.1204,11.30192,3.78091,1.34765,-18.59234,3.60525,-4.02044,4.10544,,,,,,,,,,,,,,,,,,,,,,,,,,,,,,,,,,,,,,,,,,,,,,,,,,,High,High,High,,,,,,v3
56,2/8/2023,1,2,1000097856,Left,T_A,1000187798,Right,T_B,3,Top,0,1,0,1-0,Fastball,Sinker,StrikeCalled,Undefined,Undefined,,Undefined,0,0,87.09736,0.526263,3.252435,2036.41536,133.457581,10:30,4.06839,-3.42541,5.96112,-27.17009,9.50567,-8.8513,2.29301,-1.14387,79.78703,-4.53947,1.665431,0.435874,,,,,,,,,,,,5.41185,5.08075,3.172,50,4.095,-6.82166,-126.40657,0.28068,8.78629,24.94373,-23.92537,86.47553,,7.31034,,,,1000103236,Right,54.53773,-127.29885,12.47186,4.06966,1.13653,-11.96268,3.42165,-7.13596,4.39314,,,,,,,,,,,,,,,,,,,,,,,,,,,,,,,,,,,,,,,,,,,,,,,,,,,High,High,High,,,,,,v3
57,2/8/2023,1,3,1000097856,Left,T_A,1000187798,Right,T_B,3,Top,0,1,1,1-1,Fastball,Sinker,FoulBall,Undefined,Undefined,GroundBall,Undefined,0,0,88.13567,1.044094,5.317989,2102.555048,125.847691,10:15,4.07329,-3.44401,6.17122,-28.55104,6.97851,-8.23997,2.66265,0.79522,81.08323,-4.263112,3.842209,0.429009,48.45116,-45.099458,-96.445881,,,,,3.47615,1.57999,-73.098686,0.051687,5.64166,3.64677,3.04469,50,4.1379,-11.56387,-127.68614,1.41983,9.39493,24.14971,-26.10114,87.85937,2.62278,7.05244,1.30403,2.62278,-0.72884,1000103236,Right,54.32963,-128.50241,12.07486,4.075,2.30205,-13.05057,3.44093,-11.88142,4.69746,,1.3044,-5.67691,,,,,,,,2.62617,-50.74303,,,,,,,,-0.72548,-50.2475,,,,,,,,,,,,,,,,,,,,,,,,,,,,,,High,High,High,Low,Low,,,,v3
58,2/8/2023,1,4,1000097856,Left,T_A,1000187798,Right,T_B,3,Top,0,1,2,1-2,Slider,Slider,StrikeSwinging,Strikeout,Undefined,,Undefined,0,0,77.61359,1.116542,3.727895,2141.781752,277.275692,3:15,4.07813,-3.36401,5.23225,-47.70125,0.34717,9.57276,1.15493,0.94288,70.92415,-7.552434,5.418039,0.498897,,,,,,,,,,,,-3.64945,0.3361,3.01299,50,4.14578,-7.70371,-112.33769,0.55879,-4.6295,21.73768,-31.7477,75.55154,,6.68944,,,,1000103236,Right,55.26592,-113.35208,10.86884,4.08514,2.0403,-15.87385,3.36744,-7.48767,-2.31475,,,,,,,,,,,,,,,,,,,,,,,,,,,,,,,,,,,,,,,,,,,,,,,,,,,High,High,High,,,,,,v3
59,2/8/2023,2,1,1000097856,Left,T_A,1000051953,Right,T_B,3,Top,1,0,0,0-0,Fastball,Cutter,InPlay,Undefined,Bunt,,Single,0,0,86.11629,1.614321,4.900502,2072.48105,130.780532,10:15,4.03332,-3.41861,6.07835,-31.75604,6.19977,-5.69571,2.88648,0.65193,77.95042,-4.309321,3.881525,0.443415,,,,,,,,,,,,4.5063,3.00433,3.04215,50,4.14153,-10.46755,-124.61315,2.51929,7.01239,27.46115,-27.49892,85.00484,,8.16587,,,,1000103236,Right,54.42228,-125.58391,13.73058,4.03529,3.49139,-13.74946,3.41656,-10.71544,3.5062,,,,,,,,,,,,,,,,,,,,,,,,,,,,,,,,,,,,,,,,,,,,,,,,,,,High,High,High,,,,,,v3
60,2/8/2023,3,1,1000097856,Left,T_A,691273,Right,T_B,3,Top,1,0,0,0-0,Slider,Curveball,FoulBall,Undefined,Undefined,,Undefined,0,0,76.19435,1.554234,2.652371,2103.931076,267.094641,3:00,4.03377,-3.44523,5.31231,-47.49121,2.49276,14.86548,1.5369,0.28486,69.1058,-7.134746,5.284419,0.508846,,,,,,,,,,,,-6.64831,1.18933,3.19316,50,4.1405,-5.67936,-110.32781,1.44778,-8.06441,22.53537,-30.73139,74.0743,,7.08855,,,,1000103236,Right,55.18679,-111.38221,11.26769,4.03912,2.88567,-15.3657,3.45006,-5.30203,-4.0322,,,,,,,,,,,,,,,,,,,,,,,,,,,,,,,,,,,,,,,,,,,,,,,,,,,High,High,High,,,,,,v3
61,2/8/2023,3,2,1000097856,Left,T_A,691273,Right,T_B,3,Top,1,0,1,0-1,Fastball,Changeup,FoulBall,Undefined,Undefined,,Undefined,0,0,86.08348,0.520527,3.581123,2078.165037,120.675212,10:00,4.16653,-3.56298,5.63957,-30.25903,8.70662,-12.16552,2.1315,-1.23163,77.00996,-5.130413,1.413426,0.449275,69.84604,17.8531,154.017734,2351.201992,,,,,45.89897,,,7.39536,4.64851,3.26638,50,4.19187,-7.27304,-124.51822,0.11264,11.35608,30.11796,-25.03598,83.89611,12.4208,9.07352,1.50853,2.27675,0.85037,1000103236,Right,54.85665,-125.68744,15.05898,4.16863,1.08457,-12.51799,3.55728,-7.71389,5.67804,,1.50853,-87.65251,11.74328,-0.67393,-0.96305,4.26991,-9.42679,10.51252,-4.70864,2.27675,31.40611,-24.5398,3.18889,-1.56522,4.07493,-8.55534,9.33523,-4.12131,0.85037,42.71777,-15.60121,4.35634,-4.32089,14.83898,-31.95818,35.08652,-15.54431,,,,,,,,,,,,,,,,,,,,,,,High,High,High,High,Low,,,,v3
62,2/8/2023,3,3,1000097856,Left,T_A,691273,Right,T_B,3,Top,1,0,2,0-2,Slider,Curveball,StrikeSwinging,Strikeout,Undefined,,Undefined,0,0,76.21961,0.934827,2.35643,2276.456333,304.391334,4:15,4.13423,-3.34883,5.3249,-56.77204,-7.46933,13.14536,0.28127,-0.04091,70.22346,-9.334853,4.690821,0.505367,,,,,,,,,,,,-5.95973,-3.64685,3.12559,50,4.17739,-5.0485,-110.60574,-0.10182,-7.34968,20.55394,-36.67143,74.5843,,5.99615,,,,1000103236,Right,55.17756,-111.56374,10.27697,4.1423,1.6074,-18.33572,3.35292,-4.70595,-3.67484,,,,,,,,,,,,,,,,,,,,,,,,,,,,,70.77748,,,,,,,-1.8258,5.73085,0.38223,,,,-1.73872,102.26665,-8.56718,5.7454,7.73155,-11.68203,0.38219,-5.76802,0.09793,High,High,High,,,High,High,Medium,v3
63,2/8/2023,4,1,1000097856,Left,T_A,1000051968,Left,T_B,3,Top,2,0,0,0-0,Fastball,Sinker,BallCalled,Undefined,Undefined,,Undefined,0,0,87.58943,-0.877301,5.073735,2232.018172,113.456231,9:45,4.16484,-3.34801,5.70536,-29.44053,7.41634,-14.38875,0.89077,0.19272,80.15827,-6.312894,2.513175,0.436949,,,,,,,,,,,,8.73595,4.35414,2.93097,50,4.07268,-10.65239,-126.77642,-2.96704,14.23567,25.60937,-25.07874,86.26282,,7.43116,,,,1000103236,Right,54.79465,-127.74129,12.80469,4.16667,-2.02216,-12.53937,3.34241,-11.18873,7.11784,,,,,,,,,,,,,,,,,,,,,,,,,,,,,,,,,,,,,,,,,,,,,,,,,,,High,High,High,,,,,,v3
64,2/8/2023,4,2,1000097856,Left,T_A,1000051968,Left,T_B,3,Top,2,1,0,1-0,Fastball,Sinker,BallCalled,Undefined,Undefined,,Undefined,0,0,85.55426,0.977461,6.509463,2115.776927,135.11332,10:30,4.11007,-3.26148,6.19026,-28.38057,9.52016,-8.36619,2.65344,2.07736,78.55483,-4.306704,5.016685,0.443093,,,,,,,,,,,,5.99181,5.0267,2.77301,50,4.16978,-13.78211,-123.63769,1.2536,9.3458,22.88098,-24.33361,85.06662,,6.99943,,,,1000103236,Right,54.30878,-124.43254,11.44049,4.11155,2.0989,-12.1668,3.25741,-14.10677,4.6729,,,,,,,,,,,,,,,,,,,,,,,,,,,,,,,,,,,,,,,,,,,,,,,,,,,High,High,High,,,,,,v3
65,2/8/2023,4,3,1000097856,Left,T_A,1000051968,Left,T_B,3,Top,2,2,0,2-0,Fastball,Sinker,StrikeSwinging,Undefined,Undefined,,Undefined,0,0,85.19565,1.044102,5.240776,2058.107014,137.384057,10:30,4.08934,-3.44416,5.81724,-27.87942,10.97961,-8.97111,2.74103,0.69468,77.70638,-4.145249,3.644496,0.44866,,,,,,,,,,,,6.02642,5.68142,3.01941,50,4.15865,-10.93936,-123.24704,1.3602,9.27542,24.34529,-23.42964,84.01116,,7.48928,,,,1000103236,Right,54.68114,-124.16827,12.17264,4.09041,2.24678,-11.71482,3.43999,-11.29034,4.63771,,,,,,,,,,,,,,,,,,,,,,,,,,,,,,,,,,,,,,,,,,,,,,,,,,,High,High,High,,,,,,v3
66,2/8/2023,4,4,1000097856,Left,T_A,1000051968,Left,T_B,3,Top,2,2,1,2-1,Fastball,Sinker,BallCalled,Undefined,Undefined,,Undefined,0,0,85.92219,-0.084367,6.426692,2086.936712,127.812777,10:15,4.10894,-3.41398,5.90327,-27.44801,10.30442,-11.90083,1.74279,1.58523,79.35999,-5.161514,4.311991,0.442226,,,,,,,,,,,,7.62993,5.635,2.90227,50,4.08625,-13.51631,-124.24004,-1.07148,12.09094,21.65897,-23.24439,85.2335,,6.56221,,,,1000103236,Right,54.59689,-125.03885,10.82949,4.10996,-0.2142,-11.6222,3.40899,-13.96224,6.04547,,,,,,,,,,,,,,,,,,,,,,,,,,,,,,,,,,,,,,,,,,,,,,,,,,,High,High,High,,,,,,v3
67,2/8/2023,4,5,1000097856,Left,T_A,1000051968,Left,T_B,3,Top,2,3,1,3-1,Fastball,Changeup,FoulBall,Undefined,Undefined,GroundBall,Undefined,0,0,85.37703,-0.115932,5.213058,2138.738141,113.336429,9:45,4.07687,-3.36466,5.80286,-31.64199,6.39292,-12.47851,1.33177,0.45722,79.36795,-5.925555,2.990182,0.443877,47.73948,-39.575304,60.950012,,,,,3.94711,2.91781,17.550771,0.033038,7.62449,3.57732,2.94336,50,4.048,-10.80844,-123.79576,-1.31195,12.04855,20.47524,-26.52097,84.91642,1.48069,6.00908,2.89351,1.48069,-0.37579,1000103236,Right,54.69966,-124.57063,10.23762,4.07865,-0.30827,-13.26049,3.36103,-11.26441,6.02428,,2.89285,26.32939,,,,,,,,1.4818,-44.81814,,,,,,,,-0.37698,47.4019,,,,,,,,,,,,,,,,,,,,,,,,,,,,,,High,High,High,Estimated,Estimated,,,,v3
68,2/8/2023,4,6,1000097856,Left,T_A,1000051968,Left,T_B,3,Top,2,3,2,3-2,Fastball,Sinker,InPlay,Undefined,GroundBall,GroundBall,Out,1,0,88.90923,0.61291,5.625358,2239.792286,110.503921,9:45,4.13832,-3.36445,5.99673,-29.58167,6.12508,-13.13146,2.24391,0.77083,80.56318,-4.893815,3.281288,0.430077,86.1315,-14.491705,1.701535,,,,,11.23456,9.76868,-2.208788,0.071287,8.48327,3.29315,2.92767,50,4.17048,-12.12349,-128.543,0.39315,14.08831,28.49476,-26.70505,87.64107,2.25805,8.34605,2.49362,2.25805,-0.6924,1000103236,Right,54.50296,-129.53735,14.24738,4.1405,1.32505,-13.35253,3.35931,-12.61512,7.04416,180,2.4908,122.49913,,,,,,,,2.25878,-31.67548,,,,,,,,-0.69249,3.63897,,,,,,,,,,,,,,,,,,,,,,,,,,,,,,High,High,High,Low,Low,,,,v3
69,2/8/2023,1,1,691205,Right,T_B,1000194300,Left,T_A,3,Bottom,0,0,0,0-0,Slider,Cutter,BallCalled,Undefined,Undefined,,Undefined,0,0,86.08622,0.924645,-1.479846,2147.238783,166.556125,11:30,5.35617,1.41047,4.61475,-29.3138,10.1828,-2.14197,3.79286,-0.17534,78.72155,-4.413786,-1.854987,0.452326,,,,,,,,,,,,0.64476,5.08847,-1.25616,50,5.42477,3.32509,-124.79246,0.86367,1.0195,24.48266,-24.12834,83.33033,,7.36467,,,,1000055344,Right,55.88278,-125.94129,12.24133,5.35768,1.99588,-12.06417,-1.41107,3.27725,0.50975,,,,,,,,,,,,,,,,,,,,,,,,,,,,,,,,,,,,,,,,,,,,,,,,,,,High,High,High,,,,,,v3
70,2/8/2023,1,2,691205,Right,T_B,1000194300,Left,T_A,3,Bottom,0,1,0,1-0,Fastball,Sinker,FoulBall,Undefined,Undefined,GroundBall,Undefined,0,0,93.57371,-1.703681,-2.917819,2292.409452,233.240346,1:45,5.2445,1.46605,5.83349,-18.12737,14.17139,17.47186,2.14779,0.20757,84.76627,-5.135718,0.211398,0.409039,93.93436,-14.666548,-50.040133,,,,,7.8482,1.4555,-49.925096,0.057181,-9.77875,8.07615,-1.23812,50,5.09476,6.12095,-135.62717,-4.62608,-18.05549,32.08043,-17.26225,92.14881,1.99759,8.80743,0.15059,1.99759,-0.15519,1000055344,Right,54.66448,-136.72603,16.04021,5.24309,-4.03479,-8.63113,-1.45838,6.73941,-9.02774,,0.14942,85.72692,,,,,,,,1.99807,-34.93424,,,,,,,,-0.15379,-102.31082,,,,,,,,,,,,,,,,,,,,,,,,,,,,,,High,High,High,Low,Low,,,,v3
71,2/8/2023,1,3,691205,Right,T_B,1000194300,Left,T_A,3,Bottom,0,1,1,1-1,Slider,Slider,InPlay,Undefined,GroundBall,GroundBall,Single,0,0,83.34803,-0.154228,-1.403974,2556.187603,54.15505,7:45,5.24431,1.59944,4.20486,-45.81333,-3.16492,-6.13772,1.27875,-0.25721,76.95993,-8.289099,-2.473265,0.470027,70.46783,-77.991642,-5.925313,,,,,1.24269,0.99653,12.286354,0.015337,2.60213,-1.14921,-1.43811,50,5.179,3.24897,-120.87644,-2.25399,3.86778,22.54077,-33.88223,80.19209,1.55398,6.38811,0.88545,1.55398,0.29856,1000055344,Right,56.29614,-122.04488,11.27039,5.25032,-0.49764,-16.94112,-1.60133,3.04848,1.93389,,0.88533,21.43684,,,,,,,,1.55455,-101.32147,,,,,,,,0.29858,-2.22486,,,,,,,,,,,,,,,,,,,,,,,,,,,,,,High,High,High,Low,Low,,,,v3
72,2/8/2023,2,1,691205,Right,T_B,1000094105,Right,T_A,3,Bottom,0,0,0,0-0,Fastball,Sinker,FoulBall,Undefined,Undefined,,Undefined,0,0,94.86471,-1.593663,-3.547552,2382.705604,233.351999,1:45,5.25904,1.50882,5.73427,-19.57099,11.49879,14.22091,2.14082,-0.61394,87.30967,-5.239338,-1.007964,0.401181,76.53037,43.553573,76.585734,5731.517862,,,,,82.43516,,,-8.16792,6.54544,-1.22195,50,5.11396,7.89289,-137.64355,-4.5306,-15.80166,28.14298,-19.51117,93.95368,65.60421,7.55504,0.68309,2.07317,0.62662,1000055344,Right,54.76636,-138.61467,14.07149,5.25868,-3.85734,-9.75558,-1.50371,8.43815,-7.90083,,0.68309,18.87163,-17.50648,5.65066,-1.48724,0.31339,-0.03589,-0.00726,0.00268,2.07317,77.34,-21.50677,1.65024,-0.07071,-0.0632,0.03844,-0.01289,0.00219,0.62662,79.12758,-9.81302,1.72307,-0.1926,-0.03387,0.0404,-0.01757,0.00313,,,,,,,,,,,,,,,,,,,,,,,High,High,High,Medium,Low,,,,v3
73,2/8/2023,2,2,691205,Right,T_B,1000094105,Right,T_A,3,Bottom,0,0,1,0-1,Slider,Slider,StrikeCalled,Undefined,Undefined,,Undefined,0,0,82.18078,1.239034,-0.680485,2496.104339,73.32393,8:30,5.31771,1.66285,4.18818,-45.94987,-1.80299,-10.67564,2.67609,0.12113,75.2277,-6.96253,-2.538155,0.478213,,,,,,,,,,,,4.94193,-0.80307,-1.5758,50,5.40597,1.9156,-119.08312,0.66545,7.08964,23.07073,-33.32614,78.81933,,6.95308,,,,1000055344,Right,56.3113,-120.29963,11.53537,5.32456,2.42273,-16.66307,-1.66695,1.54177,3.54482,,,,,,,,,,,,,,,,,,,,,,,,,,,,,75.97966,1.603108,0.730061,0.873047,-0.67398,2.41424,-0.02715,-2.10753,5.98951,2.36004,64.85048,4.66176,59.93296,-1.99621,84.93844,-9.51778,6.02634,9.85873,-13.05737,2.39102,69.42325,-4.00478,High,High,High,,,High,Medium,Medium,v3
74,2/8/2023,2,3,691205,Right,T_B,1000094105,Right,T_A,3,Bottom,0,0,2,0-2,Slider,Slider,BallCalled,Undefined,Undefined,,Undefined,0,0,84.05604,1.063105,0.46456,2515.146765,88.687338,9:00,5.2818,1.55467,4.10689,-41.18172,1.20858,-7.28993,2.87034,1.39299,76.67454,-6.303453,-0.802336,0.468603,,,,,,,,,,,,3.67973,0.58039,-1.59803,50,5.35616,-0.64394,-121.77884,0.52771,5.50819,24.62795,-31.30528,80.43585,,7.3815,,,,1000055344,Right,56.39355,-123.06505,12.31398,5.28591,2.16264,-15.65264,-1.55689,-0.93161,2.75409,,,,,,,,,,,,,,,,,,,,,,,,,,,,,78.16812,2.109217,0.815564,1.293652,4.79958,3.22933,-1.43806,-0.8423,6.06072,0.9006,127.28017,2.23303,-2.2012,-0.61945,111.70417,-9.9407,6.08536,11.83496,-11.45204,0.85224,-4.53685,1.68629,High,High,High,,,High,High,High,v3
75,2/8/2023,2,4,691205,Right,T_B,1000094105,Right,T_A,3,Bottom,0,1,2,1-2,Slider,Slider,BallCalled,Undefined,Undefined,,Undefined,0,0,82.22045,0.111295,-1.512499,2551.320034,70.382627,8:15,5.36196,1.18588,4.09667,-46.85097,-2.7452,-11.44977,1.56458,-1.22033,75.78513,-8.197205,-3.502156,0.47799,,,,,,,,,,,,5.10902,-0.9863,-1.00338,50,5.32353,3.6813,-119.18758,-1.73464,7.36617,22.41108,-33.59612,78.85606,,6.43531,,,,1000055344,Right,56.40418,-120.38575,11.20554,5.36826,0.06152,-16.79806,-1.18967,3.28748,3.68309,,,,,,,,,,,,,,,,,,,,,,,,,,,,,,,,,,,,,,,,,,,,,,,,,,,High,High,High,,,,,,v3
76,2/8/2023,2,5,691205,Right,T_B,1000094105,Right,T_A,3,Bottom,0,2,2,2-2,Fastball,Sinker,FoulBall,Undefined,Undefined,,Undefined,0,0,95.90102,-1.755121,-2.837907,2368.45571,231.034448,1:45,5.26908,1.43976,5.82474,-15.38296,15.25883,17.59678,2.353,0.26572,87.14066,-4.681757,0.313029,0.398408,,,,,,,,,,,,-9.84938,8.61733,-1.21835,50,5.11649,6.09305,-139.07938,-4.76064,-19.19115,32.71259,-15.3835,94.60757,,8.76035,,,,1000055344,Right,54.67482,-140.17462,16.3563,5.26725,-4.24559,-7.69175,-1.43311,6.73558,-9.59558,,,,,,,,,,,,,,,,,,,,,,,,,,,,,,,,,,,,,,,,,,,,,,,,,,,High,High,High,,,,,,v3
77,2/8/2023,2,6,691205,Right,T_B,1000094105,Right,T_A,3,Bottom,0,2,2,2-2,Fastball,Sinker,FoulBall,Undefined,Undefined,,Undefined,0,0,96.75192,-1.636821,-2.810277,2505.505251,250.50347,2:15,5.33713,1.11167,5.58459,-21.62808,8.66874,21.70253,2.004,0.29374,88.25166,-5.650561,1.061367,0.396159,,,,,,,,,,,,-11.84768,5.1437,-0.88486,50,5.18227,5.86907,-140.33908,-4.83556,-23.56593,32.54123,-21.94285,95.14463,,8.50026,,,,1000055344,Right,54.91627,-141.47444,16.27061,5.33763,-4.06997,-10.97143,-1.10397,6.69128,-11.78296,,,,,,,,,,,,,,,,,,,,,,,,,,,,,,,,,,,,,,,,,,,,,,,,,,,High,High,High,,,,,,v3
78,2/8/2023,2,7,691205,Right,T_B,1000094105,Right,T_A,3,Bottom,0,2,2,2-2,Fastball,Sinker,FoulBall,Undefined,Undefined,,Undefined,0,0,97.20152,-0.834506,-2.302407,2542.044214,240.280405,2:00,5.38856,1.20993,5.58971,-16.87694,13.14926,21.30399,3.20223,0.83422,88.37084,-4.012632,1.498079,0.394386,50.21492,60.404218,104.88687,2907.793397,,,,,9.11432,,,-11.48268,7.19367,-1.02663,50,5.30611,4.65632,-141.04872,-2.65432,-23.0312,33.39325,-17.74548,95.57242,21.00149,8.83068,1.45917,3.00979,-0.82512,1000055344,Right,54.91033,-142.20649,16.69662,5.38747,-2.03908,-8.87274,-1.20191,5.45483,-11.5156,223.787064,1.45883,-9.33019,0.90502,,,,,,,3.00992,64.03464,-16.34033,,,,,,,-0.82099,34.97212,-8.79235,,,,,,,,,,,,,,,,,,,,,,,,,,,,,High,High,High,Medium,Low,,,,v3
79,2/8/2023,2,8,691205,Right,T_B,1000094105,Right,T_A,3,Bottom,0,2,2,2-2,Slider,Slider,BallCalled,Undefined,Undefined,,Undefined,0,0,84.82942,-2.005266,-2.475046,2697.572802,62.701814,8:00,5.37006,1.32443,4.10396,-45.85443,-4.25292,-10.70276,-0.37815,-1.94422,78.42953,-10.077473,-4.336096,0.464222,,,,,,,,,,,,4.52528,-1.22721,-1.03529,50,5.09578,5.81139,-122.81581,-6.27454,6.91004,24.38251,-34.04798,81.19482,,6.39989,,,,1000055344,Right,56.398,-124.0795,12.19126,5.37525,-4.50991,-17.02399,-1.32719,5.45326,3.45502,,,,,,,,,,,,,,,,,,,,,,,,,,,,,,,,,,,,,,,,,,,,,,,,,,,High,High,High,,,,,,v3
80,2/8/2023,2,9,691205,Right,T_B,1000094105,Right,T_A,3,Bottom,0,3,2,3-2,Fastball,Sinker,InPlay,Undefined,FlyBall,LineDrive,Triple,0,0,96.65962,-1.874876,-2.527839,2545.613404,233.613575,1:45,5.42942,1.28719,5.51355,-14.16985,16.2954,20.74505,2.4931,0.65066,87.94369,-4.565317,1.166808,0.397259,94.64773,25.425662,-12.492054,,107.72499,49.85938,-22.25448,350.62621,350.62621,-10.873341,4.776572,-11.2706,9.08323,-1.08142,50,5.25668,5.20715,-140.17801,-5.06753,-22.34335,32.77435,-14.16703,94.88125,69.93485,8.71593,1.92337,2.4912,-0.62764,1000055344,Right,54.98693,-141.33917,16.38718,5.42733,-4.5656,-7.08352,-1.27992,5.99875,-11.17167,190.330624,1.92392,122.39142,-23.71582,5.42854,-1.01209,0.15839,-0.02291,0.00276,-0.00016,2.49276,59.56334,-12.7698,-0.75045,0.51423,-0.1967,0.05056,-0.00699,0.00038,-0.62763,-27.11619,7.92478,-2.38884,0.50844,-0.07258,0.00645,-0.00037,1.00E-05,,,,,,,,,,,,,,,,,,,,,,,High,High,High,High,High,,,,v3
81,2/8/2023,3,1,691205,Right,T_B,1000138679,Right,T_A,3,Bottom,0,0,0,0-0,Slider,Slider,StrikeCalled,Undefined,Undefined,,Undefined,0,0,83.62911,1.289941,-0.152723,2504.824334,70.842016,8:15,5.16123,1.6654,3.98476,-44.98176,-2.33358,-10.34426,2.65359,0.6565,77.00574,-6.694645,-1.946524,0.470026,,,,,,,,,,,,4.90296,-1.07638,-1.63567,50,5.25766,0.82444,-121.26362,0.77855,7.34782,22.27584,-33.78715,80.19228,,6.62337,,,,1000055344,Right,56.51573,-122.4547,11.13792,5.16774,2.58513,-16.89358,-1.66925,0.43156,3.67391,,,,,,,,,,,,,,,,,,,,,,,,,,,,,,,,,,,,,,,,,,,,,,,,,,,High,High,High,,,,,,v3
82,2/8/2023,3,2,691205,Right,T_B,1000138679,Right,T_A,3,Bottom,0,0,1,0-1,Fastball,Sinker,FoulBall,Undefined,Undefined,,Undefined,0,0,95.86999,-1.467729,-1.681436,2444.922222,230.883204,1:45,5.35678,1.52067,5.8384,-15.71418,14.85115,17.02855,2.68224,1.37651,87.25596,-4.450985,1.371648,0.397911,,,,,,,,,,,,-9.31197,8.34741,-1.39424,50,5.22807,3.33276,-139.2001,-4.08174,-18.17867,32.7194,-15.87837,94.72577,,8.61403,,,,1000055344,Right,54.66248,-140.29175,16.3597,5.35542,-3.55198,-7.93919,-1.51555,3.93927,-9.08933,,,,,,,,,,,,,,,,,,,,,,,,,,,,,,,,,,,,,,,,,,,,,,,,,,,High,High,High,,,,,,v3
83,2/8/2023,3,3,691205,Right,T_B,1000138679,Right,T_A,3,Bottom,0,0,2,0-2,Slider,Slider,StrikeSwinging,Strikeout,Undefined,,Undefined,0,0,84.54974,-1.305576,-0.538923,2738.34611,71.593787,8:30,5.31372,1.4793,4.01887,-44.82967,-2.82311,-12.49138,0.32276,-0.07967,77.75238,-9.232308,-2.71078,0.466477,,,,,,,,,,,,5.86272,-0.63575,-1.40347,50,5.11612,1.75417,-122.49207,-4.73922,8.8878,24.69442,-33.13782,80.8024,,6.79736,,,,1000055344,Right,56.48169,-123.79188,12.34721,5.31967,-2.99498,-16.56891,-1.48349,1.28635,4.4439,,,,,,,,,,,,,,,,,,,,,,,,,,,,,,,,,,,,,,,,,,,,,,,,,,,High,High,High,,,,,,v3
84,2/8/2023,4,1,691205,Right,T_B,8886045,Left,T_A,3,Bottom,1,0,0,0-0,Fastball,Sinker,FoulBall,Undefined,Undefined,,Undefined,0,0,94.17985,-1.251569,-3.168106,2401.91858,241.403116,2:00,5.21925,1.71753,5.72969,-20.61678,11.2593,18.70773,2.33362,0.32299,85.6539,-5.112361,0.175428,0.406353,80.99508,59.465287,-72.775168,5304.557179,,,,,54.00636,,,-10.52418,6.40902,-1.46519,50,5.10215,6.72303,-136.57562,-3.71104,-19.77956,31.47174,-20.12868,92.7578,74.57981,8.52594,3.31365,2.50073,-0.31915,1000055344,Right,54.77071,-137.67057,15.73587,5.21908,-3.01074,-10.06434,-1.71107,7.41119,-9.88978,,3.31363,17.87438,-11.99679,3.27522,1.21133,-3.69083,3.8111,-2.00809,0.43521,2.50073,102.31799,-38.03554,6.88247,-2.24275,1.4283,-1.08851,0.53352,-0.11305,-0.31914,-57.64826,10.45039,-2.75084,-0.50376,2.09307,-2.20143,1.16403,-0.25254,,,,,,,,,,,,,,,,,,,,,,,High,High,High,Low,Low,,,,v3
85,2/8/2023,4,2,691205,Right,T_B,8886045,Left,T_A,3,Bottom,1,0,1,0-1,Cutter,Slider,StrikeCalled,Undefined,Undefined,,Undefined,0,0,87.89688,0.081827,-1.206376,2264.042939,145.014022,10:45,5.33796,1.52842,4.69663,-28.74202,9.56796,-5.74414,3.02049,-0.09569,79.34667,-5.183306,-2.214458,0.445479,,,,,,,,,,,,2.42854,5.05008,-1.40059,50,5.32115,2.95659,-127.24202,-0.95074,3.93083,29.2109,-24.00006,84.61098,,8.55022,,,,1000055344,Right,55.79918,-128.56644,14.60545,5.33958,0.13741,-12.00003,-1.53061,2.77836,1.96541,,,,,,,,,,,,,,,,,,,,,,,,,,,,,,,,,,,,,,,,,,,,,,,,,,,High,High,High,,,,,,v3
86,2/8/2023,4,3,691205,Right,T_B,8886045,Left,T_A,3,Bottom,1,0,2,0-2,Fastball,Sinker,BallCalled,Undefined,Undefined,,Undefined,0,0,96.4834,0.081776,-1.482326,2536.177611,242.267645,2:00,5.34198,1.56612,5.69856,-18.9454,11.83682,20.33993,3.83943,1.87948,86.4472,-3.505569,2.154747,0.39932,,,,,,,,,,,,-10.71197,6.30063,-1.45406,50,5.33732,2.62326,-139.83751,-0.46039,-20.79708,37.26896,-19.9415,94.39153,,10.0362,,,,1000055344,Right,54.797,-141.1102,18.63448,5.34142,0.22058,-9.97075,-1.55577,3.33346,-10.39854,,,,,,,,,,,,,,,,,,,,,,,,,,,,,,,,,,,,,,,,,,,,,,,,,,,High,High,High,,,,,,v3
87,2/8/2023,4,4,691205,Right,T_B,8886045,Left,T_A,3,Bottom,1,1,2,1-2,Slider,Slider,FoulBall,Undefined,Undefined,LineDrive,Undefined,0,0,85.17719,-0.314442,-0.306971,2641.231336,97.160703,9:15,5.21471,1.53292,3.97985,-38.28998,3.02969,-13.83828,1.72143,0.08447,78.16888,-7.131103,-2.707413,0.462647,76.43681,19.205402,-58.983466,5230.799286,45.81216,19.11954,-100.00594,176.27189,136.49122,-70.107332,2.1811,6.57315,1.87677,-1.48132,50,5.13631,1.3359,-123.44916,-2.33364,10.15201,24.382,-29.27544,81.47125,19.71077,7.00832,1.97966,1.70761,-0.19241,1000055344,Right,56.52026,-124.73031,12.191,5.21851,-0.79537,-14.63772,-1.5375,0.80246,5.07601,,1.97966,54.55211,-20.22069,5.44175,-1.37246,0.28137,-0.04935,0.00588,-0.0003,1.70761,36.8783,-20.69934,2.10349,-0.33016,0.04849,-0.00471,0.00058,-0.0001,-0.19241,-90.73083,7.31061,0.11975,-0.36955,0.15464,-0.0397,0.00667,-0.00049,,,,,,,,,,,,,,,,,,,,,,,High,High,High,Medium,Medium,,,,v3
88,2/8/2023,4,5,691205,Right,T_B,8886045,Left,T_A,3,Bottom,1,1,2,1-2,Fastball,Four-Seam,StrikeSwinging,Strikeout,Undefined,,Undefined,0,0,94.93604,-0.506548,-1.659878,2354.367146,204.683259,12:45,5.38455,1.49304,5.26166,-16.42521,15.58414,6.65764,3.53968,0.48798,85.88069,-3.606353,-0.479525,0.407202,,,,,,,,,,,,-3.815,8.2526,-1.34612,50,5.32652,3.659,-137.60038,-1.79194,-7.25434,32.8715,-16.4816,92.56451,,9.05536,,,,1000055344,Right,55.23455,-138.84523,16.43575,5.38257,-1.16777,-8.2408,-1.48989,3.93372,-3.62717,,,,,,,,,,,,,,,,,,,,,,,,,,,,,,,,,,,,,,,,,,,,,,,,,,,High,High,High,,,,,,v3
89,2/8/2023,1,1,1000097856,Left,T_A,1000058463,Right,T_B,4,Top,0,0,0,0-0,Fastball,Changeup,StrikeCalled,Undefined,Undefined,,Undefined,0,0,85.50369,0.018232,4.015847,1974.969205,117.827959,10:00,3.99792,-3.54455,5.8685,-30.79864,7.90079,-12.43957,1.44834,-0.84478,77.50269,-5.717158,1.791015,0.447738,,,,,,,,,,,,7.53922,4.44036,3.22601,50,3.98173,-8.17604,-123.82528,-0.97286,11.60374,26.72902,-25.33979,84.18417,,8.001,,,,1000103236,Right,54.62849,-124.82039,13.36451,4.00038,-0.02947,-12.6699,3.53844,-8.60805,5.80187,,,,,,,,,,,,,,,,,,,,,,,,,,,,,,,,,,,,,,,,,,,,,,,,,,,High,High,High,,,,,,v3
90,2/8/2023,1,2,1000097856,Left,T_A,1000058463,Right,T_B,4,Top,0,0,1,0-1,Fastball,Sinker,BallCalled,Undefined,Undefined,,Undefined,0,0,86.18862,0.641567,5.828436,2081.005354,136.660305,10:30,4.21833,-3.34852,6.09665,-26.08486,11.95001,-10.01567,2.6411,1.22629,77.78405,-4.268934,4.039768,0.443877,,,,,,,,,,,,7.05792,6.33847,2.90385,50,4.25428,-12.32333,-124.52692,0.61462,10.94959,27.80827,-22.34061,84.91649,,8.40457,,,,1000103236,Right,54.40264,-125.50622,13.90413,4.21878,1.40138,-11.1703,3.34462,-12.70894,5.4748,,,,,,,,,,,,,,,,,,,,,,,,,,,,,,,,,,,,,,,,,,,,,,,,,,,High,High,High,,,,,,v3
91,2/8/2023,1,3,1000097856,Left,T_A,1000058463,Right,T_B,4,Top,0,1,1,1-1,Slider,Curveball,StrikeSwinging,Undefined,Undefined,,Undefined,0,0,75.53942,1.241827,2.80241,2304.629755,293.483243,3:45,4.02248,-3.40842,5.21116,-53.52814,-2.93933,10.50532,0.73115,0.10441,69.25265,-8.460356,4.661057,0.511916,,,,,,,,,,,,-4.44118,-1.40177,3.14087,50,4.09691,-5.76199,-109.48379,0.58094,-5.35605,20.48704,-33.86458,73.63015,,6.28678,,,,1000103236,Right,55.28937,-110.46912,10.24352,4.0298,2.20967,-16.93229,3.4118,-5.50439,-2.67803,,,,,,,,,,,,,,,,,,,,,,,,,,,,,,,,,,,,,,,,,,,,,,,,,,,High,High,High,,,,,,v3
92,2/8/2023,1,4,1000097856,Left,T_A,1000058463,Right,T_B,4,Top,0,1,2,1-2,Fastball,Sinker,BallCalled,Undefined,Undefined,,Undefined,0,0,88.57808,1.34403,2.456768,2008.257156,132.034831,10:30,4.13705,-3.47999,5.79812,-24.86773,11.11926,-11.00678,3.31623,-2.11073,80.27117,-3.318712,0.48755,0.431762,,,,,,,,,,,,6.31965,5.62414,3.28454,50,4.23289,-5.03637,-128.45007,2.19414,10.49206,28.16986,-22.8367,87.29915,,8.30691,,,,1000103236,Right,54.69912,-129.47652,14.08493,4.13778,3.02625,-11.41835,3.47502,-5.41868,5.24603,,,,,,,,,,,,,,,,,,,,,,,,,,,,,,,,,,,,,,,,,,,,,,,,,,,High,High,High,,,,,,v3
93,2/8/2023,1,5,1000097856,Left,T_A,1000058463,Right,T_B,4,Top,0,2,2,2-2,Fastball,Sinker,BallCalled,Undefined,Undefined,,Undefined,0,0,86.40751,-0.346799,5.651769,1990.324941,121.323388,10:00,4.15486,-3.1434,6.13774,-31.31092,6.27933,-8.24028,1.22354,1.41024,78.58479,-6.173328,4.177191,0.441275,,,,,,,,,,,,5.9154,3.73815,2.71509,50,4.11228,-12.03117,-124.91936,-1.76331,9.28846,26.64085,-26.30434,85.41715,,7.82272,,,,1000103236,Right,54.35979,-125.84572,13.32042,4.1577,-0.84865,-13.15217,3.13905,-12.35415,4.64423,,,,,,,,,,,,,,,,,,,,,,,,,,,,,,,,,,,,,,,,,,,,,,,,,,,High,High,High,,,,,,v3
94,2/8/2023,1,6,1000097856,Left,T_A,1000058463,Right,T_B,4,Top,0,3,2,3-2,Fastball,Sinker,InPlay,Undefined,GroundBall,GroundBall,Out,1,0,88.11916,1.035058,4.590764,1992.084632,118.69282,10:00,4.07574,-3.40262,6.24206,-29.11848,6.86634,-10.29205,2.60709,-0.01681,79.71413,-4.426,2.740839,0.431749,80.51553,-8.859962,-18.542196,,,,,17.83154,16.87609,-15.6707,0.143311,6.75004,3.59788,3.06514,50,4.13875,-9.8337,-127.59314,1.39135,11.02006,28.62161,-26.30019,87.3018,2.6441,8.40503,1.5672,2.6441,0.24837,1000103236,Right,54.25626,-128.54435,14.3108,4.07799,2.26541,-13.15009,3.39804,-10.19994,5.51003,214.302882,1.56744,110.60086,-12.13848,,,,,,,2.64384,-18.16392,-1.97197,,,,,,,0.24799,-37.07025,12.1003,,,,,,,,,,,,,,,,,,,,,,,,,,,,,High,High,High,Low,Low,,,,v3
95,2/8/2023,2,1,1000097856,Left,T_A,1000110361,Right,T_B,4,Top,1,0,0,0-0,Fastball,Sinker,StrikeCalled,Undefined,Undefined,,Undefined,0,0,87.77944,0.230525,2.835036,1928.601464,133.255825,10:30,4.05729,-3.37645,5.90493,-25.38096,11.56131,-10.82449,2.15646,-1.6447,78.73411,-4.558726,0.894762,0.437455,,,,,,,,,,,,6.43118,6.23607,3.15452,50,4.0616,-5.82799,-127.13072,-0.29733,10.32913,30.59232,-22.15834,86.163,,9.04533,,,,1000103236,Right,54.58963,-128.2304,15.29616,4.05797,0.49918,-11.07917,3.37069,-6.19928,5.16456,,,,,,,,,,,,,,,,,,,,,,,,,,,,,,,,,,,,,,,,,,,,,,,,,,,High,High,High,,,,,,v3
96,2/8/2023,2,2,1000097856,Left,T_A,1000110361,Right,T_B,4,Top,1,0,1,0-1,Fastball,Four-Seam,FoulBall,Undefined,Undefined,GroundBall,Undefined,0,0,88.31304,-0.002646,5.594562,2003.353215,147.460825,11:00,4.10568,-3.2186,6.30753,-21.83537,14.25379,-8.25,2.28362,1.26422,79.34145,-4.166612,4.114465,0.432374,90.31494,7.633346,-53.80424,5001.612973,,,,122.16982,122.16982,-58.754186,1.060609,6.14496,7.79036,2.81114,50,4.09509,-12.17362,-127.61247,-0.62424,9.95969,30.45425,-19.54752,87.1755,6.30518,8.97159,2.71312,2.42223,-1.33956,1000103236,Right,54.18978,-128.60846,15.22713,4.10505,0.01506,-9.77376,3.21459,-12.49934,4.97985,,2.71312,77.53234,-23.78389,5.41363,-1.06895,-0.1501,0.36567,-0.21244,0.04749,2.42223,17.5954,-20.9553,2.54133,-0.51636,0.07701,0.01881,-0.01817,0.00442,-1.33957,-105.94926,8.07059,0.44015,-0.29843,-0.1034,0.23588,-0.14098,0.03192,,,,,,,,,,,,,,,,,,,,,,,High,High,High,Medium,High,,,,v3
97,2/8/2023,2,3,1000097856,Left,T_A,1000110361,Right,T_B,4,Top,1,0,2,0-2,Slider,Curveball,StrikeSwinging,Strikeout,Undefined,,Undefined,0,0,77.50483,1.532427,3.076414,2236.980198,297.614088,4:00,4.02984,-3.36561,5.0495,-52.98404,-4.93422,12.16949,1.0623,0.55294,71.47607,-8.016475,5.22107,0.498904,,,,,,,,,,,,-5.2091,-2.45736,3.06212,50,4.13349,-6.52692,-112.35898,1.13007,-6.66561,20.17239,-35.3185,75.55044,,6.02876,,,,1000103236,Right,55.45204,-113.33359,10.08619,4.03767,2.83644,-17.65925,3.36969,-6.20488,-3.33281,,,,,,,,,,,,,,,,,,,,,,,,,,,,,,,,,,,,,,,,,,,,,,,,,,,High,High,High,,,,,,v3
98,2/8/2023,3,1,1000097856,Left,T_A,1000064785,Right,T_B,4,Top,2,0,0,0-0,Fastball,Sinker,InPlay,Undefined,GroundBall,GroundBall,Out,1,0,87.48549,0.346541,5.080766,1917.229775,127.965771,10:15,4.07439,-3.34726,5.89952,-27.33761,9.26489,-10.42402,2.11924,0.5132,80.07162,-4.735213,3.221256,0.435438,73.26757,-24.713997,31.9898,,,,,5.3105,2.87109,20.159062,0.045609,6.72741,4.98622,2.94375,50,4.08662,-10.83796,-126.68234,-0.13044,10.9669,25.11688,-24.04558,86.56206,2.05461,7.41387,1.19892,2.05461,-0.53483,1000103236,Right,54.60021,-127.59115,12.55844,4.0756,0.73961,-12.02279,3.34308,-11.23478,5.48345,,1.19729,83.01527,,,,,,,,2.0555,-45.04825,,,,,,,,-0.53585,51.85315,,,,,,,,,,,,,,,,,,,,,,,,,,,,,,High,High,High,Low,Low,,,,v3
99,2/8/2023,1,1,691205,Right,T_B,1000102964,Right,T_A,4,Bottom,0,0,0,0-0,Slider,Slider,StrikeCalled,Undefined,Undefined,,Undefined,0,0,83.1706,0.682197,-0.438198,2029.244198,81.512574,8:45,5.215,1.4664,4.23362,-43.64144,-0.57299,-13.07461,2.23142,-0.0427,76.08971,-7.117889,-2.71605,0.472336,,,,,,,,,,,,6.16185,-0.04984,-1.40398,50,5.2445,1.54264,-120.52666,-0.38799,9.04363,23.91504,-32.24718,79.80008,,7.08089,,,,1000055344,Right,56.26541,-121.7635,11.95752,5.22144,1.27978,-16.12359,-1.47166,1.07492,4.52181,,,,,,,,,,,,,,,,,,,,,,,,,,,,,,,,,,,,,,,,,,,,,,,,,,,High,High,High,,,,,,v3
100,2/8/2023,1,2,691205,Right,T_B,1000102964,Right,T_A,4,Bottom,0,0,1,0-1,Slider,Curveball,InPlay,Undefined,LineDrive,LineDrive,Out,1,0,81.69907,0.010234,-0.716765,2308.28926,77.63343,8:30,5.2806,1.34922,4.16306,-46.26491,-1.37087,-12.98926,1.435,-0.42038,74.70763,-8.233264,-2.97811,0.482243,88.08099,19.910549,4.087656,3073.173993,109.24987,33.44534,12.82372,296.14602,290.27155,10.848071,3.741152,6.06351,-0.27098,-1.25507,50,5.23266,2.08189,-118.35232,-1.88312,8.54877,23.85312,-32.55611,78.16071,40.09075,6.99144,1.77222,1.37317,0.40468,1000055344,Right,56.3367,-119.62262,11.92656,5.28678,-0.14934,-16.27805,-1.35382,1.62662,4.27438,208.82991,1.77147,121.17841,-20.9814,4.59685,-1.17878,0.35176,-0.09013,0.014,-0.0009,1.37418,43.96079,-12.56628,-0.42714,0.59099,-0.30708,0.09392,-0.01461,0.00089,0.4049,8.64805,4.57677,-1.84781,0.6241,-0.18776,0.04333,-0.00598,0.00035,,,,,,,,,,,,,,,,,,,,,,,High,High,High,High,High,,,,v3
101,2/8/2023,2,1,691205,Right,T_B,1000079407,Left,T_A,4,Bottom,1,0,0,0-0,Fastball,Four-Seam,StrikeSwinging,Undefined,Undefined,,Undefined,0,0,94.32076,-1.942243,-1.495884,2247.80257,230.279676,1:45,5.29202,1.43241,5.81339,-19.88863,11.77304,12.90308,1.82733,1.1164,85.87386,-5.671162,0.817451,0.404984,,,,,,,,,,,,-6.99241,6.89075,-1.31742,50,5.12109,2.98247,-136.84596,-5.32458,-13.19265,31.62278,-19.17324,93.07133,,8.4469,,,,1000055344,Right,54.68418,-137.92415,15.81139,5.29148,-4.67086,-9.58662,-1.42677,3.43228,-6.59633,,,,,,,,,,,,,,,,,,,,,,,,,,,,,,,,,,,,,,,,,,,,,,,,,,,High,High,High,,,,,,v3
102,2/8/2023,2,2,691205,Right,T_B,1000079407,Left,T_A,4,Bottom,1,0,1,0-1,ChangeUp,Changeup,BallCalled,Undefined,Undefined,,Undefined,0,0,88.50903,-2.76504,-4.036012,1927.096498,257.071968,2:30,5.04564,1.51604,5.38881,-31.22935,5.19221,17.68088,-0.15683,-0.79963,81.49329,-8.454977,-0.895525,0.434361,,,,,,,,,,,,-10.0793,3.65689,-1.16821,50,4.77567,8.28266,-128.16102,-7.36349,-16.81816,25.68811,-26.07224,86.77682,,7.01574,,,,1000055344,Right,55.11299,-129.18179,12.84406,5.04768,-6.32747,-13.03612,-1.51061,8.95096,-8.40908,,,,,,,,,,,,,,,,,,,,,,,,,,,,,,,,,,,,,,,,,,,,,,,,,,,High,High,High,,,,,,v3
103,2/8/2023,2,3,691205,Right,T_B,1000079407,Left,T_A,4,Bottom,1,1,1,1-1,Fastball,Four-Seam,StrikeSwinging,Undefined,Undefined,,Undefined,0,0,93.30164,-0.595571,-1.652809,2294.534607,217.331468,1:15,5.28145,1.41108,5.77161,-15.55438,16.61839,11.91103,3.43078,0.86516,85.27128,-3.550918,0.47939,0.40824,,,,,,,,,,,,-6.49489,8.92351,-1.2816,50,5.22282,3.36977,-135.50368,-1.89193,-12.09848,29.08533,-15.55157,92.32909,,8.03036,,,,1000055344,Right,54.72655,-136.51444,14.54266,5.27918,-1.35149,-7.77579,-1.40601,3.79021,-6.04924,,,,,,,,,,,,,,,,,,,,,,,,,,,,,,,,,,,,,,,,,,,,,,,,,,,High,High,High,,,,,,v3
104,2/8/2023,2,4,691205,Right,T_B,1000079407,Left,T_A,4,Bottom,1,1,2,1-2,Slider,Slider,StrikeSwinging,Strikeout,Undefined,,Undefined,0,0,83.40971,-0.694837,-0.815081,2193.045822,80.48161,8:45,5.25366,1.42466,4.13255,-43.72266,-0.88433,-13.1406,0.94352,-0.45226,76.82821,-8.456863,-3.102091,0.471072,,,,,,,,,,,,6.11855,0.12728,-1.31895,50,5.12949,2.34036,-120.91525,-3.31264,9.06819,23.33765,-31.98539,80.0141,,6.5815,,,,1000055344,Right,56.36794,-122.13813,11.66883,5.25916,-1.63662,-15.99269,-1.42913,1.86519,4.53409,,,,,,,,,,,,,,,,,,,,,,,,,,,,,52.36253,,,1.465527,,,,-2.8596,5.71136,0.74443,79.07986,8.73623,-45.71053,-2.72241,61.42725,-3.80731,5.9078,23.97967,-15.00829,0.62581,-35.73464,2.79131,High,High,High,,,High,High,High,v3
105,2/8/2023,3,1,691205,Right,T_B,1000049656,Left,T_A,4,Bottom,2,0,0,0-0,Fastball,Sinker,FoulBall,Undefined,Undefined,,Undefined,0,0,96.55494,-0.830635,-2.489088,2378.509058,240.299745,2:00,5.33496,1.46762,5.56635,-19.64442,10.71591,17.09277,2.92118,0.56534,88.11703,-4.494352,0.558332,0.396574,75.39341,39.589496,-150.313052,3993.493569,,,,,45.9114,,,-9.37804,5.94193,-1.26458,50,5.25048,5.28582,-140.12555,-2.76179,-18.636,31.8219,-20.3663,95.04506,33.22719,8.43791,1.32691,2.87953,-0.55344,1000055344,Right,54.93374,-141.24154,15.91095,5.33481,-2.04755,-10.18315,-1.46141,5.93938,-9.318,13.576788,1.32691,-74.02903,1.4277,0.99337,-0.37156,0.25968,-0.44078,0.56289,-0.2889,2.87953,70.4687,-31.57783,4.40455,-1.01704,0.40517,-0.57666,0.71446,-0.36128,-0.55344,-42.20307,4.22622,-0.34355,0.01712,0.02547,-0.04336,0.05697,-0.03022,,,,,,,,,,,,,,,,,,,,,,,High,High,High,High,Low,,,,v3
106,2/8/2023,3,2,691205,Right,T_B,1000049656,Left,T_A,4,Bottom,2,0,1,0-1,Cutter,Cutter,FoulBall,Undefined,Undefined,,Undefined,0,0,88.72897,-0.355751,-1.58951,2414.955416,151.876288,11:00,5.40152,1.43659,4.61828,-27.15998,9.7704,-4.64977,2.79984,-0.46244,81.7875,-5.280626,-2.404199,0.437384,,,,,,,,,,,,1.87095,5.19536,-1.26868,50,5.34028,3.79743,-128.73849,-1.90323,3.16927,24.38347,-23.37333,86.17694,,6.94147,,,,1000055344,Right,55.88025,-129.84745,12.19174,5.40266,-0.84021,-11.68667,-1.43811,3.65329,1.58464,,,,,,,,,,,,,,,,,,,,,,,,,,,,,,,,,,,,,,,,,,,,,,,,,,,High,High,High,,,,,,v3
107,2/8/2023,3,3,691205,Right,T_B,1000049656,Left,T_A,4,Bottom,2,0,2,0-2,Fastball,Four-Seam,FoulBall,Undefined,Undefined,,Undefined,0,0,96.76519,-1.45519,-2.620533,2406.515096,221.522401,1:30,5.28265,1.4335,5.52479,-14.12863,16.2595,13.50784,2.7431,0.10753,87.98999,-4.140694,-0.215495,0.396756,80.12963,53.380473,-45.906145,5085.779908,,,,,196.9653,,,-7.59863,8.93532,-1.21489,50,5.14686,5.77795,-140.31297,-4.03806,-15.09649,32.76607,-14.42188,95.00162,84.99858,8.7752,1.03354,2.92584,-0.18217,1000055344,Right,54.97426,-141.4698,16.38304,5.28043,-3.52889,-7.21094,-1.4283,6.31094,-7.54824,146.058685,1.03354,48.77972,-22.08755,7.58252,-2.06407,0.49246,-0.09403,0.01158,-0.00076,2.92584,94.32581,-26.75377,2.57929,-0.13547,-0.10402,0.05716,-0.01655,0.00214,-0.18217,-50.34763,1.22985,0.33689,-0.23815,0.09294,-0.02869,0.00619,-0.00063,,,,,,,,,,,,,,,,,,,,,,,High,High,High,High,Low,,,,v3
108,2/8/2023,3,4,691205,Right,T_B,1000049656,Left,T_A,4,Bottom,2,0,2,0-2,Fastball,Four-Seam,InPlay,Undefined,GroundBall,GroundBall,Out,1,0,96.21808,-1.912741,-3.101592,2484.917502,218.114919,1:15,5.4317,1.30317,5.29925,-14.30725,16.79682,12.34922,2.44039,-0.58244,87.31547,-4.624331,-0.91356,0.401402,59.99899,-45.228188,28.04644,,,,,3.4863,1.3278,29.302753,0.038677,-7.09355,9.27918,-1.03039,50,5.24762,6.94362,-139.33342,-5.14715,-13.87369,32.7987,-14.0257,93.90188,2.42799,8.9026,0.91435,2.42799,0.57373,1000055344,Right,55.19883,-140.55188,16.39935,5.42915,-4.62609,-7.01285,-1.29792,7.45902,-6.93685,,0.91269,54.96481,,,,,,,,2.42989,-62.7764,,,,,,,,0.57284,29.28248,,,,,,,,,,,,,,,,,,,,,,,,,,,,,,High,High,High,Low,Low,,,,v3
109,2/8/2023,4,1,691205,Right,T_B,1000066765,Right,T_A,4,Bottom,0,0,0,0-0,Fastball,Four-Seam,InPlay,Undefined,FlyBall,FlyBall,Out,1,0,95.295,-1.485247,-2.287523,2500.791893,214.651966,1:15,5.38319,1.39789,5.68541,-15.03997,16.16694,10.448,2.74407,0.13525,86.50127,-4.348402,-0.421135,0.402066,92.77728,33.173812,16.46562,4536.718211,101.42831,68.26222,42.5708,290.6712,255.47144,35.321663,5.215599,-6.00213,8.97052,-1.21207,50,5.24892,5.03891,-138.20247,-4.06969,-11.53697,32.57247,-14.93141,93.74701,87.32427,8.79373,2.04199,2.61919,-0.13027,1000055344,Right,54.81306,-139.33222,16.28623,5.38109,-3.5518,-7.46571,-1.39378,5.43906,-5.76848,215.195519,2.05051,109.05708,-30.13423,7.10244,-1.08372,0.0412,0.01347,-0.00156,3.00E-05,2.61871,74.4567,-17.68218,0.06409,0.55375,-0.26228,0.06899,-0.0092,0.00048,-0.12954,32.2685,4.60729,-3.17846,1.18816,-0.32289,0.06063,-0.00663,0.00031,,,,,,,,,,,,,,,,,,,,,,,High,High,High,High,Medium,,,,v3
110,2/8/2023,1,1,1000013430,Right,T_A,1000064785,Right,T_B,5,Top,0,0,0,0-0,Fastball,Four-Seam,StrikeCalled,Undefined,Undefined,,Undefined,0,0,88.56492,-3.729946,-2.404929,2136.984477,203.171952,12:45,6.20982,0.46118,5.28772,-15.21213,21.40434,8.64386,1.43157,-1.07812,80.97878,-6.603363,-0.872505,0.435522,,,,,,,,,,,,-5.00016,12.11812,-0.24861,50,5.85872,4.99577,-128.1829,-8.82927,-8.32225,26.40529,-12.00466,86.54553,,7.58614,,,,1000103236,Right,55.21055,-129.2518,13.20264,6.2063,-8.34332,-6.00233,-0.45765,5.33266,-4.16113,,,,,,,,,,,,,,,,,,,,,,,,,,,,,,,,,,,,,,,,,,,,,,,,,,,High,High,High,,,,,,v3
111,2/8/2023,1,2,1000013430,Right,T_A,1000064785,Right,T_B,5,Top,0,0,1,0-1,Fastball,Four-Seam,BallCalled,Undefined,Undefined,,Undefined,0,0,88.13524,-4.961935,-2.87771,2077.715564,204.439914,12:45,6.21186,0.42645,5.29352,-15.49036,21.61659,9.25922,0.24452,-1.50618,80.67709,-7.873829,-1.236757,0.438429,,,,,,,,,,,,-5.47488,12.613,-0.17158,50,5.74802,5.99485,-127.32632,-11.54737,-8.98859,26.11982,-11.46624,85.97165,,7.45815,,,,1000103236,Right,55.2059,-128.38982,13.05991,6.20868,-11.08051,-5.73312,-0.42312,6.36083,-4.49429,,,,,,,,,,,,,,,,,,,,,,,,,,,,,,,,,,,,,,,,,,,,,,,,,,,High,High,High,,,,,,v3
112,2/8/2023,1,3,1000013430,Right,T_A,1000064785,Right,T_B,5,Top,0,1,1,1-1,Curveball,Curveball,BallCalled,Undefined,Undefined,GroundBall,Undefined,0,0,73.67259,-2.033621,-1.616463,2511.482822,15.133959,6:30,6.13048,0.86715,5.16627,-67.60523,-13.89918,-4.25406,-1.41879,-1.00909,68.03828,-14.095976,-2.375394,0.527452,27.8761,-2.263041,176.77104,,,,,7.07281,7.52742,6.40352,0.011276,1.63992,-6.08878,-0.71294,50,5.88797,3.16663,-106.79041,-6.01476,1.86053,21.39904,-39.08201,71.46133,0.01821,5.63431,,,,1000103236,Right,55.33743,-107.85464,10.69952,6.13877,-4.07111,-19.541,-0.86812,3.0741,0.93027,,7.48867,-40.79362,,,,,,,,0.01821,-1.61465,,,,,,,,0.76288,2.3014,,,,,,,,,,,,,,,,,,,,,,,,,,,,,,High,High,High,Estimated,Estimated,,,,v3
113,2/8/2023,1,4,1000013430,Right,T_A,1000064785,Right,T_B,5,Top,0,2,1,2-1,Fastball,Four-Seam,BallCalled,Undefined,Undefined,,Undefined,0,0,87.83809,-0.30675,-1.499974,1857.07264,202.980057,12:45,6.26169,0.51929,5.2545,-21.021,15.89147,6.26516,4.22161,-0.36832,80.55506,-4.218703,-0.389197,0.437278,,,,,,,,,,,,-3.52595,8.36705,-0.38658,50,6.21833,3.05809,-127.51312,-1.40551,-5.83614,24.91638,-18.32496,86.19783,,7.28302,,,,1000103236,Right,55.2437,-128.53367,12.45819,6.26053,-0.65493,-9.16248,-0.51674,3.29714,-2.91807,,,,,,,,,,,,,,,,,,,,,,,,,,,,,,,,,,,,,,,,,,,,,,,,,,,High,High,High,,,,,,v3
114,2/8/2023,1,5,1000013430,Right,T_A,1000064785,Right,T_B,5,Top,0,3,1,3-1,Fastball,Four-Seam,BallCalled,Walk,Undefined,,Undefined,0,0,87.10938,-0.826901,-2.033521,1813.796324,195.591719,12:30,6.16517,0.59929,5.35463,-22.12072,15.12796,3.92055,3.54572,-0.98196,80.32306,-4.926824,-1.337413,0.439265,,,,,,,,,,,,-2.47992,8.14028,-0.41927,50,6.07517,4.32081,-126.49345,-2.5835,-4.05804,23.39641,-18.85365,85.80791,,6.78632,,,,1000103236,Right,55.14442,-127.44141,11.6982,6.16438,-1.81959,-9.42682,-0.59767,4.48524,-2.02902,,,,,,,,,,,,,,,,,,,,,,,,,,,,,,,,,,,,,,,,,,,,,,,,,,,High,High,High,,,,,,v3
115,2/8/2023,2,1,1000013430,Right,T_A,1000187793,Left,T_B,5,Top,0,0,0,0-0,ChangeUp,Changeup,StrikeCalled,Undefined,Undefined,,Undefined,0,0,79.43305,0.439746,-1.792843,1408.625922,238.847784,2:00,5.99473,1.06384,5.46444,-37.66852,7.04378,9.46686,3.26748,0.17419,73.22264,-6.468707,-0.107041,0.481266,,,,,,,,,,,,-5.245,3.83709,-0.91271,50,6.00763,3.23965,-115.37244,-0.36033,-7.11616,20.13798,-26.96806,78.31937,,6.21041,,,,1000103236,Right,55.03513,-116.24799,10.06899,5.99781,0.81217,-13.48403,-1.06029,3.54905,-3.55808,,,,,,,,,,,,,,,,,,,,,,,,,,,,,,,,,,,,,,,,,,,,,,,,,,,High,High,High,,,,,,v3
116,2/8/2023,2,2,1000013430,Right,T_A,1000187793,Left,T_B,5,Top,0,0,1,0-1,Fastball,Four-Seam,BallCalled,Undefined,Undefined,,Undefined,0,0,88.28051,0.269845,-0.975309,1852.724757,209.089909,1:00,6.21808,0.52424,5.42293,-20.66529,15.70194,8.11575,4.74877,0.28692,80.76784,-3.596086,0.468309,0.434037,,,,,,,,,,,,-4.33327,8.1602,-0.44346,50,6.22791,1.82051,-128.18229,-0.08665,-7.23264,25.70242,-18.55385,86.84159,,7.51267,,,,1000103236,Right,55.0748,-129.19585,12.85121,6.2169,0.64501,-9.27693,-0.52087,2.10573,-3.61632,,,,,,,,,,,,,,,,,,,,,,,,,,,,,,,,,,,,,,,,,,,,,,,,,,,High,High,High,,,,,,v3
117,2/8/2023,2,3,1000013430,Right,T_A,1000187793,Left,T_B,5,Top,0,1,1,1-1,Fastball,Four-Seam,BallCalled,Undefined,Undefined,,Undefined,0,0,87.95967,0.52308,-1.287942,1835.862839,192.215234,12:30,6.19132,0.64201,5.41729,-20.50926,16.3169,3.27669,4.97236,-0.29163,80.07539,-3.328009,-0.705354,0.436767,,,,,,,,,,,,-2.00532,8.40154,-0.52992,50,6.22384,2.72277,-127.62028,0.49183,-3.30179,26.66327,-18.34063,86.29879,,7.88427,,,,1000103236,Right,55.07936,-128.67711,13.33163,6.18994,1.21879,-9.17032,-0.64044,2.85364,-1.6509,,,,,,,,,,,,,,,,,,,,,,,,,,,,,,,,,,,,,,,,,,,,,,,,,,,High,High,High,,,,,,v3
118,2/8/2023,2,4,1000013430,Right,T_A,1000187793,Left,T_B,5,Top,0,2,1,2-1,Fastball,Four-Seam,BallCalled,Undefined,Undefined,,Undefined,0,0,86.87164,-3.332153,-2.106446,1877.738215,185.407066,12:15,6.16512,0.61775,5.43115,-22.39671,15.32599,1.33772,1.17245,-1.2444,79.84519,-7.472461,-1.868466,0.442051,,,,,,,,,,,,-1.24941,8.99441,-0.43204,50,5.85414,4.57275,-125.873,-8.08588,-2.00916,24.99488,-17.7102,85.26711,,7.02645,,,,1000103236,Right,55.06783,-126.87534,12.49744,6.16416,-7.37567,-8.8551,-0.61703,4.65331,-1.00458,,,,,,,,,,,,,,,,,,,,,,,,,,,,,,,,,,,,,,,,,,,,,,,,,,,High,High,High,,,,,,v3
119,2/8/2023,2,5,1000013430,Right,T_A,1000187793,Left,T_B,5,Top,0,3,1,3-1,Fastball,Changeup,InPlay,Undefined,GroundBall,GroundBall,Out,1,0,85.04139,-1.380293,-1.004854,1794.856337,192.266503,12:30,6.26189,0.78516,5.58305,-21.59352,17.50497,3.53303,3.17296,0.14108,77.75429,-5.430031,-0.374338,0.45004,95.75327,-3.374312,17.390558,2183.140296,,,,35.59199,35.49155,16.608412,0.2421,-2.0887,9.64749,-0.70124,50,6.12944,2.0212,-123.45472,-3.64967,-3.2199,24.8331,-17.30156,83.75348,3.29486,7.2871,2.96247,3.29486,-0.15176,1000103236,Right,54.91615,-124.43968,12.41655,6.26058,-2.96344,-8.65078,-0.78394,2.14892,-1.60995,308.170135,2.9642,133.69161,-20.90837,,,,,,,3.29688,-8.37665,-21.68249,,,,,,,-0.15281,41.9597,2.87684,,,,,,,,,,,,,,,,,,,,,,,,,,,,,High,High,High,High,High,,,,v3
120,2/8/2023,3,1,1000013430,Right,T_A,1000110355,Right,T_B,5,Top,1,0,0,0-0,Curveball,Curveball,StrikeCalled,Undefined,Undefined,,Undefined,0,0,75.4868,0.682795,-2.018641,2436.9779,24.550889,6:45,6.08572,0.95592,4.91044,-64.91818,-13.92745,-7.08166,1.32197,-1.54386,69.77984,-10.92752,-3.270039,0.513946,,,,,,,,,,,,2.94201,-6.71693,-0.75237,50,6.09725,4.13879,-109.542,-1.00287,3.56076,20.05584,-40.30371,73.33937,,5.70696,,,,1000103236,Right,55.59343,-110.56135,10.02792,6.09616,1.04558,-20.15186,-0.95813,3.95781,1.78038,,,,,,,,,,,,,,,,,,,,,,,,,,,,,,,,,,,,,,,,,,,,,,,,,,,High,High,High,,,,,,v3
121,2/8/2023,3,2,1000013430,Right,T_A,1000110355,Right,T_B,5,Top,1,0,1,0-1,Curveball,Curveball,BallCalled,Undefined,Undefined,,Undefined,0,0,74.17353,-0.212977,-1.039996,2434.629744,28.235564,7:00,5.99882,0.81428,4.7405,-66.41771,-13.0404,-7.93394,0.26195,-0.8335,68.45445,-12.045306,-2.440919,0.525835,,,,,,,,,,,,3.59941,-5.89079,-0.70217,50,5.91796,2.26696,-107.5923,-2.77159,4.18067,20.26177,-39.01615,71.68109,,5.71908,,,,1000103236,Right,55.76242,-108.67206,10.13089,6.01026,-0.6924,-19.50808,-0.81704,2.04416,2.09033,,,,,,,,,,,,,,,,,,,,,,,,,,,,,,,,,,,,,,,,,,,,,,,,,,,High,High,High,,,,,,v3
122,2/8/2023,3,3,1000013430,Right,T_A,1000110355,Right,T_B,5,Top,1,1,1,1-1,Cutter,Slider,BallCalled,Undefined,Undefined,,Undefined,0,0,83.4736,-3.172558,-2.891956,2111.587378,185.168848,12:15,6.16619,0.86088,5.36385,-32.39155,8.27319,0.64315,0.48515,-1.79961,77.64533,-9.044063,-2.777679,0.458966,,,,,,,,,,,,-1.0452,5.28193,-0.60156,50,5.85755,6.08743,-121.01456,-7.84499,-1.5662,21.29283,-24.25919,82.12469,,5.82827,,,,1000103236,Right,55.13728,-121.91513,10.64641,6.16765,-6.81896,-12.1296,-0.86043,6.15368,-0.7831,,,,,,,,,,,,,,,,,,,,,,,,,,,,,,,,,,,,,,,,,,,,,,,,,,,High,High,High,,,,,,v3
123,2/8/2023,3,4,1000013430,Right,T_A,1000110355,Right,T_B,5,Top,1,2,1,2-1,Cutter,Slider,FoulBall,Undefined,Undefined,,Undefined,0,0,83.1473,-1.946491,-1.48962,2095.861042,192.886725,12:30,6.11267,0.89632,5.39857,-29.72958,11.25367,2.2915,1.80985,-0.30895,76.7193,-7.39977,-1.081818,0.46076,,,,,,,,,,,,-1.5565,6.54087,-0.76519,50,5.91818,3.04605,-120.69836,-5.1115,-2.30817,22.33351,-22.47429,81.80496,,6.428,,,,1000103236,Right,55.10151,-121.63866,11.16676,6.11347,-4.16527,-11.23715,-0.89548,3.14323,-1.15408,,,,,,,,,,,,,,,,,,,,,,,,,,,,,,,,,,,,,,,,,,,,,,,,,,,High,High,High,,,,,,v3
124,2/8/2023,3,5,1000013430,Right,T_A,1000110355,Right,T_B,5,Top,1,2,2,2-2,Cutter,Slider,StrikeSwinging,Strikeout,Undefined,,Undefined,0,0,83.30323,-2.264921,-1.593473,2156.134739,157.339258,11:15,6.17888,0.63631,5.42105,-32.0986,8.8141,-3.15524,1.38052,-1.11962,76.82963,-8.131073,-2.155308,0.460363,,,,,,,,,,,,1.16913,5.42146,-0.49254,50,5.95535,3.49104,-120.86396,-5.88557,1.73445,22.91474,-24.13117,81.87544,,6.47359,,,,1000103236,Right,55.07837,-121.82297,11.45737,6.18053,-4.87565,-12.06558,-0.63712,3.41845,0.86722,,,,,,,,,,,,,,,,,,,,,,,,,,,,,,,,,,,,,,,,,,,,,,,,,,,High,High,High,,,,,,v3
125,2/8/2023,4,1,1000013430,Right,T_A,1000187798,Right,T_B,5,Top,2,0,0,0-0,Cutter,Slider,BallCalled,Undefined,Undefined,,Undefined,0,0,83.85957,-4.796327,-2.165963,2192.289831,205.706369,12:45,6.16598,0.69704,5.54897,-29.90273,10.75737,4.52721,-0.82164,-0.95068,77.09682,-10.252483,-1.357357,0.45894,,,,,,,,,,,,-2.96012,7.21689,-0.51274,50,5.72991,4.40838,-121.2723,-11.17647,-4.38943,24.66634,-21.47251,82.12937,,6.76276,,,,1000103236,Right,54.95148,-122.27527,12.33317,6.16661,-10.30337,-10.73626,-0.69562,4.58686,-2.19471,,,,,,,,,,,,,,,,,,,,,,,,,,,,,,,,,,,,,,,,,,,,,,,,,,,High,High,High,,,,,,v3
126,2/8/2023,4,2,1000013430,Right,T_A,1000187798,Right,T_B,5,Top,2,1,0,1-0,Cutter,Slider,BallCalled,Undefined,Undefined,,Undefined,0,0,82.05591,-3.559322,-1.267661,2103.043042,189.109003,12:15,6.28368,0.83046,5.42192,-29.39738,12.34442,1.7952,0.49482,-0.20753,76.63357,-8.905903,-0.9478,0.465004,,,,,,,,,,,,-1.20646,7.41579,-0.71925,50,5.94678,2.56407,-119.08418,-8.39384,-1.76012,19.44687,-21.35504,81.05828,,5.42234,,,,1000103236,Right,55.07861,-119.91066,9.72344,6.28423,-7.48625,-10.67752,-0.82981,2.63887,-0.88006,,,,,,,,,,,,,,,,,,,,,,,,,,,,,,,,,,,,,,,,,,,,,,,,,,,High,High,High,,,,,,v3
127,2/8/2023,4,3,1000013430,Right,T_A,1000051953,Right,T_B,5,Top,2,2,0,2-0,Fastball,Four-Seam,InPlay,Undefined,GroundBall,GroundBall,Error,0,0,88.5272,-2.314108,-2.120366,1965.241861,217.629934,1:15,6.24532,0.66948,5.58494,-17.32552,19.04194,13.71371,2.63786,-0.1687,80.38423,-5.602074,0.325818,0.434038,70.27504,-42.617766,-7.287646,,,,,3.78412,3.36508,-0.736832,0.035925,-7.59122,10.70402,-0.49653,50,6.03537,4.15412,-128.3018,-5.71314,-12.5626,28.32903,-14.46009,86.84128,2.51637,8.14297,1.07107,2.51637,0.29825,1000103236,Right,54.91323,-129.38209,14.16451,6.24272,-5.16172,-7.23004,-0.66407,4.63318,-6.2813,180,1.06947,75.51096,,,,,,,,2.51785,-70.04494,,,,,,,,0.29845,-9.65663,,,,,,,,,,,,,,,,,,,,,,,,,,,,,,High,High,High,Low,Low,,,,v3
128,2/8/2023,1,1,1000049559,Left,T_B,1000103136,Right,T_A,5,Bottom,0,0,0,0-0,Fastball,Four-Seam,BallCalled,Undefined,Undefined,,Undefined,0,0,88.09979,-1.403453,2.626269,2410.947204,152.722576,11:00,5.76102,-2.27085,5.11511,-14.70721,22.94174,-11.11627,3.21166,-0.72141,79.25279,-4.234348,0.662762,0.441619,,,,,,,,,,,,6.31713,12.20323,2.03249,50,5.61824,-5.32333,-127.45652,-3.54567,10.25139,29.49597,-12.37072,85.35058,,8.847,,,,1000055344,Right,55.37967,-128.69546,14.74798,5.75625,-3.02605,-6.18536,2.26513,-5.75393,5.1257,,,,,,,,,,,,,,,,,,,,,,,,,,,,,,,,,,,,,,,,,,,,,,,,,,,High,High,High,,,,,,v3
129,2/8/2023,1,2,1000049559,Left,T_B,1000103136,Right,T_A,5,Bottom,0,1,0,1-0,Fastball,Four-Seam,StrikeSwinging,Undefined,Undefined,,Undefined,0,0,89.06949,-2.035906,3.560311,2387.258969,132.602233,10:30,5.84019,-2.2738,5.45757,-19.30903,17.05166,-17.10521,2.32088,-0.36226,80.38311,-5.682589,0.521319,0.433998,,,,,,,,,,,,9.64697,9.57926,1.97147,50,5.64753,-7.2311,-128.83284,-5.20611,16.02347,29.6976,-16.26308,86.84942,,8.68638,,,,1000055344,Right,55.0384,-129.98906,14.8488,5.83789,-4.57293,-8.13154,2.26514,-7.85494,8.01174,,,,,,,,,,,,,,,,,,,,,,,,,,,,,,,,,,,,,,,,,,,,,,,,,,,High,High,High,,,,,,v3
130,2/8/2023,1,3,1000049559,Left,T_B,1000103136,Right,T_A,5,Bottom,0,1,1,1-1,Slider,Slider,StrikeCalled,Undefined,Undefined,,Undefined,0,0,80.78148,0.84072,1.277704,2635.435296,257.869895,2:30,5.42411,-2.70185,5.05513,-40.21675,3.64551,11.09312,2.86585,-0.57224,74.60435,-6.454496,3.237486,0.476669,,,,,,,,,,,,-5.18473,1.98331,2.57103,50,5.4721,-3.0812,-117.30214,0.26593,-7.27818,20.6306,-29.38992,79.07468,,6.17713,,,,1000055344,Right,55.44483,-118.25588,10.3153,5.4284,1.6246,-14.69496,2.7057,-2.74474,-3.63909,,,,,,,,,,,,,,,,,,,,,,,,,,,,,,,,,,,,,,,,,,,,,,,,,,,High,High,High,,,,,,v3
131,2/8/2023,1,4,1000049559,Left,T_B,1000103136,Right,T_A,5,Bottom,0,1,2,1-2,Slider,Slider,StrikeSwinging,Strikeout,Undefined,,Undefined,0,0,80.29547,0.746105,2.354556,2612.395244,256.304219,2:30,5.43094,-2.63701,5.09388,-40.86262,3.91772,10.30461,2.72949,0.44192,73.57655,-6.685848,4.173752,0.481632,,,,,,,,,,,,-4.6811,1.88555,2.40553,50,5.469,-5.18156,-116.49183,0.10636,-6.40014,22.90794,-29.59608,78.25988,,6.71892,,,,1000055344,Right,55.41012,-117.55091,11.45397,5.43245,1.47464,-14.79804,2.63824,-4.88567,-3.20007,,,,,,,,,,,,,,,,,,,,,,,,,,,,,,,,,,,,,,,,,,,,,,,,,,,High,High,High,,,,,,v3
132,2/8/2023,2,1,1000049559,Left,T_B,1000194300,Left,T_A,5,Bottom,1,0,0,0-0,Slider,Slider,BallCalled,Undefined,Undefined,,Undefined,0,0,79.97363,-0.669695,4.289617,2597.729028,211.17965,1:00,5.45193,-2.67681,5.38223,-37.3825,7.67327,3.73252,1.70717,1.66276,73.01999,-7.51098,4.950079,0.483111,,,,,,,,,,,,-0.58839,4.52008,2.28974,50,5.3658,-8.82845,-115.67857,-2.60727,-0.79178,22.97081,-26.09157,78.02032,,6.95364,,,,1000055344,Right,55.11433,-116.68972,11.4854,5.4553,-1.45874,-13.04579,2.6776,-8.7936,-0.39589,,,,,,,,,,,,,,,,,,,,,,,,,,,,,,,,,,,,,,,,,,,,,,,,,,,High,High,High,,,,,,v3
133,2/8/2023,2,2,1000049559,Left,T_B,1000194300,Left,T_A,5,Bottom,1,1,0,1-0,Fastball,Four-Seam,StrikeCalled,Undefined,Undefined,,Undefined,0,0,88.61405,-1.265656,4.151365,2423.790275,135.332325,10:30,5.77096,-2.2182,5.49495,-21.19489,15.32753,-13.90265,2.8175,0.51329,80.32909,-5.241864,1.683141,0.434962,,,,,,,,,,,,8.20319,8.46374,1.86397,50,5.64593,-8.68099,-128.21162,-3.53878,13.56476,28.13571,-18.17842,86.65688,,8.28495,,,,1000055344,Right,55.00184,-129.3046,14.06785,5.76969,-2.83261,-9.08921,2.21143,-9.20794,6.78238,,,,,,,,,,,,,,,,,,,,,,,,,,,,,,,,,,,,,,,,,,,,,,,,,,,High,High,High,,,,,,v3
134,2/8/2023,2,3,1000049559,Left,T_B,1000194300,Left,T_A,5,Bottom,1,1,1,1-1,Fastball,Four-Seam,StrikeCalled,Undefined,Undefined,,Undefined,0,0,89.47321,-1.963762,3.809241,2481.566571,143.153035,10:45,5.7206,-2.33077,5.5198,-18.12966,17.79989,-12.37146,2.36893,0.20509,80.81815,-5.399947,1.610735,0.431417,,,,,,,,,,,,7.3954,9.95064,2.00717,50,5.53749,-8.05727,-129.4112,-5.01305,12.40553,29.73725,-15.48225,87.36891,,8.65507,,,,1000055344,Right,54.97653,-130.54974,14.86862,5.71807,-4.42029,-7.74113,2.32475,-8.53223,6.20277,,,,,,,,,,,,,,,,,,,,,,,,,,,,,,,,,,,,,,,,,,,,,,,,,,,High,High,High,,,,,,v3
135,2/8/2023,2,4,1000049559,Left,T_B,1000194300,Left,T_A,5,Bottom,1,1,2,1-2,Slider,Slider,InPlay,Undefined,GroundBall,GroundBall,Out,1,0,80.88496,-1.032,3.628765,2618.441267,206.755581,1:00,5.44102,-2.61922,5.45219,-35.01951,8.36315,3.55961,1.55457,1.07906,74.6387,-7.431659,4.260549,0.474056,70.73655,-1.702041,6.523196,6293.360085,,,,24.67423,24.45565,3.587312,0.229935,-0.84028,4.86945,2.29609,50,5.32565,-7.57624,-117.2609,-3.28277,-1.17458,21.35135,-25.36725,79.51054,1.65302,6.24626,1.53819,1.65302,-1.11993,1000055344,Right,55.04763,-118.17642,10.67568,5.44309,-2.19506,-12.68362,2.61987,-7.52588,-0.58729,349.356925,1.5389,102.98848,-11.24247,,,,,,,1.65389,-3.13154,-17.67902,,,,,,,-1.1199,11.77926,-0.84614,,,,,,,,,,,,,,,,,,,,,,,,,,,,,High,High,High,High,High,,,,v3
136,2/8/2023,3,1,1000049559,Left,T_B,1000094105,Right,T_A,5,Bottom,2,0,0,0-0,ChangeUp,Changeup,BallCalled,Undefined,Undefined,,Undefined,0,0,82.98538,-2.843092,2.892797,1900.431303,114.580897,9:45,5.35293,-2.56322,5.62709,-33.25167,8.00764,-14.51591,-0.07652,-1.0713,76.08029,-8.945976,0.298392,0.462309,,,,,,,,,,,,8.29682,5.25996,2.32652,50,5.08887,-5.50616,-120.23756,-7.07934,12.09203,24.27932,-24.50802,81.53081,,6.90509,,,,1000055344,Right,54.87346,-121.21765,12.13966,5.35468,-6.09001,-12.25401,2.55864,-5.99428,6.04601,,,,,,,,,,,,,,,,,,,,,,,,,,,,,,,,,,,,,,,,,,,,,,,,,,,High,High,High,,,,,,v3
137,2/8/2023,3,2,1000049559,Left,T_B,1000094105,Right,T_A,5,Bottom,2,1,0,1-0,Fastball,Four-Seam,StrikeSwinging,Undefined,Undefined,,Undefined,0,0,89.44017,-1.605743,3.517994,2503.195492,137.652768,10:30,5.70389,-2.36551,5.43167,-17.48469,18.67143,-15.80143,2.73979,-0.38349,80.47298,-4.935165,0.712638,0.432775,,,,,,,,,,,,9.01,10.25804,2.06463,50,5.54974,-7.22416,-129.36555,-4.17155,15.05421,30.5252,-15.03462,87.0947,,8.96719,,,,1000055344,Right,55.06401,-130.55499,15.2626,5.70087,-3.58571,-7.51731,2.35755,-7.81076,7.52711,,,,,,,,,,,,,,,,,,,,,,,,,,,,,,,,,,,,,,,,,,,,,,,,,,,High,High,High,,,,,,v3
138,2/8/2023,3,3,1000049559,Left,T_B,1000094105,Right,T_A,5,Bottom,2,1,1,1-1,Fastball,Four-Seam,StrikeSwinging,Undefined,Undefined,,Undefined,0,0,88.86131,-2.341647,3.781321,2429.809401,139.786311,10:45,5.79153,-2.16754,5.4493,-18.53147,18.11513,-14.16831,2.04897,0.19702,80.05897,-5.852801,1.266105,0.435701,,,,,,,,,,,,8.27445,10.22638,1.84314,50,5.57198,-7.84032,-128.43504,-5.8417,13.63332,29.97525,-15.32466,86.50991,,8.80235,,,,1000055344,Right,55.04608,-129.60739,14.98763,5.78873,-5.24235,-7.66233,2.16021,-8.37352,6.81666,,,,,,,,,,,,,,,,,,,,,,,,,,,,,,,,,,,,,,,,,,,,,,,,,,,High,High,High,,,,,,v3
139,2/8/2023,3,4,1000049559,Left,T_B,1000094105,Right,T_A,5,Bottom,2,1,2,1-2,Slider,Slider,BallCalled,Undefined,Undefined,,Undefined,0,0,79.64771,-0.589427,3.404835,2663.649007,247.863193,2:15,5.47179,-2.48979,5.1814,-39.65994,5.74713,10.65666,1.61121,1.6056,73.27822,-7.788374,5.286649,0.48499,,,,,,,,,,,,-4.46803,3.35437,2.16416,50,5.38653,-7.28114,-115.43711,-2.54318,-6.01328,22.0118,-27.65957,77.71791,,6.36949,,,,1000055344,Right,55.32032,-116.44718,11.0059,5.47411,-1.27395,-13.82979,2.49195,-7.0052,-3.00664,,,,,,,,,,,,,,,,,,,,,,,,,,,,,,,,,,,,,,,,,,,,,,,,,,,High,High,High,,,,,,v3
140,2/8/2023,3,5,1000049559,Left,T_B,1000094105,Right,T_A,5,Bottom,2,2,2,2-2,Fastball,Four-Seam,FoulBall,Undefined,Undefined,,Undefined,0,0,89.43533,-1.954369,4.053998,2456.794586,149.973028,11:00,5.80541,-2.19879,5.56894,-13.00103,22.93946,-12.50359,2.89109,0.55249,80.6024,-4.489349,1.831904,0.431483,59.71265,56.036783,78.231284,4756.796581,,,,,69.1911,,,7.60752,12.59477,1.85738,50,5.62854,-8.61347,-129.33876,-4.76041,12.72925,30.05227,-11.09996,87.35558,63.92105,8.83292,1.87199,2.92675,-0.53786,1000055344,Right,54.92854,-130.4789,15.02614,5.80116,-4.33929,-5.54998,2.19332,-9.0964,6.36462,,1.87198,9.97972,-5.89701,1.12804,0.59428,-0.96499,0.63581,-0.21692,0.03052,2.92675,72.63715,-24.88544,2.75349,-0.55446,0.08015,-0.00372,-0.00243,0.00053,-0.53785,47.89784,-3.86004,0.75412,-0.4383,0.40837,-0.25201,0.08446,-0.01186,,,,,,,,,,,,,,,,,,,,,,,High,High,High,Low,Low,,,,v3
141,2/8/2023,3,6,1000049559,Left,T_B,1000094105,Right,T_A,5,Bottom,2,2,2,2-2,Fastball,Four-Seam,FoulBall,Undefined,Undefined,,Undefined,0,0,89.3323,-2.020868,3.45641,2369.055074,146.44944,11:00,5.87221,-2.16333,5.643,-17.69273,18.05887,-11.14694,2.50847,0.13592,80.93737,-5.379573,1.469802,0.430347,,,,,,,,,,,,6.74162,10.15532,1.87701,50,5.68939,-7.33127,-129.34536,-5.1159,11.31927,29.22381,-15.12319,87.5861,,8.39493,,,,1000055344,Right,54.8555,-130.43777,14.6119,5.87006,-4.55057,-7.56159,2.15897,-7.75439,5.65964,,,,,,,,,,,,,,,,,,,,,,,,,,,,,,,,,,,,,,,,,,,,,,,,,,,High,High,High,,,,,,v3
142,2/8/2023,3,7,1000049559,Left,T_B,1000094105,Right,T_A,5,Bottom,2,2,2,2-2,Slider,Slider,FoulBall,Undefined,Undefined,,Undefined,0,0,80.62925,-0.189365,2.573111,2635.96659,265.756895,2:45,5.44442,-2.59049,5.02152,-42.35542,1.98618,8.80197,1.73593,0.57282,74.37524,-7.841586,4.125985,0.479266,,,,,,,,,,,,-3.72162,1.36331,2.33639,50,5.39188,-5.6157,-116.96347,-1.91526,-5.16566,21.65327,-30.28175,78.6461,,6.25401,,,,1000055344,Right,55.47965,-117.97355,10.82663,5.44827,-0.50268,-15.14088,2.59274,-5.37473,-2.58283,,,,,,,,,,,,,,,,,,,,,,,,,,,,,,,,,,,,,,,,,,,,,,,,,,,High,High,High,,,,,,v3
143,2/8/2023,3,8,1000049559,Left,T_B,1000094105,Right,T_A,5,Bottom,2,2,2,2-2,Fastball,Four-Seam,FoulBall,Undefined,Undefined,,Undefined,0,0,88.98344,-2.14299,2.533843,2307.311675,158.166693,11:15,5.71411,-2.26606,5.5425,-18.4406,17.35686,-6.49548,2.1717,-0.43772,81.41943,-5.605987,1.376998,0.430623,74.71333,53.528267,85.762706,5925.019969,,,,,68.95332,,,4.00729,9.72867,2.05091,50,5.51624,-5.4302,-129.03393,-5.42683,6.76061,26.68038,-15.76095,87.52999,71.2164,7.56402,2.48865,2.27619,0.4637,1000055344,Right,54.95679,-130.05481,13.34019,5.71235,-4.82376,-7.88047,2.26364,-5.68888,3.38031,,2.48865,4.81279,-8.24052,1.67449,-0.77624,0.78736,-0.63213,0.28459,-0.05386,2.27619,88.11822,-28.94376,3.88315,-0.7734,0.03147,0.09038,-0.05192,0.01045,0.46369,64.95861,-8.13887,1.5707,1.56693,-3.01685,2.63134,-1.20559,0.22912,,,,,,,,,,,,,,,,,,,,,,,High,High,High,Low,Low,,,,v3
144,2/8/2023,3,9,1000049559,Left,T_B,1000094105,Right,T_A,5,Bottom,2,2,2,2-2,Slider,Slider,BallCalled,Undefined,Undefined,,Undefined,0,0,80.24793,2.089412,1.290465,2796.681498,280.672048,3:15,5.49378,-2.50939,4.98317,-45.61412,-1.15158,12.60119,3.6671,-0.24044,74.27198,-6.148692,3.512263,0.47992,,,,,,,,,,,,-5.92614,-0.71146,2.37418,50,5.65784,-3.15305,-116.52048,2.56942,-8.23523,19.68257,-33.16274,78.53905,,5.97595,,,,1000055344,Right,55.51829,-117.44893,9.84129,5.49974,4.13374,-16.58137,2.51375,-2.76459,-4.11762,,,,,,,,,,,,,,,,,,,,,,,,,,,,,,,,,,,,,,,,,,,,,,,,,,,High,High,High,,,,,,v3
145,2/8/2023,3,10,1000049559,Left,T_B,1000094105,Right,T_A,5,Bottom,2,3,2,3-2,Slider,Slider,StrikeCalled,Strikeout,Undefined,,Undefined,0,0,79.57616,0.594088,1.28605,2623.954091,275.593887,3:15,5.38126,-2.66199,5.20804,-44.81278,0.32449,10.54134,2.20572,-0.57392,73.3261,-7.540099,3.154884,0.483547,,,,,,,,,,,,-4.92351,0.40681,2.53476,50,5.40235,-3.02163,-115.54021,-0.38262,-6.67096,21.05889,-31.62286,77.94984,,6.25006,,,,1000055344,Right,55.29215,-116.50079,10.52945,5.38691,1.05983,-15.81143,2.66565,-2.71734,-3.33548,,,,,,,,,,,,,,,,,,,,,,,,,,,,,,,,,,,,,,,,,,,,,,,,,,,High,High,High,,,,,,v3
146,2/8/2023,1,1,1000013430,Right,T_A,1000051953,Right,T_B,6,Top,0,0,0,0-0,Cutter,Slider,BallCalled,Undefined,Undefined,,Undefined,0,0,81.86882,-2.280622,-1.191496,2119.260341,147.581688,11:00,6.15687,0.94758,5.54873,-35.38234,6.54914,-3.38669,1.07558,-0.44823,75.98916,-8.729016,-1.796507,0.46606,,,,,,,,,,,,1.4213,4.25819,-0.84213,50,5.93578,2.60576,-118.89378,-5.9269,2.05072,21.08841,-26.03014,80.87472,,5.87966,,,,1000103236,Right,54.95153,-119.76882,10.5442,6.1593,-4.84681,-13.01507,-0.94848,2.52067,1.02536,,,,,,,,,,,,,,,,,,,,,,,,,,,,,75.878,2.241137,0.90327,1.337866,0.61521,0.9517,0.47343,-0.07368,5.68353,1.78513,127.27663,-1.85542,2.84377,0.09213,108.99371,-10.58803,5.69155,8.99169,-10.95312,1.71678,-3.33715,3.19489,High,High,High,,,High,High,High,v3
147,2/8/2023,1,2,1000013430,Right,T_A,1000051953,Right,T_B,6,Top,0,1,0,1-0,Cutter,Slider,BallCalled,Undefined,Undefined,,Undefined,0,0,82.69508,-2.92339,-1.802222,2142.366422,185.752641,12:15,6.22706,0.84603,5.38556,-31.66844,9.58375,0.84843,0.84413,-0.77309,76.98875,-8.679627,-1.651219,0.462269,,,,,,,,,,,,-0.86752,5.88465,-0.68552,50,5.94295,3.74237,-120.01905,-7.21971,-1.28118,20.51175,-23.48344,81.53786,,5.70633,,,,1000103236,Right,55.11502,-120.89006,10.25587,6.22836,-6.2225,-11.74172,-0.84559,3.79677,-0.64059,,,,,,,,,,,,,,,,,,,,,,,,,,,,,,,,,,,,,,,,,,,,,,,,,,,High,High,High,,,,,,v3
148,2/8/2023,1,3,1000013430,Right,T_A,1000051953,Right,T_B,6,Top,0,2,0,2-0,Cutter,Slider,FoulBall,Undefined,Undefined,,Undefined,0,0,82.21171,-1.662878,-1.296136,2051.753098,175.477022,11:45,6.2531,0.80359,5.34854,-34.86112,7.55327,-0.48638,1.78744,-0.45288,75.21823,-8.044635,-1.382665,0.468736,,,,,,,,,,,,-0.13512,4.65851,-0.68651,50,6.07842,2.71746,-119.23684,-4.65877,-0.19341,24.1818,-25.50668,80.41298,,6.99348,,,,1000103236,Right,55.15093,-120.27694,12.0909,6.2552,-3.56169,-12.75334,-0.80357,2.72578,-0.0967,,,,,,,,,,,,,,,,,,,,,,,,,,,,,,,,,,,,,,,,,,,,,,,,,,,High,High,High,,,,,,v3
149,2/8/2023,1,4,1000013430,Right,T_A,1000051953,Right,T_B,6,Top,0,2,1,2-1,Cutter,Slider,BallCalled,Undefined,Undefined,,Undefined,0,0,83.07132,-2.343279,-3.239168,2105.726099,171.237448,11:45,6.25083,0.69655,5.34775,-32.74994,8.51926,-1.12173,1.31897,-2.43845,76.79893,-8.30384,-3.438223,0.462364,,,,,,,,,,,,-0.28457,5.26733,-0.40374,50,6.01596,6.85933,-120.38802,-6.07273,-0.41988,22.18752,-24.40182,81.52106,,6.27239,,,,1000103236,Right,55.15171,-121.33376,11.09376,6.25264,-5.0326,-12.20091,-0.6965,6.87723,-0.20994,,,,,,,,,,,,,,,,,,,,,,,,,,,,,,,,,,,,,,,,,,,,,,,,,,,High,High,High,,,,,,v3
150,2/8/2023,1,5,1000013430,Right,T_A,1000051953,Right,T_B,6,Top,0,3,1,3-1,Cutter,Slider,StrikeSwinging,Undefined,Undefined,,Undefined,0,0,84.25679,-1.151822,-1.766296,2029.025118,157.731935,11:15,6.19524,0.84258,5.22654,-32.94844,7.45619,-2.5278,2.36605,-1.02908,77.26663,-7.172496,-2.214518,0.457496,,,,,,,,,,,,0.77205,4.42646,-0.67777,50,6.0645,3.87685,-122.21429,-3.64407,1.16671,24.27909,-25.48495,82.38863,,6.99015,,,,1000103236,Right,55.27202,-123.25718,12.13955,6.19752,-2.54939,-12.74247,-0.84322,3.82674,0.58335,,,,,,,,,,,,,,,,,,,,,,,,,,,,,,,,,,,,,,,,,,,,,,,,,,,High,High,High,,,,,,v3
151,2/8/2023,1,6,1000013430,Right,T_A,1000051953,Right,T_B,6,Top,0,3,2,3-2,Cutter,Slider,StrikeSwinging,Strikeout,Undefined,,Undefined,0,0,82.54224,-0.56558,-0.901992,2089.504099,152.139984,11:00,6.32928,0.7419,5.27761,-34.30667,7.55678,-3.31122,2.93911,-0.38126,75.85444,-6.842128,-1.489961,0.465681,,,,,,,,,,,,1.4152,4.3261,-0.65704,50,6.25257,2.02496,-119.82856,-2.38783,2.06198,22.70145,-25.8708,80.94041,,6.68781,,,,1000103236,Right,55.22098,-120.81362,11.35073,6.33182,-1.26525,-12.9354,-0.74297,1.93549,1.03099,,,,,,,,,,,,,,,,,,,,,,,,,,,,,,,,,,,,,,,,,,,,,,,,,,,High,High,High,,,,,,v3
152,2/8/2023,2,1,1000013430,Right,T_A,691273,Right,T_B,6,Top,1,0,0,0-0,Curveball,Curveball,StrikeSwinging,Undefined,Undefined,,Undefined,0,0,75.44772,-0.879901,-1.079536,2436.800032,30.00721,7:00,6.10779,0.98861,4.9425,-58.55917,-7.48859,-5.26689,0.39609,-0.47064,69.68707,-11.364806,-2.012279,0.514348,,,,,,,,,,,,2.30394,-3.02209,-0.87916,50,5.97343,2.26915,-109.45987,-3.7364,2.77927,20.35066,-35.81969,73.28203,,5.76065,,,,1000103236,Right,55.55904,-110.48857,10.17533,6.11654,-1.92576,-17.90985,-0.99031,2.12866,1.38964,,,,,,,,,,,,,,,,,,,,,,,,,,,,,,,,,,,,,,,,,,,,,,,,,,,High,High,High,,,,,,v3
153,2/8/2023,2,2,1000013430,Right,T_A,691273,Right,T_B,6,Top,1,0,1,0-1,Cutter,Slider,BallCalled,Undefined,Undefined,,Undefined,0,0,83.93721,0.175954,-1.266459,2131.36702,159.818101,11:15,6.28522,0.65516,5.29953,-32.82151,7.44067,-2.30181,3.71533,-0.72583,77.35517,-5.832614,-1.675052,0.456688,,,,,,,,,,,,0.8276,4.04827,-0.53831,50,6.27736,2.79285,-121.90907,-0.79574,1.25457,22.3293,-26.03734,82.53425,,6.58203,,,,1000103236,Right,55.19934,-122.8577,11.16465,6.28767,0.31043,-13.01867,-0.65583,2.73956,0.62728,,,,,,,,,,,,,,,,,,,,,,,,,,,,,,,,,,,,,,,,,,,,,,,,,,,High,High,High,,,,,,v3
154,2/8/2023,2,3,1000013430,Right,T_A,691273,Right,T_B,6,Top,1,1,1,1-1,Fastball,Four-Seam,BallCalled,Undefined,Undefined,,Undefined,0,0,89.13386,-0.823858,-1.315689,1958.17074,183.498491,12:00,6.23857,0.33877,5.39385,-16.16981,19.77694,1.13689,4.11873,-0.79974,81.09137,-3.895565,-1.113633,0.43152,,,,,,,,,,,,-0.94532,10.50544,-0.22216,50,6.15406,2.91761,-129.28857,-2.3537,-1.59535,27.69168,-14.44438,87.34803,,8.04248,,,,1000103236,Right,55.10245,-130.37685,13.84584,6.23541,-1.78603,-7.22219,-0.33805,2.98031,-0.79768,,,,,,,,,,,,,,,,,,,,,,,,,,,,,,,,,,,,,,,,,,,,,,,,,,,High,High,High,,,,,,v3
155,2/8/2023,2,4,1000013430,Right,T_A,691273,Right,T_B,6,Top,1,2,1,2-1,Cutter,Slider,BallCalled,Undefined,Undefined,,Undefined,0,0,83.46737,-3.306051,-2.362217,2183.570068,171.244251,11:45,6.20803,0.70679,5.37181,-31.02309,10.05682,-1.34598,0.51706,-1.62135,76.80916,-8.96465,-2.601541,0.461303,,,,,,,,,,,,0.01996,6.36555,-0.49396,50,5.88925,5.04187,-120.88968,-8.05394,0.02954,23.76765,-22.76257,81.70866,,6.6582,,,,1000103236,Right,55.12764,-121.89363,11.88383,6.20914,-7.09244,-11.38129,-0.7069,5.04062,0.01477,,,,,,,,,,,,,,,,,,,,,,,,,,,,,,,,,,,,,,,,,,,,,,,,,,,High,High,High,,,,,,v3
156,2/8/2023,2,5,1000013430,Right,T_A,691273,Right,T_B,6,Top,1,3,1,3-1,Cutter,Slider,BallCalled,Walk,Undefined,,Undefined,0,0,83.81153,-2.095444,-2.517887,2124.598189,167.404326,11:30,6.24752,0.62372,5.30515,-29.9634,10.69749,-2.10858,1.78075,-1.91712,77.1535,-7.576854,-2.891973,0.458944,,,,,,,,,,,,0.37937,6.31193,-0.39339,50,6.0354,5.43141,-121.50326,-5.49172,0.56858,23.22787,-22.71379,82.12862,,6.65803,,,,1000103236,Right,55.19352,-122.49208,11.61393,6.2486,-4.52478,-11.35689,-0.62409,5.4072,0.28429,,,,,,,,,,,,,,,,,,,,,,,,,,,,,,,,,,,,,,,,,,,,,,,,,,,High,High,High,,,,,,v3
157,2/8/2023,3,1,1000013430,Right,T_A,1000051968,Left,T_B,6,Top,1,0,0,0-0,Fastball,Four-Seam,InPlay,Undefined,FlyBall,FlyBall,Sacrifice,1,1,87.983,-2.927663,-0.966697,1955.091327,208.49533,1:00,6.25742,0.66357,5.58383,-17.82107,19.1491,9.67831,2.03553,0.56725,79.68652,-6.306213,0.760953,0.43762,95.17446,28.506901,4.236428,2180.669663,109.88102,54.83013,5.10698,351.41416,349.99602,0.520066,5.000407,-5.24504,11.01969,-0.58717,50,5.99449,1.73848,-127.46934,-7.06069,-8.52698,29.11576,-14.25911,86.1305,78.36658,8.29649,3.0598,2.21083,-0.54605,1000103236,Right,54.91451,-128.58698,14.55788,6.25502,-6.51334,-7.12956,-0.66018,2.0658,-4.26349,167.084126,3.06087,122.30893,-22.97558,5.13565,-1.06249,0.21158,-0.03763,0.00453,-0.00024,2.21083,66.61926,-16.05526,0.74828,0.04101,-0.09008,0.03214,-0.00484,0.00027,-0.54504,9.03785,-4.48282,1.18163,-0.20941,0.02156,-0.00062,-7.00E-05,0,,,,,,,,,,,,,,,,,,,,,,,High,High,High,High,High,,,,v3
158,2/8/2023,4,1,1000013430,Right,T_A,1000058463,Right,T_B,6,Top,2,0,0,0-0,Cutter,Slider,BallCalled,Undefined,Undefined,,Undefined,0,0,83.90097,-3.058586,-1.890474,2116.884006,164.354324,11:30,6.22712,0.84279,5.34105,-28.31537,12.21213,-3.06685,0.99397,-1.18687,77.34419,-8.238096,-2.435471,0.458191,,,,,,,,,,,,1.03957,7.34004,-0.66998,50,5.93081,4.14118,-121.61014,-7.47144,1.56128,23.20591,-21.15038,82.26363,,6.55679,,,,1000103236,Right,55.15808,-122.59046,11.60295,6.22756,-6.57795,-10.57519,-0.84353,4.07523,0.78064,,,,,,,,,,,,,,,,,,,,,,,,,,,,,,,,,,,,,,,,,,,,,,,,,,,High,High,High,,,,,,v3
159,2/8/2023,4,2,1000013430,Right,T_A,1000058463,Right,T_B,6,Top,2,1,0,1-0,Fastball,Four-Seam,BallCalled,Undefined,Undefined,,Undefined,0,0,89.20358,-0.98756,-1.521796,1916.64494,210.070373,1:00,6.24067,0.60675,5.56116,-17.60068,18.32442,9.87839,3.8509,0.00787,80.60987,-4.337627,0.239751,0.43139,,,,,,,,,,,,-5.44256,9.92134,-0.48196,50,6.14416,2.99239,-129.32024,-2.76657,-9.11752,29.67765,-15.55352,87.37433,,8.59371,,,,1000103236,Right,54.93489,-130.44783,14.83883,6.23805,-2.17562,-7.77676,-0.60224,3.33881,-4.55876,,,,,,,,,,,,,,,,,,,,,,,,,,,,,,,,,,,,,,,,,,,,,,,,,,,High,High,High,,,,,,v3
160,2/8/2023,4,3,1000013430,Right,T_A,1000058463,Right,T_B,6,Top,2,2,0,2-0,Cutter,Slider,StrikeSwinging,Undefined,Undefined,,Undefined,0,0,83.4914,-3.050105,-0.674459,2079.388029,202.012697,12:45,6.2317,0.7676,5.36922,-30.5284,10.56005,3.72079,0.82497,0.44525,76.55739,-8.640853,-0.011923,0.461351,,,,,,,,,,,,-2.06146,6.59331,-0.70983,50,5.93653,1.2677,-120.9862,-7.496,-3.04624,24.27347,-22.43099,81.70018,,6.93402,,,,1000103236,Right,55.12815,-122.01072,12.13673,6.23294,-6.54924,-11.2155,-0.76605,1.39628,-1.52312,,,,,,,,,,,,,,,,,,,,,,,,,,,,,,,,,,,,,,,,,,,,,,,,,,,High,High,High,,,,,,v3
161,2/8/2023,4,4,1000013430,Right,T_A,1000058463,Right,T_B,6,Top,2,2,1,2-1,Cutter,Slider,InPlay,Undefined,GroundBall,GroundBall,Error,0,0,85.0739,-0.81073,-1.476097,2135.791225,166.736305,11:30,6.1511,0.73544,5.4617,-29.02927,10.39662,-2.14315,2.97285,-0.82507,77.56245,-6.178468,-1.857681,0.451921,94.48873,-6.322292,4.631914,,,,,19.31678,15.00885,7.625418,0.134596,0.65221,5.85611,-0.6039,50,6.05999,3.27016,-123.41822,-2.74006,1.00031,25.85029,-23.19227,83.40501,2.74302,7.51145,0.97821,2.74302,0.89419,1000103236,Right,55.03663,-124.46869,12.92514,6.15219,-1.7976,-11.59614,-0.73596,3.22951,0.50015,335.625659,0.9779,137.32157,-17.36101,,,,,,,2.74362,-15.32006,-37.67093,,,,,,,0.89396,11.14579,9.34849,,,,,,,,,,,,,,,,,,,,,,,,,,,,,High,High,High,Low,Low,,,,v3
162,1/4/1900,1,1,1000049559,Left,T_B,1000138679,Right,T_A,6,Bottom,0,0,0,0-0,Fastball,,StrikeSwinging,Undefined,Undefined,,Undefined,0,0,,,,,,,,,,,,,,,,,,,,,,,,,,,,,,,,,,,,,,,,,,,,,,,1000055344,Right,,,,,,,,,,,,,,,,,,,,,,,,,,,,,,,,,,,,,,,,,,,,,,,,,,,,,,,,,,,,,,,,,,,,v3
163,2/8/2023,1,2,1000049559,Left,T_B,1000138679,Right,T_A,6,Bottom,0,0,1,0-1,Fastball,Four-Seam,StrikeSwinging,Undefined,Undefined,,Undefined,0,0,87.22878,-1.001482,3.153856,2437.370688,142.673064,10:45,5.6743,-2.27567,5.13462,-19.25269,18.97635,-13.44056,3.12529,-0.42273,78.83041,-4.628936,0.779899,0.445008,,,,,,,,,,,,7.60575,10.11501,1.99043,50,5.56607,-6.33475,-126.23466,-2.8359,12.16142,27.87158,-16.00037,84.70053,,8.39837,,,,1000055344,Right,55.36127,-127.41288,13.93579,5.67166,-2.15951,-8.00018,2.26908,-6.84885,6.08071,,,,,,,,,,,,,,,,,,,,,,,,,,,,,,,,,,,,,,,,,,,,,,,,,,,High,High,High,,,,,,v3
164,2/8/2023,1,3,1000049559,Left,T_B,1000138679,Right,T_A,6,Bottom,0,0,2,0-2,Fastball,Four-Seam,BallCalled,Undefined,Undefined,,Undefined,0,0,88.14037,-0.678017,2.482675,2425.773428,151.194909,11:00,5.90908,-2.35138,5.27098,-16.89576,20.25068,-10.42969,3.8636,-0.88704,79.75686,-3.890343,0.634763,0.438662,,,,,,,,,,,,5.94059,10.68646,2.13231,50,5.83525,-5.05941,-127.68802,-2.03254,9.73183,28.19276,-14.66759,85.9259,,8.3835,,,,1000055344,Right,55.22529,-128.83657,14.09638,5.90588,-1.435,-7.3338,2.3465,-5.45587,4.86592,,,,,,,,,,,,,,,,,,,,,,,,,,,,,,,,,,,,,,,,,,,,,,,,,,,High,High,High,,,,,,v3
165,2/8/2023,1,4,1000049559,Left,T_B,1000138679,Right,T_A,6,Bottom,0,1,2,1-2,Slider,Slider,BallCalled,Undefined,Undefined,,Undefined,0,0,80.69611,0.581656,1.340843,2531.422848,209.346758,1:00,5.36869,-2.75358,5.04436,-37.17372,6.61433,3.03449,2.81971,-1.23569,74.74055,-6.169837,1.876933,0.476266,,,,,,,,,,,,-1.1874,3.50398,2.62316,50,5.39437,-2.86935,-117.22317,-0.13864,-1.67217,19.65377,-27.23958,79.14165,,5.95556,,,,1000055344,Right,55.45578,-118.13435,9.82689,5.37152,1.12423,-13.61979,2.75439,-2.79183,-0.83609,,,,,,,,,,,,,,,,,,,,,,,,,,,,,80.96025,,,1.21062,,,,2.19791,6.10486,1.6972,127.27768,1.0767,-3.58963,2.36614,116.11477,-10.73386,6.12351,9.69118,-11.45502,1.62072,-8.67167,3.63,High,High,High,,,High,High,High,v3
166,2/8/2023,1,5,1000049559,Left,T_B,1000138679,Right,T_A,6,Bottom,0,2,2,2-2,Fastball,Four-Seam,BallCalled,Undefined,Undefined,,Undefined,0,0,88.44723,-3.114917,2.796529,2409.44755,139.829152,10:45,5.72047,-2.25721,5.37187,-20.09993,16.52828,-12.92713,1.11869,-0.71048,80.8055,-6.860979,0.500593,0.435591,,,,,,,,,,,,7.3093,9.55245,2.016,50,5.42684,-5.68511,-128.06599,-7.6508,12.11883,26.85821,-16.33611,86.53163,,7.64173,,,,1000055344,Right,55.12702,-129.13676,13.4291,5.71888,-6.99952,-8.16805,2.25228,-6.16826,6.05942,,,,,,,,,,,,,,,,,,,,,,,,,,,,,79.75289,2.26043,0.973052,1.287378,1.40202,1.11693,0.71035,-0.96893,6.56452,1.30021,127.28456,11.11319,1.58396,-0.31829,111.32654,-9.32386,6.50606,16.37387,-9.94938,1.27214,-0.16468,0.30935,High,High,High,,,High,Medium,High,v3
167,2/8/2023,1,6,1000049559,Left,T_B,1000138679,Right,T_A,6,Bottom,0,3,2,3-2,Fastball,Four-Seam,FoulBall,Undefined,Undefined,,Undefined,0,0,89.07802,-1.307208,3.386908,2397.200571,152.561158,11:00,5.74382,-2.22596,5.63526,-16.48725,19.58044,-9.49501,3.14796,0.14634,80.35486,-4.465292,1.695344,0.432246,68.66234,57.456064,129.639448,3696.670409,,,,,31.04787,,,5.88406,10.71245,1.94393,50,5.62235,-7.21659,-128.96262,-3.42869,9.78736,29.90087,-14.35532,87.20142,45.61242,8.72317,1.96975,3.16777,-0.13531,1000055344,Right,54.86177,-130.08497,14.95043,5.74093,-2.88985,-7.17766,2.2217,-7.58397,4.89368,334.861455,1.96975,-34.56032,-3.17514,1.6464,-0.45949,0.11222,-0.02468,0.00449,-0.00016,3.16777,84.89189,-27.14267,3.20748,-0.66003,0.11575,-0.01894,-0.00046,0.00155,-0.13531,41.71774,-5.01414,0.87665,-0.14478,0.01954,-0.00231,-0.00141,0.00074,,,,,,,,,,,,,,,,,,,,,,,High,High,High,High,Low,,,,v3
168,2/8/2023,1,7,1000049559,Left,T_B,1000138679,Right,T_A,6,Bottom,0,3,2,3-2,Slider,Slider,StrikeSwinging,Strikeout,Undefined,,Undefined,0,0,78.00018,-0.211045,3.428872,2520.156879,258.802747,2:45,5.39806,-2.59895,5.36364,-44.62853,2.31669,4.38583,1.48076,0.98565,71.86042,-8.32241,4.206674,0.493136,,,,,,,,,,,,-1.25591,1.65063,2.28755,50,5.3473,-6.94539,-113.06883,-1.91362,-1.62607,20.58981,-30.03693,76.43409,,6.13976,,,,1000055344,Right,55.13577,-114.00022,10.29491,5.40313,-0.55489,-15.01847,2.60007,-6.87183,-0.81303,,,,,,,,,,,,,,,,,,,,,,,,,,,,,,,,,,,,,,,,,,,,,,,,,,,High,High,High,,,,,,v3
169,2/8/2023,2,1,1000049559,Left,T_B,8886045,Right,T_A,6,Bottom,1,0,0,0-0,Fastball,Four-Seam,InPlay,Undefined,FlyBall,FlyBall,Out,1,0,87.95513,-1.910414,3.531757,2347.738365,150.041936,11:00,5.77433,-2.22353,5.61898,-18.55072,18.08788,-9.73752,2.44149,0.26519,80.3007,-5.408193,1.797532,0.435653,74.75787,34.949361,-27.665593,4008.336789,95.63135,62.7013,-54.3558,260.89005,259.16673,-33.581719,4.557335,5.98949,10.09473,1.92853,50,5.59938,-7.45942,-127.45469,-4.83817,9.84028,26.49577,-15.58915,86.5194,68.7277,7.65443,3.88314,2.73782,-0.22241,1000055344,Right,54.881,-128.46536,13.24789,5.7726,-4.24352,-7.79458,2.22023,-7.83478,4.92014,164.794435,3.88542,79.54074,-17.25497,4.15007,-0.53895,-0.04084,0.03069,-0.00468,0.00024,2.73582,62.85323,-15.91203,0.4359,0.01654,-0.02437,0.01413,-0.00312,0.00022,-0.22313,-41.71066,5.2471,-1.23114,0.14957,0.0166,-0.01007,0.00149,-8.00E-05,,,,,,,,,,,,,,,,,,,,,,,High,High,High,High,High,,,,v3
170,2/8/2023,3,1,1000049559,Left,T_B,1000102964,Right,T_A,6,Bottom,2,0,0,0-0,Slider,Slider,StrikeSwinging,Undefined,Undefined,,Undefined,0,0,80.79264,-0.69921,3.099987,2706.140252,243.346392,2:00,5.32861,-2.74435,4.98252,-40.45148,4.09024,5.28965,1.29636,0.6268,74.08217,-8.020964,4.031975,0.480347,,,,,,,,,,,,-1.72984,2.65394,2.44064,50,5.22825,-6.56137,-117.01552,-2.90021,-2.39036,22.77504,-28.50669,78.46924,,6.71047,,,,1000055344,Right,55.51574,-118.08418,11.38752,5.33296,-1.56261,-14.25335,2.74589,-6.44921,-1.19518,,,,,,,,,,,,,,,,,,,,,,,,,,,,,,,,,,,,,,,,,,,,,,,,,,,High,High,High,,,,,,v3
171,2/8/2023,3,2,1000049559,Left,T_B,1000102964,Right,T_A,6,Bottom,2,0,1,0-1,Slider,Curveball,BallCalled,Undefined,Undefined,,Undefined,0,0,77.66236,-0.78783,2.875544,2616.280888,267.845496,3:00,5.27234,-2.85785,4.96363,-46.37786,1.75937,6.42559,0.66229,0.39638,71.53971,-9.143446,4.008481,0.499358,,,,,,,,,,,,-2.38921,1.49661,2.57381,50,5.15779,-5.91053,-112.54732,-3.18006,-3.05779,20.84657,-30.25865,75.4818,,6.12265,,,,1000055344,Right,55.53641,-113.56817,10.42328,5.27723,-1.6983,-15.12932,2.85958,-5.7608,-1.5289,,,,,,,,,,,,,,,,,,,,,,,,,,,,,,,,,,,,,,,,,,,,,,,,,,,High,High,High,,,,,,v3
172,2/8/2023,3,3,1000049559,Left,T_B,1000102964,Right,T_A,6,Bottom,2,1,1,1-1,Fastball,Four-Seam,StrikeCalled,Undefined,Undefined,,Undefined,0,0,86.64799,-1.987903,3.621992,2377.571999,158.64687,11:15,5.59007,-2.26655,5.63867,-18.60784,19.33883,-7.05181,2.18044,0.52927,78.7129,-5.513235,2.366181,0.443362,,,,,,,,,,,,4.62792,10.76103,1.96293,50,5.40913,-7.6361,-125.42265,-4.91042,7.32898,26.74601,-15.13242,85.01509,,7.93509,,,,1000055344,Right,54.85765,-126.45428,13.373,5.58727,-4.32674,-7.56621,2.26292,-7.91879,3.66449,,,,,,,,,,,,,,,,,,,,,,,,,,,,,,,,,,,,,,,,,,,,,,,,,,,High,High,High,,,,,,v3
173,2/8/2023,3,4,1000049559,Left,T_B,1000102964,Right,T_A,6,Bottom,2,1,2,1-2,Slider,Slider,InPlay,Undefined,FlyBall,FlyBall,Out,1,0,81.63622,-0.351042,2.708966,2716.282508,242.065809,2:00,5.36143,-2.40802,5.01115,-38.77502,4.60217,6.14315,1.79847,0.66269,75.03845,-7.378973,3.792192,0.474026,72.099,32.653424,-26.29975,3001.797262,95.88553,53.09497,-53.90616,254.10717,248.81351,-33.237002,4.204942,-2.32146,2.74047,2.1427,50,5.29634,-5.85709,-118.35895,-2.13428,-3.29339,22.57015,-28.28622,79.51556,56.84919,6.59776,2.77993,2.0762,-0.60939,1000055344,Right,55.4888,-119.40103,11.28507,5.36473,-0.82828,-14.14311,2.40962,-5.70503,-1.6467,153.947626,2.78189,79.76271,-14.55559,2.96594,-0.15994,-0.1856,0.07152,-0.01062,0.00058,2.07461,57.09479,-16.09849,0.86369,-0.25685,0.09342,-0.01246,-0.00031,0.00012,-0.60982,-39.43534,1.99868,0.17113,-0.2438,0.10918,-0.02892,0.00403,-0.00023,,,,,,,,,,,,,,,,,,,,,,,High,High,High,High,High,,,,v3
174,2/8/2023,1,1,1000013430,Right,T_A,1000110361,Right,T_B,7,Top,0,0,0,0-0,Cutter,Slider,BallCalled,Undefined,Undefined,,Undefined,0,0,82.81446,-4.186554,-2.751136,2068.751207,203.346366,12:45,6.27297,0.48034,5.42315,-32.30084,9.10682,3.40008,-0.35169,-1.81519,76.95742,-10.036467,-2.145765,0.463139,,,,,,,,,,,,-2.44024,6.01481,-0.23858,50,5.87781,5.62798,-119.91664,-9.8895,-3.5808,21.50654,-23.34788,81.38466,,5.85704,,,,1000103236,Right,55.07784,-120.8239,10.75327,6.27423,-8.90456,-11.67394,-0.47918,5.77904,-1.7904,,,,,,,,,,,,,,,,,,,,,,,,,,,,,,,,,,,,,,,,,,,,,,,,,,,High,High,High,,,,,,v3
175,2/8/2023,1,2,1000013430,Right,T_A,1000110361,Right,T_B,7,Top,0,1,0,1-0,Fastball,Four-Seam,BallCalled,Undefined,Undefined,,Undefined,0,0,89.5046,-4.108056,-2.587251,1888.007725,200.209889,12:45,6.32258,0.4711,5.31918,-16.41064,19.01501,6.61906,1.08914,-1.40704,82.87353,-7.157241,-1.413195,0.428381,,,,,,,,,,,,-3.97453,10.8865,-0.24176,50,5.9381,5.56812,-129.65844,-9.86813,-6.85143,23.90058,-13.40758,87.98808,,6.63106,,,,1000103236,Right,55.18143,-130.61006,11.95029,6.32038,-9.3343,-6.70379,-0.46889,5.84092,-3.42572,,,,,,,,,,,,,,,,,,,,,,,,,,,,,,,,,,,,,,,,,,,,,,,,,,,High,High,High,,,,,,v3
176,2/8/2023,1,3,1000013430,Right,T_A,1000110361,Right,T_B,7,Top,0,2,0,2-0,Fastball,Four-Seam,InPlay,Undefined,FlyBall,FlyBall,HomeRun,0,1,88.846,-2.46871,-0.837334,1917.761896,196.063051,12:30,6.31719,0.50736,5.4952,-16.89127,18.89127,5.12327,2.59866,0.151,81.64999,-5.643434,0.075535,0.430533,108.05531,31.577901,-22.850281,2803.336695,99.44928,68.7162,-47.00834,392.04759,375.4105,-33.022488,5.86038,-2.82992,10.55209,-0.43778,50,6.09003,1.66477,-128.96603,-6.09764,-4.7896,25.58292,-14.31474,87.54823,114.48156,7.19601,2.64464,2.73986,-0.16788,1000103236,Right,55.00468,-129.95502,12.79146,6.31506,-5.54426,-7.15737,-0.50571,1.84993,-2.3948,158.760824,2.65234,124.27894,-32.65517,8.03796,-1.39495,0.15358,-0.00905,0.00025,-1.00E-05,2.73807,83.0115,-16.09844,-0.06271,0.27137,-0.10645,0.02518,-0.00307,0.00014,-0.16881,-52.41604,5.32857,-0.69775,0.04663,-0.00012,0.00054,-0.00018,1.00E-05,,,,,,,,,,,,,,,,,,,,,,,High,High,High,High,Medium,,,,v3
177,2/8/2023,2,1,1000013430,Right,T_A,1000055244,Left,T_B,7,Top,0,0,0,0-0,Fastball,Four-Seam,StrikeCalled,Undefined,Undefined,,Undefined,0,0,87.56575,-3.965105,-1.638082,2019.848142,206.969119,1:00,6.22503,0.58095,5.44716,-14.56646,22.89698,10.98119,1.29139,-0.03802,79.58051,-6.748737,0.315972,0.44053,,,,,,,,,,,,-6.01559,13.09477,-0.44408,50,5.8647,3.14099,-126.70072,-9.19064,-9.71273,27.51526,-11.03137,85.56161,,7.98524,,,,1000103236,Right,55.05024,-127.79276,13.75763,6.22077,-8.75282,-5.51569,-0.57639,3.52647,-4.85636,,,,,,,,,,,,,,,,,,,,,,,,,,,,,,,,,,,,,,,,,,,,,,,,,,,High,High,High,,,,,,v3
178,2/8/2023,2,2,1000013430,Right,T_A,1000055244,Left,T_B,7,Top,0,0,1,0-1,ChangeUp,Changeup,StrikeCalled,Undefined,Undefined,,Undefined,0,0,80.29743,0.691233,-1.746703,1422.833803,262.836288,2:45,5.93157,0.8509,5.48012,-40.87171,3.41024,15.3717,3.17269,0.49703,73.13856,-6.818322,0.992544,0.478944,,,,,,,,,,,,-8.2456,1.96614,-0.7083,50,5.96465,2.92967,-116.4862,0.02077,-11.25125,23.29266,-29.49123,78.69903,,7.15887,,,,1000103236,Right,55.01839,-117.48539,11.64633,5.93662,1.28587,-14.74562,-0.84432,3.41232,-5.62562,,,,,,,,,,,,,,,,,,,,,,,,,,,,,,,,,,,,,,,,,,,,,,,,,,,High,High,High,,,,,,v3
179,2/8/2023,2,3,1000013430,Right,T_A,1000055244,Left,T_B,7,Top,0,0,2,0-2,Cutter,Slider,StrikeSwinging,Strikeout,Undefined,,Undefined,0,0,82.94588,-3.052459,-2.148357,2142.917165,191.62793,12:30,6.25017,0.54999,5.48965,-28.77919,12.80284,2.345,0.99161,-1.26533,75.84195,-8.355062,-1.730463,0.464114,,,,,,,,,,,,-1.8261,7.77685,-0.36345,50,5.96318,4.41152,-120.12883,-7.35432,-2.65263,24.55974,-20.87723,81.21384,,7.10393,,,,1000103236,Right,55.00867,-121.14849,12.27987,6.25052,-6.48754,-10.43862,-0.54889,4.52165,-1.32632,,,,,,,,,,,,,,,,,,,,,,,,,,,,,,,,,,,,,,,,,,,,,,,,,,,High,High,High,,,,,,v3
180,2/8/2023,3,1,1000013430,Right,T_A,1000064785,Right,T_B,7,Top,1,0,0,0-0,Cutter,Cutter,InPlay,Undefined,GroundBall,GroundBall,Out,1,0,84.08909,-1.312235,-0.78337,2201.853941,184.123162,12:15,6.22617,0.70749,5.44561,-26.84017,13.15194,0.86047,2.76055,0.04571,77.37514,-6.269835,-0.630124,0.455154,87.36512,-7.13907,-25.924396,,,,,23.32732,22.30737,-22.431439,0.140535,-0.64681,7.34528,-0.63892,50,6.09185,1.63489,-122.12836,-3.69559,-0.98097,23.10794,-21.03374,82.81248,2.54625,6.71395,,,,1000103236,Right,55.0544,-123.08099,11.55397,6.22633,-2.82847,-10.51687,-0.70716,1.67533,-0.49048,77.37951,5.94863,114.3,-22.78156,,,,,,,2.54648,-15.94659,-15.477,,,,,,,-1.048,-55.60552,-1.96996,,,,,,,,,,,,,,,,,,,,,,,,,,,,,High,High,High,Low,Low,,,,v3
181,2/8/2023,4,1,1000013430,Right,T_A,1000187793,Left,T_B,7,Top,2,0,0,0-0,ChangeUp,Changeup,StrikeSwinging,Undefined,Undefined,,Undefined,0,0,80.10914,-2.260364,-2.766136,1417.755597,244.375472,2:15,6.00408,1.01754,5.66643,-34.29982,9.8963,17.54737,1.0346,-0.10138,73.35191,-8.58023,0.372241,0.47848,,,,,,,,,,,,-9.74941,6.12067,-0.79511,50,5.79123,4.93208,-116.11667,-5.67498,-13.24686,22.71994,-23.85772,78.77541,,6.75723,,,,1000103236,Right,54.83288,-117.05848,11.35997,6.00597,-4.68601,-11.92886,-1.01094,5.4812,-6.62343,,,,,,,,,,,,,,,,,,,,,,,,,,,,,,,,,,,,,,,,,,,,,,,,,,,High,High,High,,,,,,v3
182,2/8/2023,4,2,1000013430,Right,T_A,1000187793,Left,T_B,7,Top,2,0,1,0-1,Cutter,Slider,StrikeCalled,Undefined,Undefined,,Undefined,0,0,84.03166,-0.374323,-1.660843,2067.243191,199.65805,12:45,6.10104,0.45564,5.42692,-33.63285,6.41996,1.86642,2.94756,-0.9448,77.40708,-6.536203,-1.328669,0.4555,,,,,,,,,,,,-1.37547,3.69898,-0.30969,50,6.0445,3.46017,-122.02983,-1.98183,-2.08548,22.77408,-26.56565,82.74965,,6.62458,,,,1000103236,Right,55.07203,-122.97277,11.38704,6.10379,-0.88191,-13.28283,-0.45474,3.54652,-1.04274,,,,,,,,,,,,,,,,,,,,,,,,,,,,,,,,,,,,,,,,,,,,,,,,,,,High,High,High,,,,,,v3
183,2/8/2023,4,3,1000013430,Right,T_A,1000187793,Left,T_B,7,Top,2,0,2,0-2,Cutter,Slider,FoulBall,Undefined,Undefined,Popup,Undefined,0,0,81.31483,-2.561399,-2.164238,2040.354584,213.188077,1:00,6.21762,0.55629,5.50726,-35.88994,7.09973,3.74654,0.82808,-1.15645,74.86956,-9.113907,-1.495811,0.471904,68.41542,46.140502,-50.912363,4884.246524,58.87668,62.80246,-92.91682,194.64927,175.36638,-60.961092,3.859124,-2.52366,4.68193,-0.37002,50,5.96955,4.30957,-117.90313,-6.4742,-3.54803,22.67412,-25.5917,79.87315,62.81002,6.44527,3.11634,1.17846,1.08575,1000103236,Right,54.99278,-118.85942,11.33706,6.21985,-5.39486,-12.79585,-0.55494,4.45921,-1.77402,126.201153,3.12648,43.52964,-9.72385,-0.67882,3.56646,-2.39667,0.76436,-0.11845,0.00717,1.18229,72.25231,-24.57357,2.02177,0.22212,-0.21448,0.02717,0.00464,-0.00091,1.0876,-54.04245,1.03858,-0.19271,1.46283,-1.25113,0.49464,-0.09249,0.0066,,,,,,,,,,,,,,,,,,,,,,,High,High,High,High,Medium,,,,v3
184,2/8/2023,4,4,1000013430,Right,T_A,1000187793,Left,T_B,7,Top,2,0,2,0-2,Fastball,Four-Seam,FoulBall,Undefined,Undefined,,Undefined,0,0,89.6958,-3.424985,-1.519856,2016.76094,202.223131,12:45,6.21208,0.59619,5.47392,-13.76205,22.08993,8.48599,1.85526,-0.11923,80.95191,-6.077833,-0.0091,0.430951,71.31707,54.800918,-108.163702,4270.205065,,,,,30.8947,,,-4.78583,12.63075,-0.46875,50,5.9021,3.06658,-129.79623,-8.15533,-8.05043,30.70432,-10.92735,87.4634,40.3602,8.74389,2.37445,1.95524,0.11162,1000103236,Right,55.02361,-130.97921,15.35216,6.2082,-7.73432,-5.46368,-0.59287,3.37675,-4.02522,30.89343,2.37445,-18.79514,-7.14107,2.43676,-0.62468,0.1451,-0.03228,0.00554,-0.00019,1.95524,85.47285,-27.77692,3.38129,-0.69915,0.12871,-0.02814,0.00745,-0.00179,0.11162,-57.28803,4.65784,-0.37744,-0.0157,0.02193,-0.00407,-0.0008,0.00102,,,,,,,,,,,,,,,,,,,,,,,High,High,High,High,Low,,,,v3
185,2/8/2023,4,5,1000013430,Right,T_A,1000187793,Left,T_B,7,Top,2,0,2,0-2,Slider,Curveball,FoulBall,Undefined,Undefined,,Undefined,0,0,77.64047,-0.07471,-1.737845,2506.728056,21.308349,6:45,6.04955,0.78789,4.88363,-60.82401,-12.61131,-5.498,0.91017,-1.31492,71.79428,-10.942626,-2.709583,0.499749,,,,,,,,,,,,2.25496,-5.97048,-0.6123,50,5.98972,3.6376,-112.68538,-2.3582,2.88918,21.15196,-39.82382,75.42269,,5.84619,,,,1000103236,Right,55.62016,-113.73544,10.57598,6.05772,-0.38121,-19.91191,-0.78932,3.49417,1.44459,,,,,,,,,,,,,,,,,,,,,,,,,,,,,,,,,,,,,,,,,,,,,,,,,,,High,High,High,,,,,,v3
186,2/8/2023,4,6,1000013430,Right,T_A,1000187793,Left,T_B,7,Top,2,0,2,0-2,Fastball,Four-Seam,BallCalled,Undefined,Undefined,,Undefined,0,0,90.05354,-3.362674,-2.91714,2059.700926,208.903339,1:00,6.15165,0.63288,5.40387,-19.51544,15.67843,8.03434,1.36682,-1.43332,82.58189,-6.988809,-1.489983,0.426977,,,,,,,,,,,,-4.86087,9.15414,-0.37877,50,5.83807,6.28841,-130.39941,-8.3399,-8.38581,26.92324,-16.38166,88.27737,,7.47165,,,,1000103236,Right,55.09547,-131.44725,13.46162,6.15025,-7.70233,-8.19083,-0.62986,6.61478,-4.19291,,,,,,,,,,,,,,,,,,,,,,,,,,,,,,,,,,,,,,,,,,,,,,,,,,,High,High,High,,,,,,v3
187,2/8/2023,4,7,1000013430,Right,T_A,1000187793,Left,T_B,7,Top,2,1,2,1-2,Cutter,Slider,BallCalled,Undefined,Undefined,,Undefined,0,0,83.81602,-3.902299,-1.933142,2353.481475,134.604067,10:30,6.1609,0.49412,5.42058,-32.24155,7.93363,-6.91433,-0.18896,-1.89355,78.28136,-9.725123,-3.164739,0.456195,,,,,,,,,,,,3.06469,5.26748,-0.31734,50,5.79106,4.37732,-121.54493,-9.41608,4.6412,21.06644,-24.19692,82.62357,,5.53466,,,,1000103236,Right,55.08117,-122.42244,10.53322,6.16229,-8.40817,-12.09846,-0.49565,4.184,2.3206,,,,,,,,,,,,,,,,,,,,,,,,,,,,,,,,,,,,,,,,,,,,,,,,,,,High,High,High,,,,,,v3
188,2/8/2023,4,8,1000013430,Right,T_A,1000187793,Left,T_B,7,Top,2,3,2,3-2,Cutter,Slider,BallCalled,Walk,Undefined,,Undefined,0,0,84.38455,-4.784328,-1.92312,2103.851645,194.623298,12:30,6.21201,0.76523,5.51561,-27.81525,11.77461,2.77677,-0.59247,-0.80227,78.66347,-9.835551,-1.427573,0.452859,,,,,,,,,,,,-1.89705,7.46626,-0.59963,50,5.77524,3.99534,-122.23747,-11.17472,-2.90495,21.36967,-20.74095,83.23209,,5.72108,,,,1000103236,Right,54.98619,-123.10607,10.68483,6.21232,-10.33167,-10.37048,-0.76443,4.11342,-1.45248,,,,,,,,,,,,,,,,,,,,,,,,,,,,,,,,,,,,,,,,,,,,,,,,,,,High,High,High,,,,,,v3
189,2/8/2023,5,1,1000013430,Right,T_A,1000110355,Right,T_B,7,Top,2,0,0,0-0,Fastball,Four-Seam,BallCalled,Undefined,Undefined,,Undefined,0,0,89.51007,-0.237478,-1.378364,1948.122808,208.305984,1:00,6.3341,0.53451,5.56944,-19.58296,15.58599,7.81437,4.4803,-0.10209,81.95929,-3.911535,0.015322,0.426826,,,,,,,,,,,,-4.30929,8.27048,-0.4209,50,6.30092,2.78069,-129.98667,-1.18229,-7.39981,26.31927,-17.97224,88.30865,,7.55078,,,,1000103236,Right,54.92843,-130.98076,13.15964,6.33275,-0.50346,-8.98612,-0.53121,3.06019,-3.6999,,,,,,,,,,,,,,,,,,,,,,,,,,,,,,,,,,,,,,,,,,,,,,,,,,,High,High,High,,,,,,v3
190,2/8/2023,5,2,1000013430,Right,T_A,1000110355,Right,T_B,7,Top,2,1,0,1-0,Slider,Slider,BallCalled,Undefined,Undefined,,Undefined,0,0,79.45403,-4.850026,-0.633049,1951.29313,150.28562,11:00,6.23065,0.8849,5.55444,-37.64163,6.6787,-3.14536,-1.44902,0.03126,74.89792,-11.604911,-1.196214,0.479152,,,,,,,,,,,,1.48984,4.77177,-0.82793,50,5.78488,1.38562,-115.23401,-10.99639,2.03755,17.9791,-25.64801,78.66495,,4.55611,,,,1000103236,Right,54.94907,-116.00361,8.98955,6.23208,-9.89853,-12.82401,-0.88538,1.29841,1.01878,,,,,,,,,,,,,,,,,,,,,,,,,,,,,,,,,,,,,,,,,,,,,,,,,,,High,High,High,,,,,,v3
191,2/8/2023,5,3,1000013430,Right,T_A,1000110355,Right,T_B,7,Top,2,2,0,2-0,Fastball,Four-Seam,FoulBall,Undefined,Undefined,,Undefined,0,0,87.13719,-2.073881,-0.462551,2016.551216,201.393937,12:45,6.26493,0.68333,5.54777,-17.30989,20.02135,7.36859,2.88351,0.86512,79.59001,-5.349452,0.851732,0.439752,70.84457,86.701819,-41.793056,4414.010595,,,,,3.64127,,,-3.91981,11.13686,-0.64855,50,6.0744,0.71644,-126.47369,-5.10928,-6.33405,26.36185,-14.17799,85.71298,23.71203,7.54718,2.69393,3.15541,-0.84987,1000103236,Right,54.95259,-127.50182,13.18093,6.26289,-4.55633,-7.089,-0.6813,0.96347,-3.16702,178.066962,2.69538,4.3647,-8.07149,,,,,,,3.15682,103.64348,-26.53801,,,,,,,-0.85006,-3.97189,1.23969,,,,,,,,,,,,,,,,,,,,,,,,,,,,,High,High,High,Medium,Low,,,,v3
192,2/8/2023,5,4,1000013430,Right,T_A,1000110355,Right,T_B,7,Top,2,2,1,2-1,Fastball,Four-Seam,InPlay,Undefined,LineDrive,LineDrive,Out,1,0,87.48082,-1.830051,-1.084367,1955.919476,201.127585,12:45,6.27681,0.6111,5.5507,-17.51426,19.63867,7.10815,3.10633,0.19005,79.61992,-5.150957,0.183281,0.438701,80.12056,23.440725,3.600681,3114.924666,109.15047,39.71203,13.64168,261.27512,254.35915,11.86651,3.794365,-3.93307,10.85276,-0.52222,50,6.10728,2.09885,-126.90411,-4.58563,-6.3821,27.17415,-14.56363,85.91838,43.49384,7.8609,2.12192,3.17417,-0.1981,1000103236,Right,54.94774,-127.95919,13.58708,6.27435,-4.02017,-7.28181,-0.60852,2.34664,-3.19105,212.77914,2.12215,107.59475,-20.85433,4.83808,-1.02981,0.22021,-0.04992,0.00885,-0.00069,3.17461,46.72922,-13.84835,-0.34423,0.63615,-0.33741,0.11246,-0.0196,0.00134,-0.19818,6.77298,5.88619,-2.40997,0.71811,-0.16931,0.03233,-0.00425,0.00026,,,,,,,,,,,,,,,,,,,,,,,High,High,High,High,High,,,,v3
193,2/8/2023,1,1,1000049559,Left,T_B,1000079407,Left,T_A,7,Bottom,0,0,0,0-0,Slider,Curveball,BallCalled,Undefined,Undefined,,Undefined,0,0,77.26423,1.390049,0.418621,2535.724817,276.221317,3:15,5.37852,-2.6182,5.02561,-47.43514,0.37213,8.71713,2.73755,-1.49676,71.66089,-7.182646,1.959058,0.497643,,,,,,,,,,,,-4.22733,0.24819,2.57081,50,5.47312,-1.16973,-112.25593,1.05446,-5.45605,18.13697,-31.85372,75.74186,,5.60334,,,,1000055344,Right,55.47539,-113.13712,9.06848,5.38429,2.60208,-15.92686,2.6212,-0.90465,-2.72802,,,,,,,,,,,,,,,,,,,,,,,,,,,,,,,,,,,,,,,,,,,,,,,,,,,High,High,High,,,,,,v3
194,2/8/2023,1,2,1000049559,Left,T_B,1000079407,Left,T_A,7,Bottom,0,1,0,1-0,Fastball,Four-Seam,StrikeCalled,Undefined,Undefined,,Undefined,0,0,86.75708,-2.116875,4.554498,2372.010042,153.689049,11:00,5.70082,-2.18441,5.49264,-19.6758,18.43462,-8.47205,2.07376,1.37909,78.88446,-5.817579,3.05267,0.444317,,,,,,,,,,,,5.58914,10.28961,1.79087,50,5.50194,-9.62209,-125.41902,-5.26209,8.86186,26.44743,-15.8594,84.83225,,7.87263,,,,1000055344,Right,55.00423,-126.46988,13.22372,5.69851,-4.63194,-7.9297,2.18018,-9.97421,4.43093,,,,,,,,,,,,,,,,,,,,,,,,,,,,,,,,,,,,,,,,,,,,,,,,,,,High,High,High,,,,,,v3
195,2/8/2023,1,3,1000049559,Left,T_B,1000079407,Left,T_A,7,Bottom,0,1,1,1-1,Slider,Curveball,FoulBall,Undefined,Undefined,,Undefined,0,0,79.37753,1.335914,1.976682,2566.108093,290.545746,3:45,5.44434,-2.51026,5.29107,-47.39648,-1.76673,8.66178,2.74999,0.06834,72.51941,-7.295799,3.512945,0.486178,72.09409,58.443255,-135.435715,4752.012618,,,,,45.27282,,,-3.78378,-0.90972,2.32354,50,5.53113,-4.3175,-115.11721,1.04131,-5.04425,22.67504,-33.38681,77.52804,60.32718,6.85812,2.33561,2.84467,-0.0193,1000055344,Right,55.20928,-116.13876,11.33752,5.45033,2.54545,-16.69341,2.51293,-4.09025,-2.52213,21.358413,2.33561,-39.42562,-3.75363,2.15453,-0.65168,0.17389,-0.04076,0.00878,-0.0011,2.84467,90.10162,-31.63914,4.63098,-1.00553,0.19252,-0.03539,0.00623,-0.00054,-0.0193,-38.83053,5.73338,0.29978,-0.28931,0.12001,-0.03244,0.00804,-0.00118,,,,,,,,,,,,,,,,,,,,,,,High,High,High,High,Low,,,,v3
196,2/8/2023,1,4,1000049559,Left,T_B,1000079407,Left,T_A,7,Bottom,0,1,2,1-2,Fastball,Four-Seam,BallCalled,Undefined,Undefined,,Undefined,0,0,89.55886,-0.754707,3.895504,2457.026702,151.033921,11:00,5.82027,-1.99483,5.57067,-16.6345,18.94536,-9.81934,3.72742,0.83126,81.20318,-3.922144,2.150117,0.429312,,,,,,,,,,,,6.08146,10.13473,1.66521,50,5.74445,-8.38762,-129.66086,-2.21081,10.29805,28.45417,-15.01239,87.79721,,8.35568,,,,1000055344,Right,54.92588,-130.73738,14.22709,5.81735,-1.64284,-7.50619,1.98992,-8.77722,5.14903,,,,,,,,,,,,,,,,,,,,,,,,,,,,,,,,,,,,,,,,,,,,,,,,,,,High,High,High,,,,,,v3
197,2/8/2023,1,5,1000049559,Left,T_B,1000079407,Left,T_A,7,Bottom,0,2,2,2-2,Slider,Slider,BallCalled,Undefined,Undefined,,Undefined,0,0,80.77139,0.24967,3.427478,2742.745668,285.548959,3:30,5.38368,-2.49897,5.23014,-45.65243,-1.55996,10.50756,1.81444,1.60245,74.28108,-8.014183,5.28506,0.477918,,,,,,,,,,,,-4.28839,-0.45402,2.17476,50,5.37251,-7.44137,-117.05881,-1.12208,-5.93618,22.58787,-32.80254,78.86797,,6.49031,,,,1000055344,Right,55.27001,-118.07134,11.29393,5.38985,0.34833,-16.40127,2.50236,-7.17527,-2.96809,,,,,,,,,,,,,,,,,,,,,,,,,,,,,,,,,,,,,,,,,,,,,,,,,,,High,High,High,,,,,,v3
198,2/8/2023,1,6,1000049559,Left,T_B,1000079407,Left,T_A,7,Bottom,0,3,2,3-2,Slider,Slider,BallCalled,Walk,Undefined,,Undefined,0,0,78.89758,2.672457,1.574643,2636.381599,257.728267,2:30,5.30431,-2.54625,4.99035,-43.00707,3.74882,10.26414,4.24656,-0.20372,71.77434,-5.166749,3.382902,0.492141,,,,,,,,,,,,-4.59981,1.54154,2.38588,50,5.52717,-3.57296,-114.25536,3.80621,-6.0516,21.98292,-30.14599,76.58868,,7.12324,,,,1000055344,Right,55.50725,-115.3101,10.99146,5.30985,5.25261,-15.073,2.55034,-3.28261,-3.0258,,,,,,,,,,,,,,,,,,,,,,,,,,,,,,,,,,,,,,,,,,,,,,,,,,,High,High,High,,,,,,v3
199,2/8/2023,2,1,1000049559,Left,T_B,1000049656,Right,T_A,7,Bottom,0,0,0,0-0,Fastball,Four-Seam,InPlay,Undefined,Popup,,Out,1,0,87.74211,-2.15651,3.476602,2360.168689,151.552055,11:00,5.71221,-2.20779,5.74184,-15.58871,21.11292,-10.77839,2.40056,0.13506,79.95115,-5.139647,1.552676,0.436028,33.09627,79.217735,123.761825,3017.621947,,,,,26.45516,,,6.50496,11.74552,1.92516,50,5.52319,-7.27234,-127.12602,-5.23104,10.62012,26.63337,-12.99809,86.44501,21.77059,7.79096,1.84721,2.57541,-0.15486,1000055344,Right,54.75708,-128.11877,13.31669,5.70914,-4.74654,-6.49905,2.20361,-7.6682,5.31006,350.484491,1.85549,-5.27326,-2.43956,,,,,,,2.5789,47.59026,-17.57988,,,,,,,-0.15377,7.52023,-0.50255,,,,,,,,,,,,,,,,,,,,,,,,,,,,,High,High,High,Medium,Low,,,,v3
200,2/8/2023,3,1,1000049559,Left,T_B,1000066765,Right,T_A,7,Bottom,1,0,0,0-0,Fastball,Four-Seam,BallCalled,Undefined,Undefined,,Undefined,0,0,87.44851,-0.222132,2.348824,2449.344341,149.410153,11:00,5.82725,-2.05466,5.47121,-20.21552,16.71627,-9.22646,3.93457,-0.62421,80.23848,-4.005449,0.707685,0.437393,,,,,,,,,,,,5.26028,8.82233,1.85459,50,5.79413,-4.80575,-126.94579,-1.15184,8.63735,24.47141,-17.68779,86.17525,,7.21003,,,,1000055344,Right,55.02739,-127.91125,12.23571,5.8258,-0.45401,-8.84389,2.05092,-5.14652,4.31867,,,,,,,,,,,,,,,,,,,,,,,,,,,,,,,,,,,,,,,,,,,,,,,,,,,High,High,High,,,,,,v3
201,2/8/2023,3,2,1000049559,Left,T_B,1000066765,Right,T_A,7,Bottom,1,1,0,1-0,Fastball,Four-Seam,InPlay,Undefined,FlyBall,,Out,1,0,87.36693,-2.274684,3.315643,2398.517865,145.363096,10:45,5.69853,-2.13918,5.74379,-18.02111,19.1245,-12.32993,2.07421,-0.07614,79.38173,-5.698995,1.113332,0.438657,82.50854,51.935095,-4.255347,4239.164416,,,,,98.72885,,,7.30567,10.80827,1.87113,50,5.4983,-6.81934,-126.55252,-5.56521,11.77105,27.39041,-14.75953,85.92687,108.67121,7.9852,2.91832,2.1949,0.12359,1000055344,Right,54.75512,-127.57754,13.69521,5.69623,-5.01287,-7.37977,2.13457,-7.25984,5.88552,196.324044,2.91832,74.40481,-19.49375,5.86165,-1.42138,0.3102,-0.0575,0.00753,-0.00052,2.1949,95.27454,-22.91147,1.5942,-0.0174,-0.07998,0.02996,-0.00638,0.00065,0.12359,-5.53618,6.76301,-2.32781,0.62451,-0.14869,0.03006,-0.00433,0.00032,,,,,,,,,,,,,,,,,,,,,,,High,High,High,High,Low,,,,v3
202,2/8/2023,4,1,1000049559,Left,T_B,1000103136,Right,T_A,7,Bottom,2,0,0,0-0,Slider,Slider,StrikeSwinging,Undefined,Undefined,,Undefined,0,0,78.91969,-0.248182,3.398065,2581.6913,263.872008,2:45,5.4072,-2.59462,5.34707,-43.14341,2.40232,10.44871,1.57872,1.4672,73.29369,-8.062271,5.249365,0.48573,,,,,,,,,,,,-4.39508,1.66087,2.28051,50,5.35379,-7.20764,-114.50418,-1.96518,-5.88082,19.59173,-29.95174,77.59953,,5.62599,,,,1000055344,Right,55.15356,-115.38259,9.79586,5.41179,-0.62228,-14.97587,2.59776,-6.94397,-2.94041,,,,,,,,,,,,,,,,,,,,,,,,,,,,,,,,,,,,,,,,,,,,,,,,,,,High,High,High,,,,,,v3
203,2/8/2023,4,2,1000049559,Left,T_B,1000103136,Right,T_A,7,Bottom,2,0,1,0-1,Fastball,Four-Seam,StrikeCalled,Undefined,Undefined,,Undefined,0,0,87.59202,-1.583651,4.345801,2384.168596,151.32852,11:00,5.73401,-2.171,5.80959,-16.29387,20.56072,-10.5639,2.89889,0.99769,79.6065,-4.7035,2.461287,0.436935,,,,,,,,,,,,6.73835,11.37674,1.82073,50,5.59445,-9.20937,-126.82645,-3.97635,10.91956,27.1669,-13.73799,86.26548,,7.98552,,,,1000055344,Right,54.69037,-127.82721,13.58345,5.7316,-3.47028,-6.869,2.16739,-9.61161,5.45978,,,,,,,,,,,,,,,,,,,,,,,,,,,,,,,,,,,,,,,,,,,,,,,,,,,High,High,High,,,,,,v3
204,2/8/2023,4,3,1000049559,Left,T_B,1000103136,Right,T_A,7,Bottom,2,0,2,0-2,Slider,Slider,InPlay,Undefined,GroundBall,GroundBall,Out,1,0,79.57465,0.028961,0.905004,2660.880942,278.56494,3:15,5.45058,-2.47804,5.13235,-45.67841,-0.40756,11.7865,1.67132,-0.64348,73.40727,-8.237226,2.993618,0.484262,71.9002,-14.493891,-32.236439,,,,,8.17071,2.35808,-20.968651,0.065779,-5.67366,0.14193,2.38346,50,5.41759,-2.29953,-115.55862,-1.56299,-7.68307,21.24196,-31.98187,77.83476,1.74003,6.16738,1.93604,1.74003,0.66655,1000055344,Right,55.36892,-116.54135,10.62098,5.45568,-0.08338,-15.99093,2.48162,-1.94408,-3.84154,,1.93396,86.55583,,,,,,,,1.74066,-26.45257,,,,,,,,0.66786,-54.58402,,,,,,,,,,,,,,,,,,,,,,,,,,,,,,High,High,High,Estimated,Estimated,,,,v3
205,2/8/2023,1,1,1000103199,Right,T_A,1000187798,Right,T_B,8,Top,0,0,0,0-0,Slider,Slider,StrikeCalled,Undefined,Undefined,,Undefined,0,0,83.7728,-0.290089,-1.377027,2195.185656,76.231374,8:30,5.77465,1.22478,5.44721,-42.08046,-2.08705,-12.90887,1.99627,-1.14044,77.9977,-7.916564,-3.676792,0.455162,,,,,,,,,,,,6.20252,-0.66941,-1.09393,50,5.71968,3.455,-121.82061,-2.13802,9.42679,21.38058,-33.19142,82.81113,,5.7751,,,,1000103236,Right,55.05514,-122.70462,10.69029,5.77971,-0.76566,-16.59571,-1.22873,3.06523,4.7134,,,,,,,,,,,,,,,,,,,,,,,,,,,,,,,,,,,,,,,,,,,,,,,,,,,High,High,High,,,,,,v3
206,2/8/2023,1,2,1000103199,Right,T_A,1000187798,Right,T_B,8,Top,0,0,1,0-1,Slider,Slider,BallCalled,Undefined,Undefined,,Undefined,0,0,84.22807,-2.204481,-2.251112,2271.02624,94.118084,9:15,5.95289,1.09968,5.1707,-38.48337,2.06225,-11.32264,0.66874,-1.96342,77.74247,-9.146265,-4.25714,0.458293,,,,,,,,,,,,5.06914,1.98252,-0.88079,50,5.7178,5.27851,-122.11468,-6.12857,7.64966,24.18461,-29.18231,82.24524,,6.48561,,,,1000103236,Right,55.32987,-123.16572,12.0923,5.95658,-4.86032,-14.59116,-1.10297,4.94606,3.82483,,,,,,,,,,,,,,,,,,,,,,,,,,,,,,,,,,,,,,,,,,,,,,,,,,,High,High,High,,,,,,v3
207,2/8/2023,1,3,1000103199,Right,T_A,1000187798,Right,T_B,8,Top,0,1,1,1-1,Fastball,Four-Seam,BallCalled,Undefined,Undefined,,Undefined,0,0,92.6548,0.120392,-0.698261,1856.999674,182.524472,12:00,5.82007,1.04223,6.05797,-16.34521,16.01961,0.66087,4.56941,0.45097,84.38908,-3.002301,-0.579298,0.409457,,,,,,,,,,,,-0.53622,8.51185,-0.98835,50,5.82053,1.61149,-134.60013,-0.19695,-0.98178,29.75052,-16.58921,92.05473,,8.26573,,,,1000103236,Right,54.43875,-135.57767,14.87526,5.81804,0.34814,-8.29461,-1.04182,1.64375,-0.49089,,,,,,,,,,,,,,,,,,,,,,,,,,,,,,,,,,,,,,,,,,,,,,,,,,,High,High,High,,,,,,v3
208,2/8/2023,1,4,1000103199,Right,T_A,1000187798,Right,T_B,8,Top,0,2,1,2-1,Fastball,Four-Seam,BallCalled,Undefined,Undefined,,Undefined,0,0,92.85209,0.261456,-1.384042,1944.440211,187.191315,12:15,5.87733,0.78843,5.66943,-18.07741,14.43127,1.69839,4.61472,-0.36072,85.10131,-3.136049,-1.080652,0.410366,,,,,,,,,,,,-1.22339,7.55182,-0.67263,50,5.88806,3.18153,-134.87836,0.01048,-2.26551,27.89389,-18.18943,91.85086,,7.75078,,,,1000103236,Right,54.82851,-135.87326,13.94695,5.87611,0.65925,-9.09471,-0.78755,3.26233,-1.13276,,,,,,,,,,,,,,,,,,,,,,,,,,,,,,,,,,,,,,,,,,,,,,,,,,,High,High,High,,,,,,v3
209,2/8/2023,1,5,1000103199,Right,T_A,1000187798,Right,T_B,8,Top,0,3,1,3-1,Fastball,Four-Seam,FoulBall,Undefined,Undefined,,Undefined,0,0,91.13927,-2.230351,-1.203488,1832.772713,180.724641,12:00,5.76291,1.07806,6.21227,-16.15804,16.86493,0.20091,2.35654,-0.01605,83.91454,-5.299883,-1.16722,0.413599,,,,,,,,,,,,-0.41701,9.64461,-0.98795,50,5.58739,2.77451,-132.45619,-5.62156,-0.74564,26.58866,-14.92941,91.13283,,7.22474,,,,1000103236,Right,54.2874,-133.31404,13.29433,5.76099,-5.13987,-7.4647,-1.07785,2.79857,-0.37282,,,,,,,,,,,,,,,,,,,,,,,,,,,,,,,,,,,,,,,,,,,,,,,,,,,High,High,High,,,,,,v3
210,2/8/2023,1,6,1000103199,Right,T_A,1000187798,Right,T_B,8,Top,0,3,2,3-2,Fastball,Four-Seam,FoulBall,Undefined,Undefined,,Undefined,0,0,91.93624,-2.860815,-2.004424,1872.163762,198.538931,12:30,5.89996,0.823,5.76642,-15.35769,18.32375,5.73894,1.95382,-0.56498,83.10031,-5.79907,-0.977454,0.417702,81.48963,54.341072,80.651222,4552.32537,,,,,55.32471,,,-3.56252,10.59658,-0.66067,50,5.65392,4.40615,-133.153,-7.11082,-6.31556,31.9397,-13.38858,90.2376,64.48175,8.83593,1.86534,1.99927,0.55729,1000103236,Right,54.73082,-134.283,15.96985,5.89711,-6.63715,-6.69429,-0.82051,4.62959,-3.15778,,1.86534,11.31812,-11.92262,3.15699,-0.81503,0.22347,-0.06057,0.01393,-0.00187,1.99927,97.10851,-36.35923,6.72876,-1.78969,0.48753,-0.13331,0.03079,-0.00413,0.55729,68.74862,-12.16683,3.19367,-0.82226,0.22589,-0.06152,0.01426,-0.00194,,,,,,,,,,,,,,,,,,,,,,,High,High,High,Low,Low,,,,v3
211,2/8/2023,1,7,1000103199,Right,T_A,1000187798,Right,T_B,8,Top,0,3,2,3-2,Slider,Curveball,InPlay,Undefined,GroundBall,GroundBall,Single,0,0,81.07069,0.741802,-0.183829,2230.879942,61.230363,8:00,5.90782,1.05008,5.58603,-48.14483,-4.96429,-11.58623,2.58851,-0.08711,74.17624,-8.054468,-2.25501,0.47295,68.43498,6.233065,-6.02882,1076.309463,,,,74.02692,73.61628,-3.497183,0.784004,5.85894,-2.3974,-1.02636,50,5.93976,0.83138,-117.74453,-0.12917,8.1673,23.82306,-35.51599,79.69644,4.10493,6.89445,1.48587,2.51105,0.12233,1000103236,Right,54.91528,-118.73487,11.91153,5.91444,1.34724,-17.758,-1.05386,0.49186,4.08365,288.75404,1.48587,99.22594,-9.29919,0.78481,-0.14129,0.00142,0.0014,-0.00031,0.0001,2.51105,10.8976,-19.06285,1.55965,-0.2782,0.05976,-0.00862,0.0013,-0.00017,0.12233,-10.47953,6.73307,-1.38619,0.3272,-0.06117,0.00996,-0.0019,0.00021,,,,,,,,,,,,,,,,,,,,,,,High,High,High,High,High,,,,v3
212,2/8/2023,2,1,1000103199,Right,T_A,1000051953,Right,T_B,8,Top,0,0,0,0-0,Slider,Slider,FoulBall,Undefined,Undefined,LineDrive,Undefined,0,0,80.01528,0.243999,-0.20697,2234.341135,91.210611,9:00,5.90239,1.16146,5.31539,-42.9227,1.68697,-13.53072,2.55451,-0.16035,73.44542,-7.580074,-2.612361,0.480713,67.21732,18.912704,158.381803,3435.294927,,,,119.78657,47.39715,162.135613,1.480484,6.77626,1.14784,-1.13235,50,5.89323,0.95887,-116.19237,-0.98865,9.24264,22.23358,-30.60843,78.40945,13.11888,6.56986,1.75148,2.67722,-0.08203,1000103236,Right,55.18522,-117.18037,11.11679,5.90694,0.37151,-15.30421,-1.16583,0.54815,4.62132,,1.75148,-86.7022,6.13138,-0.18956,-0.26117,0.35367,-0.24945,0.09468,-0.01453,2.67722,31.95511,-26.21409,3.12271,-0.91693,0.50934,-0.30022,0.10459,-0.01514,-0.08204,34.36193,-9.04513,2.60558,-1.1839,0.99688,-0.66707,0.2424,-0.036,,,,,,,,,,,,,,,,,,,,,,,High,High,High,High,Medium,,,,v3
213,2/8/2023,2,2,1000103199,Right,T_A,1000051953,Right,T_B,8,Top,0,0,1,0-1,Fastball,Four-Seam,BallCalled,Undefined,Undefined,,Undefined,0,0,90.25198,-0.441992,-0.536427,1876.326657,202.845415,12:45,5.9533,0.98597,5.74643,-17.35044,16.92084,6.69792,4.0959,1.04469,82.8309,-3.719606,0.662466,0.421344,,,,,,,,,,,,-3.5515,9.04953,-0.94555,50,5.90601,0.93768,-131.16506,-1.55241,-6.22161,26.29593,-16.32089,89.45772,,7.42107,,,,1000103236,Right,54.75223,-132.11435,13.14796,5.95142,-0.96323,-8.16044,-0.98345,1.16228,-3.1108,,,,,,,,,,,,,,,,,,,,,,,,,,,,,,,,,,,,,,,,,,,,,,,,,,,High,High,High,,,,,,v3
214,2/8/2023,2,3,1000103199,Right,T_A,1000051953,Right,T_B,8,Top,0,1,1,1-1,Slider,Curveball,BallCalled,Undefined,Undefined,,Undefined,0,0,78.90071,-0.551912,0.364374,2145.524133,47.526878,7:30,5.82939,1.13959,5.35078,-49.08786,-3.21083,-5.09929,1.22106,1.05641,72.60337,-9.456385,-0.544466,0.487494,,,,,,,,,,,,2.66551,-1.0089,-1.16862,50,5.74462,-0.52564,-114.55534,-2.80828,3.53032,21.81598,-33.51025,77.31882,,6.29734,,,,1000103236,Right,55.14911,-115.53178,10.90799,5.83675,-1.30844,-16.75513,-1.14156,-0.68365,1.76516,,,,,,,,,,,,,,,,,,,,,,,,,,,,,,,,,,,,,,,,,,,,,,,,,,,High,High,High,,,,,,v3
215,2/8/2023,2,4,1000103199,Right,T_A,1000051953,Right,T_B,8,Top,0,2,1,2-1,Fastball,Four-Seam,InPlay,Undefined,FlyBall,FlyBall,Out,1,0,89.42337,-1.47833,-1.081672,1780.48237,192.382033,12:30,5.92062,1.07853,5.96594,-17.69784,17.07265,3.50957,3.07456,0.36796,81.88156,-4.834071,-0.450915,0.424401,77.29486,43.444192,12.486572,,104.78826,86.48758,33.4574,224.16085,208.14965,24.150995,5.107685,-2.11473,9.52788,-0.99481,50,5.79361,2.30949,-129.91818,-3.88064,-3.61804,26.96049,-15.87306,88.81317,91.78413,7.54181,2.61093,3.14577,-0.39571,1000103236,Right,54.53362,-130.85561,13.48024,5.91894,-3.32873,-7.93653,-1.0773,2.4353,-1.80902,200.731764,2.61599,80.25924,-18.70217,3.98047,-0.46248,-0.03525,0.02124,-0.00265,0.00011,3.14411,77.9785,-19.65136,1.38844,-0.09157,-0.06574,0.0297,-0.00485,0.00028,-0.39617,17.8049,1.4214,-0.76785,0.22138,-0.04464,0.00624,-0.00057,3.00E-05,,,,,,,,,,,,,,,,,,,,,,,High,High,High,High,Medium,,,,v3
216,2/8/2023,3,1,1000103199,Right,T_A,691273,Right,T_B,8,Top,1,0,0,0-0,Curveball,Curveball,StrikeCalled,Undefined,Undefined,,Undefined,0,0,81.07511,0.824902,0.33573,2221.543251,63.833942,8:15,5.91193,1.07853,5.21163,-47.32243,-3.85937,-10.53107,2.74416,0.51665,74.64637,-7.753507,-1.533697,0.474495,,,,,,,,,,,,5.35111,-1.75059,-1.10132,50,5.95237,-0.25261,-117.75544,-0.03073,7.52843,21.94608,-34.63696,79.43699,,6.42874,,,,1000103236,Right,55.28925,-118.73711,10.97304,5.91909,1.51861,-17.31848,-1.08249,-0.58936,3.76422,,,,,,,,,,,,,,,,,,,,,,,,,,,,,,,,,,,,,,,,,,,,,,,,,,,High,High,High,,,,,,v3
217,2/8/2023,3,2,1000103199,Right,T_A,691273,Right,T_B,8,Top,1,0,1,0-1,Fastball,Four-Seam,StrikeSwinging,Undefined,Undefined,,Undefined,0,0,90.64674,-2.789503,-1.521784,1736.693367,183.879364,12:15,5.9483,0.99279,5.99943,-15.43221,18.57347,1.18354,2.07455,-0.31901,82.7173,-5.736086,-1.309003,0.419708,,,,,,,,,,,,-1.04252,10.67882,-0.87369,50,5.72009,3.44279,-131.48569,-6.84051,-1.82008,28.59396,-13.53063,89.80633,,7.92944,,,,1000103236,Right,54.49806,-132.46026,14.29698,5.94537,-6.37934,-6.76532,-0.99208,3.50482,-0.91004,,,,,,,,,,,,,,,,,,,,,,,,,,,,,,,,,,,,,,,,,,,,,,,,,,,High,High,High,,,,,,v3
218,2/8/2023,3,3,1000103199,Right,T_A,691273,Right,T_B,8,Top,1,0,2,0-2,Curveball,Slider,StrikeSwinging,Strikeout,Undefined,,Undefined,0,0,81.54777,-1.456307,0.374859,2228.006784,67.183127,8:15,6.09116,0.85621,5.42196,-44.74187,-1.75658,-7.5191,0.99825,0.58075,74.83981,-9.5844,-0.967276,0.47188,,,,,,,,,,,,3.89555,-0.02213,-0.88412,50,5.93085,-0.46692,-118.33275,-4.59156,5.48804,23.93678,-32.20524,79.87722,,6.70796,,,,1000103236,Right,55.07723,-119.35537,11.96839,6.09762,-3.21569,-16.10262,-0.85916,-0.70138,2.74402,,,,,,,,,,,,,,,,,,,,,,,,,,,,,,,,,,,,,,,,,,,,,,,,,,,High,High,High,,,,,,v3
219,2/8/2023,4,1,1000103199,Right,T_A,1000051968,Left,T_B,8,Top,2,0,0,0-0,Fastball,Four-Seam,StrikeCalled,Undefined,Undefined,,Undefined,0,0,91.08218,-3.057648,-0.438784,1792.575695,191.385106,12:30,5.9771,0.84719,5.62685,-16.30032,17.68316,3.34559,1.76283,0.71655,83.55788,-6.125487,0.158931,0.419571,,,,,,,,,,,,-1.81697,10.12327,-0.81202,50,5.70615,0.86391,-132.13197,-7.5731,-3.22148,27.39427,-14.22567,89.83571,,7.5243,,,,1000103236,Right,54.87164,-133.13815,13.69714,5.9747,-7.0506,-7.11283,-0.84593,0.98223,-1.61074,,,,,,,,,,,,,,,,,,,,,,,,,,,,,76.85216,2.672248,1.345075,1.327173,-0.32925,1.57365,-0.72169,-1.14481,6.17071,0.11016,127.27811,1.39361,5.40803,-0.95286,109.85891,-10.02099,6.23795,13.78942,-13.1573,0.00864,-0.40802,3.39656,High,High,High,,,High,High,High,v3
220,2/8/2023,4,2,1000103199,Right,T_A,1000051968,Left,T_B,8,Top,2,0,1,0-1,Slider,Changeup,BallCalled,Undefined,Undefined,,Undefined,0,0,86.10375,-4.197935,-1.571846,1598.800788,220.583689,1:15,5.70863,1.38373,6.46941,-21.55509,15.50028,12.24052,0.0486,0.95982,79.01585,-8.260545,0.651126,0.438124,,,,,,,,,,,,-6.88933,9.68733,-1.27818,50,5.40247,2.97563,-124.85509,-9.7526,-10.85334,25.60517,-16.91277,86.03146,,7.0879,,,,1000103236,Right,54.03018,-125.67888,12.80259,5.70749,-9.20847,-8.45639,-1.37953,3.32481,-5.42667,,,,,,,,,,,,,,,,,,,,,,,,,,,,,,,,,,,,,,,,,,,,,,,,,,,High,High,High,,,,,,v3
221,2/8/2023,4,3,1000103199,Right,T_A,1000051968,Left,T_B,8,Top,2,0,1,0-1,Fastball,Four-Seam,BallCalled,Undefined,Undefined,,Undefined,0,0,89.33237,-0.124781,-0.094701,1583.494919,181.868501,12:00,5.91297,1.04857,5.63316,-21.99021,13.47107,0.40161,3.96403,0.99368,81.27562,-4.247647,-0.02296,0.428597,,,,,,,,,,,,-0.22969,7.20689,-1.04077,50,5.88847,0.19641,-129.66322,-1.0154,-0.38953,28.08643,-19.95198,87.94386,,8.05676,,,,1000103236,Right,54.86305,-130.71237,14.04322,5.91248,-0.27011,-9.97599,-1.04838,0.21096,-0.19476,,,,,,,,,,,,,,,,,,,,,,,,,,,,,,,,,,,,,,,,,,,,,,,,,,,High,High,High,,,,,,v3
222,2/8/2023,4,4,1000103199,Right,T_A,1000051968,Left,T_B,8,Top,2,1,1,1-1,Fastball,Changeup,InPlay,Undefined,LineDrive,LineDrive,Double,0,0,89.67416,-2.222329,-0.936865,1604.884159,203.44139,12:45,5.8094,1.09811,5.76632,-22.54737,12.48264,4.91492,1.86087,0.63569,81.90754,-6.429717,-0.05617,0.425982,101.6845,13.948161,-31.104182,3171.292847,89.20725,20.64788,-64.35749,254.21156,254.18743,-42.073724,2.385189,-2.78532,7.34957,-1.02365,50,5.61185,1.91821,-130.12516,-5.80033,-4.75894,28.20133,-19.61681,88.48358,21.77942,7.76662,1.53547,1.95624,-0.73139,1000103236,Right,54.73217,-131.14672,14.10067,5.80909,-5.08973,-9.80841,-1.09626,2.09059,-2.37947,,1.53547,123.93098,-30.39949,7.52989,-1.75061,0.36014,-0.0648,0.00838,-0.00053,1.95624,35.94808,-17.03968,0.57963,0.14323,-0.07881,0.02179,-0.00322,0.00021,-0.73139,-74.77119,-1.06031,2.44035,-1.01843,0.30434,-0.06813,0.01003,-0.00071,,,,,,,,,,,,,,,,,,,,,,,High,High,High,High,High,,,,v3
223,2/8/2023,1,1,1000064440,Left,T_B,1000194300,Left,T_A,8,Bottom,0,0,0,0-0,Fastball,Cutter,StrikeCalled,Undefined,Undefined,,Undefined,0,0,87.04947,-1.530946,3.689713,1868.586167,189.167019,12:15,5.57132,-2.7418,6.17969,-21.31737,15.13458,2.26406,2.37783,0.85889,80.0327,-5.539665,4.096673,0.434542,,,,,,,,,,,,-0.18744,8.59682,2.46163,50,5.4445,-8.23163,-126.28145,-4.00369,-0.30375,24.85161,-18.24207,86.74062,,7.01677,,,,1000055344,Right,54.31934,-127.12864,12.4258,5.57038,-3.38182,-9.12103,2.74207,-8.22127,-0.15188,,,,,,,,,,,,,,,,,,,,,,,,,,,,,,,,,,,,,,,,,,,,,,,,,,,High,High,High,,,,,,v3
224,2/8/2023,1,2,1000064440,Left,T_B,1000194300,Left,T_A,8,Bottom,0,0,1,0-1,Fastball,Cutter,BallCalled,Undefined,Undefined,,Undefined,0,0,87.30432,-3.010757,2.928931,1925.356055,200.927745,12:45,5.62735,-2.22262,6.48955,-21.19509,14.71776,5.20008,1.0909,0.90198,80.26993,-7.00458,3.870871,0.431317,,,,,,,,,,,,-1.92429,8.89965,2.01492,50,5.4063,-6.67426,-126.6541,-7.2534,-3.1277,25.71528,-17.7087,87.38925,,7.03439,,,,1000055344,Right,54.00944,-127.46556,12.85764,5.62637,-6.69459,-8.85435,2.22398,-6.57556,-1.56385,,,,,,,,,,,,,,,,,,,,,,,,,,,,,,,,,,,,,,,,,,,,,,,,,,,High,High,High,,,,,,v3
225,2/8/2023,1,3,1000064440,Left,T_B,1000194300,Left,T_A,8,Bottom,0,1,1,1-1,Fastball,Cutter,FoulBall,Undefined,Undefined,,Undefined,0,0,87.0223,-1.946874,2.937109,1905.906692,199.833988,12:45,5.50684,-2.47095,6.36436,-23.00383,12.80898,4.27114,1.79523,0.59019,80.92219,-6.243284,3.708866,0.430716,73.30211,35.84805,-126.647376,4207.927425,,,,,47.53327,,,-1.54441,7.46772,2.25645,50,5.35488,-6.64752,-126.47807,-4.97869,-2.53706,22.38185,-19.90665,87.51121,30.88525,6.10011,0.78726,1.7852,-0.64213,1000055344,Right,54.1364,-127.20795,11.19093,5.50665,-4.32953,-9.95333,2.47188,-6.56479,-1.26853,59.002386,0.78726,-52.01537,-1.69112,1.25088,-0.79918,1.7612,-3.47163,3.59563,-1.44358,1.7852,62.96167,-22.63922,2.19244,-0.47579,0.24012,-0.34394,0.33644,-0.12812,-0.64213,-69.91811,12.03584,-2.34622,0.76918,-1.2022,2.32772,-2.39096,0.94925,,,,,,,,,,,,,,,,,,,,,,,High,High,High,High,Low,,,,v3
226,2/8/2023,1,4,1000064440,Left,T_B,1000194300,Left,T_A,8,Bottom,0,1,2,1-2,Slider,Slider,FoulBall,Undefined,Undefined,,Undefined,0,0,76.58358,2.400575,2.874515,2332.941239,269.268535,3:00,5.41035,-2.66778,5.36911,-46.58156,1.33945,10.11634,3.78351,0.87268,71.37308,-6.055131,4.666324,0.498235,59.17678,68.033401,-85.384592,2425.866788,,,,,9.47205,,,-4.46772,0.4539,2.40222,50,5.59236,-5.96054,-111.19836,3.13492,-5.69085,16.7044,-31.59587,75.65192,24.07456,5.2105,0.84304,4.01014,-0.98919,1000055344,Right,55.13332,-111.96684,8.3522,5.41471,4.58848,-15.79793,2.67041,-5.69874,-2.84542,158.372198,0.84598,2.46732,-7.51914,,,,,,,4.01207,80.39698,-22.59435,,,,,,,-0.99013,-32.31473,4.02867,,,,,,,,,,,,,,,,,,,,,,,,,,,,,High,High,High,Medium,Low,,,,v3
227,2/8/2023,1,5,1000064440,Left,T_B,1000194300,Left,T_A,8,Bottom,0,1,2,1-2,Slider,Slider,StrikeSwinging,Strikeout,Undefined,,Undefined,0,0,80.00112,-1.559427,3.488423,2643.31111,261.670876,2:45,5.63235,-2.63605,5.62513,-42.06959,2.08016,5.08599,0.66832,1.04699,73.99645,-9.210823,4.395457,0.478229,,,,,,,,,,,,-1.64732,1.83791,2.33505,50,5.47189,-7.26363,-116.00423,-4.54752,-2.24726,21.47054,-29.66675,78.81678,,6.00467,,,,1000055344,Right,54.87565,-116.90315,10.73527,5.63629,-3.30544,-14.83338,2.63719,-7.16954,-1.12363,,,,,,,,,,,,,,,,,,,,,,,,,,,,,,,,,,,,,,,,,,,,,,,,,,,High,High,High,,,,,,v3
228,2/8/2023,2,1,1000064440,Left,T_B,1000094105,Right,T_A,8,Bottom,1,0,0,0-0,Fastball,Cutter,BallCalled,Undefined,Undefined,,Undefined,0,0,85.26843,-0.686797,0.53913,1901.466477,184.448549,12:15,5.70915,-2.37542,6.09285,-24.64777,13.46973,0.95398,3.01985,-1.79723,77.99433,-5.321568,0.711048,0.444359,,,,,,,,,,,,-0.34043,7.51067,2.3334,50,5.64321,-1.20343,-123.89928,-2.22139,-0.52869,24.97764,-20.51035,84.82435,,7.2741,,,,1000055344,Right,54.40489,-124.78412,12.48882,5.70904,-1.4948,-10.25517,2.3757,-1.1847,-0.26435,,,,,,,,,,,,,,,,,,,,,,,,,,,,,,,,,,,,,,,,,,,,,,,,,,,High,High,High,,,,,,v3
229,2/8/2023,2,2,1000064440,Left,T_B,1000094105,Right,T_A,8,Bottom,1,1,0,1-0,Fastball,Cutter,StrikeSwinging,Undefined,Undefined,,Undefined,0,0,86.13928,-2.162304,3.506375,1919.715796,194.091704,12:30,5.49799,-2.48656,6.55464,-25.02777,11.87477,2.68543,1.42503,0.9563,78.96273,-6.870817,3.993013,0.43722,,,,,,,,,,,,-0.40906,7.21941,2.24337,50,5.33778,-7.75539,-124.94345,-5.42562,-0.64507,25.73923,-20.78932,86.20942,,7.17655,,,,1000055344,Right,53.94336,-125.75319,12.86961,5.49818,-4.77161,-10.39466,2.48703,-7.7351,-0.32253,,,,,,,,,,,,,,,,,,,,,,,,,,,,,,,,,,,,,,,,,,,,,,,,,,,High,High,High,,,,,,v3
230,2/8/2023,2,3,1000064440,Left,T_B,1000094105,Right,T_A,8,Bottom,1,1,1,1-1,Fastball,Cutter,InPlay,Undefined,GroundBall,LineDrive,Single,0,0,86.01996,-1.910824,2.24852,1941.275617,179.540625,12:00,5.47084,-2.47066,6.44312,-22.87655,14.20205,-0.10429,1.80667,-0.41221,78.70733,-6.237839,2.229621,0.438261,99.92313,8.005814,-10.136796,1938.879995,,,,133.49893,133.49893,-10.704445,1.037995,0.6985,8.34256,2.31115,50,5.32477,-4.90076,-124.91346,-4.80378,1.10052,25.83002,-19.03028,86.0045,6.42292,7.31264,1.87255,1.84235,0.41984,1000055344,Right,54.05561,-125.74929,12.91501,5.47025,-4.18798,-9.51514,2.47031,-4.93637,0.55026,31.431698,1.87255,142.86,-20.48137,3.39802,-0.74774,0.15302,-0.03308,0.00649,-0.00074,1.84235,20.41106,-24.04312,3.16748,-0.72058,0.1734,-0.03796,0.00749,-0.00089,0.41984,-25.54191,0.58897,0.78349,-0.24595,0.07401,-0.01812,0.00374,-0.00045,,,,,,,,,,,,,,,,,,,,,,,High,High,High,High,High,,,,v3
231,2/8/2023,3,1,1000064440,Left,T_B,1000138679,Right,T_A,8,Bottom,1,0,0,0-0,Slider,Slider,BallCalled,Undefined,Undefined,GroundBall,Undefined,0,0,79.75151,-3.979537,4.278133,2567.473516,229.370078,1:45,5.47648,-2.74146,5.78284,-40.95077,4.00866,2.87386,-1.65492,1.48576,73.24574,-11.413287,4.792058,0.482594,59.09008,-7.038433,-179.44926,,,,,9.63977,11.77342,-4.50753,0.033435,-0.15984,3.55599,2.38618,50,5.12174,-8.72007,-115.2303,-9.3049,-0.212,24.14205,-27.45822,78.10385,0.35507,6.50578,,,,1000055344,Right,54.71973,-116.21492,12.07103,5.4784,-8.18502,-13.72911,2.74165,-8.71142,-0.106,,12.4878,-86.06329,,,,,,,,0.3551,-10.62634,,,,,,,,-0.72993,-0.82728,,,,,,,,,,,,,,,,,,,,,,,,,,,,,,High,High,High,Low,Low,,,,v3
232,2/8/2023,3,2,1000064440,Left,T_B,1000138679,Right,T_A,8,Bottom,1,1,0,1-0,Fastball,Four-Seam,InPlay,Undefined,GroundBall,GroundBall,Single,0,0,85.39627,-1.759622,2.80833,1870.749369,175.780351,11:45,5.64907,-2.55432,6.53561,-20.2747,17.62154,-1.20087,2.34305,-0.0764,77.28298,-5.65452,2.590576,0.443067,90.13551,6.469393,25.047795,2965.194719,,,,132.4315,118.68826,30.099191,1.168689,1.52158,10.19886,2.36,50,5.51806,-6.0307,-123.85151,-4.31538,2.33159,27.84081,-16.54572,85.07164,6.07923,8.11329,1.33961,2.36583,0.04789,1000055344,Right,53.9612,-124.73878,13.92041,5.64719,-3.78808,-8.27286,2.55338,-6.10501,1.16579,254.157716,1.33961,119.00327,-23.41568,4.81713,-1.02699,0.20855,-0.04293,0.00766,-0.00078,2.36583,14.89513,-15.2806,0.75502,-0.06353,0.00244,0.00265,-0.00061,7.00E-05,0.04789,55.61303,2.23357,-1.49578,0.50511,-0.13884,0.03396,-0.00662,0.00073,,,,,,,,,,,,,,,,,,,,,,,High,High,High,High,High,,,,v3
233,2/8/2023,4,1,1000064440,Left,T_B,8886045,Right,T_A,8,Bottom,1,0,0,0-0,Fastball,Four-Seam,InPlay,Undefined,GroundBall,,Out,1,1,85.95659,-1.417277,3.94013,1999.234,176.786866,12:00,5.70632,-2.41101,6.5257,-19.97954,16.98855,-0.88941,2.73777,1.13534,78.83097,-5.221188,3.77927,0.437608,44.64824,-35.823195,-40.508027,,,,,,3.79836,,,1.55323,9.67178,2.13718,50,5.59875,-8.55807,-124.71948,-3.61145,2.44939,24.8042,-16.92196,86.13297,2.82132,7.12562,2.6747,2.82132,-1.06943,1000055344,Right,53.97378,-125.5073,12.4021,5.70492,-3.07398,-8.46098,2.41023,-8.63587,1.22469,180,2.67441,40.47144,,,,,,,,2.82159,-38.42334,,,,,,,,-1.06918,-34.57568,,,,,,,,,,,,,,,,,,,,,,,,,,,,,,High,High,High,Low,Low,,,,v3
234,2/8/2023,5,1,1000064440,Left,T_B,1000102964,Right,T_A,8,Bottom,2,0,0,0-0,Slider,Slider,BallCalled,Undefined,Undefined,,Undefined,0,0,79.37077,-2.053559,3.509733,2387.979329,254.706533,2:30,5.3786,-2.75601,5.93324,-41.86349,3.02929,5.49851,-0.01964,0.96247,72.66161,-9.73142,4.496234,0.482236,,,,,,,,,,,,-1.74067,2.62563,2.47236,50,5.19071,-7.25296,-114.95802,-5.42784,-2.30222,23.62744,-28.70137,78.16182,,6.70916,,,,1000055344,Right,54.56547,-115.89256,11.81372,5.38295,-4.29261,-14.35069,2.75744,-7.1619,-1.15111,,,,,,,,,,,,,,,,,,,,,,,,,,,,,,,,,,,,,,,,,,,,,,,,,,,High,High,High,,,,,,v3
235,2/8/2023,5,2,1000064440,Left,T_B,1000102964,Right,T_A,8,Bottom,2,1,0,1-0,Fastball,Four-Seam,FoulBall,Undefined,Undefined,,Undefined,0,0,85.69186,-1.125287,2.989706,1888.033828,173.798543,11:45,5.55995,-2.40216,6.46878,-22.23954,15.23501,-1.52012,2.67164,0.21945,78.02982,-5.357207,2.714494,0.440595,103.18838,44.04714,-31.581052,3439.642614,91.46168,107.74344,-61.11261,,178.80947,,,1.69047,8.6891,2.19192,50,5.47056,-6.43975,-124.37494,-3.04403,2.63009,26.51751,-18.65523,85.54895,143.55257,7.66204,2.65515,2.66419,-0.06453,1000055344,Right,54.02976,-125.23116,13.25876,5.55913,-2.44167,-9.32761,2.40122,-6.52467,1.31505,167.566708,2.65519,92.66807,-30.46246,9.85992,-2.64531,0.61167,-0.11072,0.01292,-0.00069,2.66417,105.22222,-22.66145,0.74865,0.45595,-0.22811,0.05774,-0.00844,0.00057,-0.06454,-56.96843,12.55149,-3.01036,0.59132,-0.09595,0.01114,-0.00058,-1.00E-05,,,,,,,,,,,,,,,,,,,,,,,High,High,High,High,Low,,,,v3
236,2/8/2023,5,3,1000064440,Left,T_B,1000102964,Right,T_A,8,Bottom,2,1,1,1-1,Slider,Slider,BallCalled,Undefined,Undefined,,Undefined,0,0,78.65427,-0.639073,3.165141,2388.103606,247.286602,2:15,5.34714,-3.01137,5.63095,-41.86223,3.36205,5.04134,1.26141,0.36495,73.19656,-8.262643,4.064182,0.484013,,,,,,,,,,,,-1.78736,2.23819,2.73841,50,5.26557,-6.50407,-114.21122,-2.63217,-2.38574,18.95773,-29.18654,77.87481,,5.45771,,,,1000055344,Right,54.86989,-115.01672,9.47887,5.35107,-1.39205,-14.59327,3.01261,-6.4027,-1.19287,,,,,,,,,,,,,,,,,,,,,,,,,,,,,,,,,,,,,,,,,,,,,,,,,,,High,High,High,,,,,,v3
237,2/8/2023,5,4,1000064440,Left,T_B,1000102964,Right,T_A,8,Bottom,2,2,1,2-1,Fastball,Cutter,FoulBall,Undefined,Undefined,,Undefined,0,0,85.69835,-1.031348,2.534016,1805.038895,182.91056,12:00,5.58954,-2.46572,6.45268,-27.31746,10.25745,0.45661,2.36456,-0.09816,77.92985,-6.182154,2.616772,0.441185,69.65745,18.981828,162.592993,2230.642352,,,,,46.2141,,,0.53681,6.06075,2.28611,50,5.50433,-5.52213,-124.3888,-3.02899,0.83293,27.19959,-22.76988,85.43459,13.69925,7.7685,1.40027,2.34042,-0.23522,1000055344,Right,54.04481,-125.27014,13.5998,5.59053,-2.29118,-11.38494,2.46548,-5.54912,0.41646,,1.40027,-92.18428,9.63537,-1.521,0.21396,-0.0125,-0.00641,0.00837,-0.00377,2.34042,33.23074,-23.1713,2.26846,-0.40752,0.06129,-0.00602,-0.00218,0.0016,-0.23522,28.90121,-11.04241,3.32344,-0.85385,0.19132,-0.04321,0.0084,-0.00094,,,,,,,,,,,,,,,,,,,,,,,High,High,High,High,Low,,,,v3
238,2/8/2023,5,5,1000064440,Left,T_B,1000102964,Right,T_A,8,Bottom,2,2,2,2-2,Slider,Slider,BallCalled,Undefined,Undefined,,Undefined,0,0,79.19104,-2.305047,3.128046,2501.846843,204.726585,12:45,5.34408,-2.92706,5.62554,-40.1001,4.69638,1.56772,-0.15287,0.12536,73.68269,-9.588902,3.407968,0.481719,,,,,,,,,,,,-0.00311,3.31957,2.65925,50,5.12117,-6.33632,-114.88732,-5.92542,-0.00418,19.7854,-27.7039,78.24577,,5.50835,,,,1000055344,Right,54.8758,-115.72397,9.8927,5.34697,-4.75393,-13.85195,2.92718,-6.33615,-0.00209,,,,,,,,,,,,,,,,,,,,,,,,,,,,,,,,,,,,,,,,,,,,,,,,,,,High,High,High,,,,,,v3
239,2/8/2023,5,6,1000064440,Left,T_B,1000102964,Right,T_A,8,Bottom,2,3,2,3-2,Slider,Slider,FoulBall,Undefined,Undefined,GroundBall,Undefined,0,0,78.71934,-0.168115,2.879095,2488.230827,273.16488,3:00,5.29153,-3.08163,5.78391,-44.3964,0.95303,8.00587,1.43522,0.2664,72.51516,-8.297338,4.311308,0.484683,74.44123,-29.77987,-86.953244,,,,,5.37108,5.14237,-32.128848,0.032172,-3.31713,0.87654,2.83905,50,5.25057,-6.03803,-114.26429,-1.73911,-4.37702,21.43675,-31.01743,77.76727,1.74846,6.20418,4.38612,1.74846,0.19469,1000055344,Right,54.71721,-115.14587,10.71838,5.29586,-0.46353,-15.50871,3.08366,-5.85803,-2.18851,180,4.38607,5.04795,,,,,,,,1.74909,-54.34784,,,,,,,,0.19578,-94.83979,,,,,,,,,,,,,,,,,,,,,,,,,,,,,,High,High,High,Low,Low,,,,v3
240,2/8/2023,5,7,1000064440,Left,T_B,1000102964,Right,T_A,8,Bottom,2,3,2,3-2,Fastball,Cutter,InPlay,Undefined,LineDrive,,Double,0,1,85.29557,-1.135098,2.401727,2053.120318,173.211034,11:45,5.49039,-2.42647,6.5527,-23.89545,13.21076,-1.44689,2.45722,-0.34349,78.86359,-5.638535,2.139071,0.438424,,,,,,,,,,,,1.36795,7.5652,2.26121,50,5.40157,-5.15124,-124.04696,-3.11645,2.15148,22.63699,-20.27584,85.9725,,6.43199,,,,1000055344,Right,53.94744,-124.76523,11.3185,5.49024,-2.47309,-10.13792,2.42575,-5.2195,1.07574,,,,,,,,,,,,,,,,,,,,,,,,,,,,,,,,,,,,,,,,,,,,,,,,,,,High,High,High,,,,,,v3
241,2/8/2023,1,1,1000103199,Right,T_A,1000058463,Right,T_B,9,Top,0,0,0,0-0,Fastball,Changeup,BallCalled,Undefined,Undefined,,Undefined,0,0,87.53291,-3.90949,-2.068679,1696.515179,212.022669,1:00,5.93186,0.93683,5.73045,-19.5432,17.40879,10.11296,0.65431,-0.14782,80.01487,-7.573302,-0.259053,0.437512,,,,,,,,,,,,-5.73496,10.35099,-0.7706,50,5.59336,4.15033,-126.7417,-9.26638,-9.30351,26.54955,-15.38216,86.15171,,7.51804,,,,1000103236,Right,54.76739,-127.73646,13.27477,5.92976,-8.69004,-7.69108,-0.93263,4.49891,-4.65175,,,,,,,,,,,,,,,,,,,,,,,,,,,,,,,,,,,,,,,,,,,,,,,,,,,High,High,High,,,,,,v3
242,2/8/2023,1,2,1000103199,Right,T_A,1000058463,Right,T_B,9,Top,0,1,0,1-0,Fastball,Changeup,StrikeSwinging,Undefined,Undefined,,Undefined,0,0,88.22758,-0.416986,-1.223622,1704.661335,208.561754,1:00,5.84695,1.06406,5.78269,-21.26395,15.0765,7.52693,3.6869,0.55268,79.89621,-4.435286,0.124441,0.433877,,,,,,,,,,,,-4.18036,8.16792,-0.9676,50,5.79992,2.4063,-127.99386,-1.59554,-6.8719,28.65361,-18.74718,86.87356,,8.33138,,,,1000103236,Right,54.71292,-129.04461,14.3268,5.84583,-0.90806,-9.37359,-1.06046,2.65829,-3.43595,,,,,,,,,,,,,,,,,,,,,,,,,,,,,,,,,,,,,,,,,,,,,,,,,,,High,High,High,,,,,,v3
243,2/8/2023,1,3,1000103199,Right,T_A,1000058463,Right,T_B,9,Top,0,1,1,1-1,Slider,Curveball,BallCalled,Undefined,Undefined,,Undefined,0,0,78.96553,-0.807994,-0.810952,1962.919889,57.092621,8:00,5.90467,1.3043,5.4167,-47.18066,-1.66028,-4.7117,1.21592,0.15192,72.9578,-9.368594,-1.651383,0.485595,,,,,,,,,,,,2.14831,-0.17764,-1.22889,50,5.79998,1.80907,-114.68692,-3.23679,2.86406,21.0206,-32.41088,77.62113,,6.00773,,,,1000103236,Right,55.08327,-115.61486,10.5103,5.91129,-1.80603,-16.20544,-1.30596,1.68263,1.43203,,,,,,,,,,,,,,,,,,,,,,,,,,,,,,,,,,,,,,,,,,,,,,,,,,,High,High,High,,,,,,v3
244,2/8/2023,1,4,1000103199,Right,T_A,1000058463,Right,T_B,9,Top,0,2,1,2-1,Fastball,Changeup,InPlay,Undefined,FlyBall,FlyBall,Out,1,0,87.69717,-1.701802,-0.946398,1642.325294,203.500501,12:45,5.90907,0.85563,5.87066,-23.30446,13.10233,5.18689,2.38563,0.40872,80.19206,-6.061816,-0.015312,0.434273,73.12797,41.532897,1.451119,4504.947211,109.32368,77.50036,12.17862,216.0413,210.20059,12.043656,4.843729,-2.9413,7.54599,-0.78215,50,5.75784,1.89165,-127.34026,-4.52772,-4.81865,26.70185,-19.81165,86.7944,80.57095,7.50511,1.5906,2.39073,-0.41103,1000103236,Right,54.62838,-128.30711,13.35093,5.9088,-3.81036,-9.90583,-0.8538,2.06613,-2.40933,199.455921,1.59271,80.22168,-16.77634,3.60186,-0.54143,0.03823,0.0008,-3.00E-05,-2.00E-05,2.39058,71.10746,-18.07518,1.06446,-0.0591,-0.05271,0.02375,-0.00399,0.00024,-0.41121,2.03455,4.14579,-1.16987,0.23189,-0.02638,0.00038,0.00022,-1.00E-05,,,,,,,,,,,,,,,,,,,,,,,High,High,High,High,High,,,,v3
245,2/8/2023,2,1,1000103199,Right,T_A,1000110361,Right,T_B,9,Top,1,0,0,0-0,Slider,Slider,StrikeCalled,Undefined,Undefined,,Undefined,0,0,79.22243,-0.296775,-1.347676,2084.584464,96.241702,9:15,5.90119,1.00306,5.16698,-44.17164,1.91658,-3.35122,1.94084,-0.54478,72.34219,-8.332075,-1.941873,0.488614,,,,,,,,,,,,1.26012,1.52421,-0.87479,50,5.84,2.8405,-114.86041,-2.14933,1.66999,22.86108,-30.15407,77.14149,,6.88024,,,,1000103236,Right,55.33052,-115.91651,11.43054,5.90711,-0.75632,-15.07704,-1.00423,2.76335,0.83499,,,,,,,,,,,,,,,,,,,,,,,,,,,,,,,,,,,,,,,,,,,,,,,,,,,High,High,High,,,,,,v3
246,2/8/2023,2,2,1000103199,Right,T_A,1000110361,Right,T_B,9,Top,1,0,1,0-1,Slider,Slider,StrikeCalled,Undefined,Undefined,,Undefined,0,0,79.336,-0.220163,-1.100085,1952.901645,82.374949,8:45,5.94606,1.3315,5.52447,-44.21428,0.59165,-5.56398,2.05567,-0.16076,73.29344,-8.280311,-2.093319,0.481769,,,,,,,,,,,,2.51929,0.77008,-1.23201,50,5.89728,2.43027,-115.26531,-1.93142,3.40118,20.72573,-31.13439,78.23753,,6.04256,,,,1000103236,Right,54.9755,-116.1565,10.36286,5.95155,-0.59266,-15.5672,-1.33337,2.28402,1.70059,,,,,,,,,,,,,,,,,,,,,,,,,,,,,72.45999,2.224559,0.794163,1.430396,-0.77511,1.72951,0.24166,-1.55426,5.88993,1.44942,127.28063,3.49086,7.40469,-1.30095,102.43376,-8.77335,5.99628,17.51102,-13.46793,1.34254,0.85097,2.37036,High,High,High,,,High,High,High,v3
247,2/8/2023,2,3,1000103199,Right,T_A,1000110361,Right,T_B,9,Top,1,0,2,0-2,Fastball,Changeup,BallCalled,Undefined,Undefined,,Undefined,0,0,88.38785,0.654876,-1.818467,1609.901871,201.434763,12:45,5.76209,1.14123,5.89173,-21.06773,14.9832,5.40307,4.61482,-0.0975,79.99689,-3.338482,-0.849591,0.432145,,,,,,,,,,,,-3.29536,7.81808,-0.99773,50,5.80284,3.83873,-128.21892,0.82227,-5.44029,28.56732,-19.26715,87.2217,,8.39095,,,,1000103236,Right,54.60403,-129.24063,14.28366,5.76111,1.51136,-9.63358,-1.1385,4.0333,-2.72014,,,,,,,,,,,,,,,,,,,,,,,,,,,,,,,,,,,,,,,,,,,,,,,,,,,High,High,High,,,,,,v3
248,2/8/2023,2,4,1000103199,Right,T_A,1000110361,Right,T_B,9,Top,1,1,2,1-2,Slider,Slider,InPlay,Undefined,GroundBall,GroundBall,Single,0,1,78.39613,0.910496,-0.324917,2046.621103,74.960592,8:30,5.84648,1.04573,5.50093,-46.4516,-0.29516,-6.50205,2.82719,0.19999,71.91583,-7.582861,-1.48483,0.488976,105.70446,-2.39484,-30.779133,3528.841294,,,,47.59019,45.97679,-33.165635,0.303315,3.21504,-0.03429,-1.01272,50,5.89439,0.89395,-113.85648,0.26826,4.21016,21.37216,-32.21896,77.08442,3.34903,6.4803,2.23276,3.34903,-0.83944,1000103236,Right,54.99962,-114.79113,10.68608,5.85185,1.67726,-16.10948,-1.04779,0.70983,2.10508,,2.23676,132.90587,-29.51758,,,,,,,3.35063,-6.54811,-14.8484,,,,,,,-0.83281,-79.55705,-11.71222,,,,,,,,,,,,,,,,,,,,,,,,,,,,,High,High,High,Medium,High,,,,v3
249,2/8/2023,3,1,1000103199,Right,T_A,1000055244,Left,T_B,9,Top,1,0,0,0-0,Fastball,Changeup,InPlay,Undefined,LineDrive,LineDrive,Single,0,1,89.50859,-2.334424,-2.359493,1708.019449,212.500597,1:00,5.84913,1.08231,5.948,-19.46281,15.37194,9.08591,2.05901,-0.35021,81.95495,-5.999281,-0.727979,0.424793,82.66192,17.141667,4.683044,1181.063561,109.6763,24.02226,8.43206,236.44895,236.39525,3.540145,2.726768,-5.3415,8.88276,-0.89968,50,5.65223,4.97596,-129.87835,-5.89966,-9.12668,27.12036,-16.9966,88.73126,24.68341,7.55364,1.48657,2.02101,0.3459,1000103236,Right,54.55135,-130.82529,13.56018,5.84786,-5.30621,-8.4983,-1.07899,5.29463,-4.56334,174.523564,1.48657,115.46491,-16.7351,3.39743,-0.68237,0.12753,-0.02147,0.00274,-0.00017,2.02101,35.73289,-14.8639,0.69871,-0.08588,0.01115,0.00012,-7.00E-05,0,0.3459,9.45857,-1.98512,0.17481,0.00539,-0.00733,0.00171,-0.00024,2.00E-05,,,,,,,,,,,,,,,,,,,,,,,High,High,High,High,High,,,,v3
250,2/8/2023,1,1,1000064440,Left,T_B,1000079407,Left,T_A,9,Bottom,0,0,0,0-0,Fastball,Changeup,BallCalled,Undefined,Undefined,,Undefined,0,0,85.88528,-0.91909,1.448635,1751.583947,168.021174,11:30,5.65675,-2.38219,6.28398,-25.79494,11.38127,-2.17449,2.65976,-1.22799,78.90452,-5.759836,1.055425,0.438838,,,,,,,,,,,,1.5191,6.51713,2.27639,50,5.57643,-3.07338,-124.84236,-2.7706,2.40459,24.43317,-21.85809,85.89151,,6.98076,,,,1000055344,Right,54.21438,-125.66446,12.21659,5.65728,-2.03514,-10.92905,2.38116,-3.15429,1.2023,,,,,,,,,,,,,,,,,,,,,,,,,,,,,,,,,,,,,,,,,,,,,,,,,,,High,High,High,,,,,,v3
251,2/8/2023,1,2,1000064440,Left,T_B,1000079407,Left,T_A,9,Bottom,0,1,0,1-0,Fastball,Changeup,InPlay,Undefined,FlyBall,,Sacrifice,1,1,84.60395,-0.969425,3.000997,1691.50964,169.081433,11:45,5.80991,-2.36317,6.3857,-24.00336,14.12394,-2.50638,2.91658,0.19101,77.9156,-5.491468,2.547882,0.444416,95.58198,41.713485,7.954606,3654.574845,108.74663,98.56841,16.5571,,248.65121,,,2.10902,7.98567,2.14828,50,5.72882,-6.3541,-122.92523,-2.75311,3.24448,23.13333,-19.88903,84.81347,129.7397,6.68835,2.20996,3.06279,-0.154,1000055344,Right,54.11458,-123.69713,11.56666,5.80961,-2.08947,-9.94451,2.36211,-6.46236,1.62224,186.034226,2.21006,103.63628,-27.01455,7.01042,-1.76748,0.53176,-0.16447,0.03482,-0.0033,3.06268,93.28488,-19.34407,1.1181,0.03603,-0.1543,0.08527,-0.0227,0.00244,-0.15406,14.48432,-1.56018,-0.4287,0.30585,-0.15888,0.06487,-0.0158,0.00163,,,,,,,,,,,,,,,,,,,,,,,High,High,High,High,Low,,,,v3
252,2/8/2023,2,1,1000064440,Left,T_B,1000049656,Right,T_A,9,Bottom,1,0,0,0-0,Slider,Slider,BallCalled,Undefined,Undefined,,Undefined,0,0,79.05239,-1.535976,3.32942,2311.548922,260.939643,2:45,5.43103,-2.72823,6.02082,-41.81475,2.66571,8.43378,0.52105,1.06189,73.25711,-9.19302,4.844512,0.480016,,,,,,,,,,,,-3.45815,2.18295,2.46265,50,5.28769,-6.97598,-114.7216,-4.36063,-4.61784,20.82634,-29.25902,78.52323,,5.79528,,,,1000055344,Right,54.47958,-115.53195,10.41317,5.43522,-3.22216,-14.62951,2.73059,-6.79631,-2.30892,,,,,,,,,,,,,,,,,,,,,,,,,,,,,,,,,,,,,,,,,,,,,,,,,,,High,High,High,,,,,,v3
253,2/8/2023,2,2,1000064440,Left,T_B,1000049656,Right,T_A,9,Bottom,1,1,0,1-0,Fastball,Cutter,InPlay,Undefined,FlyBall,FlyBall,Sacrifice,1,1,85.95996,-1.302429,2.916969,1702.00463,189.844177,12:15,5.57574,-2.44059,6.4904,-26.7536,10.36619,1.59154,2.14885,0.37224,78.6225,-6.334907,3.20536,0.438505,82.95526,31.33955,-24.588667,2712.003317,97.75868,58.06634,-50.4305,303.72664,299.1021,-32.057101,4.730048,0.00823,6.165,2.23526,50,5.4725,-6.4177,-124.80881,-3.6076,0.01295,26.15294,-22.4925,85.95677,70.80093,7.33747,2.5074,2.34482,-0.33274,1000055344,Right,54.00894,-125.64605,13.07647,5.57646,-2.88754,-11.24625,2.44072,-6.41812,0.00647,155.825287,2.50988,94.43793,-19.14124,4.14326,-0.47449,-0.0645,0.03367,-0.00457,0.00021,2.34358,63.30111,-15.6263,0.50654,-0.03818,-0.00974,0.0128,-0.00306,0.00022,-0.33375,-43.21689,2.70763,0.07377,-0.18845,0.07105,-0.01508,0.00168,-8.00E-05,,,,,,,,,,,,,,,,,,,,,,,High,High,High,High,High,,,,v3
254,2/8/2023,3,1,1000064440,Left,T_B,1000066765,Right,T_A,9,Bottom,1,0,0,0-0,ChangeUp,Changeup,FoulBall,Undefined,Undefined,,Undefined,0,0,77.30361,-2.251409,3.210473,1583.429035,161.586469,11:30,5.65869,-2.4062,5.77401,-29.49639,17.6656,-5.36744,1.10126,0.13712,70.93211,-7.737433,2.250841,0.494274,,,,,,,,,,,,3.6713,10.11717,2.14414,50,5.45463,-6.09074,-112.03387,-5.25273,4.65957,20.5068,-19.33347,76.25822,,6.3715,,,,1000055344,Right,54.725,-112.89542,10.2534,5.65825,-4.44047,-9.66674,2.40414,-6.2865,2.32978,,,,,,,,,,,,,,,,,,,,,,,,,,,,,,,,,,,,,,,,,,,,,,,,,,,High,High,High,,,,,,v3
255,2/8/2023,3,2,1000064440,Left,T_B,1000066765,Right,T_A,9,Bottom,1,0,1,0-1,Fastball,Four-Seam,StrikeCalled,Undefined,Undefined,,Undefined,0,0,86.67924,-2.779549,1.808686,1884.007859,167.3135,11:30,5.59432,-2.16231,6.32376,-22.22753,14.29194,-2.96343,1.17892,-0.743,79.75908,-6.958692,1.272405,0.434944,,,,,,,,,,,,2.02654,8.54024,2.03154,50,5.38042,-3.85996,-125.85192,-6.7501,3.26109,24.74361,-18.43124,86.66042,,6.92015,,,,1000055344,Right,54.17457,-126.67001,12.3718,5.59352,-6.14071,-9.21562,2.16095,-3.96778,1.63054,,,,,,,,,,,,,,,,,,,,,,,,,,,,,,,,,,,,,,,,,,,,,,,,,,,High,High,High,,,,,,v3
256,2/8/2023,3,3,1000064440,Left,T_B,1000066765,Right,T_A,9,Bottom,2,0,2,0-2,Curveball,Curveball,StrikeCalled,Strikeout,Undefined,,Undefined,0,0,68.01979,3.590816,-1.131416,2270.595507,321.014557,4:45,5.61073,-2.33246,5.32647,-80.16953,-17.18292,15.76363,2.30446,-2.08063,61.69483,-10.959889,1.673674,0.57121,,,,,,,,,,,,-8.22792,-9.06241,2.42306,50,5.87826,1.38424,-98.49674,3.70119,-7.90905,18.78396,-40.88523,65.98705,,6.32496,,,,1000055344,Right,55.17731,-99.47919,9.39198,5.62876,5.83959,-20.44262,2.33984,1.7979,-3.95452,,,,,,,,,,,,,,,,,,,,,,,,,,,,,,,,,,,,,,,,,,,,,,,,,,,High,High,High,,,,,,v3
257,2/8/2023,1,1,1000103199,Right,T_A,1000064785,Right,T_B,10,Top,0,0,0,0-0,Fastball,Changeup,StrikeCalled,Undefined,Undefined,,Undefined,0,0,86.2736,-0.743731,-2.571705,1634.243049,197.726664,12:30,5.74144,1.10936,6.11626,-24.11241,13.34753,3.86681,3.04371,-0.94772,78.48146,-5.290211,-1.87567,0.440509,,,,,,,,,,,,-2.75752,7.48457,-0.91413,50,5.67183,5.4684,-125.18279,-2.34662,-4.34781,26.77353,-20.37299,85.5656,,7.79214,,,,1000103236,Right,54.38104,-126.1163,13.38677,5.74126,-1.63628,-10.1865,-1.10744,5.61999,-2.1739,,,,,,,,,,,,,,,,,,,,,,,,,,,,,,,,,,,,,,,,,,,,,,,,,,,High,High,High,,,,,,v3
258,2/8/2023,1,2,1000103199,Right,T_A,1000064785,Right,T_B,10,Top,0,0,1,0-1,Slider,Slider,StrikeCalled,Undefined,Undefined,,Undefined,0,0,78.70115,-0.550268,-1.839748,2230.199558,55.700806,7:45,6.03422,0.71292,5.32517,-46.59723,0.03512,-2.32429,1.63448,-1.20773,71.70988,-9.038094,-2.253134,0.49149,,,,,,,,,,,,0.58748,0.65516,-0.54474,50,5.95093,3.75682,-114.07061,-2.69214,0.76417,23.48697,-31.32184,76.69009,,6.99127,,,,1000103236,Right,55.17295,-115.13079,11.74348,6.04054,-1.2783,-15.66092,-0.71354,3.72233,0.38209,,,,,,,,,,,,,,,,,,,,,,,,,,,,,,,,,,,,,,,,,,,,,,,,,,,High,High,High,,,,,,v3
259,2/8/2023,1,3,1000103199,Right,T_A,1000064785,Right,T_B,10,Top,0,0,2,0-2,Fastball,Changeup,BallCalled,Undefined,Undefined,,Undefined,0,0,88.77331,0.257255,-0.600081,1659.46645,190.641762,12:15,5.84181,0.74964,5.80057,-18.82501,17.30304,3.00374,4.51235,0.44181,79.7191,-3.345756,-0.061986,0.432607,,,,,,,,,,,,-1.71201,9.08973,-0.70208,50,5.85189,1.21493,-128.69464,0.02644,-2.82352,30.84761,-17.18288,87.12856,,9.0542,,,,1000103236,Right,54.69319,-129.8147,15.4238,5.8396,0.65034,-8.59144,-0.74806,1.31745,-1.41176,,,,,,,,,,,,,,,,,,,,,,,,,,,,,,,,,,,,,,,,,,,,,,,,,,,High,High,High,,,,,,v3
260,2/8/2023,1,4,1000103199,Right,T_A,1000064785,Right,T_B,10,Top,0,1,2,1-2,Fastball,Slider,BallCalled,Undefined,Undefined,,Undefined,0,0,88.34027,-0.949757,-4.236543,1645.751894,175.268205,11:45,6.18482,0.23217,6.18606,-22.06336,13.55552,-1.02784,3.46677,-3.77244,80.70539,-5.104325,-4.421088,0.429548,,,,,,,,,,,,-0.67232,7.62906,0.08837,50,6.10176,9.52376,-127.99575,-2.78531,-1.11349,26.82824,-19.53895,87.74912,,7.63489,,,,1000103236,Right,54.31028,-128.89603,13.41412,6.18422,-2.12963,-9.76948,-0.23185,9.56113,-0.55674,,,,,,,,,,,,,,,,,,,,,,,,,,,,,,,,,,,,,,,,,,,,,,,,,,,High,High,High,,,,,,v3
261,2/8/2023,1,5,1000103199,Right,T_A,1000064785,Right,T_B,10,Top,0,2,2,2-2,Slider,Slider,BallCalled,Undefined,Undefined,,Undefined,0,0,78.15871,1.264195,-1.96907,2152.940215,76.181554,8:30,5.91764,0.76826,5.56008,-46.29947,0.61264,-4.15047,3.24135,-1.41798,70.88512,-7.244445,-2.709082,0.492962,,,,,,,,,,,,1.4665,0.41713,-0.59543,50,5.99669,4.05755,-113.2773,0.97486,1.8804,23.23516,-31.63921,76.46107,,7.27359,,,,1000103236,Right,54.93706,-114.2855,11.61758,5.9246,2.34771,-15.81961,-0.76972,3.97595,0.9402,,,,,,,,,,,,,,,,,,,,,,,,,,,,,,,,,,,,,,,,,,,,,,,,,,,High,High,High,,,,,,v3
262,2/8/2023,1,6,1000103199,Right,T_A,1000064785,Right,T_B,10,Top,0,3,2,3-2,Slider,Curveball,FoulBall,Undefined,Undefined,,Undefined,0,0,77.55584,0.274154,-1.995506,2139.883101,60.285534,8:00,5.80088,0.8543,5.3904,-49.21164,-1.16587,-5.03,1.95701,-1.43588,70.42773,-8.711571,-2.890528,0.498883,,,,,,,,,,,,1.89339,-0.23402,-0.67231,50,5.7907,4.11108,-112.39698,-1.10487,2.38256,23.47366,-32.46853,75.55361,,7.12811,,,,1000103236,Right,55.10837,-113.45883,11.73683,5.80746,0.36387,-16.23427,-0.85584,4.0033,1.19128,,,,,,,,,,,,,,,,,,,,,,,,,,,,,,,,,,,,,,,,,,,,,,,,,,,High,High,High,,,,,,v3
263,2/8/2023,1,7,1000103199,Right,T_A,1000064785,Right,T_B,10,Top,0,3,2,3-2,Fastball,Four-Seam,BallCalled,Walk,Undefined,,Undefined,0,0,89.33762,-2.009103,-3.326507,1656.425086,191.041452,12:15,5.82407,0.74946,6.20488,-19.5756,15.27733,2.75492,2.33444,-2.09485,81.39639,-5.720046,-2.830419,0.424904,,,,,,,,,,,,-2.39642,8.84705,-0.50074,50,5.66301,7.41463,-129.50419,-5.11717,-4.04976,28.28627,-17.22321,88.70809,,7.94123,,,,1000103236,Right,54.29233,-130.43835,14.14314,5.82261,-4.54837,-8.6116,-0.74782,7.54837,-2.02488,,,,,,,,,,,,,,,,,,,,,,,,,,,,,,,,,,,,,,,,,,,,,,,,,,,High,High,High,,,,,,v3
264,2/8/2023,2,1,1000103199,Right,T_A,1000187793,Left,T_B,10,Top,0,0,0,0-0,Fastball,Changeup,StrikeCalled,Undefined,Undefined,,Undefined,0,0,88.61676,-0.924852,-1.534673,1702.137243,196.795597,12:30,5.8299,1.12156,6.05306,-20.77745,14.8778,4.12118,3.24196,0.04406,80.33198,-4.866893,-0.792951,0.429767,,,,,,,,,,,,-2.58445,8.30115,-1.0044,50,5.74687,3.27367,-128.60238,-2.69679,-4.28782,28.99128,-18.40172,87.70435,,8.28478,,,,1000103236,Right,54.44349,-129.60021,14.49564,5.82879,-2.06343,-9.20086,-1.11961,3.42125,-2.14391,,,,,,,,,,,,,,,,,,,,,,,,,,,,,,,,,,,,,,,,,,,,,,,,,,,High,High,High,,,,,,v3
265,2/8/2023,2,2,1000103199,Right,T_A,1000187793,Left,T_B,10,Top,0,0,1,0-1,ChangeUp,Changeup,BallCalled,Undefined,Undefined,,Undefined,0,0,82.75021,-3.381621,-1.653758,1556.803161,228.36432,1:30,5.55229,1.30255,6.67139,-28.95494,11.01737,10.86461,0.04072,0.69452,75.67768,-8.823376,0.328346,0.455042,,,,,,,,,,,,-6.25154,7.24481,-1.1958,50,5.31398,3.08964,-120.06999,-7.87064,-9.04903,25.08613,-21.68723,82.83294,,7.07253,,,,1000103236,Right,53.82728,-120.86698,12.54306,5.55309,-7.18164,-10.84362,-1.29852,3.37713,-4.52451,,,,,,,,,,,,,,,,,,,,,,,,,,,,,75.71354,,,,,,,0.98317,5.68789,0.43825,,,,1.08266,109.21998,-11.15818,5.72522,8.80893,-13.37092,0.38196,-5.02972,4.15168,High,High,High,,,High,High,High,v3
266,2/8/2023,2,3,1000103199,Right,T_A,1000187793,Left,T_B,10,Top,0,1,1,1-1,ChangeUp,Changeup,InPlay,Undefined,Bunt,,Single,0,0,80.97109,-0.426303,-2.243871,1394.085689,247.580101,2:15,5.5997,1.27076,6.68085,-34.47986,6.90815,13.55544,2.33613,0.34683,74.20055,-6.908031,0.226517,0.463029,,,,,,,,,,,,-7.85126,4.13984,-1.12598,50,5.55743,4.16025,-117.73333,-1.80638,-10.9864,22.987,-26.38111,81.40398,,6.77054,,,,1000103236,Right,53.81963,-118.47675,11.4935,5.60205,-0.95319,-13.19055,-1.26628,4.51555,-5.4932,,,,,,,,,,,,,,,,,,,,,,,,,,,,,,,,,,,,,,,,,,,,,,,,,,,High,High,High,,,,,,v3
267,2/8/2023,3,1,1000103199,Right,T_A,1000110355,Right,T_B,10,Top,0,0,0,0-0,Slider,Curveball,BallCalled,Undefined,Undefined,,Undefined,0,0,78.37249,1.65542,-0.630833,1848.650212,74.746293,8:30,5.90375,0.98859,5.27925,-46.61329,-0.16913,-5.8002,3.57456,-0.08725,71.99655,-6.834722,-1.660473,0.490498,,,,,,,,,,,,2.72323,-0.08346,-0.92665,50,6.02063,1.48577,-113.76631,1.67517,3.57679,20.44734,-32.28366,76.84527,,6.37594,,,,1000103236,Right,55.22011,-114.70069,10.22367,5.91037,3.15043,-16.14183,-0.99081,1.32232,1.7884,,,,,,,,,,,,,,,,,,,,,,,,,,,,,,,,,,,,,,,,,,,,,,,,,,,High,High,High,,,,,,v3
268,2/8/2023,3,2,1000103199,Right,T_A,1000110355,Right,T_B,10,Top,0,1,0,1-0,Fastball,Changeup,BallCalled,Undefined,Undefined,,Undefined,0,0,86.4344,-0.249135,-2.391494,1579.77642,179.343669,12:00,5.86857,1.01649,5.88518,-22.36836,15.06489,-0.15909,3.77299,-1.2188,78.98881,-4.455927,-2.419996,0.440352,,,,,,,,,,,,-0.58551,8.13819,-0.82338,50,5.83558,5.24624,-125.46108,-1.23089,-0.93297,25.44432,-19.2061,85.59614,,7.44559,,,,1000103236,Right,54.6125,-126.39307,12.72216,5.86779,-0.5274,-9.60305,-1.01617,5.28041,-0.46649,,,,,,,,,,,,,,,,,,,,,,,,,,,,,,,,,,,,,,,,,,,,,,,,,,,High,High,High,,,,,,v3
269,2/8/2023,3,3,1000103199,Right,T_A,1000110355,Right,T_B,10,Top,0,2,0,2-0,Slider,Curveball,BallCalled,Undefined,Undefined,,Undefined,0,0,77.85929,-0.841236,-1.938802,1932.64667,73.49168,8:30,5.74466,0.96135,5.15758,-48.1155,-0.49555,-6.86855,0.94266,-1.43672,71.57277,-9.539688,-3.156516,0.496668,,,,,,,,,,,,2.87315,0.4213,-0.77473,50,5.62903,4.09441,-112.91088,-3.32641,3.68872,21.61391,-31.63314,75.89065,,6.28652,,,,1000103236,Right,55.34223,-113.92893,10.80696,5.75062,-1.83645,-15.81657,-0.96349,3.92066,1.84436,,,,,,,,,,,,,,,,,,,,,,,,,,,,,,,,,,,,,,,,,,,,,,,,,,,High,High,High,,,,,,v3
270,2/8/2023,3,4,1000103199,Right,T_A,1000110355,Right,T_B,10,Top,0,3,0,3-0,Slider,Curveball,StrikeCalled,Undefined,Undefined,,Undefined,0,0,78.28649,0.390845,-0.885146,1912.412399,71.70124,8:30,5.79807,1.14017,5.19557,-48.5316,-1.09303,-8.38457,2.12147,-0.39121,71.06065,-8.447288,-2.37281,0.495721,,,,,,,,,,,,3.8852,-0.15756,-1.05155,50,5.79787,2.09574,-113.46005,-0.92191,4.98792,23.68916,-32.37634,76.0356,,7.22584,,,,1000103236,Right,55.30192,-114.56168,11.84458,5.80574,0.5837,-16.18817,-1.14361,1.86379,2.49396,,,,,,,,,,,,,,,,,,,,,,,,,,,,,,,,,,,,,,,,,,,,,,,,,,,High,High,High,,,,,,v3
271,2/8/2023,3,5,1000103199,Right,T_A,1000110355,Right,T_B,10,Top,0,3,1,3-1,Fastball,Changeup,InPlay,Undefined,FlyBall,FlyBall,Sacrifice,1,1,86.1141,-1.175852,-2.548731,1452.705971,224.95515,1:30,5.83098,0.99791,5.84101,-29.95706,8.2376,6.89016,2.24053,-0.79819,78.10199,-6.748736,-1.313729,0.444808,82.9136,37.186916,11.864246,4612.859537,104.77871,73.73208,33.48764,247.6106,240.23699,26.213897,4.927644,-4.35083,4.9478,-0.79444,50,5.71758,5.27928,-124.85396,-3.55019,-6.78375,28.00731,-24.45948,84.73865,84.08391,8.01211,2.84077,2.47785,0.7694,1000103236,Right,54.65762,-125.89443,14.00366,5.83259,-2.64153,-12.22974,-0.99524,5.53129,-3.39188,205.694654,2.8431,94.76125,-23.91802,5.62418,-1.04117,0.16185,-0.02461,0.00315,-0.00019,2.47915,73.4684,-18.24933,0.65726,0.27684,-0.20127,0.06,-0.00843,0.00045,0.76891,19.93055,2.75055,-1.19496,0.29782,-0.05394,0.00755,-0.00076,4.00E-05,,,,,,,,,,,,,,,,,,,,,,,High,High,High,High,Medium,,,,v3
272,2/8/2023,4,1,1000103199,Right,T_A,1000187798,Right,T_B,10,Top,1,0,0,0-0,Slider,Slider,StrikeSwinging,Undefined,Undefined,,Undefined,0,0,79.00233,-1.425962,-0.739853,1874.880257,74.826459,8:30,5.91801,1.09896,5.27776,-45.81542,0.09646,-5.0328,0.76041,-0.01535,72.77806,-9.722644,-1.635473,0.487679,,,,,,,,,,,,2.31106,0.89925,-1.02761,50,5.75422,1.6819,-114.63887,-4.44568,3.06666,21.75974,-30.98078,77.28949,,6.22427,,,,1000103236,Right,55.22148,-115.62572,10.87987,5.92398,-3.04064,-15.49039,-1.10074,1.54282,1.53333,,,,,,,,,,,,,,,,,,,,,,,,,,,,,,,,,,,,,,,,,,,,,,,,,,,High,High,High,,,,,,v3
273,2/8/2023,4,2,1000103199,Right,T_A,1000187798,Right,T_B,10,Top,1,0,1,0-1,Slider,Slider,InPlay,Undefined,GroundBall,GroundBall,Single,0,0,78.39097,0.271395,-1.089117,2020.356144,90.058819,9:00,5.93182,0.72815,5.53942,-44.9025,1.59177,-1.58307,2.44365,-0.42182,71.38293,-7.967612,-1.371741,0.490762,97.24751,4.188796,-22.255713,1738.156329,,,,96.35072,92.81344,-25.444964,0.732751,0.46618,1.15315,-0.63262,50,5.92551,2.22306,-113.72883,-0.93454,0.60384,23.00594,-30.68041,76.80385,3.85173,7.00804,1.98177,2.48449,0.34673,1000103236,Right,54.95923,-114.72763,11.50297,5.93717,0.39745,-15.3402,-0.72857,2.19685,0.30192,,2.03662,130.63914,-20.13134,,,,,,,2.51903,9.77945,-18.09753,,,,,,,0.38343,-54.56171,-3.41367,,,,,,,,,,,,,,,,,,,,,,,,,,,,,High,High,High,High,High,,,,v3
274,2/8/2023,5,1,1000103199,Right,T_A,1000051953,Right,T_B,10,Top,1,0,0,0-0,Slider,Curveball,InPlay,Undefined,GroundBall,GroundBall,Out,1,0,78.20614,0.623717,-0.453681,1948.654528,104.382637,9:30,5.89936,1.00898,5.27073,-45.07861,2.06685,-1.80315,2.72872,0.43256,71.19491,-7.615073,-0.773974,0.494187,78.27471,-18.750752,-29.505985,,,,,11.19389,11.19389,-23.66995,0.077844,0.76831,1.26973,-0.96612,50,5.92315,0.96954,-113.43079,-0.29489,0.99109,22.67052,-30.53619,76.27159,2.88197,7.01123,2.8636,2.88197,-0.31271,1000103236,Right,55.22801,-114.47091,11.33526,5.90454,1.1061,-15.2681,-1.00956,0.92407,0.49554,180,2.85978,94.91562,,,,,,,,2.88346,-37.02257,,,,,,,,-0.31054,-53.71376,,,,,,,,,,,,,,,,,,,,,,,,,,,,,,High,High,High,Low,Low,,,,v3
