PitchNo,Date,PAofInning,PitchofPA,PitcherId,PitcherThrows,PitcherTeam,BatterId,BatterSide,BatterTeam,Inning,Top/Bottom,Outs,Balls,Strikes,Count,TaggedPitchType,AutoPitchType,PitchCall,KorBB,TaggedHitType,AutoHitType,PlayResult,OutsOnPlay,RunsScored,RelSpeed,VertRelAngle,HorzRelAngle,SpinRate,SpinAxis,Tilt,RelHeight,RelSide,Extension,VertBreak,InducedVertBreak,HorzBreak,PlateLocHeight,PlateLocSide,ZoneSpeed,VertApprAngle,HorzApprAngle,ZoneTime,ExitSpeed,Angle,Direction,HitSpinRate,PositionAt110X,PositionAt110Y,PositionAt110Z,Distance,LastTrackedDistance,Bearing,HangTime,pfxx,pfxz,x0,y0,z0,vx0,vy0,vz0,ax0,ay0,az0,EffectiveVelo,MaxHeight,SpeedDrop,ContactPositionX,ContactPositionY,ContactPositionZ,CatcherId,CatcherThrows,PitchTrajectoryXc0,PitchTrajectoryXc1,PitchTrajectoryXc2,PitchTrajectoryYc0,PitchTrajectoryYc1,PitchTrajectoryYc2,PitchTrajectoryZc0,PitchTrajectoryZc1,PitchTrajectoryZc2,HitSpinAxis,HitTrajectoryXc0,HitTrajectoryXc1,HitTrajectoryXc2,HitTrajectoryXc3,HitTrajectoryXc4,HitTrajectoryXc5,HitTrajectoryXc6,HitTrajectoryXc7,HitTrajectoryXc8,HitTrajectoryYc0,HitTrajectoryYc1,HitTrajectoryYc2,HitTrajectoryYc3,HitTrajectoryYc4,HitTrajectoryYc5,HitTrajectoryYc6,HitTrajectoryYc7,HitTrajectoryYc8,HitTrajectoryZc0,HitTrajectoryZc1,HitTrajectoryZc2,HitTrajectoryZc3,HitTrajectoryZc4,HitTrajectoryZc5,HitTrajectoryZc6,HitTrajectoryZc7,HitTrajectoryZc8,ThrowSpeed,PopTime,ExchangeTime,TimeToBase,CatchPositionX,CatchPositionY,CatchPositionZ,ThrowPositionX,ThrowPositionY,ThrowPositionZ,BasePositionX,BasePositionY,BasePositionZ,ThrowTrajectoryXc0,ThrowTrajectoryXc1,ThrowTrajectoryXc2,ThrowTrajectoryYc0,ThrowTrajectoryYc1,ThrowTrajectoryYc2,ThrowTrajectoryZc0,ThrowTrajectoryZc1,ThrowTrajectoryZc2,PitchReleaseConfidence,PitchLocationConfidence,PitchMovementConfidence,HitLaunchConfidence,HitLandingConfidence,CatcherThrowCatchConfidence,CatcherThrowReleaseConfidence,CatcherThrowLocationConfidence,System
1,2/1/2023,1,1,691205,Right,T_A,8886045,Left,T_B,1,Top,0,0,0,0-0,Fastball,Four-Seam,FoulBall,Undefined,Undefined,,Undefined,0,0,95.60174,-2.409789,-2.381837,2230.595219,228.761048,1:45,5.36462,1.62273,5.63241,-17.19969,13.88249,14.64233,1.67968,0.61936,86.94659,-5.645382,0.232329,0.401261,,,,,,,,,,,,-8.20422,8.07579,-1.4299,50,5.14856,5.09563,-138.59264,-6.43251,-15.86299,32.68183,-16.55932,93.93494,,8.65515,,,,1000055344,Right,54.86759,-139.73576,16.34092,5.36343,-5.85331,-8.27966,-1.61783,5.65047,-7.93149,,,,,,,,,,,,,,,,,,,,,,,,,,,,,,,,,,,,,,,,,,,,,,,,,,,High,High,High,,,,,,v3
2,2/1/2023,1,2,691205,Right,T_A,8886045,Left,T_B,1,Top,0,0,1,0-1,Slider,Slider,StrikeCalled,Undefined,Undefined,,Undefined,0,0,84.09978,0.722981,-1.370874,2497.700702,71.231229,8:15,5.24975,1.61385,4.16973,-44.57947,-2.2289,-10.62776,2.22804,-0.58609,76.77706,-7.229167,-3.219173,0.468383,,,,,,,,,,,,4.6974,-0.86165,-1.45022,50,5.28263,3.4283,-121.79055,-0.36644,7.02174,24.98653,-33.46207,80.47355,,7.32273,,,,1000055344,Right,56.32897,-123.08215,12.49326,5.25687,1.36327,-16.73104,-1.61805,3.06533,3.51087,,,,,,,,,,,,,,,,,,,,,,,,,,,,,,,,,,,,,,,,,,,,,,,,,,,High,High,High,,,,,,v3
3,2/1/2023,1,3,691205,Right,T_A,8886045,Left,T_B,1,Top,0,0,2,0-2,Slider,Slider,StrikeSwinging,Strikeout,Undefined,,Undefined,0,0,84.14839,-0.488789,-1.271368,2352.432279,71.780194,8:30,5.28453,1.73137,3.96929,-44.674,-2.3674,-11.10229,1.09135,-0.41712,77.56837,-8.389095,-3.197416,0.46814,,,,,,,,,,,,4.9904,-0.66087,-1.57295,50,5.17845,3.24155,-121.96432,-2.983,7.5342,23.47358,-33.17176,80.5154,,6.58002,,,,1000055344,Right,56.53153,-123.21499,11.73679,5.29031,-1.21562,-16.58588,-1.73497,2.84013,3.7671,,,,,,,,,,,,,,,,,,,,,,,,,,,,,64.26999,2.409226,1.319578,1.089648,1.55119,1.11116,0.40962,-0.72476,5.20364,-0.39652,72.79345,7.29002,-51.99114,-0.63156,73.02785,-5.14229,5.32275,17.87261,-14.69408,-0.54592,-53.88692,6.06577,High,High,High,,,High,High,High,v3
4,2/1/2023,2,1,691205,Right,T_A,691273,Right,T_B,1,Top,1,0,0,0-0,Fastball,Sinker,BallCalled,Undefined,Undefined,,Undefined,0,0,96.70738,-2.698448,-4.607513,2340.489952,238.355995,2:00,5.44547,1.51234,5.50988,-19.74733,10.69146,15.77954,1.26635,-1.49074,88.54212,-6.359517,-1.806135,0.397086,,,,,,,,,,,,-9.22315,6.41748,-1.12064,50,5.19604,10.52435,-139.90852,-7.35814,-18.33462,30.70288,-19.41675,94.92249,,8.16526,,,,1000055344,Right,54.99009,-140.99934,15.35144,5.4452,-6.66829,-9.70838,-1.50613,11.17575,-9.16731,,,,,,,,,,,,,,,,,,,,,,,,,,,,,,,,,,,,,,,,,,,,,,,,,,,High,High,High,,,,,,v3
5,2/1/2023,2,2,691205,Right,T_A,691273,Right,T_B,1,Top,1,1,0,1-0,Fastball,Sinker,StrikeCalled,Undefined,Undefined,,Undefined,0,0,96.05801,-2.832252,-3.199716,2369.478103,229.405274,1:45,5.44807,1.4069,5.75815,-16.11312,14.43072,15.68611,1.46273,-0.26738,87.76025,-5.869314,-0.39541,0.397771,,,,,,,,,,,,-8.91878,8.44713,-1.1513,50,5.2031,7.06617,-139.20487,-7.43785,-17.49765,31.29712,-15.60169,94.7591,,8.29776,,,,1000055344,Right,54.74185,-140.26691,15.64856,5.44651,-6.90842,-7.80084,-1.40115,7.65994,-8.74883,,,,,,,,,,,,,,,,,,,,,,,,,,,,,,,,,,,,,,,,,,,,,,,,,,,High,High,High,,,,,,v3
6,2/1/2023,2,3,691205,Right,T_A,691273,Right,T_B,1,Top,1,1,1,1-1,Slider,Curveball,StrikeCalled,Undefined,Undefined,,Undefined,0,0,83.68362,1.085953,-0.529826,2323.991477,82.646189,8:45,5.34185,1.49869,4.28122,-43.41809,-0.85976,-17.34981,2.76266,-0.45397,76.38362,-6.687372,-3.55351,0.469531,,,,,,,,,,,,8.21863,-0.32878,-1.42216,50,5.41549,1.94387,-121.25153,0.48695,12.17869,24.73151,-32.66124,80.27687,,7.3,,,,1000055344,Right,56.21842,-122.51333,12.36576,5.34814,2.15332,-16.33062,-1.50548,1.32252,6.08934,,,,,,,,,,,,,,,,,,,,,,,,,,,,,,,,,,,,,,,,,,,,,,,,,,,High,High,High,,,,,,v3
7,2/1/2023,2,4,691205,Right,T_A,691273,Right,T_B,1,Top,1,1,1,1-1,Slider,Curveball,InPlay,Undefined,GroundBall,GroundBall,Out,1,0,83.58098,0.261068,-0.631551,2379.132438,48.679417,7:30,5.41221,1.38758,4.41504,-51.37755,-9.02434,-11.78367,1.37989,-0.19708,76.75942,-8.886568,-2.694296,0.468397,90.6073,-5.628768,9.825525,,,,,13.97881,13.97881,9.731725,0.095052,5.58378,-4.15299,-1.30801,50,5.38875,1.87586,-121.21816,-1.58364,8.27826,24.49057,-38.33112,80.47105,1.26682,6.82155,1.52543,1.26682,0.20281,1000055344,Right,56.08706,-122.4418,12.24529,5.42003,0.33152,-19.16556,-1.3914,1.46224,4.13913,200.353075,1.52552,130.2974,-14.7186,,,,,,,1.26677,-13.02631,-3.16004,,,,,,,0.20279,22.57098,1.63004,,,,,,,,,,,,,,,,,,,,,,,,,,,,,High,High,High,High,High,,,,v3
8,2/1/2023,3,1,691205,Right,T_A,1000051968,Left,T_B,1,Top,2,0,0,0-0,Cutter,Slider,StrikeSwinging,Undefined,Undefined,,Undefined,0,0,90.16602,-1.267945,-2.562478,2338.666261,213.390406,1:00,5.34558,1.6353,5.11563,-29.16151,5.8554,3.21614,1.71962,-0.51224,83.56282,-6.562298,-1.993844,0.425903,,,,,,,,,,,,-2.22343,3.52433,-1.39664,50,5.20338,5.7093,-130.88325,-4.05279,-3.90651,24.28875,-25.98185,88.50014,,6.6032,,,,1000055344,Right,55.38443,-131.87868,12.14438,5.34765,-2.98797,-12.99093,-1.63391,5.8694,-1.95326,,,,,,,,,,,,,,,,,,,,,,,,,,,,,,,,,,,,,,,,,,,,,,,,,,,High,High,High,,,,,,v3
9,2/1/2023,3,2,691205,Right,T_A,1000051968,Left,T_B,1,Top,2,0,1,0-1,Cutter,Cutter,BallCalled,Undefined,Undefined,,Undefined,0,0,89.92947,0.865196,-1.670849,2359.944839,178.39083,12:00,5.48534,1.45742,4.6694,-26.0845,9.7393,-0.24508,4.13383,-0.15046,82.84732,-3.878659,-1.713813,0.430782,,,,,,,,,,,,-0.29055,4.86847,-1.28691,50,5.55021,3.81864,-130.49902,0.90691,-0.50676,24.53757,-23.68311,87.49776,,7.08215,,,,1000055344,Right,55.82927,-131.59052,12.26879,5.48644,1.9604,-11.84156,-1.45727,3.84118,-0.25338,,,,,,,,,,,,,,,,,,,,,,,,,,,,,,,,,,,,,,,,,,,,,,,,,,,High,High,High,,,,,,v3
10,2/1/2023,3,3,691205,Right,T_A,1000051968,Left,T_B,1,Top,2,1,1,1-1,Slider,Curveball,BallCalled,Undefined,Undefined,,Undefined,0,0,83.77037,-1.269376,-2.658375,2541.992692,57.878035,8:00,5.28227,1.69487,4.16045,-49.33239,-6.54985,-12.60757,-0.04722,-1.90619,77.06711,-9.975172,-4.851469,0.470766,,,,,,,,,,,,5.3628,-2.50894,-1.38582,50,5.08865,6.21442,-121.25031,-4.77716,7.93445,25.06963,-35.88608,80.06626,,6.70325,,,,1000055344,Right,56.34139,-122.55444,12.53482,5.28861,-2.91036,-17.94304,-1.69836,5.80166,3.96722,,,,,,,,,,,,,,,,,,,,,,,,,,,,,,,,,,,,,,,,,,,,,,,,,,,High,High,High,,,,,,v3
11,2/1/2023,3,4,691205,Right,T_A,1000051968,Left,T_B,1,Top,2,2,1,2-1,Fastball,Sinker,BallCalled,Undefined,Undefined,,Undefined,0,0,96.44075,-3.027685,-4.361597,2491.286486,248.915316,2:15,5.33606,1.41597,5.70531,-22.00265,8.66536,19.71371,0.67066,-1.01297,87.56778,-7.117195,-0.844344,0.398579,,,,,,,,,,,,-11.37371,5.62445,-1.06245,50,5.06778,9.72136,-139.45401,-8.21107,-22.22296,33.64527,-21.18449,94.56709,,8.87297,,,,1000055344,Right,54.79452,-140.606,16.82264,5.33651,-7.48573,-10.59224,-1.40833,10.48225,-11.11148,,,,,,,,,,,,,,,,,,,,,,,,,,,,,,,,,,,,,,,,,,,,,,,,,,,High,High,High,,,,,,v3
12,2/1/2023,3,5,691205,Right,T_A,1000051968,Left,T_B,1,Top,2,3,1,3-1,Fastball,Sinker,BallCalled,Walk,Undefined,,Undefined,0,0,95.66418,-0.772754,-1.867605,2314.845652,241.636433,2:00,5.32645,1.66003,5.86707,-20.34958,10.403,17.35328,2.91241,1.37067,86.81692,-4.595757,1.245531,0.399128,,,,,,,,,,,,-9.40717,5.85693,-1.51875,50,5.25211,3.72801,-138.84509,-2.58428,-18.22722,33.24469,-20.82572,94.43697,,8.84725,,,,1000055344,Right,54.63128,-139.9496,16.62234,5.32648,-1.89238,-10.41286,-1.65267,4.33358,-9.11361,,,,,,,,,,,,,,,,,,,,,,,,,,,,,,,,,,,,,,,,,,,,,,,,,,,High,High,High,,,,,,v3
13,2/1/2023,4,1,691205,Right,T_A,1000110361,Right,T_B,1,Top,2,0,0,0-0,Slider,Slider,StrikeCalled,Undefined,Undefined,,Undefined,0,0,84.04767,1.026493,-1.248543,2452.625417,64.839964,8:15,5.35382,1.59341,4.20644,-46.209,-3.83288,-11.12056,2.48669,-0.52947,76.6637,-7.218214,-3.183931,0.468524,,,,,,,,,,,,4.97516,-1.72768,-1.44368,50,5.4183,3.18809,-121.71743,0.20965,7.42122,25.15999,-34.75116,80.44931,,7.38396,,,,1000055344,Right,56.29265,-123.01129,12.57999,5.36157,1.99674,-17.37558,-1.59782,2.80645,3.71061,,,,,,,,,,,,,,,,,,,,,,,,,,,,,,,,,,,,,,,,,,,,,,,,,,,High,High,High,,,,,,v3
14,2/1/2023,4,2,691205,Right,T_A,1000110361,Right,T_B,1,Top,2,0,1,0-1,Fastball,Sinker,InPlay,Undefined,FlyBall,FlyBall,Out,1,0,94.58543,-2.101376,-2.741059,2413.83869,232.641495,1:45,5.32966,1.64748,5.51734,-18.46355,13.53072,16.2708,1.82307,0.43847,85.73639,-5.567387,0.156743,0.407106,94.21537,31.098608,1.528978,3880.925855,109.53613,62.54133,10.09109,335.15494,328.02026,14.362434,5.416322,-9.08087,7.79583,-1.42001,50,5.13432,5.80152,-137.02893,-5.68259,-17.11683,32.72246,-17.47948,92.58629,88.53667,8.84903,1.79746,1.84987,-0.4356,1000055344,Right,54.98157,-138.21341,16.36123,5.32857,-5.04987,-8.73974,-1.64123,6.42111,-8.55841,209.791198,1.80492,118.13892,-24.2518,4.69005,-0.46825,-0.06587,0.0277,-0.00313,0.00012,1.84578,71.44047,-16.13192,0.74401,-0.11079,0.00564,0.00846,-0.002,0.00013,-0.43735,3.18894,7.89335,-2.6809,0.61737,-0.10332,0.01375,-0.00133,6.00E-05,,,,,,,,,,,,,,,,,,,,,,,High,High,High,High,Medium,,,,v3
15,2/1/2023,1,1,1000097856,Left,T_B,1000187793,Left,T_A,1,Bottom,0,0,0,0-0,Fastball,Sinker,StrikeCalled,Undefined,Undefined,,Undefined,0,0,88.1438,-0.304212,4.828052,1886.804869,113.653138,9:45,4.18483,-3.24733,5.93802,-27.50553,8.83115,-17.30851,1.60949,-0.20019,79.89185,-5.442231,1.732678,0.433854,,,,,,,,,,,,10.28619,4.98855,2.87107,50,4.14509,-10.04514,-127.56636,-1.58749,16.82473,28.05048,-24.01448,86.87811,,8.25196,,,,1000070079,Right,54.56027,-128.5652,14.02524,4.18639,-0.73237,-12.00724,3.23943,-10.64425,8.41237,,,,,,,,,,,,,,,,,,,,,,,,,,,,,,,,,,,,,,,,,,,,,,,,,,,High,High,High,,,,,,v3
16,2/1/2023,1,2,1000097856,Left,T_B,1000187793,Left,T_A,1,Bottom,0,0,1,0-1,Slider,Slider,BallCalled,Undefined,Undefined,,Undefined,0,0,80.2973,0.628563,3.094715,2296.565208,266.440289,3:00,4.1537,-3.40827,5.23017,-42.56802,1.77886,7.48689,1.19813,0.1276,74.04045,-7.098445,4.418744,0.479295,,,,,,,,,,,,-2.93547,1.08626,3.1171,50,4.17966,-6.59838,-116.46222,-0.21578,-4.04599,21.14507,-30.67682,78.64142,,6.25685,,,,1000070079,Right,55.27027,-117.4152,10.57253,4.15823,1.16679,-15.33841,3.41037,-6.41604,-2.023,,,,,,,,,,,,,,,,,,,,,,,,,,,,,,,,,,,,,,,,,,,,,,,,,,,High,High,High,,,,,,v3
17,2/1/2023,1,3,1000097856,Left,T_B,1000187793,Left,T_A,1,Bottom,0,1,1,1-1,Fastball,Sinker,InPlay,Undefined,GroundBall,GroundBall,Out,1,0,89.63583,0.400712,4.643887,2039.233646,116.983123,10:00,4.1284,-3.52956,5.71233,-25.46273,9.95894,-17.17525,2.38106,-0.62501,81.1227,-4.352376,1.585314,0.428357,72.07894,-24.982554,-19.980195,,,,,7.10934,4.04909,-9.166908,0.054295,10.15729,5.28717,3.15117,50,4.14638,-9.79414,-129.72561,0.03827,17.17862,29.04447,-23.23207,87.99303,2.43216,8.51313,2.11281,2.43216,0.65103,1000070079,Right,54.78688,-130.79296,14.52223,4.12929,0.89202,-11.61603,3.52269,-10.42543,8.58931,,2.11021,90.35347,,,,,,,,2.43344,-44.79521,,,,,,,,0.65197,-32.85061,,,,,,,,,,,,,,,,,,,,,,,,,,,,,,High,High,High,Estimated,Estimated,,,,v3
18,2/1/2023,2,1,1000097856,Left,T_B,1000058463,Right,T_A,1,Bottom,1,0,0,0-0,ChangeUp,Changeup,BallCalled,Undefined,Undefined,,Undefined,0,0,81.55706,1.080776,3.140385,1651.93197,86.962879,9:00,3.96183,-3.37221,6.28696,-40.67687,0.46118,-13.89205,1.56974,-1.63284,75.19837,-6.45854,0.631165,0.461629,,,,,,,,,,,,8.01973,0.34657,3.14707,50,4.02204,-5.99441,-118.50886,0.99082,11.48291,21.2019,-31.67781,81.65088,,6.35869,,,,1000070079,Right,54.21413,-119.26041,10.60095,3.96702,2.11371,-15.8389,3.36677,-6.40144,5.74146,,,,,,,,,,,,,,,,,,,,,,,,,,,,,,,,,,,,,,,,,,,,,,,,,,,High,High,High,,,,,,v3
19,2/1/2023,2,2,1000097856,Left,T_B,1000058463,Right,T_A,1,Bottom,1,1,0,1-0,ChangeUp,Changeup,InPlay,Undefined,LineDrive,LineDrive,Out,1,0,81.54793,1.650458,4.704899,1964.01341,84.202699,8:45,3.91903,-3.29491,6.23363,-42.27116,-0.50374,-18.29753,1.92458,-0.46956,74.34851,-6.191228,1.413379,0.465147,96.95362,16.62468,7.759719,2081.561249,107.82372,27.90134,21.77226,305.60017,294.71598,17.474598,3.285818,10.86205,-0.35787,2.9522,50,4.02164,-9.05326,-118.16141,2.11228,15.31031,23.15279,-32.67849,81.03337,33.19931,7.19941,1.44238,1.93464,0.45866,1000070079,Right,54.26771,-118.9947,11.5764,3.92445,3.2884,-16.33925,3.28795,-9.60429,7.65515,227.933019,1.44253,135.00127,-24.08189,5.01558,-0.88409,0.07566,0.01427,-0.00562,0.00058,1.93446,40.69012,-13.51402,0.03478,0.07328,0.04455,-0.03213,0.00842,-0.0008,0.45863,18.39846,7.66161,-3.14156,0.93982,-0.21589,0.03695,-0.00395,0.00019,,,,,,,,,,,,,,,,,,,,,,,High,High,High,High,High,,,,v3
20,2/1/2023,3,1,1000097856,Left,T_B,1000055244,Right,T_A,1,Bottom,2,0,0,0-0,Fastball,Sinker,FoulBall,Undefined,Undefined,,Undefined,0,0,90.00591,0.098225,4.660282,2176.666225,121.193909,10:00,4.20211,-3.30194,5.91195,-24.34962,10.35926,-15.22851,2.26445,-0.23606,81.86131,-4.458158,1.938651,0.424025,84.77502,27.306612,71.145307,4656.72399,,,,,91.36688,,,9.14146,5.6124,2.93617,50,4.19615,-9.9788,-130.35137,-0.58336,15.68568,28.09858,-22.54378,88.89198,40.26757,8.1446,0.61658,2.40528,-0.13778,1000070079,Right,54.58723,-131.33647,14.04929,4.20275,0.207,-11.27189,3.29565,-10.52872,7.84284,,0.61658,35.70405,-18.66424,5.3021,-1.26598,0.28799,-0.06367,0.01206,-0.00139,2.40528,57.03963,-18.85677,0.36523,0.32964,-0.17282,0.05633,-0.01344,0.00179,-0.13778,104.55269,-15.88995,4.55928,-1.09858,0.25198,-0.05599,0.0106,-0.00121,,,,,,,,,,,,,,,,,,,,,,,High,High,High,High,Low,,,,v3
21,2/1/2023,3,2,1000097856,Left,T_B,1000055244,Right,T_A,1,Bottom,2,0,1,0-1,Fastball,Sinker,BallCalled,Undefined,Undefined,,Undefined,0,0,89.64974,0.84735,3.462137,1988.085373,111.458465,9:45,4.23928,-3.1606,5.70208,-28.48789,6.21985,-13.33304,2.65635,-1.04175,82.66724,-4.405951,1.08322,0.424018,,,,,,,,,,,,7.62355,3.26162,2.87835,50,4.29263,-7.29836,-130.15227,0.9066,13.22954,24.32643,-26.51398,88.89342,,6.9825,,,,1000070079,Right,54.79845,-131.04607,12.16322,4.24142,1.88077,-13.25699,3.15543,-7.78444,6.61477,,,,,,,,,,,,,,,,,,,,,,,,,,,,,,,,,,,,,,,,,,,,,,,,,,,High,High,High,,,,,,v3
22,2/1/2023,3,3,1000097856,Left,T_B,1000055244,Right,T_A,1,Bottom,2,1,1,1-1,Slider,Slider,FoulBall,Undefined,Undefined,LineDrive,Undefined,0,0,78.54816,1.753113,3.900125,2319.92733,279.281245,3:15,4.14747,-3.46319,5.32719,-46.4142,0.26748,7.52473,1.92897,0.82917,71.76206,-6.703664,5.229924,0.49175,96.31097,11.013829,-91.582473,2942.13514,17.97016,13.67217,-108.52223,196.34584,82.64882,-76.610469,1.817658,-2.70032,-0.12409,3.10416,50,4.27235,-8.03772,-113.72747,1.93755,-3.51309,22.15013,-32.3355,76.64957,13.74807,6.7861,,,,1000070079,Right,55.17467,-114.73089,11.07507,4.1514,3.40237,-16.16775,3.46467,-7.87857,-1.75655,,8.09256,-3.8297,19.75757,-4.83027,0.71595,0.26031,-0.25761,0.08757,-0.01143,2.64967,26.98386,-17.46636,2.19296,-2.1457,1.97192,-1.09531,0.32816,-0.04089,-0.22782,-138.60185,27.14336,-6.64012,1.12839,0.18871,-0.25552,0.09041,-0.01196,,,,,,,,,,,,,,,,,,,,,,,High,High,High,Medium,Low,,,,v3
23,2/1/2023,3,4,1000097856,Left,T_B,1000055244,Right,T_A,1,Bottom,2,1,2,1-2,Fastball,Slider,BallCalled,Undefined,Undefined,,Undefined,0,0,78.75282,1.617762,0.642132,2268.441783,276.305451,3:15,4.20258,-3.53229,5.49406,-45.19873,-0.17331,12.17867,1.94981,-1.91671,73.31541,-6.611781,2.811986,0.482948,,,,,,,,,,,,-6.01201,-0.10433,3.46761,50,4.31322,-1.75203,-114.54078,1.71459,-8.1109,18.07958,-32.31482,78.04656,,5.43741,,,,1000070079,Right,55.00806,-115.32857,9.03979,4.20784,3.12265,-16.15741,3.53625,-1.39862,-4.05545,,,,,,,,,,,,,,,,,,,,,,,,,,,,,,,,,,,,,,,,,,,,,,,,,,,High,High,High,,,,,,v3
24,2/1/2023,3,5,1000097856,Left,T_B,1000055244,Right,T_A,1,Bottom,2,2,2,2-2,Fastball,Sinker,BallCalled,Undefined,Undefined,,Undefined,0,0,90.90402,0.330125,2.888602,2136.264491,116.367432,10:00,4.262,-3.34664,5.62157,-25.1732,8.82914,-15.75769,2.4727,-1.96184,83.39538,-4.333558,0.078298,0.419687,,,,,,,,,,,,8.71867,4.70327,3.1104,50,4.27402,-5.95434,-131.96433,-0.14421,15.46647,26.51122,-23.83073,89.81078,,7.50863,,,,1000070079,Right,54.87806,-132.9407,13.25561,4.26317,0.73345,-11.91537,3.34018,-6.52395,7.73323,,,,,,,,,,,,,,,,,,,,,,,,,,,,,,,,,,,,,,,,,,,,,,,,,,,High,High,High,,,,,,v3
25,2/1/2023,3,6,1000097856,Left,T_B,1000055244,Right,T_A,1,Bottom,2,3,2,3-2,Fastball,Sinker,FoulBall,Undefined,Undefined,,Undefined,0,0,89.3108,1.114335,3.62345,1929.339477,139.045745,10:45,4.20252,-3.32427,6.03185,-25.4321,9.20516,-7.12713,3.1173,-0.55825,82.15065,-3.626219,2.345286,0.423587,82.33854,27.193814,137.096705,2723.818101,,,,,45.77172,,,4.58772,4.76461,3.04474,50,4.27584,-7.9167,-129.6364,1.69131,7.87734,24.81759,-23.99301,88.98384,23.15406,7.16016,0.03007,3.23709,0.23453,1000070079,Right,54.46788,-130.48893,12.40879,4.20359,2.51551,-11.99651,3.32134,-8.1873,3.93867,,0.02681,-78.58601,6.78007,,,,,,,3.2516,54.75717,-23.87157,,,,,,,0.2487,72.70195,-13.07416,,,,,,,,,,,,,,,,,,,,,,,,,,,,,High,High,High,High,Low,,,,v3
26,2/1/2023,3,7,1000097856,Left,T_B,1000055244,Right,T_A,1,Bottom,2,3,2,3-2,Slider,Slider,InPlay,Undefined,FlyBall,FlyBall,Out,1,0,78.73171,2.124179,2.801335,2266.488684,267.95514,3:00,4.18014,-3.34449,5.55741,-44.06589,1.7424,9.13201,2.49593,0.03594,72.08365,-5.954276,4.425032,0.487129,74.42579,38.945057,8.193515,4756.67233,107.12397,71.92264,24.98886,214.44078,194.23002,20.600309,4.745349,-3.85232,0.66169,3.096,50,4.33466,-5.93449,-114.15041,2.79535,-5.07349,21.37787,-31.30261,77.37677,75.79955,6.64806,1.97904,2.5686,0.00729,1000070079,Right,54.94273,-115.07235,10.68894,4.185,4.14531,-15.6513,3.34721,-5.7157,-2.53675,200.764241,1.97964,84.0263,-18.3422,4.00362,-0.82095,0.16546,-0.03204,0.00433,-0.00026,2.56972,68.5748,-18.1451,1.19707,-0.0522,-0.07186,0.02977,-0.0048,0.00028,0.00749,12.09077,2.22224,-0.63812,0.12735,-0.01355,-0.00051,0.00028,-2.00E-05,,,,,,,,,,,,,,,,,,,,,,,High,High,High,High,Medium,,,,v3
27,2/1/2023,1,1,691205,Right,T_A,1000069979,Right,T_B,2,Top,0,0,0,0-0,Fastball,Sinker,FoulBall,Undefined,Undefined,,Undefined,0,0,93.78187,-1.041824,-2.521474,2191.353895,244.376777,2:15,5.29333,1.68577,5.5517,-22.44163,9.79386,18.25816,2.44864,0.84964,85.58772,-5.210278,0.733605,0.408638,,,,,,,,,,,,-9.88186,5.5574,-1.47969,50,5.18845,5.13143,-136.0536,-3.3038,-18.5048,30.11474,-21.76723,92.23916,,8.19415,,,,1000055344,Right,54.94695,-137.14421,15.05737,5.29382,-2.5155,-10.88362,-1.67766,5.80158,-9.2524,,,,,,,,,,,,,,,,,,,,,,,,,,,,,,,,,,,,,,,,,,,,,,,,,,,High,High,High,,,,,,v3
28,2/1/2023,1,2,691205,Right,T_A,1000069979,Right,T_B,2,Top,0,0,1,0-1,Slider,Slider,BallCalled,Undefined,Undefined,,Undefined,0,0,82.62866,1.919161,0.236264,2388.229415,60.856303,8:00,5.32011,1.72751,3.94555,-47.26857,-3.95559,-9.13563,3.22887,1.19361,76.79662,-6.437966,-1.3464,0.473675,,,,,,,,,,,,4.41532,-1.97929,-1.74357,50,5.48607,-0.05776,-119.9426,1.97059,6.54471,19.38898,-35.1079,79.57451,,5.83204,,,,1000055344,Right,56.55659,-120.99785,9.69449,5.32683,3.88134,-17.55395,-1.73074,-0.41395,3.27236,,,,,,,,,,,,,,,,,,,,,,,,,,,,,,,,,,,,,,,,,,,,,,,,,,,High,High,High,,,,,,v3
29,2/1/2023,1,3,691205,Right,T_A,1000069979,Right,T_B,2,Top,0,1,1,1-1,Slider,Slider,BallCalled,Undefined,Undefined,,Undefined,0,0,81.50292,1.012574,-2.410211,2455.497619,81.276882,8:45,5.37121,1.59018,4.14161,-45.43896,-0.6539,-12.87276,2.55669,-1.79538,75.13751,-7.065977,-4.643399,0.481657,,,,,,,,,,,,5.56244,-0.20378,-1.30761,50,5.43526,5.56573,-118.09318,0.21565,7.89094,21.53047,-32.46314,78.25574,,6.3654,,,,1000055344,Right,56.35894,-119.24689,10.76523,5.37709,1.95519,-16.23157,-1.59452,5.14289,3.94547,,,,,,,,,,,,,,,,,,,,,,,,,,,,,,,,,,,,,,,,,,,,,,,,,,,High,High,High,,,,,,v3
30,2/1/2023,1,4,691205,Right,T_A,1000069979,Right,T_B,2,Top,0,2,1,2-1,Fastball,Sinker,InPlay,Undefined,GroundBall,GroundBall,Single,0,1,94.21746,-1.461778,-2.532648,2323.243159,234.176593,1:45,5.48474,1.47826,5.61134,-18.32674,13.39851,17.20595,2.59148,0.54663,86.34286,-4.891023,0.537414,0.405391,80.49192,6.587615,-2.60369,986.682144,,,,90.39973,90.39973,-1.676615,0.823536,-9.46201,7.48823,-1.27339,50,5.348,5.27155,-136.76767,-4.13444,-17.98245,29.21406,-17.94279,92.97798,4.69915,7.87461,1.77415,2.526,-0.52116,1000055344,Right,54.88949,-137.80812,14.60703,5.48387,-3.4954,-8.9714,-1.47254,5.91199,-8.99123,320.30409,1.77415,117.15411,-12.75273,1.58655,-0.31799,0.04628,-0.00756,0.0009,5.00E-05,2.526,13.54351,-21.73606,2.21307,-0.44867,0.09825,-0.01806,0.00339,-0.00043,-0.52116,-5.3275,4.04381,-1.02496,0.24105,-0.05342,0.01082,-0.00215,0.00027,,,,,,,,,,,,,,,,,,,,,,,High,High,High,High,High,,,,v3
31,2/1/2023,2,1,691205,Right,T_A,1000079407,Left,T_B,2,Top,0,0,0,0-0,Curveball,Cutter,StrikeSwinging,Undefined,Undefined,,Undefined,0,0,89.04195,-0.220633,-1.818024,2230.734139,179.592793,12:00,5.34574,1.76594,4.94643,-26.1856,9.51977,-0.06146,2.95501,0.04224,83.20874,-4.971321,-1.828856,0.430069,,,,,,,,,,,,-0.34972,5.04225,-1.5894,50,5.30264,4.11219,-129.4648,-1.52934,-0.60808,20.82981,-23.40694,87.64276,,5.83321,,,,1000055344,Right,55.55442,-130.35539,10.41491,5.34663,-0.52855,-11.70347,-1.76577,4.13819,-0.30404,,,,,,,,,,,,,,,,,,,,,,,,,,,,,,,,,,,,,,,,,,,,,,,,,,,High,High,High,,,,,,v3
32,2/1/2023,2,2,691205,Right,T_A,1000079407,Left,T_B,2,Top,0,0,1,0-1,Cutter,Cutter,BallCalled,Undefined,Undefined,,Undefined,0,0,89.25839,-0.037564,-3.126067,2304.885134,171.099534,11:45,5.2894,1.76825,4.79947,-26.61222,9.30851,-1.31453,3.03607,-1.30634,83.12712,-4.853869,-3.356625,0.431364,,,,,,,,,,,,-0.03579,4.87981,-1.45534,50,5.26259,7.13853,-129.5811,-1.15377,-0.06211,21.79068,-23.70421,87.37961,,6.13127,,,,1000055344,Right,55.70116,-130.5363,10.89534,5.29039,-0.11469,-11.8521,-1.76832,7.14125,-0.03105,,,,,,,,,,,,,,,,,,,,,,,,,,,,,,,,,,,,,,,,,,,,,,,,,,,High,High,High,,,,,,v3
33,2/1/2023,2,3,691205,Right,T_A,1000079407,Left,T_B,2,Top,0,1,1,1-1,Cutter,Cutter,FoulBall,Undefined,Undefined,GroundBall,Undefined,0,0,89.75808,-1.112515,-2.524694,2266.290699,176.840333,12:00,5.38231,1.62292,4.91975,-23.50517,11.85985,-0.60406,2.37056,-0.81594,83.58387,-5.388668,-2.631019,0.428014,84.43141,-1.829621,50.152139,4851.611148,,,,35.10867,34.37395,47.946281,0.280181,-0.26032,6.40701,-1.37603,50,5.25423,5.77595,-130.36834,-3.4504,-0.45679,22.37379,-20.93151,88.0635,2.52946,6.1742,2.42331,2.52946,0.59312,1000055344,Right,55.58162,-131.32276,11.1869,5.38237,-2.5575,-10.46575,-1.62284,5.79544,-0.2284,,2.42624,79.16565,-13.92358,,,,,,,2.53197,-4.07319,-17.74691,,,,,,,0.59583,94.89502,-14.23416,,,,,,,,,,,,,,,,,,,,,,,,,,,,,High,High,High,Medium,High,,,,v3
34,2/1/2023,2,4,691205,Right,T_A,1000079407,Left,T_B,2,Top,0,1,2,1-2,Fastball,Four-Seam,BallCalled,Undefined,Undefined,,Undefined,0,0,96.09647,-3.079844,-3.0924,2425.859472,220.640014,1:15,5.44673,1.62496,5.57455,-16.09351,14.71446,11.7565,1.22199,-0.28651,87.65039,-6.104717,-0.99793,0.399487,,,,,,,,,,,,-6.82559,8.62217,-1.36642,50,5.17064,6.96165,-139.14824,-8.05097,-13.35841,31.74672,-15.29957,94.35202,,8.44608,,,,1000055344,Right,54.92403,-140.26716,15.87336,5.4449,-7.51173,-7.64978,-1.62008,7.43247,-6.67921,,,,,,,,,,,,,,,,,,,,,,,,,,,,,,,,,,,,,,,,,,,,,,,,,,,High,High,High,,,,,,v3
35,2/1/2023,2,5,691205,Right,T_A,1000079407,Left,T_B,2,Top,0,2,2,2-2,Slider,Slider,FoulBall,Undefined,Undefined,,Undefined,0,0,84.24535,1.036108,-0.641309,2599.850332,58.859252,8:00,5.2502,1.72436,3.95483,-47.449,-4.9578,-10.4913,2.29332,0.23293,76.93856,-7.384959,-2.460198,0.46916,,,,,,,,,,,,4.85941,-2.34347,-1.63826,50,5.31488,1.87363,-122.02182,0.13342,7.29402,25.00457,-35.69161,80.34027,,7.30679,,,,1000055344,Right,56.54587,-123.3559,12.50229,5.25696,2.03769,-17.8458,-1.72785,1.48447,3.64701,,,,,,,,,,,,,,,,,,,,,,,,,,,,,,,,,,,,,,,,,,,,,,,,,,,High,High,High,,,,,,v3
36,2/1/2023,2,6,691205,Right,T_A,1000079407,Left,T_B,2,Top,0,2,2,2-2,Slider,Curveball,StrikeCalled,Strikeout,Undefined,,Undefined,0,0,84.65371,0.813793,0.188162,2356.959581,54.346973,7:45,5.15941,1.68843,4.09039,-53.92369,-11.2465,-17.94863,1.447,0.37333,76.08983,-8.780916,-2.935724,0.470186,,,,,,,,,,,,8.6267,-5.16744,-1.68867,50,5.1919,0.48907,-122.37782,-0.64802,12.76183,29.66713,-39.81843,80.16504,,8.56388,,,,1000055344,Right,56.40822,-123.92158,14.83356,5.17172,1.42398,-19.90922,-1.69684,-0.175,6.38092,,,,,,,,,,,,,,,,,,,,,,,,,,,,,,,,,,,,,,,,,,,,,,,,,,,High,High,High,,,,,,v3
37,2/1/2023,3,1,691205,Right,T_A,1000102964,Right,T_B,2,Top,1,0,0,0-0,Slider,Slider,BallCalled,Undefined,Undefined,,Undefined,0,0,83.67197,-0.113009,-1.358553,2574.731643,74.542386,8:30,5.23573,1.69654,4.11766,-47.27404,-3.76437,-19.39659,1.18777,-1.22355,75.59688,-8.53631,-4.730448,0.474749,,,,,,,,,,,,8.82087,-1.29091,-1.52276,50,5.17263,3.8112,-120.96535,-2.25757,12.80064,28.12915,-34.04739,79.39443,,8.07509,,,,1000055344,Right,56.38013,-122.43999,14.06458,5.2442,-0.47267,-17.02369,-1.70497,3.14014,6.40032,,,,,,,,,,,,,,,,,,,,,,,,,,,,,,,,,,,,,,,,,,,,,,,,,,,High,High,High,,,,,,v3
38,2/1/2023,3,2,691205,Right,T_A,1000102964,Right,T_B,2,Top,1,1,0,1-0,Slider,Slider,StrikeSwinging,Undefined,Undefined,,Undefined,0,0,82.09541,2.095503,-0.31293,2485.505022,68.047552,8:15,5.24094,1.69227,4.04511,-50.48467,-5.29347,-17.19418,3.048,-0.04122,73.99483,-6.918218,-3.296309,0.483836,,,,,,,,,,,,8.05902,-2.68902,-1.63679,50,5.42214,1.48296,-118.67044,2.19113,11.30116,26.23312,-35.94483,77.90332,,8.10058,,,,1000055344,Right,56.45263,-120.08838,13.11656,5.2512,4.134,-17.97242,-1.70044,0.87212,5.65058,,,,,,,,,,,,,,,,,,,,,,,,,,,,,,,,,,,,,,,,,,,,,,,,,,,High,High,High,,,,,,v3
39,2/1/2023,3,3,691205,Right,T_A,1000102964,Right,T_B,2,Top,1,1,1,1-1,Fastball,Sinker,BallCalled,Undefined,Undefined,,Undefined,0,0,95.08817,-3.260862,-2.566838,2383.833063,236.500542,2:00,5.39199,1.61541,5.9345,-19.14407,12.36241,16.88434,0.76511,0.63949,85.54995,-6.877333,0.465777,0.403991,,,,,,,,,,,,-9.53638,7.7691,-1.4201,50,5.12061,5.40912,-137.60689,-8.48046,-17.93591,35.97795,-17.56203,93.30027,,9.53822,,,,1000055344,Right,54.56324,-138.79485,17.98898,5.39105,-7.90058,-8.78102,-1.60848,6.00134,-8.96795,,,,,,,,,,,,,,,,,,,,,,,,,,,,,,,,,,,,,,,,,,,,,,,,,,,High,High,High,,,,,,v3
40,2/1/2023,3,4,691205,Right,T_A,1000102964,Right,T_B,2,Top,1,2,1,2-1,Slider,Curveball,FoulBall,Undefined,Undefined,,Undefined,0,0,83.15057,1.093016,-0.114373,2395.621737,73.384409,8:30,5.19792,1.68411,4.26407,-47.47928,-3.96299,-18.41005,2.28735,0.0405,75.30903,-7.406371,-3.32395,0.474785,82.29914,-7.631057,-63.594089,,,,,,4.0298,,,8.89146,-1.87921,-1.65121,50,5.26804,1.10322,-120.37084,0.32209,12.85745,26.50511,-34.89145,79.38838,1.87807,7.84154,2.0317,1.87807,0.54593,1000055344,Right,56.23584,-121.7362,13.25256,5.20515,2.11946,-17.44573,-1.69098,0.44089,6.42873,180,2.03162,53.22461,,,,,,,,1.8781,-16.03464,,,,,,,,0.54608,-107.19253,,,,,,,,,,,,,,,,,,,,,,,,,,,,,,High,High,High,Low,Low,,,,v3
41,2/1/2023,3,5,691205,Right,T_A,1000102964,Right,T_B,2,Top,1,2,2,2-2,Fastball,Four-Seam,BallCalled,Undefined,Undefined,,Undefined,0,0,95.73128,1.751214,-1.462538,2425.634462,200.755304,12:45,5.63301,1.44672,5.28847,-15.54521,15.67887,5.57213,5.98304,0.53741,87.08945,-1.181009,-0.474414,0.402176,,,,,,,,,,,,-3.17016,7.6289,-1.31761,50,5.78155,3.26627,-138.82073,3.70556,-6.18808,30.99013,-17.2826,93.72124,,8.64183,,,,1000055344,Right,55.2079,-139.97851,15.49507,5.63105,4.35123,-8.6413,-1.44395,3.49745,-3.09404,,,,,,,,,,,,,,,,,,,,,,,,,,,,,,,,,,,,,,,,,,,,,,,,,,,High,High,High,,,,,,v3
42,2/1/2023,3,6,691205,Right,T_A,1000102964,Right,T_B,2,Top,1,3,2,3-2,Fastball,Sinker,FoulBall,Undefined,Undefined,,Undefined,0,0,94.71225,-1.690091,-2.433075,2386.886783,229.71249,1:45,5.34408,1.53531,5.65181,-18.67517,12.69894,13.83166,2.20964,0.41732,86.77338,-5.181063,0.03694,0.403141,,,,,,,,,,,,-7.68815,7.19847,-1.33805,50,5.18893,5.20627,-137.45478,-4.7158,-14.75243,29.62352,-18.36125,93.49691,,7.93887,,,,1000055344,Right,54.84782,-138.49561,14.81176,5.34329,-4.07067,-9.18063,-1.53008,5.7246,-7.37622,,,,,,,,,,,,,,,,,,,,,,,,,,,,,,,,,,,,,,,,,,,,,,,,,,,High,High,High,,,,,,v3
43,2/1/2023,3,7,691205,Right,T_A,1000102964,Right,T_B,2,Top,1,3,2,3-2,Slider,Slider,InPlay,Undefined,GroundBall,GroundBall,Out,1,0,84.39708,1.259954,-0.680259,2398.73084,64.359789,8:15,5.36253,1.61647,4.20905,-46.42384,-4.45666,-12.13292,2.70101,-0.04622,77.00944,-7.023457,-2.79277,0.466258,69.43469,-46.839104,-35.377947,,,,,4.49205,2.89469,-18.592974,0.036985,5.68166,-2.18,-1.52802,50,5.45213,2.02798,-122.27182,0.71212,8.55763,25.25399,-35.4575,80.84031,2.75872,7.38764,2.14823,2.75872,0.06557,1000055344,Right,56.29153,-123.56444,12.627,5.36924,2.527,-17.72875,-1.62061,1.58996,4.27882,,2.14683,57.03326,,,,,,,,2.76054,-74.59046,,,,,,,,0.06656,-40.4984,,,,,,,,,,,,,,,,,,,,,,,,,,,,,,High,High,High,Low,Low,,,,v3
44,2/1/2023,4,1,691205,Right,T_A,1000110355,Right,T_B,2,Top,2,0,0,0-0,Fastball,Sinker,FoulBall,Undefined,Undefined,,Undefined,0,0,94.7893,-2.392197,-3.36243,2447.688355,238.134964,2:00,5.45268,1.52213,5.82565,-20.13387,11.44284,16.6217,1.54585,-0.22217,85.84626,-6.173002,-0.386749,0.404441,77.31007,15.508496,140.672672,4785.237017,,,,,41.92552,,,-9.55721,6.90571,-1.2572,50,5.24502,7.31557,-137.2715,-6.43701,-18.04521,33.35535,-19.13516,93.19645,11.10487,8.94304,0.34275,1.32356,-0.0365,1000055344,Right,54.67327,-138.40239,16.67767,5.45226,-5.78824,-9.56758,-1.5156,7.92738,-9.0226,,0.34352,-84.54749,7.66088,,,,,,,1.32805,30.17662,-16.70834,,,,,,,-0.00668,68.28935,-24.69836,,,,,,,,,,,,,,,,,,,,,,,,,,,,,High,High,High,Medium,Low,,,,v3
45,2/1/2023,4,2,691205,Right,T_A,1000110355,Right,T_B,2,Top,2,0,1,0-1,Slider,Curveball,StrikeCalled,Undefined,Undefined,,Undefined,0,0,83.04825,0.623691,-0.75051,2404.602153,73.518148,8:30,5.30463,1.57761,4.37848,-47.13711,-3.79063,-17.83836,1.97218,-0.62562,75.49447,-7.815951,-3.866658,0.473858,,,,,,,,,,,,8.38867,-1.58587,-1.47847,50,5.32457,2.41216,-120.26758,-0.63697,12.13908,25.93774,-34.46894,79.54373,,7.55379,,,,1000055344,Right,56.12069,-121.58044,12.96887,5.31265,1.10771,-17.23447,-1.58501,1.79772,6.06954,,,,,,,,,,,,,,,,,,,,,,,,,,,,,,,,,,,,,,,,,,,,,,,,,,,High,High,High,,,,,,v3
46,2/1/2023,4,3,691205,Right,T_A,1000110355,Right,T_B,2,Top,2,0,2,0-2,Slider,Curveball,StrikeCalled,Strikeout,Undefined,,Undefined,0,0,84.41546,0.737277,1.080442,2279.804566,66.528185,8:15,5.31036,1.46695,4.29065,-48.43396,-6.30827,-17.9234,1.97952,1.00682,76.55935,-7.919062,-2.048338,0.467138,,,,,,,,,,,,8.97835,-2.84323,-1.56461,50,5.34076,-1.44243,-122.21816,-0.4949,13.40712,26.95412,-36.41976,80.68809,,7.85611,,,,1000055344,Right,56.20901,-123.57992,13.47706,5.31928,1.34507,-18.20988,-1.47463,-2.11977,6.70356,,,,,,,,,,,,,,,,,,,,,,,,,,,,,,,,,,,,,,,,,,,,,,,,,,,High,High,High,,,,,,v3
47,2/1/2023,1,1,1000097856,Left,T_B,1000066765,Right,T_A,2,Bottom,0,0,0,0-0,Fastball,Sinker,BallCalled,Undefined,Undefined,,Undefined,0,0,87.87263,-0.596388,2.27805,1924.291782,107.186203,9:30,4.29094,-3.36672,5.45701,-30.69462,6.18201,-16.12871,1.17433,-2.57723,80.25242,-6.244915,-0.593887,0.437066,,,,,,,,,,,,8.74351,3.6528,3.17712,50,4.21744,-4.3558,-127.48294,-2.44994,14.35537,26.77839,-26.17674,86.23969,,7.62021,,,,1000070079,Right,55.04168,-128.53761,13.3892,4.29363,-1.41897,-13.08837,3.3598,-4.92119,7.17768,,,,,,,,,,,,,,,,,,,,,,,,,,,,,72.39968,2.376366,0.937523,1.438843,-1.42477,0.85505,2.61047,-1.4301,4.7492,1.87709,127.28391,10.00045,-2.2703,-0.98248,100.37523,-7.71031,4.87801,21.84331,-12.67434,1.7948,-4.45511,1.11567,High,High,High,,,High,Medium,High,v3
48,2/1/2023,1,2,1000097856,Left,T_B,1000066765,Right,T_A,2,Bottom,0,1,0,1-0,Fastball,Changeup,BallCalled,Undefined,Undefined,,Undefined,0,0,86.9313,1.182754,3.28722,1968.264879,118.583788,10:00,4.35804,-3.43627,5.53091,-28.64442,9.0491,-14.34099,3.0786,-1.55514,78.9853,-4.130102,0.736294,0.44188,,,,,,,,,,,,8.15363,4.59866,3.1602,50,4.44204,-6.60818,-125.97079,1.60568,13.05846,26.3798,-24.80908,85.30009,,7.946,,,,1000070079,Right,54.96696,-127.00667,13.1899,4.35986,2.57988,-12.40454,3.42976,-7.12095,6.52923,,,,,,,,,,,,,,,,,,,,,,,,,,,,,,,,,,,,,,,,,,,,,,,,,,,High,High,High,,,,,,v3
49,2/1/2023,1,3,1000097856,Left,T_B,1000066765,Right,T_A,2,Bottom,0,2,0,2-0,Fastball,Sinker,StrikeCalled,Undefined,Undefined,,Undefined,0,0,87.86772,0.761668,3.271802,1910.504505,122.02926,10:00,4.33453,-3.21615,5.81412,-26.71848,9.70949,-13.64359,2.81742,-1.30754,80.00602,-4.222939,0.831857,0.434399,,,,,,,,,,,,7.85556,5.09406,2.95592,50,4.38123,-6.70182,-127.42238,0.80365,12.8921,26.62318,-23.81395,86.76916,,7.8617,,,,1000070079,Right,54.68391,-128.39729,13.31159,4.33583,1.67569,-11.90698,3.20998,-7.17391,6.44605,,,,,,,,,,,,,,,,,,,,,,,,,,,,,,,,,,,,,,,,,,,,,,,,,,,High,High,High,,,,,,v3
50,2/1/2023,1,4,1000097856,Left,T_B,1000066765,Right,T_A,2,Bottom,0,2,1,2-1,Fastball,Sinker,FoulBall,Undefined,Undefined,,Undefined,0,0,87.87567,0.048376,4.667358,2099.368971,109.872142,9:45,4.27215,-3.36841,5.72149,-30.01832,6.63433,-15.05135,1.81583,-0.26559,80.08993,-5.506581,1.986046,0.435737,,,,,,,,,,,,9.00819,3.70295,2.98734,50,4.25764,-9.75383,-127.2481,-0.93448,14.74011,26.60419,-26.11489,86.50279,,7.78573,,,,1000070079,Right,54.77829,-128.24322,13.30209,4.27432,0.04235,-13.05745,3.36249,-10.30518,7.37006,,,,,,,,,,,,,,,,,,,,,,,,,,,,,,,,,,,,,,,,,,,,,,,,,,,High,High,High,,,,,,v3
51,2/1/2023,1,5,1000097856,Left,T_B,1000066765,Right,T_A,2,Bottom,0,2,2,2-2,Slider,Slider,StrikeSwinging,Strikeout,Undefined,,Undefined,0,0,78.37337,0.069177,4.010329,2179.531139,283.545119,3:30,4.28976,-3.33082,5.56861,-46.00321,-0.45563,6.80591,0.52094,0.98862,73.2651,-8.265851,5.220012,0.48574,,,,,,,,,,,,-2.53457,0.05209,2.9799,50,4.26488,-8.22659,-113.7716,-1.36939,-3.36991,18.05629,-32.10477,77.59795,,5.10827,,,,1000070079,Right,54.93408,-114.552,9.02814,4.29408,0.01818,-16.05239,3.33231,-8.08094,-1.68496,,,,,,,,,,,,,,,,,,,,,,,,,,,,,,,,,,,,,,,,,,,,,,,,,,,High,High,High,,,,,,v3
52,2/1/2023,2,1,1000097856,Left,T_B,1000051953,Right,T_A,2,Bottom,1,0,0,0-0,ChangeUp,Changeup,BallCalled,Undefined,Undefined,,Undefined,0,0,81.56204,0.889018,2.811528,1784.458951,74.716526,8:30,4.0741,-3.33965,6.26799,-44.83491,-3.60303,-17.67025,1.15851,-2.21808,75.15831,-7.397764,-0.382991,0.462155,,,,,,,,,,,,9.98839,-1.78646,3.14008,50,4.11795,-5.18926,-118.57158,0.45323,14.26711,21.96698,-34.72579,81.55795,,6.40374,,,,1000070079,Right,54.23491,-119.35357,10.98349,4.07981,1.68942,-17.36289,3.33385,-5.69715,7.13356,,,,,,,,,,,,,,,,,,,,,,,,,,,,,,,,,,,,,,,,,,,,,,,,,,,High,High,High,,,,,,v3
53,2/1/2023,2,2,1000097856,Left,T_B,1000051953,Right,T_A,2,Bottom,1,1,0,1-0,Fastball,Sinker,BallCalled,Undefined,Undefined,,Undefined,0,0,88.8363,-0.030061,2.568062,2109.88211,119.19436,10:00,4.29237,-3.4221,5.46427,-25.98923,9.69599,-15.50178,2.09844,-2.30873,81.82483,-4.824336,-0.189958,0.429948,,,,,,,,,,,,8.45705,5.21485,3.20686,50,4.27196,-5.10297,-129.01521,-1.00301,14.38781,24.48424,-23.30215,87.66749,,7.01147,,,,1000070079,Right,55.03588,-129.9674,12.24212,4.29335,-0.0968,-11.65108,3.41619,-5.6625,7.1939,,,,,,,,,,,,,,,,,,,,,,,,,,,,,,,,,,,,,,,,,,,,,,,,,,,High,High,High,,,,,,v3
54,2/1/2023,2,3,1000097856,Left,T_B,1000051953,Right,T_A,2,Bottom,1,2,0,2-0,Fastball,Sinker,StrikeSwinging,Undefined,Undefined,,Undefined,0,0,87.84827,-0.421682,4.005329,2027.778261,113.064714,9:45,4.28212,-3.26059,5.4261,-28.47383,8.34087,-16.92214,1.51337,-0.91321,80.55507,-5.662377,1.002297,0.436699,,,,,,,,,,,,9.58662,4.64882,2.91706,50,4.2249,-8.17492,-127.33484,-1.96797,15.81061,25.04554,-24.50703,86.31218,,7.2932,,,,1000070079,Right,55.07402,-128.32897,12.52277,4.28371,-0.99521,-12.25352,3.254,-8.80249,7.90531,,,,,,,,,,,,,,,,,,,,,,,,,,,,,,,,,,,,,,,,,,,,,,,,,,,High,High,High,,,,,,v3
55,2/1/2023,2,4,1000097856,Left,T_B,1000051953,Right,T_A,2,Bottom,1,2,1,2-1,Fastball,Changeup,StrikeCalled,Undefined,Undefined,,Undefined,0,0,88.53758,-0.651859,5.511588,2234.473134,113.207731,9:45,4.29476,-3.34281,5.66484,-25.96312,10.05949,-20.85308,1.5205,0.07461,81.1262,-5.462195,1.806708,0.431975,,,,,,,,,,,,12.09012,5.60599,2.88939,50,4.22296,-11.48036,-128.13478,-2.35841,20.20886,25.13828,-22.80351,87.25598,,7.41138,,,,1000070079,Right,54.83655,-129.08016,12.56914,4.29553,-1.50083,-11.40176,3.33542,-12.24036,10.10443,,,,,,,,,,,,,,,,,,,,,,,,,,,,,,,,,,,,,,,,,,,,,,,,,,,High,High,High,,,,,,v3
56,2/1/2023,2,5,1000097856,Left,T_B,1000051953,Right,T_A,2,Bottom,1,2,2,2-2,Slider,Slider,StrikeSwinging,Strikeout,Undefined,,Undefined,0,0,77.01133,0.194035,4.249904,2325.432998,266.06424,2:45,4.39195,-3.05411,5.32477,-46.4577,2.44402,11.42528,0.70306,1.89336,70.25664,-8.259027,6.268429,0.503308,,,,,,,,,,,,-4.38047,1.67776,2.66058,50,4.3764,-8.72549,-111.37192,-1.16615,-5.43494,22.27373,-30.09244,74.88947,,6.75469,,,,1000070079,Right,55.17269,-112.40166,11.13686,4.39816,0.22507,-15.04622,3.05817,-8.47423,-2.71747,,,,,,,,,,,,,,,,,,,,,,,,,,,,,,,,,,,,,,,,,,,,,,,,,,,High,High,High,,,,,,v3
57,2/1/2023,3,1,1000097856,Left,T_B,1000049656,Right,T_A,2,Bottom,2,0,0,0-0,Fastball,Changeup,InPlay,Undefined,GroundBall,GroundBall,Out,1,0,86.97601,-0.328942,5.086071,2001.803841,112.692828,9:45,4.35226,-3.21011,5.68325,-29.40403,7.73697,-15.868,1.59409,0.2209,80.05708,-5.748267,2.263886,0.43863,89.73662,-7.285608,-20.509977,,,,,14.02196,13.98045,-17.004393,0.089204,9.43252,4.32764,2.79132,50,4.30581,-10.56509,-126.0025,-1.73775,15.2925,23.577,-25.15781,85.93223,1.51224,6.91893,2.55941,1.51224,-0.08694,1000070079,Right,54.8184,-126.9009,11.7885,4.35376,-0.77911,-12.57891,3.205,-11.14781,7.64625,205.074282,2.55944,122.27209,-7.254,,,,,,,1.5122,-16.68586,-2.98137,,,,,,,-0.08697,-45.7359,8.31929,,,,,,,,,,,,,,,,,,,,,,,,,,,,,High,High,High,Low,Low,,,,v3
58,2/1/2023,1,1,691205,Right,T_A,1000187798,Right,T_B,3,Top,0,0,0,0-0,Slider,Slider,StrikeCalled,Undefined,Undefined,,Undefined,0,0,80.47023,1.043838,0.327627,2369.426111,90.983276,9:00,5.26663,1.5894,4.21323,-43.87573,1.53961,-16.14316,2.61022,0.55793,74.56103,-6.77674,-2.483181,0.485035,,,,,,,,,,,,7.86772,0.86516,-1.60742,50,5.33536,0.06493,-116.81311,0.35817,11.00176,19.52631,-30.96424,77.71083,,5.9092,,,,1000055344,Right,56.2881,-117.85953,9.76316,5.27171,2.01755,-15.48212,-1.59511,-0.52466,5.50088,,,,,,,,,,,,,,,,,,,,,,,,,,,,,,,,,,,,,,,,,,,,,,,,,,,High,High,High,,,,,,v3
59,2/1/2023,1,2,691205,Right,T_A,1000187798,Right,T_B,3,Top,0,0,1,0-1,Fastball,Sinker,BallCalled,Undefined,Undefined,,Undefined,0,0,94.39211,-2.934811,-4.261186,2413.357685,230.836604,1:45,5.34619,1.33929,5.76665,-16.8495,14.7565,16.88316,1.20075,-1.22686,86.44175,-6.104427,-1.247793,0.404628,,,,,,,,,,,,-9.69548,8.59989,-0.99624,50,5.09229,9.40544,-136.63801,-7.57859,-18.39685,29.072,-15.8561,93.15328,,7.95036,,,,1000055344,Right,54.73239,-137.64122,14.536,5.34437,-7.03143,-7.92805,-1.33176,10.04027,-9.19843,,,,,,,,,,,,,,,,,,,,,,,,,,,,,,,,,,,,,,,,,,,,,,,,,,,High,High,High,,,,,,v3
60,2/1/2023,1,3,691205,Right,T_A,1000187798,Right,T_B,3,Top,0,1,1,1-1,Slider,Curveball,BallCalled,Undefined,Undefined,,Undefined,0,0,81.65304,-0.667087,0.687039,2233.786336,70.321273,8:15,5.47279,1.3515,4.22778,-49.04534,-4.59461,-16.60501,0.74685,0.62564,75.46304,-9.361774,-2.212034,0.479856,,,,,,,,,,,,8.26859,-1.71862,-1.40827,50,5.34815,-0.66852,-118.45396,-3.39545,11.77588,22.12709,-34.62168,78.5495,,6.19,,,,1000055344,Right,56.2747,-119.62033,11.06355,5.47903,-1.57047,-17.31084,-1.35667,-1.28925,5.88794,,,,,,,,,,,,,,,,,,,,,,,,,,,,,,,,,,,,,,,,,,,,,,,,,,,High,High,High,,,,,,v3
61,2/1/2023,1,4,691205,Right,T_A,1000187798,Right,T_B,3,Top,0,2,1,2-1,Fastball,Sinker,StrikeSwinging,Undefined,Undefined,,Undefined,0,0,93.45549,-1.163346,-3.000888,2054.042541,248.216335,2:15,5.26292,1.47358,6.02815,-22.07387,9.69812,21.80462,2.34442,0.50895,85.62323,-5.292878,0.919881,0.405689,,,,,,,,,,,,-12.03831,5.60674,-1.25053,50,5.15982,6.16971,-135.71118,-3.50762,-22.50259,29.06109,-21.69366,92.90964,,7.83226,,,,1000055344,Right,54.47275,-136.66561,14.53055,5.26331,-2.79515,-10.84683,-1.4653,6.90874,-11.25129,,,,,,,,,,,,,,,,,,,,,,,,,,,,,,,,,,,,,,,,,,,,,,,,,,,High,High,High,,,,,,v3
62,2/1/2023,1,5,691205,Right,T_A,1000187798,Right,T_B,3,Top,0,2,2,2-2,Slider,Slider,StrikeSwinging,Strikeout,Undefined,,Undefined,0,0,81.85261,-0.209195,-0.248719,2457.151273,85.601388,8:45,5.42767,1.49302,4.20316,-44.39624,0.04248,-17.58788,1.52759,-0.2109,75.20645,-8.118626,-3.313204,0.479791,,,,,,,,,,,,8.42481,0.47224,-1.44596,50,5.35818,1.32862,-118.66615,-2.25494,12.00025,22.9337,-31.50138,78.56013,,6.64616,,,,1000055344,Right,56.29729,-119.877,11.46685,5.43332,-0.59174,-15.75069,-1.49939,0.69504,6.00012,,,,,,,,,,,,,,,,,,,,,,,,,,,,,59.22034,2.523612,1.313382,1.210229,1.5111,1.54107,0.20544,-1.84407,5.15765,2.0743,73.21585,8.7621,-51.5724,-1.7954,65.87328,-3.20139,5.29199,21.24303,-15.13703,1.9352,-50.25591,4.94997,High,High,High,,,High,High,High,v3
63,2/1/2023,2,1,691205,Right,T_A,8886045,Left,T_B,3,Top,1,0,0,0-0,Cutter,Cutter,BallCalled,Undefined,Undefined,,Undefined,0,0,88.74096,1.08545,-1.821679,2215.973226,163.256486,11:30,5.35757,1.35966,4.48314,-26.23793,10.86619,-2.94914,4.20624,-0.62288,81.64423,-3.677668,-2.336671,0.438412,,,,,,,,,,,,0.98079,5.33591,-1.16507,50,5.447,4.23782,-128.70466,1.36547,1.6618,24.17941,-23.13314,85.97492,,7.09674,,,,1000055344,Right,56.01552,-129.82986,12.08971,5.35841,2.44198,-11.56657,-1.36048,4.16049,0.8309,,,,,,,,,,,,,,,,,,,,,,,,,,,,,,,,,,,,,,,,,,,,,,,,,,,High,High,High,,,,,,v3
64,2/1/2023,2,2,691205,Right,T_A,8886045,Left,T_B,3,Top,1,1,0,1-0,Cutter,Sinker,BallCalled,Undefined,Undefined,,Undefined,0,0,93.05012,-2.680657,-4.318276,2311.867913,246.460485,2:15,5.23374,1.42041,5.92336,-22.19115,10.01611,20.7343,0.8881,-0.86641,85.6065,-6.806982,-0.603671,0.408459,,,,,,,,,,,,-11.82162,6.133,-1.08644,50,5.00584,9.29499,-134.84149,-7.09429,-21.90165,27.59943,-20.81154,92.27968,,7.44362,,,,1000055344,Right,54.57846,-135.77538,13.79972,5.23397,-6.39009,-10.40577,-1.41349,10.03608,-10.95083,,,,,,,,,,,,,,,,,,,,,,,,,,,,,,,,,,,,,,,,,,,,,,,,,,,High,High,High,,,,,,v3
65,2/1/2023,2,3,691205,Right,T_A,8886045,Left,T_B,3,Top,1,1,1,1-1,Fastball,Sinker,FoulBall,Undefined,Undefined,,Undefined,0,0,94.1953,-1.368494,-3.180973,2389.537823,240.407085,2:00,5.2793,1.59208,5.96523,-18.80647,12.6745,20.52588,2.44102,0.35013,85.92009,-4.914584,0.503709,0.403827,77.52609,32.65917,-119.142263,4035.230986,,,,,48.65989,,,-11.4669,7.20028,-1.35128,50,5.16016,6.69613,-136.683,-3.88874,-21.65936,30.55955,-18.57374,93.3381,28.22379,8.27521,1.72266,2.34115,-0.2389,1000055344,Right,54.53519,-137.69324,15.27978,5.27857,-3.27473,-9.28687,-1.58447,7.41215,-10.82968,50.086329,1.72265,-46.61721,-3.81094,1.91195,-1.4093,4.08614,-9.35077,11.18706,-5.28853,2.34115,61.35976,-26.0483,3.07997,-1.0985,2.08256,-4.61444,5.48717,-2.57902,-0.2389,-83.60973,11.06611,-1.61403,0.53554,-1.11013,2.52441,-2.99278,1.39725,,,,,,,,,,,,,,,,,,,,,,,High,High,High,High,Low,,,,v3
66,2/1/2023,2,4,691205,Right,T_A,8886045,Left,T_B,3,Top,1,2,1,2-1,Fastball,Sinker,FoulBall,Undefined,Undefined,,Undefined,0,0,93.79878,-1.616753,-2.288115,2278.510154,241.093276,2:00,5.31114,1.49075,5.94566,-20.416,11.56804,18.95206,2.1086,0.94663,85.03757,-5.461683,1.116628,0.407041,,,,,,,,,,,,-10.37902,6.74961,-1.31894,50,5.17091,4.58552,-136.05486,-4.52379,-19.27247,32.46074,-19.64093,92.6011,,8.76121,,,,1000055344,Right,54.55251,-137.13673,16.23037,5.31077,-3.86919,-9.82046,-1.48247,5.22784,-9.63623,,,,,,,,,,,,,,,,,,,,,,,,,,,,,,,,,,,,,,,,,,,,,,,,,,,High,High,High,,,,,,v3
67,2/1/2023,2,5,691205,Right,T_A,8886045,Left,T_B,3,Top,1,2,1,2-1,Sinker,Slider,StrikeCalled,Undefined,Undefined,,Undefined,0,0,82.43816,-0.543403,-0.133293,2533.818736,71.494792,8:30,5.24283,1.56703,3.98068,-48.07231,-3.60378,-15.20887,0.71413,0.17142,75.3725,-9.06045,-2.775253,0.479952,,,,,,,,,,,,7.25863,-1.16831,-1.53359,50,5.12711,1.00035,-119.37896,-3.17944,10.39195,24.68162,-33.8467,78.53377,,7.06566,,,,1000055344,Right,56.51943,-120.71933,12.34081,5.24987,-1.34135,-16.92335,-1.5726,0.436,5.19597,,,,,,,,,,,,,,,,,,,,,,,,,,,,,,,,,,,,,,,,,,,,,,,,,,,High,High,High,,,,,,v3
68,2/1/2023,2,6,691205,Right,T_A,8886045,Left,T_B,3,Top,1,1,2,1-2,Slider,Slider,BallCalled,Undefined,Undefined,,Undefined,0,0,81.90639,0.581823,0.946773,2468.185863,89.20586,9:00,5.20442,1.54323,4.14005,-43.28065,1.19252,-15.56233,2.1558,1.15447,75.0409,-7.147017,-1.760534,0.479977,,,,,,,,,,,,7.73374,0.8265,-1.63069,50,5.22303,-1.23059,-118.70327,-0.58319,11.03467,22.7187,-30.99478,78.52964,,6.86549,,,,1000055344,Right,56.35949,-119.91424,11.35935,5.21009,1.06892,-15.49739,-1.54942,-1.81877,5.51733,,,,,,,,,,,,,,,,,,,,,,,,,,,,,,,,,,,,,,,,,,,,,,,,,,,High,High,High,,,,,,v3
69,2/1/2023,1,1,1000097856,Left,T_B,1000138679,Right,T_A,3,Bottom,0,0,0,0-0,Fastball,Sinker,BallCalled,Undefined,Undefined,,Undefined,0,0,87.75012,-0.959495,3.705308,2052.993174,121.823233,10:00,4.31559,-3.35026,5.60788,-27.40946,9.57595,-13.41847,1.13387,-1.00495,79.80111,-6.044696,1.314856,0.43771,,,,,,,,,,,,7.93024,5.49221,3.04208,50,4.21576,-7.66069,-127.12085,-3.07854,12.89729,27.54503,-23.24179,86.11276,,7.94902,,,,1000070079,Right,54.89124,-128.17632,13.77252,4.31666,-2.18796,-11.6209,3.34509,-8.15489,6.44865,,,,,,,,,,,,,,,,,,,,,,,,,,,,,,,,,,,,,,,,,,,,,,,,,,,High,High,High,,,,,,v3
70,2/1/2023,1,2,1000097856,Left,T_B,1000138679,Right,T_A,3,Bottom,0,1,0,1-0,Fastball,Sinker,BallCalled,Undefined,Undefined,,Undefined,0,0,86.81771,0.488823,6.152435,2050.26116,135.180101,10:30,4.20214,-3.16883,6.01861,-25.19608,12.20654,-10.89162,2.55788,1.64437,78.80538,-4.236704,4.211931,0.440172,,,,,,,,,,,,7.34658,6.50107,2.69074,50,4.22697,-13.06637,-125.38309,0.29715,11.65056,26.25244,-21.86433,85.63115,,8.01233,,,,1000070079,Right,54.47848,-126.3173,13.12622,4.20256,1.0752,-10.93217,3.16309,-13.48096,5.82528,,,,,,,,,,,,,,,,,,,,,,,,,,,,,,,,,,,,,,,,,,,,,,,,,,,High,High,High,,,,,,v3
71,2/1/2023,1,3,1000097856,Left,T_B,1000138679,Right,T_A,3,Bottom,0,2,0,2-0,Fastball,Cutter,BallCalled,Undefined,Undefined,,Undefined,0,0,87.39399,1.556562,3.216822,2065.029957,131.272112,10:30,4.20223,-3.33525,5.83063,-31.62199,5.22654,-4.60941,3.01661,-0.72601,79.56796,-4.307639,2.392806,0.436899,,,,,,,,,,,,3.26154,2.59284,3.07513,50,4.31097,-6.92534,-126.69188,2.35932,5.28731,26.50797,-27.9708,86.27259,,7.82603,,,,1000070079,Right,54.66702,-127.66464,13.25399,4.20556,3.38576,-13.9854,3.33282,-7.11937,2.64365,,,,,,,,,,,,,,,,,,,,,,,,,,,,,,,,,,,,,,,,,,,,,,,,,,,High,High,High,,,,,,v3
72,2/1/2023,1,4,1000097856,Left,T_B,1000138679,Right,T_A,3,Bottom,0,3,0,3-0,Fastball,Sinker,StrikeCalled,Undefined,Undefined,,Undefined,0,0,88.78463,0.736966,3.073349,2028.192294,133.384726,10:30,4.23062,-3.20835,5.83845,-28.68065,6.92886,-6.13607,2.52654,-0.86053,80.99791,-4.590851,1.975519,0.429491,,,,,,,,,,,,3.9926,3.67744,2.96131,50,4.27395,-6.65333,-128.78793,0.67147,6.69806,27.03206,-26.00472,87.76064,,7.78672,,,,1000070079,Right,54.65969,-129.7623,13.51603,4.23285,1.60881,-13.00236,3.20548,-6.89476,3.34903,,,,,,,,,,,,,,,,,,,,,,,,,,,,,,,,,,,,,,,,,,,,,,,,,,,High,High,High,,,,,,v3
73,2/1/2023,1,5,1000097856,Left,T_B,1000138679,Right,T_A,3,Bottom,0,3,1,3-1,Fastball,Sinker,BallCalled,Walk,Undefined,,Undefined,0,0,89.56803,-0.319091,2.995473,2034.686176,128.330787,10:15,4.23701,-3.10815,5.62987,-26.43143,8.9189,-9.81217,1.73625,-1.12834,81.55001,-5.226027,1.245565,0.427926,,,,,,,,,,,,5.84059,4.95796,2.85939,50,4.193,-6.36496,-129.87225,-1.65609,9.9368,28.1806,-23.73891,88.08178,,8.01802,,,,1000070079,Right,54.86834,-130.92435,14.0903,4.23828,-0.76981,-11.86946,3.10395,-6.73594,4.9684,,,,,,,,,,,,,,,,,,,,,,,,,,,,,,,,,,,,,,,,,,,,,,,,,,,High,High,High,,,,,,v3
74,2/1/2023,2,1,1000097856,Left,T_B,1000103136,Right,T_A,3,Bottom,0,0,0,0-0,Fastball,Sinker,StrikeCalled,Undefined,Undefined,,Undefined,0,0,86.64414,0.653986,3.545322,2023.956115,118.135381,10:00,4.27383,-3.2825,5.60812,-31.7321,6.05343,-9.04437,2.24114,-0.72263,78.99725,-5.204888,1.934902,0.44242,,,,,,,,,,,,5.58048,3.24666,2.98497,50,4.30942,-7.39398,-125.57792,0.32057,8.89395,25.88929,-26.9996,85.19615,,7.64689,,,,1000070079,Right,54.89026,-126.58208,12.94465,4.27668,1.3678,-13.4998,3.27845,-7.73895,4.44698,,,,,,,,,,,,,,,,,,,,,,,,,,,,,,,,,,,,,,,,,,,,,,,,,,,High,High,High,,,,,,v3
75,2/1/2023,2,2,1000097856,Left,T_B,1000103136,Right,T_A,3,Bottom,0,0,1,0-1,Fastball,Sinker,InPlay,Undefined,GroundBall,GroundBall,Out,2,0,88.38309,0.502303,4.640996,2076.446811,119.25082,10:00,4.25588,-3.34373,5.82799,-28.98631,6.89473,-10.35875,2.30885,0.11677,80.99303,-4.863411,2.793345,0.431126,80.88172,-7.827326,11.025423,,,,,16.69422,16.69422,10.060925,0.13425,6.55382,3.70603,2.97023,50,4.27979,-9.96689,-128.06987,0.13334,10.92948,25.43653,-25.99367,87.42795,2.22301,7.39006,1.02588,2.22301,-0.14981,1000070079,Right,54.67218,-128.9945,12.71826,4.25777,1.07822,-12.99684,3.33975,-10.36418,5.46474,195.803056,1.02592,115.34824,-4.10151,,,,,,,2.22297,-16.15153,-3.03079,,,,,,,-0.14983,22.47694,2.70329,,,,,,,,,,,,,,,,,,,,,,,,,,,,,High,High,High,Low,Low,,,,v3
76,2/1/2023,3,1,1000097856,Left,T_B,1000094105,Right,T_A,3,Bottom,2,0,0,0-0,Fastball,Sinker,BallCalled,Undefined,Undefined,,Undefined,0,0,88.49727,-0.265366,2.45395,1952.678427,124.952001,10:15,4.28899,-3.33063,5.74269,-27.406,8.40201,-10.4391,1.75785,-1.91432,81.09208,-5.347021,0.586779,0.430687,,,,,,,,,,,,5.95453,4.6961,3.13281,50,4.2502,-5.05545,-128.47319,-1.54444,9.97831,25.95869,-24.30454,87.51708,,7.40519,,,,1000070079,Right,54.75562,-129.43052,12.97934,4.29063,-0.64811,-12.15227,3.32604,-5.42344,4.98915,,,,,,,,,,,,,,,,,,,,,,,,,,,,,,,,,,,,,,,,,,,,,,,,,,,High,High,High,,,,,,v3
77,2/1/2023,3,2,1000097856,Left,T_B,1000094105,Right,T_A,3,Bottom,2,1,0,1-0,Fastball,Cutter,StrikeCalled,Undefined,Undefined,,Undefined,0,0,86.86284,-0.164949,5.154363,1984.779,141.08543,10:45,4.27972,-3.19405,6.21864,-29.26309,7.70894,-5.24048,1.6883,1.13846,79.1055,-5.630049,4.214304,0.437631,,,,,,,,,,,,4.20941,4.42162,2.80969,50,4.25288,-11.12955,-125.70516,-1.28138,6.7031,26.62428,-25.13301,86.12834,,7.75734,,,,1000070079,Right,54.27862,-126.60812,13.31214,4.28189,-0.42899,-12.5665,3.19101,-11.35689,3.35155,,,,,,,,,,,,,,,,,,,,,,,,,,,,,,,,,,,,,,,,,,,,,,,,,,,High,High,High,,,,,,v3
78,2/1/2023,3,3,1000097856,Left,T_B,1000094105,Right,T_A,3,Bottom,2,1,1,1-1,ChangeUp,Changeup,BallCalled,Undefined,Undefined,,Undefined,0,0,80.4582,1.503126,1.626169,1815.973604,57.428381,8:00,4.05357,-3.32384,6.2328,-46.22806,-3.86071,-7.98756,1.5888,-2.48887,74.17129,-7.039803,0.182482,0.468476,,,,,,,,,,,,4.57366,-2.01162,3.20632,50,4.14303,-3.0323,-116.99922,1.63688,6.36751,21.16831,-34.97467,80.45764,,6.28692,,,,1000070079,Right,54.26855,-117.76898,10.58415,4.06039,2.9087,-17.48733,3.3208,-3.26385,3.18375,,,,,,,,,,,,,,,,,,,,,,,,,,,,,,,,,,,,,,,,,,,,,,,,,,,High,High,High,,,,,,v3
79,2/1/2023,3,4,1000097856,Left,T_B,1000094105,Right,T_A,3,Bottom,2,2,1,2-1,Fastball,Sinker,InPlay,Undefined,GroundBall,GroundBall,Single,0,0,87.27967,-0.089746,4.335087,2111.181397,135.131064,10:30,4.26057,-3.15698,6.03471,-25.63336,10.99591,-9.78461,2.04112,0.04957,79.68936,-4.887629,2.581771,0.435598,87.17903,-12.452401,-31.421853,,,,,10.16155,9.36761,-24.244222,0.068521,6.27315,6.03154,2.82333,50,4.23964,-9.19826,-126.50265,-1.00607,10.15945,25.94726,-22.40595,86.53041,1.89222,7.59031,1.95302,1.89222,0.29468,1000070079,Right,54.46462,-127.41511,12.97363,4.26117,-0.21815,-11.20298,3.15308,-9.55553,5.07972,180,1.95112,106.71654,,,,,,,,1.89271,-27.6152,,,,,,,,0.29584,-65.19593,,,,,,,,,,,,,,,,,,,,,,,,,,,,,,High,High,High,Low,Low,,,,v3
80,2/1/2023,4,1,1000097856,Left,T_B,1000187793,Left,T_A,3,Bottom,2,0,0,0-0,Slider,Slider,BallCalled,Undefined,Undefined,,Undefined,0,0,77.63484,0.785696,1.728485,2213.48318,289.193567,3:45,4.29249,-3.17983,5.4126,-48.65073,-1.46106,8.36012,0.97472,-0.86333,71.45247,-8.070049,3.216006,0.494419,,,,,,,,,,,,-3.73607,-0.53858,3.02004,50,4.32824,-3.72361,-112.70846,-0.08602,-4.80323,20.58819,-32.86646,76.23585,,6.18237,,,,1000070079,Right,55.08785,-113.63405,10.29409,4.2989,1.39156,-16.43323,3.18259,-3.50767,-2.40161,,,,,,,,,,,,,,,,,,,,,,,,,,,,,,,,,,,,,,,,,,,,,,,,,,,High,High,High,,,,,,v3
81,2/1/2023,4,2,1000097856,Left,T_B,1000187793,Left,T_A,3,Bottom,2,1,0,1-0,Fastball,Sinker,StrikeCalled,Undefined,Undefined,,Undefined,0,0,87.37653,1.02972,4.721025,1955.646012,116.509513,10:00,4.26312,-3.16449,5.94466,-28.97128,7.67567,-13.09217,2.80733,0.13348,79.79758,-4.357713,2.381057,0.435703,,,,,,,,,,,,7.96434,4.01138,2.79492,50,4.32915,-9.90652,-126.55659,1.32094,12.94487,25.30448,-25.65415,86.5095,,7.57895,,,,1000070079,Right,54.55402,-127.46389,12.65224,4.2653,2.24079,-12.82707,3.15845,-10.37066,6.47243,,,,,,,,,,,,,,,,,,,,,,,,,,,,,,,,,,,,,,,,,,,,,,,,,,,High,High,High,,,,,,v3
82,2/1/2023,4,3,1000097856,Left,T_B,1000187793,Left,T_A,3,Bottom,2,1,1,1-1,Fastball,Changeup,FoulBall,Undefined,Undefined,,Undefined,0,0,86.31303,0.011021,4.389038,2108.022877,118.647047,10:00,4.16432,-3.45683,5.53231,-29.43498,8.76721,-13.793,1.72174,-0.49551,78.7563,-5.427563,1.939594,0.444852,77.34839,24.779619,-104.488747,5586.265426,,,,,40.37779,,,8.23154,4.77922,3.08466,50,4.14571,-9.0118,-125.00203,-0.9969,13.01422,25.37951,-24.61802,84.73034,18.44782,7.55672,0.71007,1.71614,0.41807,1000070079,Right,54.96734,-126.00653,12.68976,4.16589,-0.02254,-12.30901,3.45154,-9.52689,6.50711,68.849035,0.73351,-26.50218,-9.34685,,,,,,,1.72499,47.27767,-20.72055,,,,,,,0.39133,-98.89994,23.71674,,,,,,,,,,,,,,,,,,,,,,,,,,,,,High,High,High,Medium,Low,,,,v3
83,2/1/2023,4,4,1000097856,Left,T_B,1000187793,Left,T_A,3,Bottom,2,1,2,1-2,Slider,Slider,BallCalled,Undefined,Undefined,,Undefined,0,0,77.87168,0.191091,3.845502,2263.955813,286.93726,3:30,4.27878,-3.26109,5.51281,-48.03408,-1.39626,8.97528,0.45503,1.08819,72.21879,-8.520252,5.439618,0.491519,,,,,,,,,,,,-3.56595,-0.43024,2.91905,50,4.2627,-7.92566,-112.95526,-1.20014,-4.62802,19.70011,-32.7324,76.68557,,5.65289,,,,1000070079,Right,54.98924,-113.82209,9.85006,4.28382,0.24012,-16.3662,3.26331,-7.72202,-2.31401,,,,,,,,,,,,,,,,,,,,,,,,,,,,,,,,,,,,,,,,,,,,,,,,,,,High,High,High,,,,,,v3
84,2/1/2023,4,5,1000097856,Left,T_B,1000187793,Left,T_A,3,Bottom,2,2,2,2-2,Fastball,Sinker,StrikeCalled,Strikeout,Undefined,,Undefined,0,0,88.39214,-0.226329,5.227536,1954.451503,107.443134,9:30,4.24527,-3.45571,5.66121,-30.25994,5.71626,-14.83698,1.51167,0.19617,81.43052,-5.786873,2.590906,0.431697,,,,,,,,,,,,8.845,3.28193,3.022,50,4.20678,-11.07962,-128.01888,-1.58815,14.82285,23.9971,-26.67407,87.31223,,6.96162,,,,1000070079,Right,54.83952,-128.92286,11.99855,4.24768,-0.58334,-13.33704,3.4499,-11.638,7.41142,,,,,,,,,,,,,,,,,,,,,,,,,,,,,,,,,,,,,,,,,,,,,,,,,,,High,High,High,,,,,,v3
85,2/1/2023,1,1,1000049559,Left,T_A,691273,Right,T_B,4,Top,0,0,0,0-0,Fastball,Four-Seam,BallCalled,Undefined,Undefined,,Undefined,0,0,88.17037,-0.073882,1.41571,2190.415027,150.005569,11:00,5.79369,-2.14191,5.37214,-18.67832,18.2069,-9.79028,4.16787,-1.63019,79.90603,-3.606027,-0.323785,0.437117,,,,,,,,,,,,5.22217,9.46394,2.02161,50,5.77404,-2.69518,-127.80474,-0.74745,8.59181,27.63867,-16.6034,86.22968,,8.26433,,,,1000055344,Right,55.12054,-128.90734,13.81934,5.79064,-0.08509,-8.3017,2.13597,-3.03794,4.2959,,,,,,,,,,,,,,,,,,,,,,,,,,,,,,,,,,,,,,,,,,,,,,,,,,,High,High,High,,,,,,v3
86,2/1/2023,1,2,1000049559,Left,T_A,691273,Right,T_B,4,Top,0,1,0,1-0,Fastball,Four-Seam,StrikeCalled,Undefined,Undefined,,Undefined,0,0,87.52156,-3.400827,4.016755,2369.069685,157.411751,11:15,5.85958,-2.0725,5.37509,-17.85462,19.95426,-7.73725,1.1718,1.05464,79.31698,-6.770082,2.646462,0.442556,,,,,,,,,,,,5.11492,11.45473,1.71786,50,5.54183,-8.53391,-126.4004,-8.08038,8.19805,28.00779,-13.81478,85.16985,,8.20457,,,,1000055344,Right,55.12182,-127.53024,14.00389,5.85656,-7.52309,-6.90739,2.06879,-8.86462,4.09903,,,,,,,,,,,,,,,,,,,,,,,,,,,,,,,,,,,,,,,,,,,,,,,,,,,High,High,High,,,,,,v3
87,2/1/2023,1,3,1000049559,Left,T_A,691273,Right,T_B,4,Top,0,1,1,1-1,Slider,Slider,FoulBall,Undefined,Undefined,LineDrive,Undefined,0,0,79.37789,-0.015546,3.059427,2584.186398,267.884053,3:00,5.40693,-2.54032,5.1502,-43.99813,1.7987,9.67445,1.72577,1.14886,72.9197,-7.988849,4.768593,0.487068,83.97732,19.508841,-42.91296,3150.788125,75.07404,24.79313,-80.3975,222.00402,207.28661,-52.175579,2.50671,-4.00232,1.2474,2.24605,50,5.37138,-6.53383,-115.06096,-1.56439,-5.34641,22.05694,-30.50773,77.38646,25.00498,6.4582,3.63216,1.8589,-0.88147,1000055344,Right,55.35058,-116.08213,11.02847,5.41111,-0.15199,-15.25387,2.54282,-6.28631,-2.67321,,3.6322,85.02489,-21.30992,5.5874,-1.25975,0.17218,0.00607,-0.00903,0.00133,1.85886,41.13351,-19.95665,1.67708,-0.24815,0.08525,-0.03872,0.01131,-0.00132,-0.88149,-79.04701,3.26874,0.89615,-0.58056,0.22559,-0.06813,0.01367,-0.00128,,,,,,,,,,,,,,,,,,,,,,,High,High,High,High,High,,,,v3
88,2/1/2023,1,4,1000049559,Left,T_A,691273,Right,T_B,4,Top,0,1,2,1-2,Fastball,Four-Seam,StrikeSwinging,Strikeout,Undefined,,Undefined,0,0,88.71617,-0.287935,3.109536,2172.266937,146.931758,11:00,5.76179,-2.03767,5.5725,-21.02328,15.13863,-9.07189,3.7405,0.11368,80.57711,-4.238127,1.494492,0.43281,,,,,,,,,,,,5.46847,8.08721,1.77562,50,5.72341,-6.58087,-128.56905,-1.33347,9.11239,27.76846,-18.69788,87.08779,,8.13905,,,,1000055344,Right,54.92413,-129.62821,13.88423,5.76067,-0.62029,-9.34894,2.03326,-6.92844,4.55619,,,,,,,,,,,,,,,,,,,,,,,,,,,,,,,,,,,,,,,,,,,,,,,,,,,High,High,High,,,,,,v3
89,2/1/2023,2,1,1000049559,Left,T_A,1000051968,Left,T_B,4,Top,1,0,0,0-0,Slider,Slider,StrikeCalled,Undefined,Undefined,,Undefined,0,0,79.70591,-0.386895,2.939486,2526.879598,256.486643,2:30,5.37609,-2.40418,5.42875,-41.19778,3.30394,8.463,1.58011,1.05651,73.90408,-7.874461,4.44281,0.480131,,,,,,,,,,,,-3.51378,2.15945,2.13739,50,5.31309,-6.27358,-115.6905,-2.17951,-4.79724,20.09657,-29.2258,78.5045,,5.80184,,,,1000055344,Right,55.07132,-116.56811,10.04828,5.3804,-0.90323,-14.6129,2.40678,-6.06408,-2.39862,,,,,,,,,,,,,,,,,,,,,,,,,,,,,,,,,,,,,,,,,,,,,,,,,,,High,High,High,,,,,,v3
90,2/1/2023,2,2,1000049559,Left,T_A,1000051968,Left,T_B,4,Top,1,0,1,0-1,Slider,Slider,InPlay,Undefined,FlyBall,LineDrive,Out,1,0,79.36913,0.567936,2.174102,2565.341705,270.242124,3:00,5.38431,-2.43581,4.94238,-44.42782,1.29142,8.65469,2.21913,0.34105,73.36601,-7.448858,3.69914,0.486655,81.76406,29.10289,15.330096,1736.586528,105.06771,48.59005,32.56943,287.07275,281.10137,21.010853,4.042832,-3.76847,0.80595,2.21687,50,5.40233,-4.72363,-115.19768,-0.45655,-5.09222,20.28144,-31.08499,77.45213,55.61808,6.00312,3.46286,2.48243,-0.19398,1000055344,Right,55.5593,-116.17231,10.14072,5.38837,1.03725,-15.5425,2.43799,-4.47892,-2.54611,211.217532,3.46409,101.02335,-16.80213,3.57207,-0.62504,0.09772,-0.02502,0.00565,-0.00048,2.48216,58.32927,-17.5342,0.91202,0.04511,-0.11979,0.05331,-0.00995,0.00068,-0.19408,27.70358,0.39682,-0.75034,0.27767,-0.07706,0.01618,-0.00189,8.00E-05,,,,,,,,,,,,,,,,,,,,,,,High,High,High,High,High,,,,v3
91,2/1/2023,3,1,1000049559,Left,T_A,1000110361,Right,T_B,4,Top,2,0,0,0-0,Slider,Slider,BallCalled,Undefined,Undefined,,Undefined,0,0,79.46061,1.627,1.307834,2436.017109,270.456729,3:00,5.2903,-2.59657,4.91283,-44.30991,1.22445,8.3089,3.13707,-0.6673,73.41916,-6.379382,2.771519,0.48567,,,,,,,,,,,,-3.76736,0.60799,2.46161,50,5.41211,-2.98351,-115.34552,1.65145,-5.12264,19.58847,-31.34736,77.6092,,6.04146,,,,1000055344,Right,55.58715,-116.29049,9.79424,5.29596,3.16367,-15.67368,2.59957,-2.73639,-2.56132,,,,,,,,,,,,,,,,,,,,,,,,,,,,,,,,,,,,,,,,,,,,,,,,,,,High,High,High,,,,,,v3
92,2/1/2023,3,2,1000049559,Left,T_A,1000110361,Right,T_B,4,Top,2,1,0,1-0,Fastball,Four-Seam,BallCalled,Undefined,Undefined,,Undefined,0,0,88.49737,-3.061697,4.497054,2139.536275,149.599369,11:00,5.63863,-2.1913,5.4878,-20.28017,16.25741,-8.82914,1.0727,1.28875,80.87013,-6.842651,2.931256,0.435052,,,,,,,,,,,,5.69929,9.41426,1.80268,50,5.35586,-9.66964,-127.90894,-7.52871,9.4374,26.50205,-16.58513,86.6389,,7.62723,,,,1000055344,Right,55.00976,-128.94276,13.25102,5.63693,-6.88175,-8.29257,2.18706,-10.03778,4.7187,,,,,,,,,,,,,,,,,,,,,,,,,,,,,,,,,,,,,,,,,,,,,,,,,,,High,High,High,,,,,,v3
93,2/1/2023,3,3,1000049559,Left,T_A,1000110361,Right,T_B,4,Top,2,2,0,2-0,Slider,Slider,StrikeSwinging,Undefined,Undefined,,Undefined,0,0,79.96448,1.001594,1.440324,2552.143253,263.055688,2:45,5.33471,-2.64565,4.90144,-42.32636,2.24697,9.08646,2.75519,-0.52594,74.59541,-6.620958,3.041015,0.480517,,,,,,,,,,,,-4.1804,1.23016,2.49668,50,5.39689,-3.30025,-116.2225,0.47475,-5.82291,18.03307,-30.46056,78.44139,,5.36908,,,,1000055344,Right,55.60011,-117.08819,9.01654,5.339,1.93703,-15.23028,2.6484,-3.02072,-2.91145,,,,,,,,,,,,,,,,,,,,,,,,,,,,,,,,,,,,,,,,,,,,,,,,,,,High,High,High,,,,,,v3
94,2/1/2023,3,4,1000049559,Left,T_A,1000110361,Right,T_B,4,Top,2,2,1,2-1,Slider,Slider,StrikeSwinging,Undefined,Undefined,,Undefined,0,0,79.65006,-1.030562,2.903172,2571.599342,270.810197,3:00,5.39451,-2.58258,5.17807,-43.85372,1.17098,8.53158,0.76898,0.86244,73.97525,-8.935559,4.413046,0.482944,,,,,,,,,,,,-3.5352,1.21315,2.30551,50,5.26485,-6.20126,-115.56733,-3.62535,-4.81201,20.23316,-30.52276,78.04719,,5.67481,,,,1000055344,Right,55.32301,-116.49554,10.11658,5.39905,-2.2251,-15.26138,2.58493,-5.98051,-2.406,,,,,,,,,,,,,,,,,,,,,,,,,,,,,,,,,,,,,,,,,,,,,,,,,,,High,High,High,,,,,,v3
95,2/1/2023,3,5,1000049559,Left,T_A,1000110361,Right,T_B,4,Top,2,2,2,2-2,Slider,Slider,FoulBall,Undefined,Undefined,,Undefined,0,0,80.30066,-0.093476,2.660113,2590.445431,259.119535,2:45,5.38981,-2.60951,5.0496,-41.25593,2.9741,9.26193,1.86355,0.6731,74.7529,-7.53341,4.294332,0.478663,,,,,,,,,,,,-4.03177,1.78158,2.34803,50,5.34751,-5.78733,-116.61612,-1.66311,-5.61973,19.42563,-29.69077,78.74522,,5.54775,,,,1000055344,Right,55.45293,-117.52095,9.71281,5.39276,-0.28015,-14.84539,2.6115,-5.52557,-2.80987,,,,,,,,,,,,,,,,,,,,,,,,,,,,,,,,,,,,,,,,,,,,,,,,,,,High,High,High,,,,,,v3
96,2/1/2023,3,6,1000049559,Left,T_A,1000110361,Right,T_B,4,Top,2,2,2,2-2,Fastball,Four-Seam,BallCalled,Undefined,Undefined,,Undefined,0,0,89.10658,-4.019885,6.207698,2389.480105,153.553603,11:00,5.81832,-2.09424,5.74294,-15.34572,20.74647,-9.69154,0.7684,2.90073,81.01009,-6.94503,4.49012,0.432392,,,,,,,,,,,,6.68477,12.05906,1.58186,50,5.4722,-13.52579,-128.28201,-9.48739,11.09501,27.52279,-12.15914,87.17184,,8.09649,,,,1000055344,Right,54.75306,-129.29775,13.76139,5.81406,-9.03865,-6.07957,2.08859,-13.93526,5.5475,,,,,,,,,,,,,,,,,,,,,,,,,,,,,,,,,,,,,,,,,,,,,,,,,,,High,High,High,,,,,,v3
97,2/1/2023,3,7,1000049559,Left,T_A,1000110361,Right,T_B,4,Top,2,3,2,3-2,Slider,Slider,InPlay,Undefined,GroundBall,GroundBall,Double,0,0,80.88534,-0.011817,2.160242,2716.769829,236.474683,2:00,5.30111,-2.6217,5.14788,-38.48093,5.14032,5.85677,2.08323,-0.09887,74.78647,-6.999677,3.196286,0.475358,99.63716,-1.788451,-39.774232,4761.356401,,,,48.73229,44.5918,-40.75171,0.329338,-2.39851,2.89736,2.41473,50,5.27014,-4.66612,-117.4389,-1.38191,-3.37343,20.76303,-28.09897,79.29282,2.59636,6.09886,2.76335,2.59636,-0.37395,1000055344,Right,55.3532,-118.38156,10.38152,5.30392,-0.1062,-14.04949,2.6231,-4.51296,-1.68672,,2.76847,112.05408,-25.44887,,,,,,,2.59636,-4.56092,-10.08907,,,,,,,-0.36877,-93.65558,-5.56328,,,,,,,,,,,,,,,,,,,,,,,,,,,,,High,High,High,High,High,,,,v3
98,2/1/2023,4,1,1000049559,Left,T_A,1000079407,Left,T_B,4,Top,2,0,0,0-0,Fastball,Four-Seam,BallCalled,Undefined,Undefined,,Undefined,0,0,86.00051,-3.052287,4.484509,2367.36865,158.91057,11:15,5.66243,-2.43088,5.56754,-16.41308,22.33895,-8.09469,1.43194,1.09232,78.14677,-6.180555,3.047727,0.448042,,,,,,,,,,,,5.4226,12.59985,2.049,50,5.38791,-9.40319,-124.26068,-7.10475,8.42977,26.23564,-12.58685,84.12703,,7.85374,,,,1000055344,Right,54.92999,-125.29724,13.11782,5.65879,-6.60745,-6.29342,2.4271,-9.73625,4.21489,,,,,,,,,,,,,,,,,,,,,,,,,,,,,,,,,,,,,,,,,,,,,,,,,,,High,High,High,,,,,,v3
99,2/1/2023,4,2,1000049559,Left,T_A,1000079407,Left,T_B,4,Top,2,1,0,1-0,Fastball,Four-Seam,StrikeCalled,Undefined,Undefined,,Undefined,0,0,87.05105,-2.110143,2.928039,2350.236996,142.257836,10:45,5.59042,-2.26537,5.29658,-19.7504,17.83808,-12.91446,1.95991,-0.59012,80.00544,-5.789367,0.638748,0.441264,,,,,,,,,,,,7.22705,9.83402,2.00866,50,5.38414,-5.88595,-126.20774,-5.31065,11.73378,24.09438,-16.20763,85.4192,,7.04561,,,,1000055344,Right,55.2024,-127.19706,12.04719,5.58853,-4.64516,-8.10382,2.26023,-6.36774,5.86689,,,,,,,,,,,,,,,,,,,,,,,,,,,,,,,,,,,,,,,,,,,,,,,,,,,High,High,High,,,,,,v3
100,2/1/2023,4,3,1000049559,Left,T_A,1000079407,Left,T_B,4,Top,2,1,1,1-1,Slider,Slider,StrikeSwinging,Undefined,Undefined,,Undefined,0,0,80.34421,-1.604079,2.991955,2730.809072,247.011149,2:15,5.38373,-2.51307,5.25783,-40.11282,4.1013,6.59548,0.53143,0.8502,74.46297,-8.858527,4.160768,0.478577,,,,,,,,,,,,-2.54984,2.82012,2.23354,50,5.20659,-6.35061,-116.52792,-4.65614,-3.52229,20.94608,-28.27842,78.75942,,5.88125,,,,1000055344,Right,55.24323,-117.46662,10.47304,5.38686,-3.38885,-14.13921,2.5146,-6.19276,-1.76115,,,,,,,,,,,,,,,,,,,,,,,,,,,,,,,,,,,,,,,,,,,,,,,,,,,High,High,High,,,,,,v3
101,2/1/2023,4,4,1000049559,Left,T_A,1000079407,Left,T_B,4,Top,2,1,2,1-2,Slider,Slider,BallCalled,Undefined,Undefined,,Undefined,0,0,80.1152,-1.829892,4.32312,2784.95712,270.740623,3:00,5.38355,-2.48433,5.06306,-43.96117,1.25886,10.38674,-0.01089,2.46547,74.05391,-9.714136,6.151921,0.48399,,,,,,,,,,,,-3.97906,1.5228,2.06411,50,5.17413,-9.1837,-115.90302,-5.28581,-5.40293,22.02551,-30.10633,77.87847,,6.06129,,,,1000055344,Right,55.43732,-116.93173,11.01275,5.38817,-3.87968,-15.05317,2.48715,-8.93136,-2.70146,,,,,,,,,,,,,,,,,,,,,,,,,,,,,,,,,,,,,,,,,,,,,,,,,,,High,High,High,,,,,,v3
102,2/1/2023,4,5,1000049559,Left,T_A,1000079407,Left,T_B,4,Top,2,2,2,2-2,Slider,Slider,BallCalled,Undefined,Undefined,,Undefined,0,0,79.47698,-1.087904,3.955327,2718.88115,246.615314,2:15,5.29101,-2.5246,5.07855,-40.69786,4.8826,8.19225,0.8714,1.89263,73.6157,-8.42612,5.398245,0.485915,,,,,,,,,,,,-3.03949,3.12681,2.14253,50,5.1556,-8.29398,-115.12112,-3.6263,-4.09984,20.34764,-27.95641,77.56995,,5.86128,,,,1000055344,Right,55.42091,-116.07531,10.17382,5.29491,-2.3153,-13.97821,2.52696,-8.10172,-2.04992,,,,,,,,,,,,,,,,,,,,,,,,,,,,,,,,,,,,,,,,,,,,,,,,,,,High,High,High,,,,,,v3
103,2/1/2023,4,6,1000049559,Left,T_A,1000079407,Left,T_B,4,Top,2,3,2,3-2,Fastball,Four-Seam,StrikeSwinging,Strikeout,Undefined,,Undefined,0,0,88.86215,-1.616085,3.476411,2345.284555,152.194346,11:00,5.57339,-2.17471,5.54112,-16.64658,19.39355,-9.60028,2.67259,0.27833,80.93974,-4.774748,1.769313,0.43208,,,,,,,,,,,,5.81091,10.59182,1.87951,50,5.42224,-7.39219,-128.71883,-4.13948,9.73388,27.10886,-14.43164,87.23477,,7.92241,,,,1000055344,Right,54.95601,-129.75839,13.55443,5.57037,-3.58606,-7.21582,2.17014,-7.76546,4.86694,,,,,,,,,,,,,,,,,,,,,,,,,,,,,75.35679,1.714421,0.848845,0.865576,-1.20432,2.44929,-0.35738,-1.09612,4.84076,-4.06101,65.53659,3.48896,-59.24435,-1.0832,80.47218,-4.04262,4.86729,9.43803,-12.72654,-4.18096,-73.45256,11.29664,High,High,High,,,High,High,High,v3
104,2/1/2023,1,1,1000036206,Right,T_B,1000058463,Right,T_A,4,Bottom,0,0,0,0-0,Slider,Slider,BallCalled,Undefined,Undefined,,Undefined,0,0,79.06289,2.230586,0.116228,2595.670032,83.095875,8:45,5.2805,0.62312,4.52581,-47.60038,-0.17965,-14.58879,3.43912,-0.48192,71.84541,-6.352598,-2.436835,0.495628,,,,,,,,,,,,7.10764,-0.27004,-0.62055,50,5.46846,0.41333,-114.4859,2.63588,9.36552,22.55718,-32.52989,76.04993,,7.21749,,,,1000070079,Right,55.97265,-115.6567,11.27859,5.28783,4.32431,-16.26494,-0.62939,-0.07278,4.68276,,,,,,,,,,,,,,,,,,,,,,,,,,,,,,,,,,,,,,,,,,,,,,,,,,,High,High,High,,,,,,v3
105,2/1/2023,1,2,1000036206,Right,T_B,1000058463,Right,T_A,4,Bottom,0,1,0,1-0,Fastball,Sinker,FoulBall,Undefined,Undefined,,Undefined,0,0,89.70558,-0.671657,-2.261318,2237.082058,239.036697,2:00,5.14179,0.55104,5.3269,-23.33064,12.42757,18.66859,2.56681,-0.01624,81.31599,-5.014982,1.053222,0.430387,75.92675,65.191026,126.14254,5906.168977,,,,,22.50816,,,-10.0669,6.78788,-0.36063,50,5.06459,4.28638,-130.04523,-2.35709,-17.09491,29.40682,-20.64735,87.57803,46.18696,8.38959,1.60359,2.65459,-0.10635,1000070079,Right,55.17188,-131.20953,14.70341,5.14173,-1.53961,-10.32367,-0.54374,4.96321,-8.54745,,1.60359,-27.55859,-7.15922,3.99267,-1.32923,0.38388,-0.10392,0.02423,-0.00337,2.65459,101.08192,-34.82836,5.26901,-1.00204,0.16264,-0.03176,0.01371,-0.00573,-0.10635,37.73337,-8.06044,3.10518,-0.89638,0.23886,-0.06555,0.01972,-0.00486,,,,,,,,,,,,,,,,,,,,,,,High,High,High,High,Low,,,,v3
106,2/1/2023,1,3,1000036206,Right,T_B,1000058463,Right,T_A,4,Bottom,0,1,1,1-1,ChangeUp,Changeup,InPlay,Undefined,GroundBall,GroundBall,Error,0,0,83.24533,0.635943,-1.762754,1715.534906,255.276852,2:30,4.96845,0.60568,5.40518,-35.14388,6.04233,17.90977,2.63597,0.44598,75.92922,-5.829355,1.423107,0.461899,53.63811,-37.530563,-35.93509,,,,,4.91533,1.92748,-30.117679,0.054682,-9.54646,3.23417,-0.46181,50,5.00056,2.97297,-120.8038,0.11712,-14.05289,24.3809,-27.4132,81.60318,2.63793,7.31611,1.47128,2.63793,-0.45109,1000070079,Right,55.09464,-121.82767,12.19045,4.97147,1.26833,-13.7066,-0.59906,3.56312,-7.02644,,1.46834,50.8476,,,,,,,,2.64072,-48.24095,,,,,,,,-0.44895,-36.85501,,,,,,,,,,,,,,,,,,,,,,,,,,,,,,High,High,High,Estimated,Estimated,,,,v3
107,2/1/2023,2,1,1000036206,Right,T_B,1000055244,Left,T_A,4,Bottom,0,0,0,0-0,ChangeUp,Changeup,InPlay,Undefined,LineDrive,LineDrive,Single,0,0,82.61019,0.031921,-2.071916,1729.998875,259.057159,2:45,4.98345,0.87682,5.65318,-36.24195,5.33536,20.3819,1.99308,0.6421,75.2153,-6.660094,1.571719,0.464087,75.93179,13.566584,14.691264,1138.702693,105.45185,8.73424,31.3034,147.40525,146.21025,17.612775,1.568409,-11.02418,3.08225,-0.71472,50,4.96313,3.52346,-119.88877,-1.14206,-15.91726,24.90256,-27.72376,81.21846,11.22801,7.39489,2.24973,1.98995,-0.59492,1000070079,Right,54.84705,-120.89138,12.45128,4.98664,-0.02587,-13.86188,-0.86948,4.16431,-7.95863,272.588595,2.24973,104.71972,-13.03969,2.10868,-0.43486,0.0788,-0.015,0.00248,-0.00022,1.98995,26.12381,-19.55169,1.72274,-0.3395,0.07197,-0.01214,0.00191,-0.00018,-0.59492,27.45564,1.22322,-0.30421,0.06544,-0.01291,0.00228,-0.00035,3.00E-05,,,,,,,,,,,,,,,,,,,,,,,High,High,High,High,High,,,,v3
108,2/1/2023,3,1,1000036206,Right,T_B,1000066765,Right,T_A,4,Bottom,0,0,0,0-0,Slider,Slider,BallCalled,Undefined,Undefined,,Undefined,0,0,78.7651,1.689981,-1.230963,2336.53928,91.959342,9:00,5.33849,0.70909,4.6081,-45.43857,2.04945,-15.19662,3.15976,-1.72799,71.91887,-6.508828,-3.892238,0.495979,,,,,,,,,,,,7.05906,0.96134,-0.56742,50,5.47075,3.10983,-114.11964,1.6664,9.2686,21.85427,-30.91179,75.99603,,6.84623,,,,1000070079,Right,55.89086,-115.24224,10.92713,5.34437,3.25426,-15.4559,-0.71494,2.63372,4.6343,,,,,,,,,,,,,,,,,,,,,,,,,,,,,,,,,,,,,,,,,,,,,,,,,,,High,High,High,,,,,,v3
109,2/1/2023,3,2,1000036206,Right,T_B,1000066765,Right,T_A,4,Bottom,0,1,0,1-0,ChangeUp,Changeup,FoulBall,Undefined,Undefined,,Undefined,0,0,82.65816,-0.661199,-3.614811,1666.737722,251.173909,2:15,4.99692,0.77664,5.50216,-34.2123,7.39516,17.77241,1.52623,-1.1277,75.68254,-6.952279,-0.452387,0.464256,68.22182,50.70973,114.333868,5367.555207,,,,,25.28638,,,-10.033,4.29473,-0.47307,50,4.91595,6.85178,-119.83236,-2.54455,-14.58142,23.26457,-25.93233,81.18898,30.67825,6.97562,2.0288,1.59733,1.09082,1000070079,Right,54.99827,-120.79884,11.63229,4.99928,-1.46724,-12.96617,-0.7703,7.45754,-7.29071,,2.03603,-26.3354,-1.61668,,,,,,,1.61106,77.01884,-24.38432,,,,,,,1.11294,57.04957,-14.64775,,,,,,,,,,,,,,,,,,,,,,,,,,,,,High,High,High,Low,Low,,,,v3
110,2/1/2023,3,3,1000036206,Right,T_B,1000066765,Right,T_A,4,Bottom,0,1,1,1-1,Fastball,Sinker,BallCalled,Undefined,Undefined,,Undefined,0,0,90.07246,-0.485217,-4.438305,2136.056127,247.175821,2:15,5.15045,0.64488,5.48847,-25.76934,9.71898,20.08962,2.5477,-1.84145,81.31067,-5.278514,-0.871823,0.42876,,,,,,,,,,,,-11.43961,5.41579,-0.26925,50,5.09066,9.19083,-130.28288,-2.03026,-19.45246,30.09296,-22.9648,87.9104,,8.76179,,,,1000070079,Right,55.00921,-131.43483,15.04648,5.15156,-1.15118,-11.4824,-0.63532,9.93546,-9.72623,,,,,,,,,,,,,,,,,,,,,,,,,,,,,,,,,,,,,,,,,,,,,,,,,,,High,High,High,,,,,,v3
111,2/1/2023,3,4,1000036206,Right,T_B,1000066765,Right,T_A,4,Bottom,0,2,1,2-1,ChangeUp,Changeup,InPlay,Undefined,LineDrive,LineDrive,Single,0,1,82.12359,0.266933,-3.876754,1668.182686,266.179258,2:45,4.92125,0.72698,5.46809,-40.06774,2.77618,18.1534,1.83266,-1.39396,74.11163,-7.104295,-0.6497,0.471103,95.43332,11.806811,5.001208,853.157022,108.94885,12.52903,15.1667,190.69348,190.69348,9.540997,1.657475,-10.47686,1.70752,-0.39869,50,4.91739,7.3158,-118.8509,-0.82206,-14.74391,26.20689,-29.77108,80.0089,12.70165,8.01196,2.98913,2.10042,1.34758,1000070079,Right,55.03138,-119.9552,13.10345,4.9256,0.43242,-14.88554,-0.72006,7.93708,-7.37196,275.206827,2.98913,136.48572,-19.09779,3.3854,-0.71952,0.14231,-0.02842,0.00457,-0.00039,2.10042,28.63932,-20.77952,2.2184,-0.47449,0.10559,-0.02031,0.00331,-0.0003,1.34758,11.94386,5.82693,-1.78265,0.48144,-0.11686,0.02538,-0.00425,0.00037,,,,,,,,,,,,,,,,,,,,,,,High,High,High,High,High,,,,v3
112,2/1/2023,4,1,1000036206,Right,T_B,1000051953,Right,T_A,4,Bottom,0,0,0,0-0,Slider,Slider,BallCalled,Undefined,Undefined,,Undefined,0,0,78.87588,2.171572,0.029596,2481.59732,87.355561,9:00,5.31617,0.5868,4.59923,-46.30188,1.04457,-10.63087,3.52394,-0.27095,71.8956,-6.187711,-1.833225,0.495239,,,,,,,,,,,,5.17985,0.35268,-0.57941,50,5.49741,0.40554,-114.26907,2.58442,6.82535,21.72927,-31.70936,76.10955,,6.98028,,,,1000070079,Right,55.89915,-115.38539,10.86464,5.32279,4.21345,-15.85468,-0.59123,0.0549,3.41267,,,,,,,,,,,,,,,,,,,,,,,,,,,,,,,,,,,,,,,,,,,,,,,,,,,High,High,High,,,,,,v3
113,2/1/2023,4,2,1000036206,Right,T_B,1000051953,Right,T_A,4,Bottom,0,1,0,1-0,Slider,Slider,StrikeCalled,Undefined,Undefined,,Undefined,0,0,77.79782,1.031867,-0.225619,2504.074857,74.389409,8:30,5.29224,0.67923,4.57931,-50.39219,-1.75697,-11.89453,2.07472,-0.52664,71.2524,-8.020776,-2.31196,0.501934,,,,,,,,,,,,5.7587,-0.72551,-0.64403,50,5.35182,0.94925,-112.79906,0.1434,7.39138,21.24633,-33.10527,75.09437,,6.54542,,,,1000070079,Right,55.9208,-113.90882,10.62316,5.29917,1.87258,-16.55264,-0.68353,0.56317,3.69569,,,,,,,,,,,,,,,,,,,,,,,,,,,,,,,,,,,,,,,,,,,,,,,,,,,High,High,High,,,,,,v3
114,2/1/2023,4,3,1000036206,Right,T_B,1000051953,Right,T_A,4,Bottom,0,1,1,1-1,ChangeUp,Changeup,FoulBall,Undefined,Undefined,,Undefined,0,0,82.07338,-0.248863,-2.523997,1774.864532,260.452588,2:45,5.00974,0.71684,5.36066,-37.92908,4.91,20.1893,1.61538,0.03086,74.38616,-7.217558,1.065275,0.471076,,,,,,,,,,,,-11.03414,2.92847,-0.50534,50,4.96039,4.41935,-118.95443,-1.8277,-15.60081,25.63978,-28.0336,80.01342,,7.68722,,,,1000070079,Right,55.13942,-120.05709,12.81989,5.01307,-0.6221,-14.0168,-0.70982,5.09027,-7.8004,,,,,,,,,,,,,,,,,,,,,,,,,,,,,,,,,,,,,,,,,,,,,,,,,,,High,High,High,,,,,,v3
115,2/1/2023,4,4,1000036206,Right,T_B,1000051953,Right,T_A,4,Bottom,0,1,2,1-2,ChangeUp,Changeup,InPlay,Undefined,GroundBall,GroundBall,Out,2,1,83.38017,-0.639772,-3.03475,1724.056643,263.248913,2:45,4.99866,0.78511,5.74182,-37.12498,3.69347,19.33044,1.30835,-0.43233,75.8249,-7.490546,0.425368,0.459832,95.01694,1.306748,-9.959404,1581.779598,,,,56.37066,55.56218,-11.104976,0.401632,-10.85808,2.44414,-0.54488,50,4.92254,5.64446,-120.90891,-2.59137,-15.90849,25.83302,-28.59308,81.96994,1.92585,7.55527,3.02586,1.79769,-0.0124,1000070079,Right,54.75863,-121.92139,12.91651,5.00215,-1.47073,-14.29654,-0.77832,6.26796,-7.95425,,3.03161,137.03179,-17.09968,,,,,,,1.8032,2.99529,-18.66923,,,,,,,-0.00656,-24.2904,-6.82305,,,,,,,,,,,,,,,,,,,,,,,,,,,,,High,High,High,High,High,,,,v3
116,2/1/2023,5,1,1000036206,Right,T_B,1000049656,Left,T_A,4,Bottom,2,0,0,0-0,ChangeUp,Changeup,BallCalled,Undefined,Undefined,,Undefined,0,0,84.06555,-0.860435,-3.71549,1757.356302,266.746814,3:00,4.93605,0.71483,5.43499,-37.96443,2.37165,19.04926,0.96483,-1.18202,77.08215,-7.793739,-0.327851,0.457108,,,,,,,,,,,,-10.70406,1.77791,-0.39941,50,4.83323,7.12796,-121.86575,-3.18513,-16.08544,24.11224,-29.50229,82.45857,,6.98341,,,,1000070079,Right,55.06642,-122.8641,12.05612,4.93982,-1.96362,-14.75115,-0.70832,7.79397,-8.04272,,,,,,,,,,,,,,,,,,,,,,,,,,,,,,,,,,,,,,,,,,,,,,,,,,,High,High,High,,,,,,v3
117,2/1/2023,5,2,1000036206,Right,T_B,1000049656,Left,T_A,4,Bottom,2,1,0,1-0,ChangeUp,Changeup,StrikeSwinging,Undefined,Undefined,,Undefined,0,0,83.50694,-0.570013,-1.576093,1793.796729,265.286909,2:45,5.03694,0.71453,5.62237,-37.69364,3.03036,20.26399,1.36366,0.93203,76.18336,-7.499541,2.047802,0.4593,,,,,,,,,,,,-10.71831,2.12697,-0.5933,50,4.96428,2.49771,-121.20193,-2.5083,-15.82033,25.39834,-29.0346,82.06494,,7.32358,,,,1000070079,Right,54.87704,-122.21966,12.69917,5.04148,-1.34486,-14.5173,-0.70609,3.13165,-7.91016,,,,,,,,,,,,,,,,,,,,,,,,,,,,,,,,,,,,,,,,,,,,,,,,,,,High,High,High,,,,,,v3
118,2/1/2023,5,3,1000036206,Right,T_B,1000049656,Left,T_A,4,Bottom,2,1,1,1-1,Fastball,Sinker,BallCalled,Undefined,Undefined,,Undefined,0,0,90.45157,0.98314,-0.511472,2179.447821,250.342224,2:15,5.19187,0.59839,5.76177,-26.38013,8.1578,19.62588,3.90872,1.75781,82.05619,-3.938075,3.002048,0.42298,,,,,,,,,,,,-10.11709,4.20256,-0.56794,50,5.25745,0.30451,-131.31013,1.33144,-17.51654,29.97401,-24.8978,89.11173,,8.39537,,,,1000070079,Right,54.73671,-132.38696,14.98701,5.19355,2.22591,-12.4489,-0.59018,0.9338,-8.75827,,,,,,,,,,,,,,,,,,,,,,,,,,,,,,,,,,,,,,,,,,,,,,,,,,,High,High,High,,,,,,v3
119,2/1/2023,5,4,1000036206,Right,T_B,1000049656,Left,T_A,4,Bottom,2,2,1,2-1,ChangeUp,Changeup,BallCalled,Undefined,Undefined,,Undefined,0,0,84.25879,-0.667909,-4.050473,1851.998949,263.242812,2:45,4.95984,0.67877,5.39679,-36.72427,3.63303,19.40859,1.27198,-1.50598,76.9408,-7.388621,-0.604586,0.457228,,,,,,,,,,,,-10.99945,2.37331,-0.33137,50,4.87421,7.83389,-122.05231,-2.73465,-16.5295,24.86941,-28.60752,82.43692,,7.31799,,,,1000070079,Right,55.10413,-123.08794,12.43471,4.96328,-1.54336,-14.30376,-0.67193,8.52222,-8.26475,,,,,,,,,,,,,,,,,,,,,,,,,,,,,,,,,,,,,,,,,,,,,,,,,,,High,High,High,,,,,,v3
120,2/1/2023,5,5,1000036206,Right,T_B,1000049656,Left,T_A,4,Bottom,2,3,1,3-1,Fastball,Sinker,BallCalled,Walk,Undefined,,Undefined,0,0,89.66806,0.388228,-0.912918,2194.155334,254.445451,2:30,5.1656,0.56015,5.65255,-28.59848,6.5139,19.3797,3.14454,1.32361,81.81505,-4.907051,2.550999,0.426483,,,,,,,,,,,,-10.06064,3.53965,-0.49518,50,5.18047,1.21767,-130.22732,-0.14624,-17.22469,28.12174,-26.11384,88.37974,,7.853,,,,1000070079,Right,54.84667,-131.26975,14.06087,5.16795,0.82176,-13.05692,-0.55215,1.85616,-8.61234,,,,,,,,,,,,,,,,,,,,,,,,,,,,,,,,,,,,,,,,,,,,,,,,,,,High,High,High,,,,,,v3
121,2/1/2023,1,1,1000049559,Left,T_A,1000102964,Right,T_B,5,Top,0,0,0,0-0,Fastball,Sinker,FoulBall,Undefined,Undefined,GroundBall,Undefined,0,0,86.18546,-2.332036,2.27636,2168.817885,145.440695,10:45,5.79485,-2.49267,5.1664,-17.50954,21.70415,-13.96446,2.13799,-1.51286,77.80658,-5.656166,-0.194534,0.450703,51.78653,-28.554946,167.879628,,,,,2.69059,2.38404,117.824327,0.061642,7.70331,11.97225,2.29173,50,5.56476,-4.33736,-124.72726,-5.62046,11.98117,28.05472,-13.55329,83.6304,2.25144,8.37888,2.78909,2.25144,1.51085,1000055344,Right,55.33102,-125.92065,14.02736,5.79158,-5.04393,-6.77665,2.48707,-4.84701,5.99059,,2.79298,-65.61977,,,,,,,,2.25361,-36.52433,,,,,,,,1.51001,14.09206,,,,,,,,,,,,,,,,,,,,,,,,,,,,,,High,High,High,Low,Low,,,,v3
122,2/1/2023,1,2,1000049559,Left,T_A,1000102964,Right,T_B,5,Top,0,0,1,0-1,Slider,Slider,FoulBall,Undefined,Undefined,,Undefined,0,0,80.17244,-0.467656,3.071333,2534.981615,225.806652,1:30,5.48474,-2.81591,5.08989,-37.03333,7.81969,6.61634,1.95723,0.6329,73.72761,-7.201833,4.238546,0.482022,,,,,,,,,,,,-2.47362,4.40288,2.51972,50,5.41141,-6.50405,-116.20989,-2.23988,-3.38465,21.6566,-26.14958,78.19647,,6.44483,,,,1000055344,Right,55.40986,-117.21372,10.8283,5.48715,-1.02779,-13.07479,2.81756,-6.34716,-1.69232,,,,,,,,,,,,,,,,,,,,,,,,,,,,,,,,,,,,,,,,,,,,,,,,,,,High,High,High,,,,,,v3
123,2/1/2023,1,3,1000049559,Left,T_A,1000102964,Right,T_B,5,Top,0,0,2,0-2,Fastball,Four-Seam,StrikeSwinging,Strikeout,Undefined,,Undefined,0,0,86.853,-2.834689,3.529629,2333.542194,152.921319,11:00,5.85292,-2.21704,5.47617,-18.91253,19.13808,-9.10886,1.61714,0.33088,78.92929,-6.398255,1.911522,0.443969,,,,,,,,,,,,5.64823,10.88146,1.9132,50,5.59094,-7.35622,-125.63899,-6.81687,8.96983,26.99264,-14.89343,84.89889,,7.92371,,,,1000055344,Right,55.0214,-126.71321,13.49632,5.85043,-6.22416,-7.44672,2.21306,-7.71319,4.48491,,,,,,,,,,,,,,,,,,,,,,,,,,,,,,,,,,,,,,,,,,,,,,,,,,,High,High,High,,,,,,v3
124,2/1/2023,2,1,1000049559,Left,T_A,1000110355,Right,T_B,5,Top,1,0,0,0-0,Fastball,Four-Seam,InPlay,Undefined,Bunt,,Sacrifice,1,0,87.72906,-2.219987,3.423196,2212.015644,149.787581,11:00,5.75282,-2.3386,5.51386,-19.60962,17.73005,-9.54882,2.03807,0.07045,79.39314,-5.919464,1.725412,0.439801,,,,,,,,,,,,5.91209,10.03721,2.04669,50,5.54626,-7.18215,-126.94985,-5.54838,9.54284,28.63821,-15.97283,85.70334,,8.33592,,,,1000055344,Right,54.98413,-128.06927,14.31911,5.75094,-4.92403,-7.98641,2.33471,-7.55516,4.77142,,,,,,,,,,,,,,,,,,,,,,,,,,,,,,,,,,,,,,,,,,,,,,,,,,,High,High,High,,,,,,v3
125,2/1/2023,3,1,1000049559,Left,T_A,1000187798,Right,T_B,5,Top,2,0,0,0-0,Slider,Slider,BallCalled,Undefined,Undefined,,Undefined,0,0,80.76064,1.466614,2.521635,2594.162149,257.321832,2:30,5.55463,-2.53923,5.16864,-40.78431,3.06142,7.93256,3.53782,0.49648,74.39961,-5.949061,3.923218,0.476579,,,,,,,,,,,,-3.28666,1.5537,2.29788,50,5.66032,-5.49047,-117.14992,1.54442,-4.59525,20.87231,-30.00176,79.08956,,6.36103,,,,1000055344,Right,55.3305,-118.09582,10.43616,5.55952,2.90406,-15.00088,2.54198,-5.28221,-2.29763,,,,,,,,,,,,,,,,,,,,,,,,,,,,,,,,,,,,,,,,,,,,,,,,,,,High,High,High,,,,,,v3
126,2/1/2023,3,2,1000049559,Left,T_A,1000187798,Right,T_B,5,Top,2,1,0,1-0,Fastball,Four-Seam,StrikeCalled,Undefined,Undefined,,Undefined,0,0,88.94699,-2.852718,3.719702,2305.990246,154.692678,11:15,5.70665,-2.3025,5.51249,-17.94288,18.07847,-7.99142,1.53598,0.51476,81.30433,-6.222906,2.299838,0.431968,,,,,,,,,,,,5.0776,10.27965,1.98338,50,5.44552,-8.01947,-128.73585,-6.99845,8.52151,26.71283,-14.92215,87.25753,,7.64266,,,,1000055344,Right,54.98593,-129.76631,13.35642,5.70439,-6.42283,-7.46108,2.29907,-8.34819,4.26075,,,,,,,,,,,,,,,,,,,,,,,,,,,,,,,,,,,,,,,,,,,,,,,,,,,High,High,High,,,,,,v3
127,2/1/2023,3,3,1000049559,Left,T_A,1000187798,Right,T_B,5,Top,2,1,1,1-1,Fastball,Four-Seam,StrikeSwinging,Undefined,Undefined,,Undefined,3,0,89.18639,-0.418424,3.228383,2287.468391,153.837697,11:15,5.80774,-2.16713,5.72004,-17.78438,17.82698,-8.17087,3.93533,0.16233,80.92555,-3.800181,1.770273,0.429502,,,,,,,,,,,,5.0767,9.52205,1.90216,50,5.76189,-6.93077,-129.25241,-1.47819,8.54368,28.24175,-16.14915,87.75838,,8.26083,,,,1000055344,Right,54.77638,-130.29187,14.12088,5.80535,-0.8838,-8.07457,2.16303,-7.24523,4.27184,,,,,,,,,,,,,,,,,,,,,,,,,,,,,,,,,,,,,,,,,,,,,,,,,,,High,High,High,,,,,,v3
128,2/1/2023,3,4,1000049559,Left,T_A,1000187798,Right,T_B,5,Top,0,0,0,0-0,Slider,Slider,FoulBall,Undefined,Undefined,,Undefined,0,0,82.00164,0.035399,2.2866,2624.689903,242.744194,2:00,5.5062,-2.56448,5.21524,-37.33537,5.16693,7.5578,2.42824,0.21655,75.52475,-6.763239,3.624616,0.469221,,,,,,,,,,,,-3.19567,2.91988,2.34716,50,5.4813,-5.06153,-119.00697,-1.24859,-4.59733,22.16744,-27.97347,80.32979,,6.47689,,,,1000055344,Right,55.28512,-119.98739,11.08372,5.50917,-0.01138,-13.98674,2.56653,-4.8582,-2.29866,,,,,,,,,,,,,,,,,,,,,,,,,,,,,,,,,,,,,,,,,,,,,,,,,,,High,High,High,,,,,,v3
129,2/1/2023,3,5,1000049559,Left,T_A,1000187798,Right,T_B,5,Top,0,1,2,1-2,Fastball,Four-Seam,StrikeSwinging,Strikeout,Undefined,,Undefined,0,0,88.7849,-1.041704,2.618275,2383.077345,158.195831,11:15,5.91962,-2.03355,5.44185,-15.26587,21.27277,-7.98607,3.67095,-0.24575,80.03117,-3.978081,1.199241,0.435058,,,,,,,,,,,,4.80016,11.3656,1.80748,50,5.81735,-5.51249,-128.55501,-2.76934,7.93797,29.58954,-13.3788,86.63763,,8.75373,,,,1000055344,Right,55.05284,-129.71281,14.79477,5.91546,-2.24584,-6.6894,2.02925,-5.82309,3.96899,,,,,,,,,,,,,,,,,,,,,,,,,,,,,,,,,,,,,,,,,,,,,,,,,,,High,High,High,,,,,,v3
130,1/4/1900,1,1,1000036206,Right,T_B,1000138679,Right,T_A,5,Bottom,0,1,0,1-0,Fastball,,BallCalled,Undefined,Undefined,,Undefined,0,0,,,,,,,,,,,,,,,,,,,,,,,,,,,,,,,,,,,,,,,,,,,,,,,1000070079,Right,,,,,,,,,,,,,,,,,,,,,,,,,,,,,,,,,,,,,,,,,,,,,,,,,,,,,,,,,,,,,,,,,,,,v3
131,2/1/2023,1,2,1000036206,Right,T_B,1000138679,Right,T_A,5,Bottom,0,1,0,1-0,Fastball,Sinker,StrikeCalled,Undefined,Undefined,,Undefined,0,0,89.84174,0.144582,-2.035788,2094.472112,248.611614,2:15,5.20419,0.52416,5.78098,-26.17289,8.76154,19.41481,3.15772,0.24713,81.65373,-4.736599,1.44112,0.425401,,,,,,,,,,,,-10.47422,4.76902,-0.36792,50,5.20047,3.78816,-130.40283,-0.57383,-17.92706,28.96549,-24.01164,88.60452,,8.18801,,,,1000070079,Right,54.71792,-131.44661,14.48275,5.20556,0.29144,-12.00582,-0.51607,4.43417,-8.96353,,,,,,,,,,,,,,,,,,,,,,,,,,,,,,,,,,,,,,,,,,,,,,,,,,,High,High,High,,,,,,v3
132,2/1/2023,1,3,1000036206,Right,T_B,1000138679,Right,T_A,5,Bottom,0,1,1,1-1,ChangeUp,Changeup,InPlay,Undefined,GroundBall,GroundBall,Out,1,0,84.46023,-1.056282,-2.106518,1824.377976,251.573376,2:30,5.01044,0.49674,5.4322,-32.14474,8.04256,20.00442,1.34172,0.19012,76.81786,-6.981067,1.455768,0.456264,69.99858,-10.957676,-40.74316,,,,,8.55972,7.50068,-28.47695,0.062316,-10.7652,4.75666,-0.32465,50,4.89471,3.6658,-122.47635,-3.37451,-16.20236,26.25384,-25.01495,82.61111,1.21807,7.64236,2.75756,1.21807,0.02478,1000070079,Right,55.06741,-123.55782,13.12692,5.01249,-2.34408,-12.50747,-0.4894,4.33323,-8.10118,180,2.75631,76.48941,,,,,,,,1.21839,-19.54668,,,,,,,,0.02585,-65.89158,,,,,,,,,,,,,,,,,,,,,,,,,,,,,,High,High,High,Low,Low,,,,v3
133,2/1/2023,2,1,1000036206,Right,T_B,1000103136,Right,T_A,5,Bottom,1,0,0,0-0,Slider,Curveball,StrikeCalled,Undefined,Undefined,,Undefined,0,0,79.278,1.259767,0.036921,2511.700549,56.74829,8:00,5.28736,0.56532,4.65011,-53.04609,-6.33965,-11.95056,2.06402,-0.39547,72.628,-8.259663,-2.062694,0.491881,,,,,,,,,,,,5.86725,-3.04473,-0.5575,50,5.36738,0.44125,-114.97346,0.49314,7.82261,22.10161,-36.23347,76.62921,,6.65,,,,1000070079,Right,55.85087,-116.09273,11.05081,5.29594,2.32809,-18.11674,-0.56982,0.0451,3.91131,,,,,,,,,,,,,,,,,,,,,,,,,,,,,,,,,,,,,,,,,,,,,,,,,,,High,High,High,,,,,,v3
134,2/1/2023,2,2,1000036206,Right,T_B,1000103136,Right,T_A,5,Bottom,1,0,1,0-1,Slider,Slider,StrikeCalled,Undefined,Undefined,,Undefined,0,0,79.73343,1.092023,-0.569231,2515.640314,59.402678,8:00,5.26885,0.46237,4.73535,-50.56412,-4.39299,-10.00371,2.09132,-0.9113,72.81103,-8.012487,-2.328903,0.489054,,,,,,,,,,,,4.73099,-2.01898,-0.39566,50,5.33392,1.5824,-115.58642,0.27566,6.35671,22.917,-34.88679,77.07217,,6.9224,,,,1000070079,Right,55.76413,-116.72367,11.4585,5.27729,2.00689,-17.4434,-0.46636,1.26696,3.17836,,,,,,,,,,,,,,,,,,,,,,,,,,,,,,,,,,,,,,,,,,,,,,,,,,,High,High,High,,,,,,v3
135,2/1/2023,2,3,1000036206,Right,T_B,1000103136,Right,T_A,5,Bottom,1,0,2,0-2,Fastball,Sinker,BallCalled,Undefined,Undefined,,Undefined,0,0,88.80144,-0.915831,-3.840677,2146.2681,245.40082,2:15,5.20962,0.16928,5.50525,-26.09757,10.13961,19.47418,2.17631,-1.80518,80.71947,-5.757765,-0.377644,0.43326,,,,,,,,,,,,-10.92272,5.74437,0.15304,50,5.11213,7.76654,-128.61649,-2.98261,-18.20555,27.91165,-22.59954,86.99729,,8.08197,,,,1000070079,Right,54.99351,-129.69563,13.95583,5.21055,-2.10886,-11.29977,-0.16084,8.47042,-9.10277,,,,,,,,,,,,,,,,,,,,,,,,,,,,,,,,,,,,,,,,,,,,,,,,,,,High,High,High,,,,,,v3
136,2/1/2023,2,4,1000036206,Right,T_B,1000103136,Right,T_A,5,Bottom,1,1,2,1-2,ChangeUp,Changeup,InPlay,Undefined,LineDrive,GroundBall,Single,0,0,85.0365,-0.708931,-3.276676,1830.846261,264.697947,2:45,4.99857,0.57108,5.57839,-36.31589,3.19118,19.69722,1.30903,-0.8511,77.28379,-7.388878,0.237181,0.452386,84.13266,7.905013,5.128406,743.626515,,,,130.29638,130.29638,7.211378,1.223103,-11.01552,2.20614,-0.30237,50,4.91373,6.23565,-123.2418,-2.80198,-16.77501,26.74457,-28.81444,83.31928,6.01695,7.75272,1.77963,1.28833,0.82486,1000070079,Right,54.92162,-124.30524,13.37228,5.00236,-1.65622,-14.40722,-0.56358,6.90267,-8.38751,232.175919,1.77963,121.73254,-17.72266,3.50036,-0.72085,0.14441,-0.02924,0.00516,-0.00052,1.28833,16.97058,-15.68342,0.90813,-0.13486,0.02364,-0.00272,0.00045,-6.00E-05,0.82486,10.92517,2.11417,-0.7373,0.2073,-0.05109,0.01149,-0.00212,0.00022,,,,,,,,,,,,,,,,,,,,,,,High,High,High,High,High,,,,v3
137,2/1/2023,3,1,1000036206,Right,T_B,1000094105,Right,T_A,5,Bottom,1,0,0,0-0,Slider,Curveball,InPlay,Undefined,FlyBall,Popup,Single,0,0,77.69357,1.120964,-0.447457,2389.70371,77.477223,8:30,5.37305,0.67354,4.66916,-51.71865,-3.10382,-20.93241,2.12806,-1.49584,71.2567,-8.170026,-4.12357,0.501829,71.2751,43.777419,-2.712282,,109.90574,82.09146,4.55162,209.15791,209.15791,6.638092,4.920575,10.20489,-1.47091,-0.6076,50,5.44004,1.74973,-112.69494,0.29457,13.05935,21.41783,-34.05641,75.11013,84.08177,6.43687,2.41736,2.45872,1.37604,1000070079,Right,55.83291,-113.7981,10.70891,5.3797,2.04868,-17.02821,-0.68039,1.07709,6.52968,193.103711,2.4199,75.34161,-15.87451,3.53277,-0.52432,0.03644,0.00069,-5.00E-05,-2.00E-05,2.45803,72.33394,-17.82155,0.98265,-0.04332,-0.05493,0.02255,-0.0036,0.00021,1.37543,-3.55897,3.90342,-0.88007,0.13345,-0.00994,-9.00E-05,2.00E-05,0,,,,,,,,,,,,,,,,,,,,,,,High,High,High,High,Medium,,,,v3
138,2/1/2023,4,1,1000036206,Right,T_B,1000187793,Left,T_A,5,Bottom,1,0,0,0-0,Fastball,Sinker,InPlay,Undefined,FlyBall,LineDrive,Out,1,0,88.6932,-1.006913,-2.01126,2144.169359,237.742886,2:00,5.09872,0.76157,5.65211,-21.9619,14.30654,20.62753,2.32877,0.60392,80.13693,-5.140969,1.674256,0.433447,82.28464,27.718448,5.384564,3235.017001,109.75488,50.84703,7.33125,296.41753,293.76005,1.766873,4.515687,-11.17339,7.95422,-0.60482,50,4.99972,3.63079,-128.61723,-2.97708,-18.46735,29.98901,-19.02735,86.95975,62.2555,8.55627,2.55544,2.39844,-0.55841,1000070079,Right,54.84707,-129.74247,14.9945,5.09803,-2.26314,-9.51367,-0.75405,4.32372,-9.23367,171.111576,2.55541,106.36683,-19.12786,4.36875,-0.96795,0.22642,-0.04771,0.00648,-0.00038,2.39933,56.10883,-13.4685,-0.17287,0.38363,-0.19685,0.05623,-0.00815,0.00046,-0.55839,10.02538,-3.76768,0.90001,-0.20095,0.04458,-0.00871,0.00113,-7.00E-05,,,,,,,,,,,,,,,,,,,,,,,High,High,High,High,High,,,,v3
139,2/1/2023,5,1,1000036206,Right,T_B,1000058463,Right,T_A,5,Bottom,2,0,0,0-0,Fastball,Sinker,BallCalled,Undefined,Undefined,,Undefined,0,0,88.83363,-0.046758,-2.720311,2177.061329,243.269568,2:00,5.30476,0.35303,5.44465,-24.93123,11.248,19.95832,3.18333,-0.53269,80.76906,-4.682008,0.829034,0.432913,,,,,,,,,,,,-10.79575,6.02855,-0.12659,50,5.28369,5.22122,-128.81743,-0.98453,-18.06607,27.78049,-22.08561,87.06694,,8.06457,,,,1000070079,Right,55.05395,-129.90278,13.89025,5.30531,-0.12167,-11.04281,-0.34436,5.92704,-9.03303,,,,,,,,,,,,,,,,,,,,,,,,,,,,,,,,,,,,,,,,,,,,,,,,,,,High,High,High,,,,,,v3
140,2/1/2023,5,2,1000036206,Right,T_B,1000058463,Right,T_A,5,Bottom,2,1,0,1-0,Slider,Slider,StrikeCalled,Undefined,Undefined,,Undefined,0,0,79.20845,1.008753,-0.979312,2367.332042,65.070433,8:15,5.29306,0.57843,4.65342,-48.94223,-2.44969,-8.27871,2.1732,-1.042,72.9827,-7.775276,-2.432746,0.490753,,,,,,,,,,,,3.78949,-1.04902,-0.47039,50,5.35133,2.32077,-114.92541,0.16061,5.08481,20.64355,-33.58164,76.80531,,6.22575,,,,1000070079,Right,55.84695,-115.97092,10.32178,5.30013,1.86138,-16.79082,-0.58141,2.06324,2.5424,,,,,,,,,,,,,,,,,,,,,,,,,,,,,,,,,,,,,,,,,,,,,,,,,,,High,High,High,,,,,,v3
141,2/1/2023,5,3,1000036206,Right,T_B,1000058463,Right,T_A,5,Bottom,2,1,1,1-1,Fastball,Sinker,FoulBall,Undefined,Undefined,,Undefined,0,0,89.04266,-1.145664,-2.779236,2071.853402,243.656774,2:00,5.19818,0.75715,5.67878,-24.01171,11.45831,20.90682,2.12781,-0.09346,81.60138,-5.611208,0.956372,0.428649,,,,,,,,,,,,-11.42217,6.4654,-0.53639,50,5.08647,5.38142,-129.25261,-3.40594,-19.36446,26.39392,-21.21298,87.93303,,7.44127,,,,1000070079,Right,54.82207,-130.23357,13.19696,5.1984,-2.61754,-10.60649,-0.74977,6.10112,-9.68223,,,,,,,,,,,,,,,,,,,,,,,,,,,,,,,,,,,,,,,,,,,,,,,,,,,High,High,High,,,,,,v3
142,2/1/2023,5,4,1000036206,Right,T_B,1000058463,Right,T_A,5,Bottom,2,1,2,1-2,ChangeUp,Changeup,BallCalled,Undefined,Undefined,,Undefined,0,0,83.17246,-0.300303,-1.944089,1699.341743,260.124334,2:45,4.99864,0.81485,5.7174,-35.79053,4.93662,20.84934,1.73619,0.74062,76.11439,-6.899985,1.788752,0.459318,,,,,,,,,,,,-11.15686,2.99374,-0.66534,50,4.95144,3.25821,-120.77542,-1.83392,-16.43025,24.17594,-27.7653,82.06179,,7.05808,,,,1000070079,Right,54.78276,-121.72903,12.08797,5.00218,-0.73873,-13.88265,-0.80665,3.90629,-8.21512,,,,,,,,,,,,,,,,,,,,,,,,,,,,,,,,,,,,,,,,,,,,,,,,,,,High,High,High,,,,,,v3
143,2/1/2023,5,5,1000036206,Right,T_B,1000058463,Right,T_A,5,Bottom,2,2,2,2-2,Fastball,Changeup,FoulBall,Undefined,Undefined,,Undefined,0,0,83.01902,0.522147,-3.59485,1817.504859,247.3692,2:15,4.92472,0.83376,5.47381,-32.03608,9.40772,19.26418,2.74464,-0.9293,75.51189,-5.40374,-0.171259,0.463342,76.90464,56.098693,79.429087,5628.378981,,,,,55.09217,,,-10.7854,4.9815,-0.53134,50,4.94898,6.76383,-120.29999,0.02035,-15.73708,24.2799,-24.90551,81.34913,71.71114,7.50712,1.71959,2.7732,0.92834,1000070079,Right,55.0258,-121.3101,12.13995,4.92657,1.05649,-12.45275,-0.82635,7.41853,-7.86854,,1.71959,11.54136,-9.21048,2.47671,-0.60839,0.13961,-0.0324,0.00635,-0.00073,2.7732,93.61839,-26.45235,3.21844,-0.70348,0.14411,-0.0305,0.00583,-0.00065,0.92834,61.84434,-8.28209,1.32589,-0.22259,0.03463,-0.00693,0.00098,-0.0001,,,,,,,,,,,,,,,,,,,,,,,High,High,High,Low,Low,,,,v3
144,2/1/2023,5,6,1000036206,Right,T_B,1000058463,Right,T_A,5,Bottom,2,2,2,2-2,Slider,Curveball,BallCalled,Undefined,Undefined,,Undefined,0,0,78.83736,0.490772,-2.504072,2469.648318,50.812915,7:45,5.36782,0.6487,4.66312,-52.35759,-4.44016,-7.55851,1.47134,-2.36138,71.47711,-8.923573,-3.829964,0.498217,,,,,,,,,,,,2.86894,-1.82256,-0.38588,50,5.3705,5.31504,-114.04072,-1.00594,3.71295,24.34886,-34.53281,75.65474,,7.36026,,,,1000070079,Right,55.8347,-115.27976,12.17443,5.37697,0.75133,-17.2664,-0.65154,5.1261,1.85647,,,,,,,,,,,,,,,,,,,,,,,,,,,,,,,,,,,,,,,,,,,,,,,,,,,High,High,High,,,,,,v3
145,2/1/2023,5,7,1000036206,Right,T_B,1000058463,Right,T_A,5,Bottom,2,3,2,3-2,Fastball,Sinker,InPlay,Undefined,FlyBall,FlyBall,Out,1,0,89.30904,-0.044649,-2.754304,2184.333133,245.499901,2:15,5.17969,0.73301,5.61596,-25.73123,10.37717,19.78135,2.9937,-0.19112,80.0246,-4.867878,0.774866,0.43249,90.15522,40.664077,3.525283,4620.435183,109.21314,91.57934,13.13355,280.78655,280.78655,12.97177,5.711361,-10.95099,5.65142,-0.51087,50,5.15964,5.34309,-129.33542,-0.98545,-18.17052,32.11081,-22.79687,87.15224,114.63932,9.28444,1.34643,3.12778,0.16866,1000070079,Right,54.88133,-130.54171,16.0554,5.18058,-0.12906,-11.39844,-0.72441,6.0257,-9.08526,192.907021,1.35338,99.9871,-24.5547,5.84382,-1.01681,0.13165,-0.01375,0.00119,-6.00E-05,3.12634,86.17563,-18.79735,0.86918,0.13521,-0.12198,0.03302,-0.00408,0.00019,0.16791,6.18127,2.71776,-0.78086,0.16445,-0.02629,0.00297,-0.00022,1.00E-05,,,,,,,,,,,,,,,,,,,,,,,High,High,High,High,Medium,,,,v3
146,2/1/2023,1,1,1000051799,Left,T_A,8886045,Right,T_B,6,Top,0,0,0,0-0,Fastball,Sinker,BallCalled,Undefined,Undefined,,Undefined,0,0,88.00762,-2.053173,1.650341,2017.403124,129.151689,10:15,4.925,-2.13344,5.43251,-23.29737,13.463,-15.07914,1.05913,-1.84406,80.52233,-6.374105,-1.034258,0.436377,,,,,,,,,,,,8.08953,7.71276,1.99817,50,4.72712,-3.02182,-127.6685,-5.38115,13.33804,26.53088,-19.4572,86.37594,,7.48529,,,,1000055344,Right,55.06689,-128.71715,13.26544,4.92462,-4.61209,-9.7286,2.12803,-3.54902,6.66902,,,,,,,,,,,,,,,,,,,,,,,,,,,,,,,,,,,,,,,,,,,,,,,,,,,High,High,High,,,,,,v3
147,2/1/2023,1,2,1000051799,Left,T_A,8886045,Right,T_B,6,Top,0,1,0,1-0,ChangeUp,Changeup,FoulBall,Undefined,Undefined,,Undefined,0,0,81.93086,-0.151252,3.515592,1618.019515,85.941036,8:45,4.89093,-2.09811,5.89929,-41.91298,-0.01591,-19.8447,1.25751,-0.48402,74.80785,-7.874054,-0.045748,0.465868,,,,,,,,,,,,11.32221,0.36815,1.82697,50,4.85439,-6.55273,-118.85508,-1.67483,16.08566,24.22847,-31.65103,80.90792,,7.12301,,,,1000055344,Right,54.60253,-119.78962,12.11424,4.89545,-0.45398,-15.82552,2.09169,-7.17319,8.04283,,,,,,,,,,,,,,,,,,,,,,,,,,,,,,,,,,,,,,,,,,,,,,,,,,,High,High,High,,,,,,v3
148,2/1/2023,1,3,1000051799,Left,T_A,8886045,Right,T_B,6,Top,0,1,1,1-1,Fastball,Four-Seam,FoulBall,Undefined,Undefined,,Undefined,0,0,88.82672,-1.913769,3.629165,2196.917046,140.388161,10:45,4.90853,-1.99953,5.5545,-19.06548,17.16265,-13.16961,1.52731,0.29853,80.60693,-5.510592,1.286184,0.433206,67.52048,37.249172,153.771061,3524.874059,,,,,45.34177,,,7.78477,9.62658,1.69459,50,4.73053,-7.58623,-128.60665,-4.91333,12.94599,28.42934,-16.16513,87.00816,29.46563,8.21979,3.04448,1.66631,-0.25656,1000055344,Right,54.94433,-129.69502,14.21467,4.90678,-4.29448,-8.08257,1.9945,-8.08185,6.47299,333.089633,3.04447,-70.71219,4.03426,0.00933,-0.29489,0.72029,-1.28268,1.21526,-0.45121,1.66631,59.94114,-27.79967,3.41041,-0.99151,1.10649,-1.83438,1.68962,-0.60561,-0.25656,34.83928,-6.20024,2.13879,-1.0298,1.88888,-3.331,3.11798,-1.13756,,,,,,,,,,,,,,,,,,,,,,,High,High,High,High,Low,,,,v3
149,2/1/2023,1,4,1000051799,Left,T_A,8886045,Right,T_B,6,Top,0,1,2,1-2,Slider,Slider,FoulBall,Undefined,Undefined,,Undefined,0,0,79.59785,1.141623,0.433316,2479.225002,254.786587,2:30,4.90864,-2.11113,5.42296,-39.26093,5.70969,15.75312,2.70639,-0.39248,72.78685,-6.069771,3.235943,0.482654,,,,,,,,,,,,-7.8393,2.9491,2.06121,50,4.98267,-1.49618,-115.55036,0.99403,-10.56319,22.20766,-28.20023,78.09413,,6.811,,,,1000055344,Right,55.07676,-116.52198,11.10383,4.91219,2.22783,-14.10012,2.11656,-1.03403,-5.2816,,,,,,,,,,,,,,,,,,,,,,,,,,,,,,,,,,,,,,,,,,,,,,,,,,,High,High,High,,,,,,v3
150,2/1/2023,1,5,1000051799,Left,T_A,8886045,Right,T_B,6,Top,0,1,2,1-2,Slider,Curveball,BallCalled,Undefined,Undefined,,Undefined,0,0,75.85019,0.140314,1.595625,2138.480432,313.780863,4:30,5.02219,-1.95202,5.45378,-60.9274,-11.16249,13.3391,0.07631,0.65367,69.77234,-10.881127,3.977084,0.50773,,,,,,,,,,,,-6.30803,-5.34717,1.80157,50,4.99205,-3.55817,-110.11782,-1.73659,-7.65876,21.59822,-38.6662,74.23712,,6.07784,,,,1000055344,Right,55.04937,-111.10378,10.79911,5.03103,0.02851,-19.3331,1.95602,-3.20854,-3.82938,,,,,,,,,,,,,,,,,,,,,,,,,,,,,,,,,,,,,,,,,,,,,,,,,,,High,High,High,,,,,,v3
151,2/1/2023,1,6,1000051799,Left,T_A,8886045,Right,T_B,6,Top,0,2,2,2-2,Fastball,Sinker,BallCalled,Undefined,Undefined,,Undefined,0,0,87.06602,-1.552964,3.324021,2324.949346,124.626047,10:15,4.83086,-2.22652,6.03257,-25.98517,10.84032,-13.95481,1.22457,-0.30782,79.52356,-6.410573,0.816098,0.436763,,,,,,,,,,,,8.1791,6.38118,1.97436,50,4.69526,-6.77914,-126.28505,-4.24909,13.16875,26.43717,-21.89999,86.29955,,7.54247,,,,1000055344,Right,54.46715,-127.21679,13.21859,4.83141,-3.47726,-10.94999,2.22146,-7.24326,6.58438,,,,,,,,,,,,,,,,,,,,,,,,,,,,,,,,,,,,,,,,,,,,,,,,,,,High,High,High,,,,,,v3
152,2/1/2023,1,7,1000051799,Left,T_A,8886045,Right,T_B,6,Top,0,3,2,3-2,Fastball,Four-Seam,FoulBall,Undefined,Undefined,,Undefined,0,0,88.25719,-1.501956,3.339777,2276.470642,157.385606,11:15,5.00113,-2.08048,5.96543,-15.80363,20.44741,-7.98079,2.28886,0.35461,79.72252,-4.554328,1.909233,0.433343,70.41142,19.542786,175.714131,2492.381795,,,,,47.50434,,,5.17307,11.36808,1.82005,50,4.8733,-7.13491,-127.86729,-3.77929,8.46042,29.35918,-13.58184,86.98066,14.14765,8.53467,3.44361,2.43497,-0.27761,1000055344,Right,54.5327,-128.90383,14.67959,4.99826,-3.29978,-6.79092,2.07722,-7.4336,4.23021,351.441752,3.44361,-97.04859,7.30587,-0.2079,0.02566,0.02133,-0.00732,0.00309,-0.00121,2.43497,34.54489,-25.33344,2.75089,-0.5523,0.11542,-0.01681,0.00094,0.00075,-0.27761,7.27305,-1.54737,0.04538,-0.00574,-0.0044,0.00146,-0.00056,0.00021,,,,,,,,,,,,,,,,,,,,,,,High,High,High,High,Low,,,,v3
153,2/1/2023,1,8,1000051799,Left,T_A,8886045,Right,T_B,6,Top,0,3,2,3-2,Slider,Slider,BallCalled,Walk,Undefined,,Undefined,0,0,80.86545,-0.86065,3.055917,2470.407387,248.257733,2:15,4.92272,-2.07606,5.27573,-37.76191,5.99882,11.71493,0.96632,1.77314,74.57224,-7.723412,5.129786,0.476117,,,,,,,,,,,,-5.01461,3.66729,1.788,50,4.81648,-6.74173,-117.23464,-3.07777,-6.98999,21.83406,-27.06211,79.16634,,6.29321,,,,1000055344,Right,55.22272,-118.20333,10.91703,4.92639,-1.87713,-13.53105,2.08023,-6.43161,-3.495,,,,,,,,,,,,,,,,,,,,,,,,,,,,,,,,,,,,,,,,,,,,,,,,,,,High,High,High,,,,,,v3
154,2/1/2023,2,1,1000051799,Left,T_A,691273,Right,T_B,6,Top,0,0,0,0-0,Fastball,Sinker,BallCalled,Undefined,Undefined,,Undefined,0,0,87.57015,-2.33639,2.951128,2012.5619,119.217505,10:00,4.99185,-2.09333,5.76683,-27.97624,9.06831,-13.90268,0.48201,-0.50295,79.58186,-7.528033,0.462151,0.43806,,,,,,,,,,,,8.0615,5.70469,1.8578,50,4.78132,-5.96575,-126.86587,-6.12303,13.00038,28.50107,-22.97436,86.04403,,7.98828,,,,1000055344,Right,54.73256,-127.92465,14.25054,4.99293,-5.26957,-11.48718,2.08839,-6.44869,6.50019,,,,,,,,,,,,,,,,,,,,,,,,,,,,,,,,,,,,,,,,,,,,,,,,,,,High,High,High,,,,,,v3
155,2/1/2023,2,2,1000051799,Left,T_A,691273,Right,T_B,6,Top,0,1,0,1-0,ChangeUp,Changeup,StrikeCalled,Undefined,Undefined,,Undefined,0,0,84.76701,-0.464592,3.906262,1616.707039,100.593435,9:15,4.67597,-2.16846,5.89638,-35.23888,4.33374,-15.45851,1.30706,0.17555,76.51499,-7.007806,1.136624,0.452761,,,,,,,,,,,,9.20426,2.77158,1.86267,50,4.6184,-7.75777,-122.73662,-2.16188,13.81215,27.97547,-28.01496,83.25023,,8.25202,,,,1000055344,Right,54.60198,-123.78111,13.98774,4.67959,-1.11592,-14.00748,2.16194,-8.27346,6.90607,,,,,,,,,,,,,,,,,,,,,,,,,,,,,,,,,,,,,,,,,,,,,,,,,,,High,High,High,,,,,,v3
156,2/1/2023,2,3,1000051799,Left,T_A,691273,Right,T_B,6,Top,0,1,1,1-1,Fastball,Four-Seam,InPlay,Undefined,FlyBall,LineDrive,Out,1,0,87.24196,-0.019144,3.925967,2070.407589,142.017071,10:45,4.83684,-2.14001,5.79441,-23.10249,14.3252,-10.13965,2.89379,0.67262,78.63034,-4.379527,2.115956,0.44032,77.66277,25.331533,-3.750518,2064.778335,109.93643,39.40287,-3.73446,259.83991,253.62852,2.15992,3.534795,6.4654,7.7002,1.82297,50,4.82168,-8.24875,-126.30558,-0.76579,10.29958,29.05251,-19.90736,85.60244,42.17604,8.61162,2.33739,2.96034,-0.63248,1000055344,Right,54.70381,-127.38294,14.52626,4.83639,-0.02756,-9.95368,2.13594,-8.63069,5.14979,204.127113,2.337,102.74732,-14.68248,3.30953,-0.94422,0.33026,-0.10083,0.01836,-0.00137,2.96088,48.71552,-16.23095,0.58184,0.25945,-0.23405,0.09133,-0.01698,0.00121,-0.63228,-6.74122,3.96279,-0.54645,0.18594,-0.11087,0.04279,-0.00845,0.00065,,,,,,,,,,,,,,,,,,,,,,,High,High,High,High,High,,,,v3
157,2/1/2023,3,1,1000051799,Left,T_A,1000051968,Left,T_B,6,Top,1,0,0,0-0,Fastball,Sinker,BallCalled,Undefined,Undefined,,Undefined,0,0,89.38639,-1.597551,5.008152,2168.772937,124.778072,10:15,4.97499,-1.87261,5.79031,-24.24324,11.56902,-14.76922,1.46251,1.56739,80.58723,-6.141216,2.375598,0.430712,,,,,,,,,,,,9.07595,6.78394,1.46809,50,4.82863,-10.66742,-129.14027,-4.418,15.11781,30.31767,-20.87405,87.5119,,8.79916,,,,1000055344,Right,54.7061,-130.24041,15.15884,4.9752,-3.66053,-10.43702,1.86513,-11.216,7.5589,,,,,,,,,,,,,,,,,,,,,,,,,,,,,76.37469,2.186297,0.866253,1.320044,-0.30964,1.27403,-1.63772,-0.88995,5.77347,-1.04355,127.2793,1.43548,0.55055,-0.71501,109.3268,-9.40555,5.82053,13.21918,-12.54194,-1.14977,-3.81761,3.891,High,High,High,,,High,High,High,v3
158,2/1/2023,3,2,1000051799,Left,T_A,1000051968,Left,T_B,6,Top,1,1,0,1-0,Fastball,Four-Seam,StrikeSwinging,Undefined,Undefined,,Undefined,0,0,88.18129,-1.548554,3.424836,1999.76054,147.251821,11:00,4.74171,-2.09028,5.43718,-20.39308,16.77568,-9.91599,1.58924,0.2943,79.47471,-5.393636,1.664318,0.438794,,,,,,,,,,,,6.06445,9.31552,1.79394,50,4.59082,-7.18887,-127.5612,-4.11227,9.85442,29.61972,-17.03679,85.90013,,8.70658,,,,1000055344,Right,55.05865,-128.73046,14.80986,4.73989,-3.43973,-8.5184,2.0854,-7.57787,4.92721,,,,,,,,,,,,,,,,,,,,,,,,,,,,,,,,,,,,,,,,,,,,,,,,,,,High,High,High,,,,,,v3
159,2/1/2023,3,3,1000051799,Left,T_A,1000051968,Left,T_B,6,Top,1,1,1,1-1,Fastball,Cutter,StrikeSwinging,Undefined,Undefined,,Undefined,0,0,86.93424,-0.559453,2.450015,1934.099374,160.092536,11:15,4.79406,-2.04399,5.91347,-23.81159,13.38753,-4.39532,2.29003,-0.135,78.98245,-5.03786,1.661761,0.438973,,,,,,,,,,,,2.96658,7.39378,1.8499,50,4.73569,-5.21103,-126.09216,-1.97407,4.74479,27.20807,-20.34838,85.86509,,7.95179,,,,1000055344,Right,54.58274,-127.07718,13.60404,4.79383,-1.2374,-10.17419,2.04166,-5.38281,2.3724,,,,,,,,,,,,,,,,,,,,,,,,,,,,,,,,,,,,,,,,,,,,,,,,,,,High,High,High,,,,,,v3
160,2/1/2023,3,4,1000051799,Left,T_A,1000051968,Left,T_B,6,Top,1,1,2,1-2,Fastball,Four-Seam,BallCalled,Undefined,Undefined,,Undefined,0,0,89.97912,1.48899,1.602842,1943.364256,161.31268,11:30,5.04847,-1.91292,5.49228,-18.92529,16.34682,-5.13362,4.86511,-0.84094,81.45302,-2.089299,0.689176,0.427452,,,,,,,,,,,,3.03622,8.12241,1.77607,50,5.16635,-3.41305,-130.4352,2.78145,5.20021,28.93195,-18.2627,88.17938,,8.5261,,,,1000055344,Right,55.00295,-131.54023,14.46597,5.04679,3.47898,-9.13135,1.91022,-3.61167,2.60011,,,,,,,,,,,,,,,,,,,,,,,,,,,,,,,,,,,,,,,,,,,,,,,,,,,High,High,High,,,,,,v3
161,2/1/2023,3,5,1000051799,Left,T_A,1000051968,Left,T_B,6,Top,1,2,2,2-2,Slider,Slider,FoulBall,Undefined,Undefined,,Undefined,0,0,80.9952,0.243862,1.371841,2309.315793,223.056476,1:30,4.86077,-2.0337,5.44044,-29.58033,13.73611,11.57201,2.62415,0.21542,74.16416,-5.234711,3.429475,0.473694,67.88393,34.354308,-145.701274,3960.098938,,,,,46.21806,,,-5.48575,7.25473,1.90396,50,4.86214,-3.27578,-117.57783,-0.45105,-7.67367,22.44795,-22.02588,79.57131,27.86811,6.83103,2.1242,2.60752,-0.15705,1000055344,Right,55.05869,-118.5397,11.22398,4.86124,0.49273,-11.01294,2.03728,-2.94698,-3.83683,43.983216,2.1242,-67.90285,2.03294,0.39115,-0.49314,2.76749,-6.58264,7.15217,-2.99694,2.60752,56.18413,-25.98977,2.92558,-0.89093,1.88365,-4.08815,4.33493,-1.79457,-0.15706,-46.31769,9.31897,-1.73373,0.6454,-2.00636,4.52281,-4.82032,1.99949,,,,,,,,,,,,,,,,,,,,,,,High,High,High,High,Low,,,,v3
162,2/1/2023,3,6,1000051799,Left,T_A,1000051968,Left,T_B,6,Top,1,2,2,2-2,Fastball,Sinker,FoulBall,Undefined,Undefined,,Undefined,0,0,89.2543,0.030106,3.103781,2259.495224,125.904677,10:15,4.91142,-2.10692,6.01467,-26.04186,9.12052,-10.97229,2.7692,-0.1433,81.05117,-4.848566,1.13328,0.426786,,,,,,,,,,,,6.46587,5.05236,1.86874,50,4.89981,-6.53793,-129.41699,-0.79151,10.90522,28.40662,-23.65281,88.31685,,8.20312,,,,1000055344,Right,54.48072,-130.39679,14.20331,4.91304,0.02431,-11.8264,2.10073,-6.91407,5.45261,,,,,,,,,,,,,,,,,,,,,,,,,,,,,,,,,,,,,,,,,,,,,,,,,,,High,High,High,,,,,,v3
163,2/1/2023,3,7,1000051799,Left,T_A,1000051968,Left,T_B,6,Top,1,2,2,2-2,Slider,Curveball,BallCalled,Undefined,Undefined,,Undefined,0,0,76.91055,0.548038,1.967116,2124.765727,323.843196,4:45,4.87828,-1.95752,5.41867,-62.05909,-13.75607,11.15827,0.22038,0.81574,70.93341,-10.658923,3.956845,0.500217,,,,,,,,,,,,-5.09595,-6.80674,1.77453,50,4.88291,-4.25273,-111.67976,-1.02424,-6.38924,21.47629,-40.70825,75.35215,,5.97714,,,,1000055344,Right,55.08533,-112.65344,10.73815,4.88751,0.82136,-20.35412,1.96077,-3.96306,-3.19462,,,,,,,,,,,,,,,,,,,,,,,,,,,,,,,,,,,,,,,,,,,,,,,,,,,High,High,High,,,,,,v3
164,2/1/2023,3,8,1000051799,Left,T_A,1000051968,Left,T_B,6,Top,1,3,2,3-2,Fastball,Four-Seam,BallCalled,Walk,Undefined,,Undefined,0,0,88.95072,0.59215,4.018317,2078.457651,149.780591,11:00,5.00249,-2.09448,5.97374,-23.54509,12.07044,-6.3241,3.59072,1.10984,80.50204,-3.841857,2.886367,0.429528,,,,,,,,,,,,4.45504,6.37071,1.77949,50,5.03647,-8.78206,-128.82196,0.58872,7.42203,28.90774,-21.56052,87.75321,,8.44868,,,,1000055344,Right,54.52306,-129.83297,14.45387,5.0027,1.34277,-10.78026,2.09117,-9.04164,3.71101,,,,,,,,,,,,,,,,,,,,,,,,,,,,,,,,,,,,,,,,,,,,,,,,,,,High,High,High,,,,,,v3
165,2/1/2023,4,1,1000051799,Left,T_A,1000110361,Right,T_B,6,Top,1,0,0,0-0,Fastball,Four-Seam,BallCalled,Undefined,Undefined,,Undefined,0,0,86.96723,-0.191084,0.316791,1889.299539,152.175684,11:00,4.97825,-2.05035,5.57047,-22.96064,14.62564,-7.05591,2.88637,-2.34242,78.98982,-4.496899,-0.942174,0.441251,,,,,,,,,,,,3.64181,7.81969,2.02771,50,4.94699,-0.38931,-126.18974,-1.16877,5.83653,27.13638,-19.6418,85.4217,,7.97741,,,,1000055344,Right,54.92563,-127.24456,13.56819,4.97758,-0.40527,-9.8209,2.04725,-0.61618,2.91827,,,,,,,,,,,,,,,,,,,,,,,,,,,,,,,,,,,,,,,,,,,,,,,,,,,High,High,High,,,,,,v3
166,2/1/2023,4,2,1000051799,Left,T_A,1000110361,Right,T_B,6,Top,1,1,0,1-0,ChangeUp,Changeup,InPlay,Undefined,GroundBall,GroundBall,Single,0,0,83.56329,-0.200662,3.079607,1584.534413,102.227117,9:30,4.64415,-2.11936,5.88251,-36.209,3.92488,-12.18135,1.44012,-0.27185,76.47093,-6.890239,0.895326,0.45596,106.74517,6.851583,-9.725577,1365.933687,,,,114.69807,113.81065,-11.776324,0.834883,7.14918,2.42339,1.87781,50,4.60689,-6.04951,-121.26697,-1.61276,10.62104,24.22965,-28.57377,82.66604,4.72676,7.09236,2.03104,1.35283,0.35335,1000055344,Right,54.61765,-122.18611,12.11482,4.64751,-0.52882,-14.28689,2.11494,-6.45242,5.31052,50.54724,2.03104,153.20728,-29.73941,6.38329,-1.5995,0.4044,-0.10494,0.02346,-0.0031,1.35283,18.6772,-27.30433,4.36232,-1.14236,0.30839,-0.08145,0.01892,-0.00261,0.35335,-26.2586,-4.12571,2.29394,-0.77821,0.24506,-0.07183,0.01779,-0.00256,,,,,,,,,,,,,,,,,,,,,,,High,High,High,High,High,,,,v3
167,2/1/2023,5,1,1000051799,Left,T_A,1000079407,Left,T_B,6,Top,1,0,0,0-0,Fastball,Sinker,FoulBall,Undefined,Undefined,,Undefined,0,0,88.2887,-0.262182,3.751219,1973.124645,132.014377,10:30,4.98856,-2.02064,5.49359,-23.92545,12.90843,-12.90001,2.74899,0.4184,79.82398,-4.734483,1.459678,0.436813,73.27424,42.670206,-121.674937,5566.578486,,,,,56.01524,,,7.64894,6.95894,1.70098,50,4.94972,-7.80843,-127.8096,-1.39963,12.531,28.69839,-20.77341,86.28971,44.13809,8.46472,0.58725,2.66683,-0.42065,1000055344,Right,55.00377,-128.92825,14.3492,4.9885,-0.58989,-10.38671,2.01487,-8.29688,6.2655,49.161881,0.58725,-41.49354,-4.38505,2.16683,0.91385,-2.88768,3.08905,-1.69907,0.38509,2.66683,72.83975,-27.20323,3.2643,-0.51762,-0.06188,0.10674,-0.03653,0.00047,-0.42065,-67.24714,14.6581,-3.0124,-0.17973,1.34085,-1.39946,0.73742,-0.15758,,,,,,,,,,,,,,,,,,,,,,,High,High,High,High,Low,,,,v3
168,2/1/2023,5,2,1000051799,Left,T_A,1000079407,Left,T_B,6,Top,1,0,1,0-1,Slider,Curveball,BallCalled,Undefined,Undefined,,Undefined,0,0,76.38084,1.293873,3.829927,2285.823445,299.037311,4:00,4.83508,-2.06288,5.21372,-57.06145,-6.58241,15.22213,1.29955,2.81236,69.0079,-9.053622,6.516974,0.51136,,,,,,,,,,,,-6.18099,-3.08874,1.69696,50,4.91279,-8.00446,-110.36317,0.52203,-7.43485,24.16797,-35.88934,73.71015,,7.37295,,,,1000055344,Right,55.28359,-111.5142,12.08399,4.84722,2.23131,-17.94467,2.06974,-7.65037,-3.71742,,,,,,,,,,,,,,,,,,,,,,,,,,,,,,,,,,,,,,,,,,,,,,,,,,,High,High,High,,,,,,v3
169,2/1/2023,5,3,1000051799,Left,T_A,1000079407,Left,T_B,6,Top,1,1,1,1-1,Fastball,Sinker,FoulBall,Undefined,Undefined,,Undefined,0,0,87.25464,-0.273292,4.041276,2171.991452,126.063297,10:15,4.86378,-2.0062,5.54521,-24.90301,12.56638,-15.53229,2.53249,0.48243,79.27444,-4.916094,1.280237,0.440565,,,,,,,,,,,,9.06036,6.79465,1.66644,50,4.82377,-8.26287,-126.37032,-1.44325,14.58308,26.87074,-21.2377,85.55483,,7.9802,,,,1000055344,Right,54.95387,-127.41933,13.43537,4.86393,-0.61415,-10.61885,2.00013,-8.83218,7.29154,,,,,,,,,,,,,,,,,,,,,,,,,,,,,,,,,,,,,,,,,,,,,,,,,,,High,High,High,,,,,,v3
170,2/1/2023,5,4,1000051799,Left,T_A,1000079407,Left,T_B,6,Top,1,1,2,1-2,Slider,Slider,FoulBall,Undefined,Undefined,GroundBall,Undefined,0,0,81.94408,0.300938,2.400152,2322.865237,207.785083,1:00,4.91526,-2.03178,5.4569,-34.86459,7.33063,3.19036,2.29183,0.48212,75.32159,-6.098739,2.967379,0.467523,51.02135,-37.012618,58.433477,,,,,4.93592,2.95358,27.431951,0.05296,-0.98063,3.95051,1.81777,50,4.91772,-5.11127,-118.95204,-0.54922,-1.40836,22.31127,-26.50037,80.62158,2.4016,6.62249,2.71331,2.4016,-0.44026,1000055344,Right,55.04386,-119.89436,11.15564,4.91728,0.57003,-13.25019,2.03239,-5.05178,-0.70418,,2.71154,31.48833,,,,,,,,2.40416,-45.3478,,,,,,,,-0.44315,51.25063,,,,,,,,,,,,,,,,,,,,,,,,,,,,,,High,High,High,Low,Low,,,,v3
171,2/1/2023,5,5,1000051799,Left,T_A,1000079407,Left,T_B,6,Top,1,1,2,1-2,Slider,Curveball,BallCalled,Undefined,Undefined,,Undefined,0,0,74.99643,1.368733,2.532658,2282.453443,309.809337,4:15,4.95862,-1.93471,5.22839,-62.38204,-10.768,15.00406,1.04832,1.69804,68.57515,-9.902181,5.191941,0.517077,,,,,,,,,,,,-6.65638,-5.23981,1.68974,50,5.03845,-5.39212,-108.68128,0.4674,-7.84937,21.54718,-38.35299,72.8952,,6.42128,,,,1000055344,Right,55.27292,-109.72171,10.77359,4.97116,2.31931,-19.1765,1.94095,-5.01311,-3.92468,,,,,,,,,,,,,,,,,,,,,,,,,,,,,,,,,,,,,,,,,,,,,,,,,,,High,High,High,,,,,,v3
172,2/1/2023,5,6,1000051799,Left,T_A,1000079407,Left,T_B,6,Top,1,2,2,2-2,Slider,Curveball,BallCalled,Undefined,Undefined,,Undefined,0,0,74.6986,1.154701,1.917393,2218.896539,316.273777,4:30,4.64224,-2.30344,5.30444,-66.59051,-14.24686,15.45702,0.17775,0.78525,67.79782,-10.897589,4.66648,0.520719,,,,,,,,,,,,-7.12036,-7.10374,2.11742,50,4.69838,-4.20699,-108.23437,-0.0438,-8.23229,23.35335,-40.38714,72.38536,,6.90078,,,,1000055344,Right,55.19763,-109.35009,11.67667,4.65438,1.88573,-20.19357,2.30902,-3.81369,-4.11615,,,,,,,,,,,,,,,,,,,,,,,,,,,,,,,,,,,,,,,,,,,,,,,,,,,High,High,High,,,,,,v3
173,2/1/2023,5,7,1000051799,Left,T_A,1000079407,Left,T_B,6,Top,1,3,2,3-2,Fastball,Sinker,InPlay,Undefined,GroundBall,GroundBall,Out,1,0,87.29904,-0.233894,3.287435,2147.712471,118.590588,10:00,4.84784,-1.83267,5.8026,-28.13856,8.88556,-14.04079,2.28507,0.05807,79.40364,-5.473166,0.775619,0.437939,63.0351,-37.380137,34.827914,,,,,4.62034,3.86434,20.578618,0.040654,8.20237,4.9476,1.57126,50,4.81179,-6.69689,-126.60144,-1.45643,13.23357,27.27565,-24.19171,86.06777,2.29125,7.89539,1.86374,2.29125,-0.08875,1000055344,Right,54.69733,-127.60944,13.63783,4.8491,-0.56239,-12.09585,1.82779,-7.18595,6.61678,180,1.86211,60.55471,,,,,,,,2.29278,-56.36003,,,,,,,,-0.08989,42.13039,,,,,,,,,,,,,,,,,,,,,,,,,,,,,,High,High,High,Low,Low,,,,v3
174,2/1/2023,1,1,1000036206,Right,T_B,1000055244,Left,T_A,6,Bottom,0,0,0,0-0,Fastball,Sinker,BallCalled,Undefined,Undefined,,Undefined,0,0,87.28932,-0.474002,0.077715,2056.25487,241.764706,2:00,5.23989,0.47393,5.52266,-25.86612,11.41016,19.01127,2.64122,2.13086,79.67063,-5.274615,3.466765,0.439428,,,,,,,,,,,,-9.57308,6.26178,-0.4937,50,5.18158,-0.9969,-126.73576,-1.93655,-15.50456,26.91825,-22.03249,85.77613,,7.61869,,,,1000070079,Right,54.97619,-127.78831,13.45912,5.24046,-1.07503,-11.01624,-0.46658,-0.39064,-7.75228,,,,,,,,,,,,,,,,,,,,,,,,,,,,,,,,,,,,,,,,,,,,,,,,,,,High,High,High,,,,,,v3
175,2/1/2023,1,2,1000036206,Right,T_B,1000055244,Left,T_A,6,Bottom,0,1,0,1-0,ChangeUp,Changeup,FoulBall,Undefined,Undefined,,Undefined,0,0,82.52435,0.136338,-1.664771,1883.731102,264.054085,2:45,4.93417,0.54079,5.67953,-38.16439,3.33122,19.0147,1.88095,0.57303,75.38685,-6.892968,1.737542,0.463631,,,,,,,,,,,,-9.91701,2.18677,-0.41123,50,4.92262,2.66564,-119.77297,-1.03247,-14.35293,23.92659,-29.00913,81.29835,,7.1375,,,,1000070079,Right,54.81683,-120.73137,11.9633,4.94071,0.12952,-14.50457,-0.52952,3.24056,-7.17646,,,,,,,,,,,,,,,,,,,,,,,,,,,,,,,,,,,,,,,,,,,,,,,,,,,High,High,High,,,,,,v3
176,2/1/2023,1,3,1000036206,Right,T_B,1000055244,Left,T_A,6,Bottom,0,1,1,1-1,Slider,Slider,StrikeCalled,Undefined,Undefined,,Undefined,0,0,77.11483,1.776718,1.932574,2381.604748,86.662046,9:00,5.25536,0.60334,4.92761,-48.18211,0.56646,-16.53639,2.92123,1.05289,70.64408,-6.952505,-0.982932,0.502519,,,,,,,,,,,,8.7004,0.24264,-0.77708,50,5.38837,-3.09566,-111.81883,1.76059,11.01809,20.12017,-31.86679,75.00702,,6.47075,,,,1000070079,Right,55.57268,-112.81709,10.06009,5.26179,3.34167,-15.9334,-0.60992,-3.64232,5.50905,,,,,,,,,,,,,,,,,,,,,,,,,,,,,,,,,,,,,,,,,,,,,,,,,,,High,High,High,,,,,,v3
177,2/1/2023,1,4,1000036206,Right,T_B,1000055244,Left,T_A,6,Bottom,0,1,2,1-2,Fastball,Sinker,BallCalled,Undefined,Undefined,,Undefined,0,0,88.61553,0.423208,-0.253635,2126.233613,241.899151,2:00,5.20959,0.39267,5.55805,-25.46679,10.60595,17.71576,3.48278,1.63201,80.83539,-4.31137,2.906148,0.432276,,,,,,,,,,,,-8.99827,5.5891,-0.38259,50,5.22954,-0.21372,-128.67654,0.06361,-15.04738,27.35205,-22.8277,87.19532,,7.78014,,,,1000070079,Right,54.94042,-129.72245,13.67603,5.21042,0.93651,-11.41385,-0.38541,0.36167,-7.52369,,,,,,,,,,,,,,,,,,,,,,,,,,,,,,,,,,,,,,,,,,,,,,,,,,,High,High,High,,,,,,v3
178,2/1/2023,1,5,1000036206,Right,T_B,1000055244,Left,T_A,6,Bottom,0,2,2,2-2,Fastball,Sinker,BallCalled,Undefined,Undefined,,Undefined,0,0,89.7576,0.622108,-1.172201,2153.23444,251.491966,2:30,5.2413,0.42142,5.55733,-27.09293,8.40792,21.42686,3.56494,1.11162,81.09481,-4.420064,2.64988,0.428836,,,,,,,,,,,,-11.19005,4.41233,-0.33466,50,5.27743,1.70373,-130.20108,0.44626,-18.96424,30.5854,-24.69628,87.89486,,8.66279,,,,1000070079,Right,54.94117,-131.35667,15.2927,5.24294,1.37935,-12.34814,-0.41257,2.42025,-9.48212,,,,,,,,,,,,,,,,,,,,,,,,,,,,,,,,,,,,,,,,,,,,,,,,,,,High,High,High,,,,,,v3
179,2/1/2023,1,6,1000036206,Right,T_B,1000055244,Left,T_A,6,Bottom,0,3,2,3-2,Fastball,Sinker,BallCalled,Walk,Undefined,,Undefined,0,0,88.61488,0.767707,-0.008015,2132.244818,240.974657,2:00,5.0948,0.6263,5.49828,-24.11454,12.40918,20.07962,3.80338,2.2921,80.02284,-3.746647,3.568052,0.43497,,,,,,,,,,,,-10.10119,6.38292,-0.63945,50,5.14601,-0.88089,-128.52142,0.8984,-16.67221,29.91737,-21.63891,86.65536,,8.59204,,,,1000070079,Right,54.99916,-129.67992,14.95868,5.09499,1.73633,-10.81946,-0.61783,-0.23529,-8.33611,,,,,,,,,,,,,,,,,,,,,,,,,,,,,,,,,,,,,,,,,,,,,,,,,,,High,High,High,,,,,,v3
180,2/1/2023,2,1,1000036206,Right,T_B,1000066765,Right,T_A,6,Bottom,0,0,0,0-0,Slider,Slider,StrikeCalled,Undefined,Undefined,,Undefined,0,0,77.37807,0.935454,0.088492,2350.665979,95.553939,9:15,5.254,0.57967,5.01826,-45.83751,2.34618,-8.66571,2.31711,-0.05896,71.03481,-7.383054,-1.443229,0.499599,,,,,,,,,,,,4.33299,1.33437,-0.58077,50,5.30661,0.17603,-112.29476,0.23329,5.53305,20.32655,-30.4701,75.44541,,6.34326,,,,1000070079,Right,55.48128,-113.28258,10.16327,5.2593,1.71407,-15.23505,-0.58279,-0.09286,2.76653,,,,,,,,,,,,,,,,,,,,,,,,,,,,,,,,,,,,,,,,,,,,,,,,,,,High,High,High,,,,,,v3
181,2/1/2023,2,2,1000036206,Right,T_B,1000066765,Right,T_A,6,Bottom,0,0,1,0-1,Slider,Slider,StrikeCalled,Undefined,Undefined,,Undefined,1,0,77.11415,1.579678,0.562109,2355.936368,77.140151,8:30,5.27313,0.56792,4.78072,-50.68011,-1.42839,-13.36154,2.54758,-0.01272,70.38263,-7.576019,-1.789353,0.505105,,,,,,,,,,,,6.72922,-0.69339,-0.61172,50,5.38672,-0.5398,-111.7837,1.24288,8.46445,21.2577,-33.04621,74.62292,,6.73152,,,,1000070079,Right,55.71881,-112.866,10.62885,5.28061,2.92537,-16.52311,-0.57326,-0.97075,4.23222,,,,,,,,,,,,,,,,,,,,,,,,,,,,,78.75023,2.071247,0.775373,1.295874,-0.31203,2.31267,0.06786,-1.05464,6.45932,1.56552,127.28122,5.29497,-1.54964,-0.69366,111.70788,-9.91153,6.41032,11.44097,-9.49999,1.45843,-5.36697,2.32645,High,High,High,,,High,High,High,v3
182,2/1/2023,2,3,1000036206,Right,T_B,1000066765,Right,T_A,6,Bottom,1,0,2,0-2,Fastball,Sinker,FoulBall,Undefined,Undefined,GroundBall,Undefined,0,0,89.37552,0.697173,-2.136595,2182.739576,232.736496,1:45,5.27114,0.34571,5.5108,-20.62643,14.87005,18.07221,4.2047,-0.1472,81.462,-3.172165,1.081565,0.428809,29.28948,26.810832,174.190875,1662.967487,,,,50.29291,39.96111,176.283954,1.305359,-9.66288,7.63591,-0.17159,50,5.31832,4.02397,-129.69885,0.89147,-16.46001,27.11846,-19.16681,87.90024,9.47721,7.91352,,,,1000070079,Right,54.98751,-130.73752,13.55923,5.27012,1.62558,-9.58341,-0.33779,4.65441,-8.23001,318.195045,-2.04918,-38.1428,0.98386,0.00621,-0.16602,0.32697,-0.32237,0.17196,-0.03697,4.18411,19.37619,-18.15078,0.91319,-0.33475,0.23928,-0.18816,0.08329,-0.01445,0.1351,3.88085,-1.49752,0.42132,-0.26319,0.30772,-0.25272,0.09878,-0.01379,,,,,,,,,,,,,,,,,,,,,,,High,High,High,High,Medium,,,,v3
183,2/1/2023,2,4,1000036206,Right,T_B,1000066765,Right,T_A,6,Bottom,1,0,2,0-2,ChangeUp,Changeup,BallCalled,Undefined,Undefined,,Undefined,0,0,83.69484,-1.795854,-4.164606,1649.180863,250.935258,2:15,4.85475,0.558,5.50059,-32.85293,8.27827,19.67021,0.43233,-1.7049,75.86003,-7.856091,-0.66574,0.461591,,,,,,,,,,,,-11.29158,5.14918,-0.20745,50,4.67538,8.00349,-121.06174,-4.91995,-16.54955,26.37094,-24.62716,81.65768,,7.83481,,,,1000070079,Right,54.99868,-122.14575,13.18547,4.85681,-3.90762,-12.31358,-0.55043,8.68378,-8.27477,,,,,,,,,,,,,,,,,,,,,,,,,,,,,,,,,,,,,,,,,,,,,,,,,,,High,High,High,,,,,,v3
184,2/1/2023,2,5,1000036206,Right,T_B,1000066765,Right,T_A,6,Bottom,1,1,2,1-2,ChangeUp,Changeup,FoulBall,Undefined,Undefined,,Undefined,0,0,83.83966,-0.433363,-3.397739,1769.842082,271.446991,3:00,4.94283,0.5255,5.56264,-39.58636,0.7726,20.59702,1.23839,-0.93608,76.80983,-7.678098,0.275779,0.457237,,,,,,,,,,,,-11.52209,0.81374,-0.24643,50,4.8789,6.39658,-121.62281,-2.30146,-17.21903,24.36176,-30.95796,82.43526,,7.02983,,,,1000070079,Right,54.9397,-122.60827,12.18088,4.94667,-1.04917,-15.47898,-0.51927,7.09311,-8.60951,,,,,,,,,,,,,,,,,,,,,,,,,,,,,,,,,,,,,,,,,,,,,,,,,,,High,High,High,,,,,,v3
185,2/1/2023,2,6,1000036206,Right,T_B,1000066765,Right,T_A,6,Bottom,1,1,2,1-2,Slider,Slider,FoulBall,Undefined,Undefined,GroundBall,Undefined,0,0,79.46607,0.05449,-0.462977,2416.108968,86.729181,9:00,5.28175,0.42275,5.13713,-44.51798,1.37465,-3.29543,1.62323,-0.28784,72.40799,-8.04951,-1.047169,0.487577,62.72869,-32.496502,-61.603032,,,,,5.43939,5.43939,-25.891623,0.038352,1.51437,1.05626,-0.37664,50,5.25233,1.06457,-115.24873,-1.45301,2.01606,23.45381,-30.76789,77.30569,1.90223,7.05808,3.47317,1.90223,0.25176,1000070079,Right,55.36222,-116.33486,11.72691,5.28663,-0.02818,-15.38395,-0.42378,0.97121,1.00803,,3.47238,37.03108,,,,,,,,1.90329,-49.5991,,,,,,,,0.25322,-68.49621,,,,,,,,,,,,,,,,,,,,,,,,,,,,,,High,High,High,Estimated,Estimated,,,,v3
186,2/1/2023,2,7,1000036206,Right,T_B,1000066765,Right,T_A,6,Bottom,1,1,2,1-2,Fastball,Sinker,FoulBall,Undefined,Undefined,,Undefined,0,0,88.66271,-1.185078,-3.43149,2126.110542,258.279837,2:30,5.18904,0.04623,5.21803,-30.35506,6.34351,24.65836,1.54303,-1.12921,80.77677,-6.747826,0.93658,0.43601,,,,,,,,,,,,-13.39591,3.8526,0.25122,50,5.05675,6.59418,-128.46213,-3.81072,-22.27218,27.86733,-25.76871,86.44866,,7.88594,,,,1000070079,Right,55.28311,-129.60313,13.93367,5.19117,-2.75564,-12.88435,-0.03744,7.5061,-11.13609,,,,,,,,,,,,,,,,,,,,,,,,,,,,,,,,,,,,,,,,,,,,,,,,,,,High,High,High,,,,,,v3
187,2/1/2023,2,8,1000036206,Right,T_B,1000066765,Right,T_A,6,Bottom,1,1,2,1-2,ChangeUp,Changeup,InPlay,Undefined,LineDrive,LineDrive,Double,0,0,83.15335,-0.14142,-3.930881,1842.409497,264.347747,2:45,4.84266,0.50629,5.32206,-37.85199,3.63729,23.03332,1.55531,-1.26892,75.95431,-7.062732,0.153711,0.463596,91.84232,14.628734,26.998663,3793.176107,93.23298,19.86017,58.37358,221.8818,204.01289,37.728783,2.363356,-12.75343,2.2228,-0.16772,50,4.80235,7.32299,-120.49072,-1.64439,-18.69809,24.00308,-28.91516,81.30455,20.19324,7.19904,1.93248,1.71724,1.20777,1000070079,Right,55.1795,-121.51816,12.00154,4.84625,-0.40669,-14.45758,-0.4983,8.12334,-9.34905,244.238745,1.93246,116.13217,-27.05246,5.81711,-1.14952,0.08781,0.05449,-0.02306,0.00287,1.71725,34.0185,-16.69272,1.06579,-0.16149,0.07007,-0.0365,0.01101,-0.00129,1.2078,59.16579,1.3885,-1.95507,0.61567,-0.05159,-0.0513,0.02198,-0.0028,,,,,,,,,,,,,,,,,,,,,,,High,High,High,High,High,,,,v3
188,2/1/2023,3,1,1000036206,Right,T_B,1000051953,Right,T_A,6,Bottom,1,0,0,0-0,Slider,Curveball,BallCalled,Undefined,Undefined,,Undefined,0,0,77.84575,0.530279,-1.472445,2454.609511,54.692963,7:45,5.25291,0.44975,4.70593,-54.69172,-6.61847,-11.37016,1.19879,-1.89569,71.98836,-9.248711,-3.471797,0.499026,,,,,,,,,,,,5.20851,-3.01819,-0.28981,50,5.25705,3.37532,-112.97916,-0.99325,6.7443,20.23457,-36.08222,75.53204,,5.85739,,,,1000070079,Right,55.79636,-114.01256,10.11729,5.26073,0.84951,-18.04111,-0.4534,3.03088,3.37215,,,,,,,,,,,,,,,,,,,,,,,,,,,,,,,,,,,,,,,,,,,,,,,,,,,High,High,High,,,,,,v3
189,2/1/2023,3,2,1000036206,Right,T_B,1000051953,Right,T_A,6,Bottom,1,1,0,1-0,Fastball,Sinker,BallCalled,Undefined,Undefined,,Undefined,0,0,87.49181,0.312785,-3.071577,2103.994529,236.290735,2:00,5.11345,0.58862,5.62326,-23.29678,13.72721,18.75989,3.46437,-0.71712,79.56674,-4.051585,0.273303,0.437938,,,,,,,,,,,,-10.37004,7.22115,-0.33887,50,5.12537,5.99813,-126.8789,-0.07145,-16.85419,26.6792,-20.43769,86.06792,,7.92507,,,,1000070079,Right,54.87552,-127.89998,13.3396,5.11314,0.71075,-10.21885,-0.58078,6.64319,-8.42709,,,,,,,,,,,,,,,,,,,,,,,,,,,,,,,,,,,,,,,,,,,,,,,,,,,High,High,High,,,,,,v3
190,2/1/2023,3,3,1000036206,Right,T_B,1000051953,Right,T_A,6,Bottom,1,2,0,2-0,Fastball,Changeup,StrikeCalled,Undefined,Undefined,,Undefined,0,0,86.12437,-1.412225,-3.414378,2081.414061,247.508756,2:15,5.1923,0.3909,5.60499,-28.36679,10.08902,21.15966,1.5075,-1.03686,78.24237,-6.676405,0.359687,0.446326,,,,,,,,,,,,-11.72823,5.92496,-0.11245,50,5.05309,6.54188,-124.77007,-4.043,-18.34078,26.9724,-22.90848,84.45044,,7.882,,,,1000070079,Right,54.89388,-125.82356,13.4862,5.19353,-3.14824,-11.45424,-0.38195,7.25824,-9.17039,,,,,,,,,,,,,,,,,,,,,,,,,,,,,,,,,,,,,,,,,,,,,,,,,,,High,High,High,,,,,,v3
191,2/1/2023,3,4,1000036206,Right,T_B,1000051953,Right,T_A,6,Bottom,1,2,1,2-1,Slider,Curveball,StrikeSwinging,Undefined,Undefined,,Undefined,0,0,76.53535,1.835654,0.762196,2320.954776,75.671341,8:30,5.27899,0.46389,4.77342,-51.81015,-1.72705,-13.29213,2.70244,0.07882,69.75239,-7.526819,-1.576347,0.509351,,,,,,,,,,,,6.75965,-0.91929,-0.52778,50,5.4173,-0.9257,-110.91292,1.68733,8.36094,21.14317,-33.31109,74.00093,,6.78295,,,,1000070079,Right,55.72616,-111.99917,10.57158,5.28665,3.39872,-16.65555,-0.46919,-1.35525,4.18047,,,,,,,,,,,,,,,,,,,,,,,,,,,,,,,,,,,,,,,,,,,,,,,,,,,High,High,High,,,,,,v3
192,2/1/2023,3,5,1000036206,Right,T_B,1000051953,Right,T_A,6,Bottom,1,2,2,2-2,Slider,Slider,InPlay,Undefined,Popup,,Out,1,0,77.65866,1.323063,0.010314,2400.812025,72.327549,8:30,5.26429,0.45275,4.84136,-50.58054,-2.69713,-12.84772,2.30217,-0.60813,71.75215,-7.781285,-2.253627,0.49804,83.18728,63.808091,16.108664,,,,,,44.19369,,,6.39977,-1.34776,-0.44196,50,5.3512,0.49867,-112.77632,0.77598,8.28733,19.45611,-33.91932,75.68159,91.93229,5.90651,2.92782,2.68693,0.5224,1000070079,Right,55.66105,-113.74877,9.72806,5.27004,2.47133,-16.95966,-0.45653,0.08445,4.14366,193.109866,2.92781,51.73874,-19.3918,5.007,-2.21555,2.72647,-3.0233,1.83195,-0.44328,2.68694,109.47874,-27.1842,3.68793,0.14579,-2.19529,2.8647,-1.78175,0.43311,0.52241,14.94115,1.37067,-0.48822,0.52664,-0.97394,1.14986,-0.70412,0.17065,,,,,,,,,,,,,,,,,,,,,,,High,High,High,High,Low,,,,v3
