PitchNo,Date,PAofInning,PitchofPA,PitcherId,PitcherThrows,PitcherTeam,BatterId,BatterSide,BatterTeam,Inning,Top/Bottom,Outs,Balls,Strikes,Count,TaggedPitchType,AutoPitchType,PitchCall,KorBB,TaggedHitType,AutoHitType,PlayResult,OutsOnPlay,RunsScored,RelSpeed,VertRelAngle,HorzRelAngle,SpinRate,SpinAxis,Tilt,RelHeight,RelSide,Extension,VertBreak,InducedVertBreak,HorzBreak,PlateLocHeight,PlateLocSide,ZoneSpeed,VertApprAngle,HorzApprAngle,ZoneTime,ExitSpeed,Angle,Direction,HitSpinRate,PositionAt110X,PositionAt110Y,PositionAt110Z,Distance,LastTrackedDistance,Bearing,HangTime,pfxx,pfxz,x0,y0,z0,vx0,vy0,vz0,ax0,ay0,az0,EffectiveVelo,MaxHeight,SpeedDrop,ContactPositionX,ContactPositionY,ContactPositionZ,CatcherId,CatcherThrows,PitchTrajectoryXc0,PitchTrajectoryXc1,PitchTrajectoryXc2,PitchTrajectoryYc0,PitchTrajectoryYc1,PitchTrajectoryYc2,PitchTrajectoryZc0,PitchTrajectoryZc1,PitchTrajectoryZc2,HitSpinAxis,HitTrajectoryXc0,HitTrajectoryXc1,HitTrajectoryXc2,HitTrajectoryXc3,HitTrajectoryXc4,HitTrajectoryXc5,HitTrajectoryXc6,HitTrajectoryXc7,HitTrajectoryXc8,HitTrajectoryYc0,HitTrajectoryYc1,HitTrajectoryYc2,HitTrajectoryYc3,HitTrajectoryYc4,HitTrajectoryYc5,HitTrajectoryYc6,HitTrajectoryYc7,HitTrajectoryYc8,HitTrajectoryZc0,HitTrajectoryZc1,HitTrajectoryZc2,HitTrajectoryZc3,HitTrajectoryZc4,HitTrajectoryZc5,HitTrajectoryZc6,HitTrajectoryZc7,HitTrajectoryZc8,ThrowSpeed,PopTime,ExchangeTime,TimeToBase,CatchPositionX,CatchPositionY,CatchPositionZ,ThrowPositionX,ThrowPositionY,ThrowPositionZ,BasePositionX,BasePositionY,BasePositionZ,ThrowTrajectoryXc0,ThrowTrajectoryXc1,ThrowTrajectoryXc2,ThrowTrajectoryYc0,ThrowTrajectoryYc1,ThrowTrajectoryYc2,ThrowTrajectoryZc0,ThrowTrajectoryZc1,ThrowTrajectoryZc2,PitchReleaseConfidence,PitchLocationConfidence,PitchMovementConfidence,HitLaunchConfidence,HitLandingConfidence,CatcherThrowCatchConfidence,CatcherThrowReleaseConfidence,CatcherThrowLocationConfidence,System
1,10/26/2022,1,1,1000051614,Left,T_A,1000099417,Right,T_C,1,Top,0,0,0,0-0,Fastball,Sinker,StrikeCalled,Undefined,Undefined,,Undefined,0,0,94.48811,-0.721092,3.144266,1886.270684,97.958959,9:15,5.48402,-2.59665,5.16124,-29.01966,3.69544,-17.87926,2.38594,-1.12412,85.08529,-6.047482,-0.019168,0.411666,,,,,,,,,,,,9.88138,2.4287,2.31726,50,5.39472,-6.61982,-136.72567,-2.92148,18.41553,34.49806,-27.64779,91.56067,,9.40281,,,,1000055344,Right,55.33603,-138.06547,17.24903,5.48733,-1.84772,-13.8239,2.58824,-7.33502,9.20777,,,,,,,,,,,,,,,,,,,,,,,,,,,,,,,,,,,,,,,,,,,,,,,,,,,High,High,High,,,,,,v3
2,10/26/2022,1,2,1000051614,Left,T_A,1000099417,Right,T_C,1,Top,0,0,1,0-1,Slider,Slider,BallCalled,Undefined,Undefined,,Undefined,0,0,83.50452,1.696652,0.10005,2518.802409,303.274788,4:00,5.40224,-2.68412,4.41354,-45.40412,-2.90606,6.52465,3.23813,-2.04493,76.15745,-6.449601,1.240183,0.469198,,,,,,,,,,,,-3.12599,-1.47378,2.66666,50,5.53801,-0.51807,-120.98917,1.70427,-4.61937,24.28362,-34.35189,80.33378,,7.34707,,,,1000055344,Right,56.08531,-122.20445,12.14181,5.4097,3.42341,-17.17595,2.6868,-0.2869,-2.30969,,,,,,,,,,,,,,,,,,,,,,,,,,,,,,,,,,,,,,,,,,,,,,,,,,,High,High,High,,,,,,v3
3,10/26/2022,1,3,1000051614,Left,T_A,1000099417,Right,T_C,1,Top,0,1,1,1-1,Fastball,Sinker,InPlay,Undefined,GroundBall,,Out,1,0,93.82077,-1.78999,4.779175,2106.660741,111.111521,9:45,5.53752,-2.51475,5.50203,-24.94493,7.66288,-16.95013,1.77823,0.55304,85.19503,-6.401121,1.770764,0.410991,,,,,,,,,,,,10.04508,4.71051,2.10843,50,5.36384,-10.56617,-135.67473,-5.19429,18.59682,31.56221,-23.45333,91.71109,,8.62574,,,,1000055344,Right,54.99801,-136.83248,15.78111,5.53859,-4.33399,-11.72667,2.50852,-11.24833,9.29841,,,,,,,,,,,,,,,,,,,,,,,,,,,,,,,,,,,,,,,,,,,,,,,,,,,High,High,High,,,,,,v3
4,10/26/2022,2,1,1000051614,Left,T_A,1000079313,Left,T_C,1,Top,1,0,0,0-0,Slider,Slider,StrikeCalled,Undefined,Undefined,,Undefined,0,0,84.40443,0.319172,2.762542,2513.50582,359.694059,6:00,5.44813,-2.64975,4.39578,-45.03995,-3.85177,0.02685,1.99984,-0.00836,78.11834,-7.699533,2.767226,0.46191,,,,,,,,,,,,0.68291,-1.60532,2.35485,50,5.43727,-5.90708,-122.39326,-1.20769,1.04539,22.0788,-34.63152,81.60124,,6.28609,,,,1000055344,Right,56.10528,-123.48969,11.0394,5.45454,0.51211,-17.31576,2.64948,-5.95899,0.5227,,,,,,,,,,,,,,,,,,,,,,,,,,,,,,,,,,,,,,,,,,,,,,,,,,,High,High,High,,,,,,v3
5,10/26/2022,2,2,1000051614,Left,T_A,1000079313,Left,T_C,1,Top,1,0,1,0-1,ChangeUp,Changeup,BallCalled,Undefined,Undefined,,Undefined,0,0,86.7227,-2.516287,6.312263,1695.45751,84.736795,8:45,5.25045,-2.74296,5.02036,-39.59116,-0.52972,-20.27371,-0.43944,1.54864,79.20182,-9.647638,2.752159,0.449827,,,,,,,,,,,,12.0282,0.79547,2.15364,50,4.97564,-12.92763,-124.98286,-7.07034,18.91578,26.5492,-30.9231,83.7932,,7.52088,,,,1000055344,Right,55.4813,-126.14184,13.2746,5.25482,-5.72042,-15.46155,2.73601,-13.75338,9.45789,,,,,,,,,,,,,,,,,,,,,,,,,,,,,,,,,,,,,,,,,,,,,,,,,,,High,High,High,,,,,,v3
6,10/26/2022,2,3,1000051614,Left,T_A,1000079313,Left,T_C,1,Top,1,1,1,1-1,Fastball,Sinker,BallCalled,Undefined,Undefined,,Undefined,0,0,94.16858,-1.264056,6.75551,2134.681359,106.818765,9:30,5.52597,-2.61532,5.37912,-26.03257,6.76571,-18.52446,2.16314,2.20332,85.10948,-6.06099,3.494568,0.41219,,,,,,,,,,,,11.23843,4.13418,2.02117,50,5.39393,-15.16138,-135.64178,-4.03044,20.77468,31.8282,-24.53186,91.44442,,9.0591,,,,1000055344,Right,55.1182,-136.83749,15.9141,5.52804,-3.10884,-12.26593,2.6054,-15.94184,10.38734,,,,,,,,,,,,,,,,,,,,,,,,,,,,,,,,,,,,,,,,,,,,,,,,,,,High,High,High,,,,,,v3
7,10/26/2022,2,4,1000051614,Left,T_A,1000079313,Left,T_C,1,Top,1,2,1,2-1,Slider,Slider,StrikeCalled,Undefined,Undefined,,Undefined,0,0,85.40262,0.711522,2.251317,2717.240641,286.233263,3:30,5.42761,-2.73308,4.58366,-41.05132,-0.37736,6.07185,2.68411,-0.08427,77.52256,-6.688651,3.31402,0.459018,,,,,,,,,,,,-2.26201,0.02209,2.49424,50,5.46318,-5.14739,-123.60658,-0.15068,-3.46533,26.88862,-32.14022,82.11542,,7.88006,,,,1000055344,Right,55.91361,-124.88636,13.44431,5.43395,1.37907,-16.07011,2.73531,-4.98245,-1.73266,,,,,,,,,,,,,,,,,,,,,,,,,,,,,,,,,,,,,,,,,,,,,,,,,,,High,High,High,,,,,,v3
8,10/26/2022,2,5,1000051614,Left,T_A,1000079313,Left,T_C,1,Top,1,2,2,2-2,Slider,Slider,StrikeSwinging,Strikeout,Undefined,,Undefined,0,0,85.74549,-0.849629,4.017245,2736.753406,300.105333,4:00,5.62396,-2.51148,4.48531,-40.63183,0.00205,2.39851,1.4262,1.52325,78.06079,-8.127212,4.435404,0.458792,,,,,,,,,,,,0.06173,0.59665,2.08611,50,5.49534,-8.81289,-123.89747,-3.51444,0.09496,27.1663,-31.25627,82.15586,,7.6847,,,,1000055344,Right,56.01392,-125.20917,13.58315,5.6286,-2.00526,-15.62814,2.51175,-8.81748,0.04748,,,,,,,,,,,,,,,,,,,,,,,,,,,,,54.07843,2.693829,1.336358,1.357471,3.50087,1.71909,-1.36188,-1.13514,6.01865,0.07214,73.04867,7.90111,-51.74237,-0.94081,60.62393,-4.46677,6.15283,19.59876,-13.45424,-0.10328,-43.22796,3.78476,High,High,High,,,High,High,High,v3
9,10/26/2022,3,1,1000051614,Left,T_A,90000221623,Right,T_C,1,Top,2,0,0,0-0,Fastball,Sinker,BallCalled,Undefined,Undefined,,Undefined,0,0,94.15383,-0.712507,2.348287,1996.880645,103.457902,9:30,5.47069,-2.73115,5.05156,-26.73092,6.33788,-21.41285,2.57051,-2.29952,84.71646,-5.63053,-1.435733,0.413886,,,,,,,,,,,,11.33607,3.73016,2.52525,50,5.38194,-4.51214,-136.29983,-2.79055,20.97677,34.52386,-25.27155,91.06961,,9.43737,,,,1000055344,Right,55.44577,-137.6723,17.26193,5.4729,-1.78591,-12.63577,2.7212,-5.34605,10.48839,,,,,,,,,,,,,,,,,,,,,,,,,,,,,,,,,,,,,,,,,,,,,,,,,,,High,High,High,,,,,,v3
10,10/26/2022,3,2,1000051614,Left,T_A,90000221623,Right,T_C,1,Top,2,1,0,1-0,Slider,Slider,BallCalled,Undefined,Undefined,,Undefined,0,0,84.49981,1.090227,1.251725,2522.959312,289.99433,3:45,5.43567,-2.66008,4.5339,-41.11959,0.1452,3.22595,3.04751,-1.19919,77.18723,-6.311671,1.816399,0.46234,,,,,,,,,,,,-1.21421,0.16197,2.52633,50,5.5105,-2.827,-122.4598,0.64931,-1.84082,24.55449,-31.9285,81.52545,,7.31258,,,,1000055344,Right,55.96449,-123.64996,12.27725,5.44152,2.19689,-15.96425,2.66119,-2.73778,-0.92041,,,,,,,,,,,,,,,,,,,,,,,,,,,,,,,,,,,,,,,,,,,,,,,,,,,High,High,High,,,,,,v3
11,10/26/2022,3,3,1000051614,Left,T_A,90000221623,Right,T_C,1,Top,2,2,0,2-0,Slider,Slider,BallCalled,Undefined,Undefined,,Undefined,0,0,84.4321,1.681763,0.871694,2655.967825,274.74185,3:15,5.41924,-2.6755,4.4528,-40.43585,0.86248,4.88957,3.65396,-1.43672,77.31974,-5.588075,1.726073,0.462528,,,,,,,,,,,,-2.1374,0.34157,2.57833,50,5.55775,-2.09208,-122.39336,1.93014,-3.25071,23.56368,-31.65454,81.49231,,7.11236,,,,1000055344,Right,56.04622,-123.55192,11.78184,5.42458,3.4865,-15.82727,2.67726,-1.93225,-1.62536,,,,,,,,,,,,,,,,,,,,,,,,,,,,,,,,,,,,,,,,,,,,,,,,,,,High,High,High,,,,,,v3
12,10/26/2022,3,4,1000051614,Left,T_A,90000221623,Right,T_C,1,Top,2,3,0,3-0,Fastball,Sinker,StrikeCalled,Undefined,Undefined,,Undefined,0,0,92.12918,-0.150355,4.6476,2163.623331,109.122712,9:45,5.45968,-2.69392,5.66514,-25.91529,7.86437,-19.1604,3.15941,0.05252,82.96109,-4.980004,1.236869,0.418311,,,,,,,,,,,,11.1128,4.3974,2.31242,50,5.43082,-9.94441,-133.23026,-1.28771,19.71741,32.05832,-24.37179,90.10634,,9.16809,,,,1000055344,Right,54.83207,-134.38794,16.02916,5.46143,-0.4076,-12.1859,2.68439,-10.65644,9.8587,,,,,,,,,,,,,,,,,,,,,,,,,,,,,,,,,,,,,,,,,,,,,,,,,,,High,High,High,,,,,,v3
13,10/26/2022,3,5,1000051614,Left,T_A,90000221623,Right,T_C,1,Top,2,3,1,3-1,Slider,Slider,StrikeCalled,Undefined,Undefined,,Undefined,0,0,85.31409,0.788475,1.73205,2504.643311,306.084039,4:15,5.48829,-2.54035,4.39741,-42.85861,-1.2665,3.94248,2.66978,-0.55795,76.38205,-6.942621,2.420391,0.46417,,,,,,,,,,,,-1.29248,-0.3802,2.35147,50,5.53058,-3.92054,-123.24789,-0.10723,-1.94153,29.83527,-32.7452,81.20397,,8.93204,,,,1000055344,Right,56.09686,-124.71506,14.91764,5.49626,1.50303,-16.3726,2.54192,-3.82506,-0.97077,,,,,,,,,,,,,,,,,,,,,,,,,,,,,,,,,,,,,,,,,,,,,,,,,,,High,High,High,,,,,,v3
14,10/26/2022,3,6,1000051614,Left,T_A,90000221623,Right,T_C,1,Top,2,3,2,3-2,Fastball,Sinker,FoulBall,Undefined,Undefined,,Undefined,0,0,93.92402,-0.847432,4.46244,2056.540015,88.033151,9:00,5.37341,-2.53645,5.42421,-32.57301,0.57776,-21.23332,1.86278,-0.1177,83.8986,-6.842169,0.69305,0.414399,,,,,,,,,,,,12.25981,0.94252,2.15526,50,5.27553,-9.57493,-135.67524,-3.31704,22.28237,36.5799,-30.46103,90.95698,,10.02542,,,,1000055344,Right,55.0738,-137.03638,18.28995,5.37787,-2.18359,-15.23052,2.52696,-10.40406,11.14118,,,,,,,,,,,,,,,,,,,,,,,,,,,,,,,,,,,,,,,,,,,,,,,,,,,High,High,High,,,,,,v3
15,10/26/2022,3,7,1000051614,Left,T_A,90000221623,Right,T_C,1,Top,2,3,2,3-2,Slider,Slider,BallCalled,Walk,Undefined,,Undefined,0,0,85.00528,1.731255,1.389515,2072.433804,291.065883,3:45,5.41432,-2.6379,4.55711,-41.24301,-0.47736,4.61516,3.62616,-0.93053,77.55501,-5.698097,2.197207,0.459535,,,,,,,,,,,,-1.84957,-0.32118,2.48899,50,5.55549,-3.20517,-123.15708,2.027,-2.83613,24.82966,-32.66657,82.023,,7.45027,,,,1000055344,Right,55.94127,-124.34912,12.41483,5.42053,3.59529,-16.33329,2.6396,-3.06901,-1.41806,,,,,,,,,,,,,,,,,,,,,,,,,,,,,,,,,,,,,,,,,,,,,,,,,,,High,High,High,,,,,,v3
16,10/26/2022,4,1,1000051614,Left,T_A,1000079314,Right,T_C,1,Top,2,0,0,0-0,Fastball,Sinker,BallCalled,Undefined,Undefined,,Undefined,0,0,92.86506,0.430176,2.530292,2006.019529,127.073169,10:15,5.45039,-2.34164,5.25886,-22.87863,10.42319,-12.36028,3.9484,-0.99283,84.43566,-3.810785,0.340386,0.415342,,,,,,,,,,,,6.86689,5.40925,2.11913,50,5.47323,-5.35277,-134.62502,0.14405,12.57194,29.88429,-22.27072,90.75044,,8.4294,,,,1000055344,Right,55.23856,-135.7829,14.94214,5.45093,1.00694,-11.13536,2.33596,-5.83988,6.28597,,,,,,,,,,,,,,,,,,,,,,,,,,,,,,,,,,,,,,,,,,,,,,,,,,,High,High,High,,,,,,v3
17,10/26/2022,4,2,1000051614,Left,T_A,1000079314,Right,T_C,1,Top,2,1,0,1-0,Fastball,Sinker,InPlay,Undefined,GroundBall,GroundBall,Out,1,0,92.25092,-0.553865,4.493886,2120.717508,99.418984,9:15,5.4003,-2.26136,5.50128,-29.75037,4.03583,-17.19245,2.40146,0.51771,83.47593,-6.036696,1.440641,0.418351,70.91528,-4.524755,-2.083491,,,,,26.74963,12.73882,-2.682127,0.241853,10.09981,2.52784,1.88015,50,5.33173,-9.70586,-133.46888,-2.42837,18.03087,31.48882,-27.6612,90.09761,2.35234,8.77499,1.85444,2.35234,-0.4879,1000055344,Right,54.99822,-134.64293,15.74441,5.40304,-1.39703,-13.8306,2.25456,-10.37813,9.01544,194.334157,1.85475,103.59916,-3.2571,,,,,,,2.35221,-8.19811,-6.31455,,,,,,,-0.48801,-3.76364,2.50661,,,,,,,,,,,,,,,,,,,,,,,,,,,,,High,High,High,Low,Low,,,,v3
18,10/26/2022,1,1,1000077944,Right,T_B,691273,Right,T_A,1,Bottom,0,0,0,0-0,Fastball,Four-Seam,InPlay,Undefined,GroundBall,GroundBall,Out,1,0,90.93744,-2.184362,-2.629106,2517.238687,207.007044,1:00,5.6124,1.45656,5.98513,-15.91032,17.43741,8.40193,2.25884,-0.2818,84.03704,-5.19203,-1.120446,0.415628,95.77181,-0.225503,-15.906415,2729.969156,,,,40.84593,40.51783,-15.100501,0.280544,-5.01642,9.83878,-1.25379,50,5.43095,5.72451,-132.10254,-5.52348,-8.96583,25.12968,-14.58926,90.68799,2.31596,6.9004,3.08543,2.31596,0.30792,1000079414,Right,54.51627,-132.95888,12.56484,5.61071,-5.02632,-7.29463,-1.45407,6.03005,-4.48292,32.327712,3.0871,135.00675,-19.42042,,,,,,,2.32022,-0.75504,-26.84135,,,,,,,0.30933,-38.56338,-1.68821,,,,,,,,,,,,,,,,,,,,,,,,,,,,,High,High,High,Medium,High,,,,v3
19,10/26/2022,2,1,1000077944,Right,T_B,8886045,Left,T_A,1,Bottom,1,0,0,0-0,Fastball,Four-Seam,BallCalled,Undefined,Undefined,,Undefined,0,0,92.52933,-1.071979,-2.374838,2572.844666,221.373026,1:30,5.54235,1.62388,5.70275,-14.33906,18.36241,15.3032,3.3476,0.68504,84.86587,-3.801501,0.359652,0.411581,,,,,,,,,,,,-8.37434,9.90619,-1.43421,50,5.44348,4.88231,-134.36373,-2.94781,-15.40174,27.46606,-13.95501,91.57973,,7.66346,,,,1000079414,Right,54.79648,-135.34065,13.73303,5.53951,-2.45145,-6.97751,-1.61761,5.43012,-7.70087,,,,,,,,,,,,,,,,,,,,,,,,,,,,,,,,,,,,,,,,,,,,,,,,,,,High,High,High,,,,,,v3
20,10/26/2022,2,2,1000077944,Right,T_B,8886045,Left,T_A,1,Bottom,1,1,0,1-0,Fastball,Four-Seam,BallCalled,Undefined,Undefined,,Undefined,0,0,91.30817,-0.69559,-1.562184,2508.814056,219.313351,1:15,5.52641,1.35636,6.03693,-15.2332,17.94694,13.86977,3.61262,1.06531,83.65265,-3.608372,0.933238,0.414582,,,,,,,,,,,,-7.53957,9.72697,-1.24177,50,5.46373,3.02827,-132.70374,-2.04181,-13.49491,27.40516,-14.76389,90.91672,,7.65552,,,,1000079414,Right,54.46205,-133.62204,13.70258,5.52386,-1.5471,-7.38195,-1.35081,3.48046,-6.74745,,,,,,,,,,,,,,,,,,,,,,,,,,,,,,,,,,,,,,,,,,,,,,,,,,,High,High,High,,,,,,v3
21,10/26/2022,2,3,1000077944,Right,T_B,8886045,Left,T_A,1,Bottom,1,2,0,2-0,Slider,Curveball,StrikeCalled,Undefined,Undefined,,Undefined,0,0,77.55413,0.926598,-0.556899,2817.619434,96.400695,9:15,5.61864,1.5602,4.79701,-44.83684,3.13339,-15.80812,2.76039,-0.28487,71.81498,-7.154617,-3.338158,0.498491,,,,,,,,,,,,7.65248,1.71764,-1.4902,50,5.67193,1.74627,-112.62868,0.20572,9.91628,18.76854,-29.94829,75.61311,,5.73915,,,,1000079414,Right,55.70388,-113.5752,9.38427,5.62347,1.71605,-14.97414,-1.56566,1.24618,4.95814,,,,,,,,,,,,,,,,,,,,,,,,,,,,,,,,,,,,,,,,,,,,,,,,,,,High,High,High,,,,,,v3
22,10/26/2022,2,4,1000077944,Right,T_B,8886045,Left,T_A,1,Bottom,1,2,1,2-1,Slider,Slider,StrikeSwinging,Undefined,Undefined,,Undefined,0,0,79.99158,-0.327223,-0.173683,2934.291685,109.433696,9:45,5.65964,1.69158,4.94461,-36.9573,8.475,-19.81052,2.27063,-0.12343,73.13399,-7.059059,-3.669309,0.485125,,,,,,,,,,,,9.72882,4.73429,-1.65758,50,5.59774,1.19421,-116.01785,-1.97525,13.19271,22.73735,-25.75416,77.69634,,6.85759,,,,1000079414,Right,55.5539,-117.10125,11.36867,5.66262,-0.7481,-12.87708,-1.69951,0.5656,6.59636,,,,,,,,,,,,,,,,,,,,,,,,,,,,,,,,,,,,,,,,,,,,,,,,,,,High,High,High,,,,,,v3
23,10/26/2022,2,5,1000077944,Right,T_B,8886045,Left,T_A,1,Bottom,1,2,2,2-2,Slider,Slider,FoulBall,Undefined,Undefined,Popup,Undefined,0,0,81.15104,-0.502372,-0.338975,3044.778108,95.690944,9:15,5.81048,1.46354,4.90389,-40.78549,2.85225,-16.13902,1.93656,-0.20196,75.24454,-7.851844,-3.186938,0.475447,51.07353,41.004027,-138.992303,5272.632662,,,,118.72761,48.94929,-143.816749,2.466158,7.9852,1.85461,-1.41591,50,5.72684,1.36852,-117.90013,-2.53974,11.32793,20.76742,-29.54306,79.27782,29.51636,5.9065,2.27241,1.89326,0.23617,1000079414,Right,55.59829,-118.88214,10.38371,5.8139,-1.14276,-14.77153,-1.46796,0.83286,5.66397,28.77988,2.27253,-42.66704,-0.06561,0.48732,0.35718,-0.46363,0.24877,-0.06358,0.00629,1.89329,49.14595,-23.99156,2.2598,-0.40283,0.07102,-0.03609,0.01518,-0.00216,0.23626,-37.09812,4.36816,-0.73298,0.46937,-0.40384,0.22477,-0.06236,0.00665,,,,,,,,,,,,,,,,,,,,,,,High,High,High,High,Low,,,,v3
24,10/26/2022,2,6,1000077944,Right,T_B,8886045,Left,T_A,1,Bottom,1,2,2,2-2,Fastball,Four-Seam,BallCalled,Undefined,Undefined,,Undefined,0,0,92.66814,-0.596669,-1.623841,2614.520621,202.872051,12:45,5.61219,1.15399,6.15188,-14.44316,17.74155,7.0576,3.85706,0.24138,84.59885,-3.375101,-0.351607,0.408316,,,,,,,,,,,,-4.08414,9.63091,-1.03399,50,5.55918,3.51418,-134.63575,-1.79675,-7.4983,29.16543,-14.49208,92.312,,8.06929,,,,1000079414,Right,54.3459,-135.57391,14.58272,5.60948,-1.33059,-7.24604,-1.15091,3.75538,-3.74915,,,,,,,,,,,,,,,,,,,,,,,,,,,,,,,,,,,,,,,,,,,,,,,,,,,High,High,High,,,,,,v3
25,10/26/2022,2,7,1000077944,Right,T_B,8886045,Left,T_A,1,Bottom,1,3,2,3-2,Slider,Slider,BallCalled,Walk,Undefined,,Undefined,0,0,77.84006,-1.500863,-0.035381,3017.534898,80.0466,8:45,5.61404,1.53145,4.80994,-49.91865,-1.7298,-18.6258,0.03196,-0.05422,71.80052,-10.437349,-3.323498,0.499626,,,,,,,,,,,,9.24689,-0.02937,-1.51075,50,5.42131,0.82845,-112.90965,-4.76842,11.87904,21.49115,-32.2118,75.44137,,6.03954,,,,1000079414,Right,55.69174,-113.98786,10.74557,5.62,-3.15235,-16.1059,-1.53737,0.23247,5.93952,,,,,,,,,,,,,,,,,,,,,,,,,,,,,,,,,,,,,,,,,,,,,,,,,,,High,High,High,,,,,,v3
26,10/26/2022,3,1,1000077944,Right,T_B,1000058463,Right,T_A,1,Bottom,1,0,0,0-0,Fastball,Four-Seam,FoulBall,Undefined,Undefined,,Undefined,0,0,89.59516,-1.799006,-2.164091,2526.096999,193.344738,12:30,5.84067,1.30974,5.58644,-19.40635,15.83072,3.4891,2.54178,-0.42133,81.96079,-5.435507,-1.541956,0.427239,84.55998,52.887148,62.438152,6232.507561,,,,,66.06422,,,-2.37303,8.85997,-1.12617,50,5.67358,4.75956,-129.97287,-4.7214,-4.06067,27.15319,-17.01308,88.22328,81.83719,7.63437,1.21782,2.52282,0.42667,1000079414,Right,54.91217,-130.99507,13.57659,5.83927,-4.08093,-8.50654,-1.30823,4.91242,-2.03033,,1.21782,34.62528,-19.49154,6.22666,-2.90119,3.90397,-4.31334,2.4718,-0.56593,2.52282,98.90061,-25.6423,2.59805,-0.04107,-0.94874,1.22582,-0.72883,0.16977,0.42667,66.34017,-9.3841,1.47726,-0.05233,-0.33168,0.43434,-0.26238,0.06182,,,,,,,,,,,,,,,,,,,,,,,High,High,High,Medium,Low,,,,v3
27,10/26/2022,3,2,1000077944,Right,T_B,1000058463,Right,T_A,1,Bottom,1,0,1,0-1,Fastball,Four-Seam,StrikeCalled,Undefined,Undefined,,Undefined,0,0,89.02579,-1.788052,-1.218671,2513.392187,202.007823,12:45,5.79953,1.38567,5.83293,-17.2241,18.22489,6.89382,2.70126,0.82722,81.12237,-5.063125,0.017238,0.428522,,,,,,,,,,,,-3.84748,10.15276,-1.29021,50,5.64345,2.44948,-129.18445,-4.5352,-6.48213,27.67309,-15.06892,87.95916,,7.90342,,,,1000079414,Right,54.66356,-130.17961,13.83654,5.79679,-3.9933,-7.53446,-1.38249,2.68258,-3.24106,,,,,,,,,,,,,,,,,,,,,,,,,,,,,,,,,,,,,,,,,,,,,,,,,,,High,High,High,,,,,,v3
28,10/26/2022,3,3,1000077944,Right,T_B,1000058463,Right,T_A,1,Bottom,1,0,2,0-2,Slider,Slider,InPlay,Undefined,GroundBall,GroundBall,Double,0,0,81.36808,-0.581447,-2.227684,3076.390933,108.032451,9:30,5.56809,1.69566,4.93804,-38.03569,5.7387,-13.47824,1.84847,-1.53404,74.85887,-7.465038,-4.601925,0.476191,97.00809,0.344579,-3.817234,1159.073447,,,,43.7755,42.10891,-2.109886,0.308329,6.10855,3.3687,-1.46713,50,5.48005,5.15545,-117.99977,-2.58247,8.60853,22.55424,-27.42664,79.154,1.98744,6.5092,1.73406,1.98037,1.48563,1000079414,Right,55.56226,-119.05818,11.27712,5.57104,-1.29541,-13.71332,-1.69958,4.75147,4.30427,21.542269,1.73693,141.83618,-18.15622,,,,,,,1.98472,0.66761,-23.08705,,,,,,,1.48648,-9.50844,-1.75888,,,,,,,,,,,,,,,,,,,,,,,,,,,,,High,High,High,Medium,High,,,,v3
29,10/26/2022,4,1,1000077944,Right,T_B,1000110361,Right,T_A,1,Bottom,1,0,0,0-0,Fastball,Four-Seam,BallCalled,Undefined,Undefined,,Undefined,0,0,91.18465,-3.519749,-2.594604,2619.518625,213.538455,1:00,5.71576,1.33708,5.9725,-15.48528,18.46568,11.44087,1.15478,-0.11656,82.64675,-6.485084,-0.540025,0.41937,,,,,,,,,,,,-6.66878,10.91449,-1.13794,50,5.42805,5.49033,-132.01074,-8.56235,-11.65105,30.71123,-13.10532,89.87868,,8.5379,,,,1000079414,Right,54.52504,-133.05929,15.35562,5.71275,-8.11491,-6.55266,-1.33219,5.88812,-5.82553,,,,,,,,,,,,,,,,,,,,,,,,,,,,,,,,,,,,,,,,,,,,,,,,,,,High,High,High,,,,,,v3
30,10/26/2022,4,2,1000077944,Right,T_B,1000110361,Right,T_A,1,Bottom,1,1,0,1-0,Fastball,Sinker,BallCalled,Undefined,Undefined,,Undefined,0,0,91.75545,-3.030152,-2.153553,2567.592087,234.078384,1:45,5.52067,1.35292,6.33527,-18.34702,14.73166,18.70576,1.19718,0.92792,83.07613,-6.529406,1.232411,0.413948,,,,,,,,,,,,-10.35111,8.95729,-1.20409,50,5.29092,4.21574,-133.01185,-7.56796,-18.31197,31.86458,-16.32788,91.05607,,8.67932,,,,1000079414,Right,54.16217,-134.00524,15.93229,5.51892,-7.05893,-8.16394,-1.34442,4.78662,-9.15598,,,,,,,,,,,,,,,,,,,,,,,,,,,,,,,,,,,,,,,,,,,,,,,,,,,High,High,High,,,,,,v3
31,10/26/2022,4,3,1000077944,Right,T_B,1000110361,Right,T_A,1,Bottom,1,2,0,2-0,Slider,Curveball,StrikeCalled,Undefined,Undefined,,Undefined,0,0,74.90633,0.987949,0.28541,2811.209652,88.628349,9:00,5.59099,1.62031,4.81401,-50.78558,1.20665,-19.31611,2.29484,0.281,68.69256,-8.183248,-3.117044,0.518968,,,,,,,,,,,,9.56591,0.82366,-1.63113,50,5.64543,0.23961,-108.64973,0.09866,11.39244,19.69247,-31.19312,72.6296,,6.21378,,,,1000079414,Right,55.68584,-109.67543,9.84623,5.59798,1.72339,-15.59656,-1.62815,-0.35378,5.69622,,,,,,,,,,,,,,,,,,,,,,,,,,,,,,,,,,,,,,,,,,,,,,,,,,,High,High,High,,,,,,v3
32,10/26/2022,4,4,1000077944,Right,T_B,1000110361,Right,T_A,1,Bottom,1,2,1,2-1,Fastball,Sinker,InPlay,Undefined,GroundBall,GroundBall,Out,1,1,90.29726,-1.877661,-3.094545,2550.514407,229.102674,1:45,5.56079,1.6385,6.12245,-20.71592,13.39953,14.17957,2.09549,-0.04344,82.38501,-5.786413,-0.541691,0.420385,70.56831,-29.416551,-30.837323,,,,,5.49475,3.20217,-19.357176,0.040903,-8.24926,7.79906,-1.40891,50,5.40604,6.50233,-130.99578,-4.93829,-14.29032,28.45934,-18.6636,89.66177,2.08546,7.91226,2.00844,2.08546,0.07464,1000079414,Right,54.37719,-131.94331,14.22967,5.56012,-4.3169,-9.3318,-1.63332,6.97812,-7.14516,,2.00692,77.64055,,,,,,,,2.08645,-50.98582,,,,,,,,0.07554,-46.35163,,,,,,,,,,,,,,,,,,,,,,,,,,,,,,High,High,High,Low,Low,,,,v3
33,10/26/2022,5,1,1000077944,Right,T_B,1000079407,Left,T_A,1,Bottom,2,0,0,0-0,Slider,Curveball,BallCalled,Undefined,Undefined,,Undefined,0,0,77.33813,-0.812512,-0.757124,2879.654141,84.454612,8:45,5.60002,1.57715,4.83006,-49.0403,-0.19102,-18.25631,0.74375,-0.66126,71.11162,-9.623965,-3.976695,0.503038,,,,,,,,,,,,8.80898,0.58768,-1.48553,50,5.47733,2.22939,-112.16341,-3.35273,11.15145,21.47979,-31.4301,74.92965,,6.22651,,,,1000079414,Right,55.67046,-113.24412,10.7399,5.60623,-1.77139,-15.71505,-1.58358,1.66833,5.57573,,,,,,,,,,,,,,,,,,,,,,,,,,,,,,,,,,,,,,,,,,,,,,,,,,,High,High,High,,,,,,v3
34,10/26/2022,5,2,1000077944,Right,T_B,1000079407,Left,T_A,1,Bottom,2,1,0,1-0,Fastball,Sinker,BallCalled,Undefined,Undefined,,Undefined,0,0,89.98775,-3.60839,-2.521092,2588.883135,231.652614,1:45,5.63696,1.50818,5.72681,-21.13033,14.16969,16.29017,0.50766,0.51612,81.46823,-7.568773,0.393835,0.427621,,,,,,,,,,,,-9.04638,8.71701,-1.30775,50,5.32246,5.01057,-130.18012,-8.90396,-15.32528,30.59344,-17.40673,88.14452,,8.51952,,,,1000079414,Right,54.77009,-131.29634,15.29672,5.63574,-8.26887,-8.70336,-1.50077,5.56972,-7.66264,,,,,,,,,,,,,,,,,,,,,,,,,,,,,,,,,,,,,,,,,,,,,,,,,,,High,High,High,,,,,,v3
35,10/26/2022,5,3,1000077944,Right,T_B,1000079407,Left,T_A,1,Bottom,2,2,0,2-0,Slider,Slider,StrikeCalled,Undefined,Undefined,,Undefined,0,0,74.53576,0.561971,0.219166,2847.179492,94.727358,9:15,5.64896,1.50442,4.81092,-48.95219,3.78579,-24.49927,2.10201,-0.32956,68.14281,-8.293601,-4.095715,0.522677,,,,,,,,,,,,12.10953,2.21768,-1.50387,50,5.66282,0.57105,-108.07677,-0.62462,14.20083,20.33482,-29.57336,72.11424,,6.39295,,,,1000079414,Right,55.6889,-109.14189,10.16741,5.65496,0.92442,-14.78668,-1.5143,-0.17279,7.10042,,,,,,,,,,,,,,,,,,,,,,,,,,,,,,,,,,,,,,,,,,,,,,,,,,,High,High,High,,,,,,v3
36,10/26/2022,5,4,1000077944,Right,T_B,1000079407,Left,T_A,1,Bottom,2,2,1,2-1,Fastball,Four-Seam,FoulBall,Undefined,Undefined,FlyBall,Undefined,0,0,90.10959,-1.963768,-1.873557,2615.146767,219.293167,1:15,5.70041,1.3948,5.71543,-17.8458,17.04127,12.97205,2.38219,0.72985,81.85612,-5.345098,0.446481,0.425112,84.8273,33.189735,-43.996671,4189.972852,69.06583,55.01441,-85.61471,280.98108,188.6309,-59.998509,3.940977,-7.17776,9.61083,-1.24635,50,5.52524,3.71118,-130.68088,-5.03662,-12.32553,29.33621,-15.67043,88.66469,60.5889,8.25348,1.40537,2.28484,-0.68039,1000079414,Right,54.78298,-131.75022,14.66811,5.69843,-4.46541,-7.83521,-1.38982,4.16046,-6.16277,126.022762,1.40202,74.99703,-23.07212,7.78813,-3.00097,1.17516,-0.33672,0.05393,-0.00349,2.28538,68.09195,-22.58435,1.70782,-0.03797,-0.05191,0.00682,0.00217,-0.0004,-0.68015,-72.33212,2.68385,0.51374,-0.16256,-0.06295,0.04955,-0.01187,0.001,,,,,,,,,,,,,,,,,,,,,,,High,High,High,High,Medium,,,,v3
37,10/26/2022,5,5,1000077944,Right,T_B,1000079407,Left,T_A,1,Bottom,2,2,2,2-2,Slider,Slider,FoulBall,Undefined,Undefined,,Undefined,0,0,79.95411,-0.684593,-0.945597,3015.802378,118.82091,10:00,5.67554,1.49182,4.76007,-37.1403,9.61875,-14.1504,1.93124,-0.5841,71.68852,-7.479682,-3.433689,0.492158,55.10285,56.193558,-127.834234,5637.723547,,,,,43.82021,,,6.67544,5.44603,-1.38354,50,5.57503,2.51461,-115.62419,-2.70356,8.79751,26.87894,-24.99679,76.5861,46.15301,8.26559,2.7389,1.83043,0.62287,1000079414,Right,55.73649,-116.95014,13.43947,5.67799,-1.47046,-12.4984,-1.49688,2.08062,4.39876,19.761355,2.73891,-27.58182,-2.93214,1.35989,0.32738,-1.62459,2.09684,-1.28669,0.30895,1.83044,67.15233,-26.18619,2.81968,0.01975,-1.30688,1.68269,-1.01551,0.24,0.62287,-35.51372,2.41887,0.0806,0.07647,-0.40184,0.54497,-0.3428,0.08404,,,,,,,,,,,,,,,,,,,,,,,High,High,High,High,Low,,,,v3
38,10/26/2022,5,6,1000077944,Right,T_B,1000079407,Left,T_A,1,Bottom,2,2,2,2-2,Fastball,Four-Seam,BallCalled,Undefined,Undefined,,Undefined,0,0,90.79209,-1.650242,-3.518831,2585.670056,212.730519,1:00,5.61114,1.20423,5.99175,-13.4802,20.56422,12.47367,2.95513,-1.02145,82.37787,-4.267055,-1.281901,0.419947,,,,,,,,,,,,-7.39059,11.35367,-0.93317,50,5.47324,7.54662,-131.5613,-4.13471,-12.88442,29.29447,-12.38061,89.75524,,8.41421,,,,1000079414,Right,54.50509,-132.56064,14.64724,5.60708,-3.71237,-6.1903,-1.19811,7.98616,-6.44221,,,,,,,,,,,,,,,,,,,,,,,,,,,,,,,,,,,,,,,,,,,,,,,,,,,High,High,High,,,,,,v3
39,10/26/2022,5,7,1000077944,Right,T_B,1000079407,Left,T_A,1,Bottom,2,3,2,3-2,Slider,Slider,StrikeCalled,Strikeout,Undefined,,Undefined,0,0,77.8445,1.004093,0.983808,2912.059083,100.427095,9:15,5.66631,1.36487,4.97917,-43.09022,4.75803,-17.44808,3.02398,0.84008,71.14989,-6.837553,-2.097081,0.497857,,,,,,,,,,,,8.8706,2.55563,-1.44498,50,5.72832,-1.21193,-112.89858,0.46361,11.41437,21.13553,-28.88557,75.70938,,6.69462,,,,1000079414,Right,55.51922,-113.92714,10.56777,5.67156,1.86932,-14.44279,-1.37249,-1.76741,5.70718,,,,,,,,,,,,,,,,,,,,,,,,,,,,,,,,,,,,,,,,,,,,,,,,,,,High,High,High,,,,,,v3
40,10/26/2022,1,1,1000064685,Right,T_A,9000241166,Left,T_C,2,Top,0,0,0,0-0,Fastball,Sinker,BallCalled,Undefined,Undefined,,Undefined,0,0,90.35914,-2.475921,-4.780746,2156.178485,235.11327,1:45,5.29428,2.81497,6.37337,-24.24159,9.43674,12.04442,0.98672,-0.59024,83.0807,-7.009105,-2.608478,0.417683,,,,,,,,,,,,-7.55737,5.90394,-2.47459,50,5.10359,10.46962,-130.89362,-6.43223,-13.16659,26.53853,-21.8881,90.24177,,7.27844,,,,1000055344,Right,54.12645,-131.7276,13.26927,5.29492,-5.7444,-10.94405,-2.8101,10.88338,-6.5833,,,,,,,,,,,,,,,,,,,,,,,,,,,,,,,,,,,,,,,,,,,,,,,,,,,High,High,High,,,,,,v3
41,10/26/2022,1,2,1000064685,Right,T_A,9000241166,Left,T_C,2,Top,0,1,0,1-0,Fastball,Sinker,StrikeCalled,Undefined,Undefined,,Undefined,0,0,91.30359,-1.922005,-3.593281,2236.608218,231.944684,1:45,5.26139,2.83672,6.3065,-21.6017,11.44548,13.28599,1.68645,0.62924,83.61113,-5.989195,-1.194671,0.413751,,,,,,,,,,,,-7.89394,6.80166,-2.57901,50,5.10972,7.77571,-132.45666,-5.11966,-14.03882,28.01787,-20.07781,91.09941,,7.69246,,,,1000055344,Right,54.19278,-133.34058,14.00894,5.26125,-4.48623,-10.0389,-2.83132,8.21861,-7.01941,,,,,,,,,,,,,,,,,,,,,,,,,,,,,,,,,,,,,,,,,,,,,,,,,,,High,High,High,,,,,,v3
42,10/26/2022,1,3,1000064685,Right,T_A,9000241166,Left,T_C,2,Top,0,1,1,1-1,ChangeUp,Changeup,BallCalled,Undefined,Undefined,,Undefined,0,0,84.21772,-0.587196,-0.636682,,270.609605,3:00,5.21186,2.92824,5.765,-38.53538,1.01874,19.69639,1.45403,3.97702,77.39891,-7.659245,2.896302,0.452655,,,,,,,,,,,,-10.04312,1.1787,-2.88643,50,5.1407,0.52258,-122.35828,-2.60627,-15.21364,24.31977,-30.38852,83.2697,,6.81881,,,,1000055344,Right,54.73345,-123.29551,12.15988,5.21857,-1.43517,-15.19426,-2.91786,1.10888,-7.60682,,,,,,,,,,,,,,,,,,,,,,,,,,,,,,,,,,,,,,,,,,,,,,,,,,,High,High,High,,,,,,v3
43,10/26/2022,1,4,1000064685,Right,T_A,9000241166,Left,T_C,2,Top,0,2,1,2-1,Fastball,Sinker,StrikeCalled,Undefined,Undefined,,Undefined,0,0,90.71263,-0.764791,-2.912518,2251.668582,229.717046,1:45,5.31694,2.846,6.38856,-26.29545,6.81642,6.90343,2.42124,0.74,83.60473,-5.677763,-1.663324,0.414156,,,,,,,,,,,,-4.35646,4.0589,-2.63949,50,5.24973,6.43343,-131.83329,-2.60157,-7.72074,26.18724,-24.98072,91.01035,,7.10791,,,,1000055344,Right,54.11129,-132.64744,13.09362,5.31854,-1.82493,-12.49036,-2.84323,6.67346,-3.86037,,,,,,,,,,,,,,,,,,,,,,,,,,,,,,,,,,,,,,,,,,,,,,,,,,,High,High,High,,,,,,v3
44,10/26/2022,1,5,1000064685,Right,T_A,9000241166,Left,T_C,2,Top,0,2,2,2-2,Slider,Slider,BallCalled,Undefined,Undefined,,Undefined,0,0,79.29664,0.584622,0.796142,2328.181372,82.113817,8:45,5.21701,2.93855,5.30953,-44.86058,0.12602,-8.33343,2.02745,2.99144,73.43896,-7.564574,-0.685363,0.48274,,,,,,,,,,,,4.36835,0.33669,-3.00457,50,5.23741,-1.26598,-115.23995,-0.39035,5.92785,19.59083,-31.71715,78.08027,,5.85768,,,,1000055344,Right,55.19081,-116.11903,9.79542,5.223,1.03287,-15.85858,-2.94179,-1.53198,2.96392,,,,,,,,,,,,,,,,,,,,,,,,,,,,,,,,,,,,,,,,,,,,,,,,,,,High,High,High,,,,,,v3
45,10/26/2022,1,6,1000064685,Right,T_A,9000241166,Left,T_C,2,Top,0,3,2,3-2,Fastball,Four-Seam,StrikeSwinging,Strikeout,Undefined,,Undefined,0,0,91.30292,-2.216261,-3.699057,2092.286697,223.051107,1:30,5.34626,2.69284,6.58866,-26.971,5.7124,4.39981,1.06261,-0.33475,83.97271,-7.254488,-2.900607,0.411467,,,,,,,,,,,,-3.33898,3.91457,-2.44127,50,5.18303,8.39698,-132.49028,-5.9748,-5.94315,27.94386,-25.20645,91.60503,,7.33021,,,,1000055344,Right,53.91131,-133.31267,13.97193,5.34795,-5.23297,-12.60323,-2.69096,8.57189,-2.97157,,,,,,,,,,,,,,,,,,,,,,,,,,,,,61.29793,2.558989,1.454643,1.104346,1.73201,1.10271,0.31876,-0.48548,5.31249,-1.59658,71.72789,7.39881,-53.05856,-0.42979,69.35861,-3.61744,5.40368,17.84763,-14.48614,-1.71199,-52.29683,5.20855,High,High,High,,,High,Medium,High,v3
46,10/26/2022,2,1,1000064685,Right,T_A,10035974,Right,T_C,2,Top,1,0,0,0-0,Slider,Slider,BallCalled,Undefined,Undefined,,Undefined,0,0,81.51652,-0.33492,-2.021843,2386.262655,51.060539,7:45,5.33956,2.64444,4.98046,-47.81656,-4.44528,-7.09,1.03835,0.14341,75.39884,-8.927039,-3.274292,0.473994,,,,,,,,,,,,2.99209,-1.7791,-2.44322,50,5.26771,4.4745,-118.31686,-2.48812,4.25406,21.94344,-34.70352,79.52099,,6.11767,,,,1000055344,Right,55.52115,-119.33644,10.97172,5.34586,-0.87566,-17.35176,-2.64653,4.27684,2.12703,,,,,,,,,,,,,,,,,,,,,,,,,,,,,,,,,,,,,,,,,,,,,,,,,,,High,High,High,,,,,,v3
47,10/26/2022,2,2,1000064685,Right,T_A,10035974,Right,T_C,2,Top,1,1,0,1-0,Fastball,Four-Seam,BallCalled,Undefined,Undefined,,Undefined,0,0,91.00406,-2.273177,-4.852299,2152.311786,218.44539,1:15,5.32714,2.8531,6.15604,-22.95411,10.52174,7.54016,1.30552,-1.01221,83.67763,-6.554622,-3.499239,0.416425,,,,,,,,,,,,-5.19925,6.36319,-2.48759,50,5.14195,10.87938,-131.78534,-5.98775,-9.18547,26.80422,-20.93229,90.51427,,7.32643,,,,1000055344,Right,54.3436,-132.66585,13.40211,5.32736,-5.30012,-10.46615,-2.84993,11.18112,-4.59273,,,,,,,,,,,,,,,,,,,,,,,,,,,,,,,,,,,,,,,,,,,,,,,,,,,High,High,High,,,,,,v3
48,10/26/2022,2,3,1000064685,Right,T_A,10035974,Right,T_C,2,Top,1,2,0,2-0,Fastball,Four-Seam,BallCalled,Undefined,Undefined,,Undefined,0,0,91.52209,-3.035786,-3.348753,2237.932132,218.208807,1:15,5.36539,2.7312,6.62685,-20.4382,12.00666,8.6639,0.87511,0.38339,84.16229,-6.895844,-1.774614,0.409963,,,,,,,,,,,,-5.47425,7.45398,-2.50746,50,5.15071,7.43717,-132.78859,-7.64012,-9.80625,27.56501,-18.82146,91.9411,,7.3598,,,,1000055344,Right,53.87288,-133.59013,13.7825,5.36491,-7.09283,-9.41073,-2.72786,7.72231,-4.90312,,,,,,,,,,,,,,,,,,,,,,,,,,,,,,,,,,,,,,,,,,,,,,,,,,,High,High,High,,,,,,v3
49,10/26/2022,2,4,1000064685,Right,T_A,10035974,Right,T_C,2,Top,1,3,0,3-0,Fastball,Four-Seam,StrikeCalled,Undefined,Undefined,,Undefined,0,0,90.46746,-1.140502,-3.457776,2198.480402,211.310631,1:00,5.45344,2.6903,6.31523,-22.50989,10.70934,5.9602,2.52505,-0.00183,83.84281,-5.350718,-2.382169,0.414826,,,,,,,,,,,,-3.92992,6.14174,-2.43976,50,5.3589,7.70618,-131.44916,-3.32238,-6.97262,24.19755,-21.27718,90.8632,,6.62466,,,,1000055344,Right,54.18498,-132.2173,12.09877,5.45365,-2.64694,-10.63859,-2.68791,7.92752,-3.48631,,,,,,,,,,,,,,,,,,,,,,,,,,,,,,,,,,,,,,,,,,,,,,,,,,,High,High,High,,,,,,v3
50,10/26/2022,2,5,1000064685,Right,T_A,10035974,Right,T_C,2,Top,1,3,1,3-1,Fastball,Four-Seam,BallCalled,Walk,Undefined,,Undefined,0,0,89.38711,-0.149901,-2.10277,2092.430517,215.62442,1:15,5.46029,2.84436,6.25002,-25.93718,8.36615,5.26642,3.16052,1.34311,82.17292,-5.001886,-1.151679,0.421541,,,,,,,,,,,,-3.33618,4.67319,-2.69076,50,5.43618,4.57042,-129.97531,-1.16055,-5.7305,26.19345,-24.14698,89.41586,,7.21419,,,,1000055344,Right,54.25138,-130.82926,13.09673,5.46118,-0.37331,-12.07349,-2.84281,4.75724,-2.86525,,,,,,,,,,,,,,,,,,,,,,,,,,,,,,,,,,,,,,,,,,,,,,,,,,,High,High,High,,,,,,v3
51,10/26/2022,3,1,1000064685,Right,T_A,1000079321,Left,T_C,2,Top,1,0,0,0-0,Fastball,Sinker,BallCalled,Undefined,Undefined,,Undefined,0,0,90.78487,-0.578003,-1.656453,2092.736612,238.791686,2:00,5.3863,2.72279,6.36494,-28.53135,4.41827,5.76217,2.47656,1.67823,83.93941,-5.888466,-0.612576,0.413139,,,,,,,,,,,,-3.42201,2.7452,-2.60556,50,5.33119,3.59085,-132.08923,-2.26836,-6.10365,25.61511,-27.2776,91.2342,,6.84547,,,,1000055344,Right,54.13533,-132.88874,12.80755,5.3887,-1.41695,-13.6388,-2.72061,3.78136,-3.05183,,,,,,,,,,,,,,,,,,,,,,,,,,,,,,,,,,,,,,,,,,,,,,,,,,,High,High,High,,,,,,v3
52,10/26/2022,3,2,1000064685,Right,T_A,1000079321,Left,T_C,2,Top,1,1,0,1-0,Fastball,Sinker,FoulBall,Undefined,Undefined,GroundBall,Undefined,0,0,89.52399,-0.847405,-4.219291,2171.106007,245.692907,2:15,5.25944,2.74615,6.27137,-28.43328,6.09422,11.04016,2.10662,-0.23048,81.81691,-6.153834,-2.229943,0.422916,74.5515,-35.032892,77.063655,,,,,4.31975,4.31975,43.247646,0.033771,-6.96835,3.72362,-2.43904,50,5.18272,9.14076,-129.81721,-2.84093,-11.86626,27.71299,-25.83319,89.12512,2.1255,7.70707,2.46778,2.1255,0.00482,1000055344,Right,54.22869,-130.71682,13.8565,5.26133,-2.00234,-12.91659,-2.74201,9.52596,-5.93313,180,2.46748,20.09804,,,,,,,,2.12643,-62.93877,,,,,,,,0.00353,87.49757,,,,,,,,,,,,,,,,,,,,,,,,,,,,,,High,High,High,Low,Low,,,,v3
53,10/26/2022,3,3,1000064685,Right,T_A,1000079321,Left,T_C,2,Top,1,1,1,1-1,ChangeUp,Changeup,InPlay,Undefined,FlyBall,LineDrive,Out,1,0,84.31124,-0.373734,-3.651766,1963.59539,249.57647,2:15,5.29362,2.75665,6.04792,-30.74592,8.20792,18.87021,2.38477,0.94392,77.50311,-6.08924,-0.260531,0.449207,89.32304,24.993218,19.0994,1948.594529,102.38685,43.79307,40.2094,319.47741,313.0872,27.700285,4.068565,-10.80965,4.65622,-2.4827,50,5.24769,7.10318,-122.41436,-1.76189,-16.47452,23.17466,-25.0777,83.90885,53.7488,6.80813,2.27053,2.451,-0.93814,1000055344,Right,54.45411,-123.2547,11.58733,5.2951,-0.85254,-12.53885,-2.7511,7.70056,-8.23726,217.504208,2.27019,112.21803,-20.76042,4.88487,-1.24084,0.35819,-0.09225,0.01461,-0.00096,2.45194,55.32034,-15.84486,0.2076,0.45215,-0.29131,0.09524,-0.01522,0.00094,-0.93837,38.85528,0.70603,-0.90455,0.30905,-0.07479,0.01328,-0.00136,6.00E-05,,,,,,,,,,,,,,,,,,,,,,,High,High,High,High,High,,,,v3
54,10/26/2022,4,1,1000064685,Right,T_A,1000187794,Right,T_C,2,Top,2,0,0,0-0,Fastball,Sinker,StrikeCalled,Undefined,Undefined,,Undefined,0,0,90.44753,-1.735094,-4.979726,2172.642615,227.24274,1:30,5.3355,2.60593,6.29334,-24.22946,9.23595,8.96308,1.71098,-1.24744,83.69634,-6.248048,-3.36756,0.41636,,,,,,,,,,,,-5.88469,5.52922,-2.24299,50,5.19554,11.06821,-131.11378,-4.7555,-10.36743,24.58758,-22.43294,90.52842,,6.75119,,,,1000055344,Right,54.2071,-131.90037,12.29379,5.3362,-4.03784,-11.21647,-2.60239,11.39988,-5.18371,,,,,,,,,,,,,,,,,,,,,,,,,,,,,,,,,,,,,,,,,,,,,,,,,,,High,High,High,,,,,,v3
55,10/26/2022,4,2,1000064685,Right,T_A,1000187794,Right,T_C,2,Top,2,0,1,0-1,Fastball,Sinker,InPlay,Undefined,LineDrive,LineDrive,Out,1,0,91.1308,-0.726027,-3.903473,2208.563095,230.0061,1:45,5.41028,2.72075,6.35585,-26.01997,6.81457,7.0076,2.57213,-0.29355,84.15082,-5.577786,-2.638659,0.412418,102.18055,15.070687,11.017359,1960.140543,106.16334,22.48516,28.79538,268.96958,261.40132,20.79447,2.493084,-4.65973,4.01673,-2.44077,50,5.3452,8.75603,-132.34598,-2.51694,-8.34204,25.76683,-24.9831,91.39389,23.99394,6.97998,1.50779,2.43917,0.31094,1000055344,Right,54.14514,-133.15056,12.88342,5.41161,-1.73683,-12.49155,-2.71825,9.01652,-4.17102,257.012881,1.50779,142.04305,-24.7352,4.9214,-0.96475,0.15232,-0.0231,0.00294,-0.00021,2.43917,38.96634,-19.37885,1.8196,-0.26154,0.03212,-0.00078,-0.00025,1.00E-05,0.31093,27.65542,10.33511,-4.63205,1.48149,-0.38099,0.07739,-0.01064,0.00068,,,,,,,,,,,,,,,,,,,,,,,High,High,High,High,High,,,,v3
56,10/26/2022,1,1,1000077944,Right,T_B,1000051953,Right,T_A,2,Bottom,0,0,0,0-0,Slider,Curveball,BallCalled,Undefined,Undefined,,Undefined,0,0,77.78422,-1.766986,0.216707,2918.368328,91.116044,9:00,5.75817,1.66429,4.59218,-46.36841,1.68177,-16.30757,0.21289,0.51146,72.5303,-10.021776,-2.649731,0.498906,,,,,,,,,,,,8.10981,1.62209,-1.67049,50,5.53228,0.24502,-112.92783,-5.20154,10.56796,18.81039,-30.0603,75.55013,,5.25392,,,,1000079414,Right,55.91013,-113.90802,9.4052,5.76252,-3.63511,-15.03015,-1.66891,-0.30567,5.28398,,,,,,,,,,,,,,,,,,,,,,,,,,,,,,,,,,,,,,,,,,,,,,,,,,,High,High,High,,,,,,v3
57,10/26/2022,1,2,1000077944,Right,T_B,1000051953,Right,T_A,2,Bottom,0,1,0,1-0,Slider,Slider,StrikeCalled,Undefined,Undefined,,Undefined,0,0,79.74656,-0.772375,-0.948511,2994.249976,109.22614,9:45,5.67657,1.56786,4.56751,-38.13632,8.10571,-19.04147,1.76341,-0.92161,73.24545,-7.644315,-4.284535,0.489429,,,,,,,,,,,,9.07658,4.59181,-1.4505,50,5.56117,2.73685,-115.62436,-2.97715,12.26321,21.95474,-25.97014,77.01303,,6.50111,,,,1000079414,Right,55.93227,-116.74534,10.97737,5.67933,-1.65114,-12.98507,-1.57425,2.11071,6.1316,,,,,,,,,,,,,,,,,,,,,,,,,,,,,,,,,,,,,,,,,,,,,,,,,,,High,High,High,,,,,,v3
58,10/26/2022,1,3,1000077944,Right,T_B,1000051953,Right,T_A,2,Bottom,0,1,1,1-1,Fastball,Four-Seam,InPlay,Undefined,FlyBall,FlyBall,Out,1,0,90.4441,-1.886846,-2.568431,2562.729793,211.689309,1:00,5.60061,1.64197,6.16825,-15.58985,17.86855,10.44316,2.55627,0.13829,83.55837,-4.850527,-0.686491,0.416317,88.27801,30.955888,2.149285,3341.910827,109.48954,59.89106,10.58335,314.11737,308.53517,13.112282,4.969662,-6.09303,10.04934,-1.45284,50,5.44949,5.48365,-131.45121,-4.77929,-10.78244,24.89449,-14.39044,90.53786,77.8406,6.88573,2.17413,2.55624,-0.14799,1000079414,Right,54.33313,-132.26928,12.44724,5.59878,-4.30639,-7.19522,-1.63886,5.83798,-5.39122,206.625767,2.17549,110.93235,-21.65292,4.73802,-0.91068,0.1543,-0.0242,0.00294,-0.00017,2.55707,66.5688,-15.9743,0.48622,0.15743,-0.1151,0.03556,-0.00517,0.00029,-0.14802,4.16085,5.71851,-1.70803,0.38658,-0.0621,0.00655,-0.00044,2.00E-05,,,,,,,,,,,,,,,,,,,,,,,High,High,High,High,Medium,,,,v3
59,10/26/2022,2,1,1000077944,Right,T_B,1000066765,Right,T_A,2,Bottom,1,0,0,0-0,Fastball,Four-Seam,BallCalled,Undefined,Undefined,,Undefined,0,0,91.74508,-0.508164,-0.998914,2497.915454,208.191312,1:00,5.62258,1.36723,5.4225,-15.30225,18.14584,9.21146,3.87133,1.1991,84.47329,-3.391805,0.639676,0.416253,,,,,,,,,,,,-4.8704,9.54784,-1.28511,50,5.56702,1.89994,-133.31347,-1.67828,-8.85522,25.89623,-14.81441,90.55179,,7.2718,,,,1000079414,Right,55.07626,-134.29591,12.94812,5.62003,-1.11625,-7.4072,-1.36356,2.23589,-4.42761,,,,,,,,,,,,,,,,,,,,,,,,,,,,,,,,,,,,,,,,,,,,,,,,,,,High,High,High,,,,,,v3
60,10/26/2022,2,2,1000077944,Right,T_B,1000066765,Right,T_A,2,Bottom,1,1,0,1-0,Slider,Slider,StrikeCalled,Undefined,Undefined,,Undefined,0,0,78.46391,-0.030865,-0.525022,3001.458266,94.675647,9:15,5.64833,1.5792,4.65993,-44.57829,3.10536,-19.2093,1.90415,-0.52035,71.95085,-8.058858,-3.898181,0.497,,,,,,,,,,,,9.26953,1.97284,-1.50709,50,5.60484,1.8599,-113.78347,-1.70749,12.09923,21.72772,-29.59899,75.83998,,6.51306,,,,1000079414,Right,55.83988,-114.89322,10.86386,5.65344,-0.19571,-14.7995,-1.58631,1.24193,6.04962,,,,,,,,,,,,,,,,,,,,,,,,,,,,,,,,,,,,,,,,,,,,,,,,,,,High,High,High,,,,,,v3
61,10/26/2022,2,3,1000077944,Right,T_B,1000066765,Right,T_A,2,Bottom,1,1,1,1-1,Slider,Slider,BallCalled,Undefined,Undefined,,Undefined,0,0,80.59857,-1.97834,-1.110793,3049.068159,102.637471,9:30,5.812,1.5783,4.80886,-39.4473,5.50575,-18.16178,0.64937,-0.98765,74.1954,-9.073538,-4.309913,0.48256,,,,,,,,,,,,8.71583,3.66551,-1.45103,50,5.5811,3.02939,-116.84128,-5.48426,12.00591,22.74494,-27.12487,78.10938,,6.40317,,,,1000079414,Right,55.69176,-117.94406,11.37247,5.81512,-4.16912,-13.56243,-1.5838,2.44729,6.00295,,,,,,,,,,,,,,,,,,,,,,,,,,,,,,,,,,,,,,,,,,,,,,,,,,,High,High,High,,,,,,v3
62,10/26/2022,2,4,1000077944,Right,T_B,1000066765,Right,T_A,2,Bottom,1,2,1,2-1,Fastball,Four-Seam,InPlay,Undefined,FlyBall,LineDrive,Double,0,0,91.13019,-2.096255,-2.35119,2471.083407,199.195995,12:45,5.84912,1.27217,5.64733,-15.00123,18.61257,6.14666,2.64121,-0.40992,84.20864,-4.924888,-1.254318,0.417283,101.13803,21.993763,6.490136,2098.848494,108.36742,40.63968,18.87947,364.64676,338.5827,17.492956,4.171349,-3.72437,10.2969,-1.07677,50,5.66175,5.17072,-132.35066,-5.32032,-6.68608,25.04429,-13.68885,90.32832,55.93051,6.92156,2.22318,2.65031,0.40744,1000079414,Right,54.85361,-133.26593,12.52215,5.84704,-4.82004,-6.84443,-1.27021,5.41507,-3.34304,222.461583,2.2221,136.68477,-25.60714,5.96252,-1.4146,0.34906,-0.07428,0.00996,-0.00057,2.65185,55.51576,-15.12021,0.06763,0.33358,-0.16772,0.04518,-0.00588,0.00029,0.40793,15.53709,7.34383,-2.62587,0.71273,-0.15846,0.02725,-0.00295,0.00014,,,,,,,,,,,,,,,,,,,,,,,High,High,High,High,Medium,,,,v3
63,10/26/2022,3,1,1000077944,Right,T_B,1000055244,Left,T_A,2,Bottom,1,0,0,0-0,Fastball,Four-Seam,StrikeCalled,Undefined,Undefined,,Undefined,0,0,89.66054,-2.536706,-2.97599,2545.47064,210.397674,1:00,5.77882,1.73035,5.5551,-17.65981,17.52217,9.63339,1.93222,-0.25002,82.25353,-5.851714,-1.260602,0.426905,,,,,,,,,,,,-5.66426,9.87201,-1.47946,50,5.54769,6.33232,-129.96395,-6.33096,-9.72911,26.15154,-15.21755,88.2923,,7.40701,,,,1000079414,Right,54.94365,-130.95495,13.07577,5.77667,-5.7543,-7.60878,-1.7264,6.701,-4.86455,,,,,,,,,,,,,,,,,,,,,,,,,,,,,,,,,,,,,,,,,,,,,,,,,,,High,High,High,,,,,,v3
64,10/26/2022,3,2,1000077944,Right,T_B,1000055244,Left,T_A,2,Bottom,1,0,1,0-1,Fastball,Four-Seam,FoulBall,Undefined,Undefined,,Undefined,0,0,89.6823,-2.174772,-2.945085,2550.646774,206.460286,1:00,5.70395,1.36524,5.72734,-17.29162,17.41107,8.16166,2.23384,-0.69996,82.75251,-5.422476,-1.487261,0.423987,69.36227,27.668663,-159.492803,2916.073917,,,,,48.24031,,,-4.92024,9.74382,-1.12461,50,5.51164,6.35323,-130.16428,-5.49378,-8.52727,24.71471,-15.28696,88.89993,21.17241,6.92979,1.35116,2.2267,0.68679,1000079414,Right,54.77315,-131.06744,12.35736,5.7022,-4.93514,-7.64348,-1.36247,6.66484,-4.26363,13.010988,1.35116,-84.38831,4.63494,0.08735,-0.08301,0.0457,-0.01538,0.00921,-0.00345,2.2267,47.23966,-26.16555,2.9284,-0.62072,0.11788,-0.01782,0.00044,0.00125,0.68679,-31.56358,3.46248,-0.76712,0.16703,-0.03122,0.00433,0.00101,-0.00086,,,,,,,,,,,,,,,,,,,,,,,High,High,High,High,Low,,,,v3
65,10/26/2022,3,3,1000077944,Right,T_B,1000055244,Left,T_A,2,Bottom,1,0,2,0-2,Slider,Slider,InPlay,Undefined,GroundBall,GroundBall,Out,1,0,78.60479,0.860322,0.31615,2995.97974,85.920882,8:45,5.80049,1.25871,4.62336,-46.42877,0.33236,-13.06792,2.74935,0.47026,73.1089,-7.457832,-1.977546,0.492169,71.55561,-53.206819,-48.612676,,,,,2.73897,1.06989,-43.198252,0.031331,6.50071,0.31409,-1.27838,50,5.84572,-0.08006,-114.21084,-0.03074,8.70677,18.27432,-31.75336,76.58439,2.64298,5.49589,0.68978,2.64298,-0.39185,1000079414,Right,55.87869,-115.14762,9.13716,5.80557,1.597,-15.87668,-1.26284,-0.52639,4.35338,,0.689,41.71234,,,,,,,,2.64456,-84.35638,,,,,,,,-0.39096,-47.33447,,,,,,,,,,,,,,,,,,,,,,,,,,,,,,High,High,High,Low,Low,,,,v3
66,10/26/2022,4,1,1000077944,Right,T_B,1000102964,Right,T_A,2,Bottom,2,0,0,0-0,Fastball,Four-Seam,FoulBall,Undefined,Undefined,,Undefined,0,0,87.64044,-1.984815,-1.182611,2320.419598,216.569723,1:15,5.72035,1.32852,6.24023,-21.90714,13.53942,9.31351,2.06283,1.01365,81.27907,-6.087165,0.500884,0.428508,,,,,,,,,,,,-5.16646,7.83532,-1.24511,50,5.56143,2.27866,-127.48988,-5.07464,-8.61014,23.12415,-19.11619,87.96213,,6.36137,,,,1000079414,Right,54.26101,-128.26041,11.56207,5.71992,-4.43765,-9.5581,-1.32582,2.56556,-4.30507,,,,,,,,,,,,,,,,,,,,,,,,,,,,,,,,,,,,,,,,,,,,,,,,,,,High,High,High,,,,,,v3
67,10/26/2022,4,2,1000077944,Right,T_B,1000102964,Right,T_A,2,Bottom,2,0,1,0-1,Fastball,Four-Seam,FoulBall,Undefined,Undefined,,Undefined,0,0,89.13569,-1.966205,-2.890593,2629.894421,215.471041,1:15,5.76691,1.41811,5.46707,-20.87324,14.73894,9.73024,2.18424,-0.47864,81.96092,-5.845055,-1.160259,0.429507,,,,,,,,,,,,-5.64772,8.27134,-1.17045,50,5.57956,6.09558,-129.27136,-5.15533,-9.61977,25.28855,-18.08545,87.75735,,7.17477,,,,1000079414,Right,55.03163,-130.25194,12.64428,5.76587,-4.45406,-9.04273,-1.41405,6.4686,-4.80988,,,,,,,,,,,,,,,,,,,,,,,,,,,,,,,,,,,,,,,,,,,,,,,,,,,High,High,High,,,,,,v3
68,10/26/2022,4,3,1000077944,Right,T_B,1000102964,Right,T_A,2,Bottom,2,0,2,0-2,Fastball,Four-Seam,HitByPitch,Undefined,Undefined,,Undefined,0,0,91.69366,-0.793107,-0.361496,2745.542684,200.899379,12:45,5.80335,1.41927,5.13711,-13.98489,20.43974,7.35638,3.89104,1.69189,83.03146,-3.46633,0.940256,0.422285,,,,,,,,,,,,-3.80217,10.79115,-1.39147,50,5.71912,0.4941,-132.96357,-2.28594,-6.75093,30.69066,-13.01387,89.25823,,8.6622,,,,1000079414,Right,55.36129,-134.19536,15.34533,5.80039,-1.76363,-6.50694,-1.41674,0.76506,-3.37546,,,,,,,,,,,,,,,,,,,,,,,,,,,,,,,,,,,,,,,,,,,,,,,,,,,High,High,High,,,,,,v3
69,10/26/2022,5,1,1000077944,Right,T_B,691273,Right,T_A,2,Bottom,2,0,0,0-0,Fastball,Four-Seam,StrikeCalled,Undefined,Undefined,,Undefined,0,0,89.04019,-1.649859,-2.085801,2629.827777,203.510357,12:45,5.90491,1.20824,5.27035,-19.46521,16.57391,6.71678,2.73159,-0.19215,81.53695,-5.279379,-0.894957,0.432075,,,,,,,,,,,,-3.91323,9.07441,-1.02263,50,5.74002,4.39599,-129.12912,-4.38532,-6.62638,26.16075,-16.80804,87.23597,,7.50324,,,,1000079414,Right,55.22721,-130.18382,13.08037,5.90316,-3.70769,-8.40402,-1.20524,4.66314,-3.31319,,,,,,,,,,,,,,,,,,,,,,,,,,,,,,,,,,,,,,,,,,,,,,,,,,,High,High,High,,,,,,v3
70,10/26/2022,5,2,1000077944,Right,T_B,691273,Right,T_A,2,Bottom,2,0,1,0-1,Fastball,Four-Seam,StrikeCalled,Undefined,Undefined,,Undefined,0,0,91.00591,-1.513958,-3.447699,2631.913019,214.728558,1:15,5.76562,1.34245,5.45101,-18.45225,16.05084,10.33319,2.8077,-1.02802,82.83863,-4.980647,-1.612795,0.422766,,,,,,,,,,,,-6.17118,8.84615,-1.04513,50,5.61938,7.46666,-131.81271,-4.10557,-10.82982,28.68024,-16.64995,89.15667,,8.16727,,,,1000079414,Right,55.04643,-132.90619,14.34012,5.76381,-3.47076,-8.32497,-1.33769,7.87956,-5.41491,,,,,,,,,,,,,,,,,,,,,,,,,,,,,,,,,,,,,,,,,,,,,,,,,,,High,High,High,,,,,,v3
71,10/26/2022,5,3,1000077944,Right,T_B,691273,Right,T_A,2,Bottom,2,0,2,0-2,Fastball,Four-Seam,BallCalled,Undefined,Undefined,,Undefined,0,0,90.72253,-1.14211,-4.176144,2577.948302,202.393147,12:45,5.62818,1.21631,5.80544,-14.65383,19.68903,7.63989,3.34191,-2.03771,82.40421,-3.956846,-2.813275,0.421783,,,,,,,,,,,,-5.0789,10.68591,-0.87751,50,5.52549,9.2519,-131.35127,-3.0294,-8.83933,28.81316,-13.57635,89.36443,,8.31832,,,,1000079414,Right,54.69108,-132.3763,14.40658,5.62467,-2.54642,-6.78817,-1.21224,9.56636,-4.41967,,,,,,,,,,,,,,,,,,,,,,,,,,,,,,,,,,,,,,,,,,,,,,,,,,,High,High,High,,,,,,v3
72,10/26/2022,5,4,1000077944,Right,T_B,691273,Right,T_A,2,Bottom,2,1,2,1-2,Slider,Slider,StrikeSwinging,Strikeout,Undefined,,Undefined,0,0,81.20039,-1.567146,-1.323911,3019.69301,115.814773,9:45,5.91067,1.35256,4.93425,-37.37624,6.77339,-11.01331,1.31396,-0.81679,74.42712,-8.338591,-3.26762,0.478228,,,,,,,,,,,,5.0917,4.21591,-1.21408,50,5.72738,3.1864,-117.69742,-4.57541,7.10706,23.36704,-26.28941,78.8169,,6.77327,,,,1000079414,Right,55.56464,-118.79706,11.68352,5.91359,-3.33825,-13.14471,-1.35616,2.85195,3.55353,,,,,,,,,,,,,,,,,,,,,,,,,,,,,,,,,,,,,,,,,,,,,,,,,,,High,High,High,,,,,,v3
73,10/26/2022,1,1,1000097856,Left,T_A,1000091614,Right,T_C,3,Top,0,0,0,0-0,Fastball,Sinker,StrikeCalled,Undefined,Undefined,,Undefined,0,0,87.68974,0.425901,5.306842,1841.145193,104.500596,9:30,4.54344,-3.22945,5.52383,-32.051,4.98866,-14.75221,2.27243,0.51684,80.11784,-5.462201,2.693185,0.438031,,,,,,,,,,,,8.87434,2.76189,2.77669,50,4.55926,-11.13754,-126.84701,-0.21711,14.48733,25.46938,-27.66527,86.0497,,7.5719,,,,1000055344,Right,54.97554,-127.84214,12.73469,4.54662,0.86381,-13.83263,3.22291,-11.70358,7.24366,,,,,,,,,,,,,,,,,,,,,,,,,,,,,,,,,,,,,,,,,,,,,,,,,,,High,High,High,,,,,,v3
74,10/26/2022,1,2,1000097856,Left,T_A,1000091614,Right,T_C,3,Top,0,0,1,0-1,Slider,Curveball,FoulBall,Undefined,Undefined,LineDrive,Undefined,0,0,75.14717,2.297761,1.609592,2199.367803,303.506657,4:00,4.39147,-3.39439,4.90734,-57.88318,-6.27276,11.96272,1.74282,-0.87496,68.82658,-8.140018,3.717011,0.517059,87.19817,10.008029,58.815437,5968.598801,,,,118.30548,115.22948,63.175807,1.071907,-5.4863,-3.38855,3.2263,50,4.56714,-3.52986,-108.92875,2.35364,-6.55764,20.06011,-36.22431,72.89776,7.31725,6.3206,3.02532,2.33779,0.81078,1000055344,Right,55.59456,-109.95421,10.03005,4.39949,4.2054,-18.11215,3.39817,-3.19464,-3.27882,,3.02532,65.21356,-20.21383,3.70506,-0.80119,0.14763,-0.02456,0.0041,-0.00042,2.33779,22.22559,-26.63087,4.50209,-1.06828,0.26303,-0.05581,0.01043,-0.0012,0.81078,107.7459,-8.97847,-0.62617,0.41016,-0.17051,0.04751,-0.00989,0.00119,,,,,,,,,,,,,,,,,,,,,,,High,High,High,High,Medium,,,,v3
75,10/26/2022,1,3,1000097856,Left,T_A,1000091614,Right,T_C,3,Top,0,0,2,0-2,Fastball,Sinker,BallCalled,Undefined,Undefined,,Undefined,0,0,89.1562,-0.76006,3.148835,2010.461295,122.380737,10:00,4.688,-3.21362,5.59262,-24.42556,11.0978,-15.74973,1.94174,-1.58304,81.62858,-5.295432,0.341621,0.428972,,,,,,,,,,,,9.01158,6.15111,2.9544,50,4.60684,-6.46361,-129.38178,-2.56435,15.29303,26.69849,-21.73537,87.86697,,7.52762,,,,1000055344,Right,54.9095,-130.39094,13.34924,4.68824,-1.74279,-10.86769,3.20964,-7.04167,7.64652,,,,,,,,,,,,,,,,,,,,,,,,,,,,,,,,,,,,,,,,,,,,,,,,,,,High,High,High,,,,,,v3
76,10/26/2022,1,4,1000097856,Left,T_A,1000091614,Right,T_C,3,Top,0,1,2,1-2,Fastball,Sinker,InPlay,Undefined,GroundBall,GroundBall,Out,1,0,90.14873,0.292835,4.850086,2107.845113,97.110647,9:15,4.62489,-3.0785,5.60486,-31.36415,3.44677,-18.96792,2.28556,-0.1208,82.52105,-5.4713,1.478375,0.424648,81.05743,-29.186176,12.53596,,,,,5.05835,4.62589,11.24967,0.038468,10.95717,1.96819,2.67542,50,4.62955,-10.25375,-130.58196,-0.49031,18.98443,26.6102,-28.76396,88.76155,2.23551,7.62768,1.05434,2.23551,0.11811,1000055344,Right,54.8966,-131.57601,13.3051,4.62779,0.5842,-14.38198,3.07171,-10.96293,9.49221,,1.05284,101.55924,,,,,,,,2.23637,-58.1128,,,,,,,,0.11778,22.58203,,,,,,,,,,,,,,,,,,,,,,,,,,,,,,High,High,High,Low,Low,,,,v3
77,10/26/2022,2,1,1000097856,Left,T_A,1000099417,Right,T_C,3,Top,1,0,0,0-0,Fastball,Sinker,BallCalled,Undefined,Undefined,GroundBall,Undefined,0,0,89.36801,2.352341,3.664263,2003.982281,108.908684,9:45,4.59025,-3.19915,5.74701,-27.86639,7.3541,-18.30162,4.46383,-1.30815,81.50145,-2.818352,0.398501,0.427139,34.14095,4.86861,174.75993,1618.48526,,,,29.83976,29.83976,174.218964,0.576887,10.24158,3.44473,2.90543,50,4.76921,-7.49111,-129.51685,4.35374,17.44828,26.29489,-26.30536,88.24398,4.29555,7.86657,-1.41251,4.07291,1.31891,1000055344,Right,54.7523,-130.47811,13.14744,4.59247,5.31538,-13.15268,3.19094,-8.12896,8.72414,326.007515,-1.41251,-49.68413,0.89758,0.52109,-0.1374,0.05114,-0.00496,0.00262,-0.00133,4.07291,4.24977,-20.36685,1.48428,-0.3129,0.05037,-0.00194,0.0024,-0.00048,1.31891,4.55665,-2.91524,0.17452,-0.03769,-0.01751,0.00117,0.00049,0.00035,,,,,,,,,,,,,,,,,,,,,,,High,High,High,High,High,,,,v3
78,10/26/2022,2,2,1000097856,Left,T_A,1000099417,Right,T_C,3,Top,1,1,0,1-0,Fastball,Sinker,InPlay,Undefined,LineDrive,GroundBall,Double,0,0,88.17727,0.721468,4.979755,2123.526772,120.387581,10:00,4.62994,-3.24318,5.59646,-25.89312,10.19253,-15.65217,3.14836,0.11351,81.32713,-4.05907,2.201668,0.432353,73.22341,10.396213,39.027966,2315.001882,81.38325,7.34057,74.00479,144.99541,144.13393,43.594325,1.590409,9.17721,5.29477,2.82604,50,4.67506,-10.47557,-127.78995,0.71512,15.38197,22.97754,-23.29947,87.17975,10.06591,6.85014,1.3221,3.30291,-0.33289,1000055344,Right,54.90515,-128.66891,11.48877,4.63066,1.60639,-11.64973,3.23802,-11.06397,7.69098,,1.3221,82.05835,-14.09283,2.95097,-0.61122,0.1095,-0.02059,0.00418,-0.00048,3.30291,19.37972,-14.15779,0.37409,0.04144,-0.01733,0.00797,-0.00166,0.00015,-0.33289,66.51588,-2.23927,-0.08015,0.12641,-0.04132,0.00947,-0.00119,5.00E-05,,,,,,,,,,,,,,,,,,,,,,,High,High,High,High,High,,,,v3
79,10/26/2022,3,1,1000097856,Left,T_A,1000099417,Right,T_C,3,Top,1,0,0,0-0,Slider,Slider,StrikeCalled,Undefined,Undefined,,Undefined,0,0,75.71752,3.669642,2.67048,2237.321241,285.146763,3:30,4.35957,-3.10506,5.28133,-50.55322,-0.67425,7.87898,3.60158,0.06129,69.5365,-5.528064,4.06328,0.508312,,,,,,,,,,,,-3.2224,-0.83177,2.85538,50,4.65796,-5.42109,-109.65827,5.35241,-3.94375,18.46715,-33.19199,74.15223,,6.18101,,,,1000055344,Right,55.21852,-110.53361,9.23357,4.36697,6.9257,-16.59599,3.10791,-5.23416,-1.97187,,,,,,,,,,,,,,,,,,,,,,,,,,,,,,,,,,,,,,,,,,,,,,,,,,,High,High,High,,,,,,v3
80,10/26/2022,3,2,1000097856,Left,T_A,1000099417,Right,T_C,3,Top,1,0,1,0-1,Slider,Curveball,StrikeCalled,Undefined,Undefined,,Undefined,0,0,75.45983,1.99435,1.545863,2315.362943,286.302976,3:30,4.43318,-3.12031,5.06713,-53.22046,-2.40854,13.72434,1.88001,-0.5187,69.15221,-7.647605,3.97014,0.513043,,,,,,,,,,,,-6.39292,-1.33043,2.96201,50,4.58027,-3.48953,-109.42172,1.99211,-7.72041,20.01512,-33.78074,73.4683,,6.30762,,,,1000055344,Right,55.4336,-110.41114,10.00756,4.44052,3.66202,-16.89037,3.12508,-3.10788,-3.8602,,,,,,,,,,,,,,,,,,,,,,,,,,,,,,,,,,,,,,,,,,,,,,,,,,,High,High,High,,,,,,v3
81,10/26/2022,3,3,1000097856,Left,T_A,1000099417,Right,T_C,3,Top,1,0,2,0-2,Fastball,Sinker,FoulBall,Undefined,Undefined,,Undefined,0,0,92.04783,-0.298748,4.115663,2171.419298,108.113362,9:30,4.73539,-2.98719,5.27004,-26.29352,7.66591,-20.00985,2.26292,-0.78202,83.74922,-5.141848,0.57518,0.419422,76.9799,19.004411,153.878582,2249.13982,,,,,44.93999,,,11.21201,4.24051,2.62592,50,4.68881,-8.65508,-133.29565,-1.71016,20.12013,29.3433,-24.56439,89.86748,14.32611,8.29861,1.23147,2.35904,0.26634,1000055344,Right,55.23003,-134.44204,14.67165,4.73687,-0.75047,-12.2822,2.97941,-9.44114,10.06007,,1.22334,-95.61442,11.7511,,,,,,,2.37696,36.24677,-22.90071,,,,,,,0.28931,46.33179,-14.95817,,,,,,,,,,,,,,,,,,,,,,,,,,,,,High,High,High,High,Low,,,,v3
82,10/26/2022,3,4,1000097856,Left,T_A,1000099417,Right,T_C,3,Top,1,0,2,0-2,ChangeUp,Changeup,InPlay,Undefined,FlyBall,FlyBall,Out,1,0,76.92934,1.919654,4.694635,1962.29692,68.150344,8:15,4.20889,-3.25761,5.63995,-54.59475,-5.66922,-18.798,1.45684,-0.43475,69.07533,-8.104624,1.347869,0.50343,85.32186,35.896482,1.601763,3851.629901,109.61491,71.47814,9.19471,278.06304,277.44636,10.16336,5.018231,11.16485,-3.04721,2.87046,50,4.33764,-8.4136,-111.15468,1.96566,13.65575,24.08186,-35.90111,74.87124,86.74926,7.85401,2.64565,1.72857,0.44446,1000055344,Right,54.86,-112.20266,12.04093,4.21811,3.52799,-17.95056,3.24953,-9.00787,6.82788,195.44992,2.64732,101.30005,-22.93625,5.63607,-1.17329,0.234,-0.04169,0.00495,-0.00026,1.72984,73.33978,-17.14286,0.34254,0.37178,-0.21869,0.05821,-0.00752,0.00038,0.44411,2.84081,3.60463,-0.96603,0.20972,-0.0407,0.00661,-0.00072,4.00E-05,,,,,,,,,,,,,,,,,,,,,,,High,High,High,High,Medium,,,,v3
83,10/26/2022,4,1,1000097856,Left,T_A,1000079313,Left,T_C,3,Top,2,0,0,0-0,Slider,Slider,BallCalled,Undefined,Undefined,,Undefined,0,0,76.02117,2.742703,4.896104,2278.319295,282.586436,3:30,4.41387,-3.28919,5.19782,-51.65294,-0.60697,11.02134,2.70067,2.24576,68.47051,-6.670278,6.831496,0.514224,,,,,,,,,,,,-3.79906,-0.64291,2.82585,50,4.63066,-9.82975,-109.59,3.52768,-4.52602,23.04616,-32.94,73.29969,,7.55066,,,,1000055344,Right,55.2983,-110.6986,11.52308,4.42286,5.1122,-16.47,3.29345,-9.61204,-2.26301,,,,,,,,,,,,,,,,,,,,,,,,,,,,,,,,,,,,,,,,,,,,,,,,,,,High,High,High,,,,,,v3
84,10/26/2022,4,2,1000097856,Left,T_A,1000079313,Left,T_C,3,Top,2,1,0,1-0,Fastball,Changeup,FoulBall,Undefined,Undefined,GroundBall,Undefined,0,0,87.49146,-0.168622,3.737033,2095.776803,117.441188,10:00,4.54264,-3.2426,5.58697,-26.13053,11.23194,-19.11233,2.2073,-1.34067,79.11776,-5.04522,0.333879,0.439936,84.5108,5.777902,43.059449,3525.44712,,,,86.00441,85.56746,46.313125,0.748315,10.86461,6.10638,2.93431,50,4.51132,-7.45693,-126.71682,-1.25884,17.48652,28.34061,-22.34589,85.67717,4.23878,8.3737,2.44805,2.49222,1.15048,1000055344,Right,54.91213,-127.81071,14.17031,4.54326,-0.39633,-11.17294,3.23515,-8.13187,8.74326,,2.44805,90.10268,-21.9045,5.06795,-1.19124,0.23078,-0.04365,0.00675,-0.00044,2.49222,12.47826,-23.09989,3.04458,-0.62691,0.12733,-0.02352,0.00427,-0.00052,1.15048,84.19707,-2.53948,-1.78132,0.82402,-0.28004,0.0775,-0.01879,0.00274,,,,,,,,,,,,,,,,,,,,,,,High,High,High,Medium,High,,,,v3
85,10/26/2022,4,3,1000097856,Left,T_A,1000079313,Left,T_C,3,Top,2,1,1,1-1,ChangeUp,Changeup,FoulBall,Undefined,Undefined,GroundBall,Undefined,0,0,77.46052,2.202142,3.985034,1868.854132,78.592359,8:30,4.2719,-3.17675,5.83024,-48.95723,-1.79843,-16.76375,2.24513,-0.86342,70.41742,-6.815831,0.988108,0.494257,89.61064,-13.165564,50.668688,,,,,12.68189,10.5456,41.552736,0.078047,9.80512,-1.17677,2.86127,50,4.42299,-7.20193,-112.19413,2.79149,12.40511,21.70424,-33.66288,76.26082,2.34077,7.0431,3.14799,2.34077,0.67169,1000055344,Right,54.6709,-113.09412,10.85212,4.27829,4.18735,-16.83144,3.17057,-7.71632,6.20255,180,3.14606,81.26421,,,,,,,,2.34148,-29.99166,,,,,,,,0.66933,99.17483,,,,,,,,,,,,,,,,,,,,,,,,,,,,,,High,High,High,Low,Low,,,,v3
86,10/26/2022,4,4,1000097856,Left,T_A,1000079313,Left,T_C,3,Top,2,1,2,1-2,Fastball,Sinker,FoulBall,Undefined,Undefined,FlyBall,Undefined,0,0,91.85569,-0.550478,3.815148,2198.022015,127.281093,10:15,4.97764,-2.98777,5.24237,-20.53131,13.86898,-16.61229,2.74819,-0.78127,82.86261,-4.393028,0.87746,0.422136,66.8214,27.049215,-41.688895,5141.546364,72.70823,32.23296,-82.54397,188.16407,159.64143,-54.608857,2.934966,9.51256,7.44981,2.64981,50,4.91221,-8.08205,-132.90938,-2.01607,16.82881,31.40572,-18.9945,89.28982,32.46427,8.99308,1.1845,2.9028,0.67545,1000055344,Right,55.25591,-134.14558,15.70286,4.97686,-1.26841,-9.49725,2.98097,-8.74446,8.4144,124.392497,1.18418,65.19523,-15.72877,3.79009,-1.21073,0.48523,-0.17177,0.03527,-0.00292,2.903,44.55948,-18.10897,0.99445,0.12264,-0.18626,0.08371,-0.01715,0.00133,0.67556,-58.05626,1.38854,0.54258,-0.1568,-0.02928,0.03166,-0.00844,0.00077,,,,,,,,,,,,,,,,,,,,,,,High,High,High,High,Medium,,,,v3
87,10/26/2022,4,5,1000097856,Left,T_A,1000079313,Left,T_C,3,Top,2,1,2,1-2,Fastball,Sinker,BallCalled,Undefined,Undefined,,Undefined,0,0,91.94095,-1.633064,5.686644,2141.851528,125.396281,10:15,4.90984,-2.74169,5.56407,-21.94576,12.12721,-15.36107,1.54744,1.30823,83.11245,-5.733059,2.965637,0.420123,,,,,,,,,,,,9.41878,6.97315,2.25959,50,4.75406,-12.49513,-132.68569,-4.56726,16.64522,30.69534,-19.85085,89.71763,,8.8285,,,,1000055344,Right,54.93237,-133.82187,15.34767,4.90951,-3.83248,-9.92543,2.7335,-13.11125,8.32261,,,,,,,,,,,,,,,,,,,,,,,,,,,,,,,,,,,,,,,,,,,,,,,,,,,High,High,High,,,,,,v3
88,10/26/2022,4,6,1000097856,Left,T_A,1000079313,Left,T_C,3,Top,2,2,2,2-2,Slider,Slider,InPlay,Undefined,GroundBall,GroundBall,Out,1,0,77.53474,2.329675,2.715486,2263.792266,291.725081,3:45,4.51213,-3.19816,5.2584,-51.52668,-3.57992,12.81024,2.41073,0.42259,70.88849,-7.03419,4.98109,0.498369,94.04659,-7.633665,18.022627,,,,,20.88225,16.70049,15.131427,0.13681,-5.66083,-2.11441,2.93914,50,4.68736,-5.82621,-112.34581,2.81782,-7.19164,21.48982,-34.86024,75.63161,2.55188,6.64625,2.83354,2.55188,-0.33596,1000055344,Right,55.24288,-113.34425,10.74491,4.51881,4.43745,-17.43012,3.20207,-5.49208,-3.59582,218.955697,2.83421,129.93978,-24.24085,,,,,,,2.55161,-18.29702,-2.57222,,,,,,,-0.33606,42.30737,-0.05085,,,,,,,,,,,,,,,,,,,,,,,,,,,,,High,High,High,Low,Low,,,,v3
89,10/26/2022,1,1,1000176332,Left,T_B,8886045,Right,T_A,3,Bottom,0,0,0,0-0,Fastball,Four-Seam,BallCalled,Undefined,Undefined,,Undefined,0,0,91.72343,0.558596,0.540789,2242.214693,164.792418,11:30,5.63835,-2.34316,5.66829,-14.66788,19.07832,-4.87544,4.93689,-2.2452,82.92129,-2.265405,-0.330416,0.418103,,,,,,,,,,,,2.61288,9.8089,2.3005,50,5.67639,-1.03067,-133.05695,0.88011,4.64535,30.75959,-14.73513,90.15099,,8.80214,,,,1000079414,Right,54.82672,-134.16813,15.3798,5.63498,1.41241,-7.36757,2.34076,-1.19848,2.32268,,,,,,,,,,,,,,,,,,,,,,,,,,,,,,,,,,,,,,,,,,,,,,,,,,,High,High,High,,,,,,v3
90,10/26/2022,1,2,1000176332,Left,T_B,8886045,Right,T_A,3,Bottom,0,1,0,1-0,Fastball,Four-Seam,StrikeCalled,Undefined,Undefined,,Undefined,0,0,91.04501,-1.283526,2.640698,2097.511613,160.196451,11:15,5.46231,-2.35328,5.88175,-19.10371,14.79981,-4.92492,2.67691,-0.30965,82.85423,-4.892454,1.758233,0.419077,,,,,,,,,,,,3.26819,8.26981,2.14273,50,5.34757,-5.87238,-132.03277,-3.56076,5.74558,29.1837,-17.63552,89.94158,,8.19079,,,,1000079414,Right,54.61465,-133.04886,14.59185,5.46085,-2.94675,-8.81776,2.35067,-6.07242,2.87279,,,,,,,,,,,,,,,,,,,,,,,,,,,,,,,,,,,,,,,,,,,,,,,,,,,High,High,High,,,,,,v3
91,10/26/2022,1,3,1000176332,Left,T_B,8886045,Right,T_A,3,Bottom,0,1,1,1-1,Fastball,Four-Seam,BallCalled,Undefined,Undefined,,Undefined,0,0,91.70281,-0.340254,2.411754,2114.438282,156.463892,11:15,5.50506,-2.45566,5.45266,-17.09442,16.63501,-6.78914,3.76171,-0.76232,83.81556,-3.559003,1.204861,0.418,,,,,,,,,,,,4.06662,8.78237,2.24758,50,5.46354,-5.29204,-133.05759,-1.35765,7.3094,27.85331,-16.38852,90.17337,,7.88725,,,,1000079414,Right,55.04536,-134.10959,13.92666,5.50313,-0.73867,-8.19426,2.45267,-5.56811,3.6547,,,,,,,,,,,,,,,,,,,,,,,,,,,,,,,,,,,,,,,,,,,,,,,,,,,High,High,High,,,,,,v3
92,10/26/2022,1,4,1000176332,Left,T_B,8886045,Right,T_A,3,Bottom,0,2,1,2-1,Fastball,Four-Seam,BallCalled,Undefined,Undefined,,Undefined,0,0,91.64192,0.502306,2.749906,2187.998551,166.809539,11:30,5.53061,-2.30775,5.81461,-17.97973,15.52162,-3.38445,4.49991,-0.03087,83.32746,-2.905957,2.144672,0.416584,,,,,,,,,,,,2.50839,8.09146,2.08438,50,5.56118,-6.23419,-132.92251,0.60368,4.47465,29.2712,-17.73997,90.4798,,8.31446,,,,1000079414,Right,54.68235,-133.94966,14.6356,5.52908,1.22618,-8.86999,2.30589,-6.39121,2.23732,,,,,,,,,,,,,,,,,,,,,,,,,,,,,,,,,,,,,,,,,,,,,,,,,,,High,High,High,,,,,,v3
93,10/26/2022,1,5,1000176332,Left,T_B,8886045,Right,T_A,3,Bottom,0,3,1,3-1,Fastball,Four-Seam,StrikeSwinging,Undefined,Undefined,,Undefined,0,0,92.16614,-0.681165,3.054474,2098.454318,159.812142,11:15,5.53227,-2.20208,5.78652,-17.43292,15.53013,-5.3387,3.4449,0.19737,84.39993,-3.970024,2.10038,0.413224,,,,,,,,,,,,3.52807,8.40296,1.95339,50,5.4656,-6.89836,-133.73185,-2.14795,6.4141,27.78833,-16.89733,91.21561,,7.76622,,,,1000079414,Right,54.7114,-134.70728,13.89417,5.53058,-1.55482,-8.44866,2.19949,-7.12351,3.20705,,,,,,,,,,,,,,,,,,,,,,,,,,,,,,,,,,,,,,,,,,,,,,,,,,,High,High,High,,,,,,v3
94,10/26/2022,1,6,1000176332,Left,T_B,8886045,Right,T_A,3,Bottom,0,3,2,3-2,Fastball,Four-Seam,BallCalled,Walk,Undefined,,Undefined,0,0,91.92292,-0.100547,1.955206,2190.119702,151.717122,11:00,5.52642,-2.36294,5.55663,-15.73698,17.72202,-8.97067,4.12101,-1.28297,83.87751,-3.087294,0.356543,0.416321,,,,,,,,,,,,5.05551,9.29079,2.19995,50,5.50755,-4.14356,-133.41964,-0.72866,9.12321,28.39214,-15.4078,90.53705,,8.04541,,,,1000079414,Right,54.94105,-134.467,14.19607,5.52394,-0.16028,-7.7039,2.35901,-4.48011,4.56161,,,,,,,,,,,,,,,,,,,,,,,,,,,,,,,,,,,,,,,,,,,,,,,,,,,High,High,High,,,,,,v3
95,10/26/2022,2,1,1000176332,Left,T_B,1000058463,Right,T_A,3,Bottom,0,0,0,0-0,Fastball,Four-Seam,InPlay,Undefined,FlyBall,LineDrive,Triple,0,1,91.33117,-1.273636,3.832471,2191.245658,149.735036,11:00,5.52985,-2.29064,6.01219,-14.50355,19.50631,-10.64241,3.13851,0.37813,81.95648,-4.09685,1.924566,0.419734,105.3871,16.508383,-9.128577,1195.99053,108.64915,30.91714,-17.18539,360.29951,359.91173,-7.75925,3.776716,6.73205,10.80442,1.99534,50,5.42192,-8.39504,-132.18499,-3.32331,11.7011,32.81013,-13.39469,89.80083,41.97353,9.37469,1.84387,3.17483,-0.36012,1000079414,Right,54.48431,-133.29341,16.40507,5.52655,-2.8708,-6.69735,2.28562,-8.79034,5.85055,181.728333,1.84415,146.31051,-25.42998,5.6325,-1.16834,0.19548,-0.02135,0.00092,3.00E-05,3.17459,43.92831,-12.93551,0.30742,-0.05005,0.03872,-0.01533,0.00307,-0.00024,-0.3602,-23.50908,4.40792,-0.61959,0.05291,0.01128,-0.00614,0.00119,-9.00E-05,,,,,,,,,,,,,,,,,,,,,,,High,High,High,High,High,,,,v3
96,10/26/2022,3,1,1000176332,Left,T_B,1000110361,Right,T_A,3,Bottom,0,0,0,0-0,Slider,Slider,StrikeCalled,Undefined,Undefined,,Undefined,0,0,81.44118,1.397967,1.42913,2400.397725,265.626384,2:45,5.54163,-2.48018,5.16904,-41.53353,1.81591,5.91512,3.3968,-0.64202,74.4999,-6.171437,2.476169,0.473874,,,,,,,,,,,,-2.53563,0.94331,2.34234,50,5.64033,-3.19816,-118.12746,1.37997,-3.57895,22.72827,-30.84262,79.54102,,6.94128,,,,1000079414,Right,55.32924,-119.14842,11.36413,5.54722,2.76542,-15.42131,2.4824,-3.03739,-1.78948,,,,,,,,,,,,,,,,,,,,,,,,,,,,,,,,,,,,,,,,,,,,,,,,,,,High,High,High,,,,,,v3
97,10/26/2022,3,2,1000176332,Left,T_B,1000110361,Right,T_A,3,Bottom,0,0,1,0-1,Slider,Slider,StrikeCalled,Undefined,Undefined,,Undefined,0,0,82.86236,0.430796,2.086276,2432.256145,276.311465,3:15,5.46512,-2.45366,5.20656,-41.18778,0.73012,5.56091,2.43822,-0.02736,75.7936,-7.065082,3.071278,0.465984,,,,,,,,,,,,-2.16906,0.65429,2.25624,50,5.47405,-4.6153,-120.16406,-0.60838,-3.15969,24.09088,-31.22092,80.8878,,7.06875,,,,1000079414,Right,55.29194,-121.22035,12.04544,5.47071,0.76055,-15.61046,2.45557,-4.47675,-1.57984,,,,,,,,,,,,,,,,,,,,,,,,,,,,,,,,,,,,,,,,,,,,,,,,,,,High,High,High,,,,,,v3
98,10/26/2022,3,3,1000176332,Left,T_B,1000110361,Right,T_A,3,Bottom,0,0,2,0-2,Slider,Slider,StrikeSwinging,Strikeout,Undefined,,Undefined,0,0,81.65527,-0.996267,3.079225,2518.154831,271.309361,3:00,5.4524,-2.4636,5.0724,-42.3051,1.39685,3.66292,0.98626,0.7475,74.55152,-8.657782,3.726177,0.475797,,,,,,,,,,,,-0.88004,1.4387,2.16823,50,5.32449,-6.51505,-118.20712,-3.60867,-1.23359,24.48638,-30.15731,79.21958,,7.10375,,,,1000079414,Right,55.42541,-119.32569,12.24319,5.45787,-2.23105,-15.07866,2.46456,-6.45869,-0.61679,,,,,,,,,,,,,,,,,,,,,,,,,,,,,,,,,,,,,,,,,,,,,,,,,,,High,High,High,,,,,,v3
99,10/26/2022,4,1,1000176332,Left,T_B,1000079407,Left,T_A,3,Bottom,1,0,0,0-0,Slider,Slider,BallCalled,Undefined,Undefined,,Undefined,0,0,81.84628,-0.584499,1.318586,2539.81973,283.117885,3:30,5.45025,-2.38933,5.14617,-43.03581,0.03287,5.8476,1.31347,-0.66037,75.00688,-8.38811,2.355127,0.472337,,,,,,,,,,,,-2.54012,0.57583,2.2612,50,5.36232,-2.97798,-118.72867,-2.78171,-3.60766,23.79621,-31.3562,79.79982,,6.83939,,,,1000079414,Right,55.35325,-119.79679,11.8981,5.45559,-1.37425,-15.6781,2.39124,-2.81605,-1.80383,,,,,,,,,,,,,,,,,,,,,,,,,,,,,,,,,,,,,,,,,,,,,,,,,,,High,High,High,,,,,,v3
100,10/26/2022,4,2,1000176332,Left,T_B,1000079407,Left,T_A,3,Bottom,1,1,0,1-0,Fastball,Four-Seam,InPlay,Undefined,GroundBall,GroundBall,Sacrifice,1,1,91.10347,-1.880902,3.384651,2206.129709,152.655401,11:00,5.52539,-2.20621,6.10161,-16.21816,17.53804,-8.46583,2.43072,0.22215,82.57401,-4.991959,1.863013,0.418166,61.89457,-55.678328,14.62346,,,,,3.35215,2.60933,3.679961,0.032453,5.40237,9.96733,1.9501,50,5.37198,-7.45252,-132.02101,-4.79741,9.45166,30.39331,-14.73575,90.13759,2.44436,8.52946,1.73051,2.44436,-0.20616,1000079414,Right,54.39622,-133.02924,15.19665,5.52301,-4.30858,-7.36788,2.20252,-7.76606,4.72583,,1.72931,49.75579,,,,,,,,2.44617,-75.31995,,,,,,,,-0.20647,12.98217,,,,,,,,,,,,,,,,,,,,,,,,,,,,,,High,High,High,Low,Low,,,,v3
101,10/26/2022,5,1,1000176332,Left,T_B,1000051953,Right,T_A,3,Bottom,2,0,0,0-0,Slider,Slider,StrikeCalled,Undefined,Undefined,,Undefined,0,0,82.35949,0.505549,1.980255,2434.614496,274.117126,3:15,5.56254,-2.36527,4.91666,-41.99624,1.10559,4.83083,2.54115,-0.08962,74.95725,-7.112121,2.831519,0.472519,,,,,,,,,,,,-1.78307,0.82784,2.16776,50,5.57702,-4.338,-119.31583,-0.53436,-2.54877,24.76438,-30.99075,79.76912,,7.40224,,,,1000079414,Right,55.58102,-120.46862,12.38219,5.56831,0.90827,-15.49538,2.36693,-4.21935,-1.27439,,,,,,,,,,,,,,,,,,,,,,,,,,,,,,,,,,,,,,,,,,,,,,,,,,,High,High,High,,,,,,v3
102,10/26/2022,5,2,1000176332,Left,T_B,1000051953,Right,T_A,3,Bottom,2,0,1,0-1,Fastball,Four-Seam,BallCalled,Undefined,Undefined,,Undefined,0,0,92.34813,0.325505,2.092694,2209.653067,152.428025,11:00,5.58346,-2.37563,5.81755,-17.14824,15.90769,-7.73119,4.45729,-1.07328,83.70014,-2.9398,0.708453,0.413805,,,,,,,,,,,,4.53922,8.33138,2.20879,50,5.60001,-4.54616,-133.97119,0.2322,8.19918,30.60227,-17.1251,91.08738,,8.64799,,,,1000079414,Right,54.67884,-135.03572,15.30114,5.58157,0.82791,-8.56255,2.37189,-4.83138,4.09959,,,,,,,,,,,,,,,,,,,,,,,,,,,,,,,,,,,,,,,,,,,,,,,,,,,High,High,High,,,,,,v3
103,10/26/2022,5,3,1000176332,Left,T_B,1000051953,Right,T_A,3,Bottom,2,1,1,1-1,Slider,Slider,InPlay,Undefined,LineDrive,LineDrive,Double,0,0,82.65352,0.600447,2.206198,2581.862568,269.022734,3:00,5.48205,-2.44826,5.16131,-40.84853,1.56902,8.75556,2.64361,0.35894,75.24595,-6.843156,3.754819,0.468753,107.07711,21.616832,-33.479311,2385.208214,88.88876,36.95818,-64.79798,326.55257,308.18746,-43.982059,3.430222,-3.7241,0.96469,2.2352,50,5.50676,-4.98341,-119.79431,-0.22831,-5.36071,25.17636,-30.78544,80.40999,46.06119,7.40756,2.55507,2.72483,-0.26003,1000079414,Right,55.33802,-120.91096,12.58818,5.4866,1.13712,-15.39272,2.45095,-4.74564,-2.68035,,2.55523,121.77161,-27.54547,6.38204,-1.47756,0.28484,-0.04085,0.00341,-0.0001,2.72477,57.8571,-22.38493,2.6836,-0.62067,0.14767,-0.03009,0.00437,-0.0003,-0.26009,-80.53761,4.90956,-0.01774,-0.17931,0.07852,-0.02065,0.00326,-0.00023,,,,,,,,,,,,,,,,,,,,,,,High,High,High,Medium,Medium,,,,v3
104,10/26/2022,6,1,1000176332,Left,T_B,1000066765,Right,T_A,3,Bottom,2,0,0,0-0,Fastball,Four-Seam,FoulBall,Undefined,Undefined,,Undefined,0,0,91.74319,-2.219929,2.990993,2177.320841,159.525849,11:15,5.58403,-2.18778,6.05043,-14.58891,18.73076,-6.56563,2.30943,0.03641,83.22306,-5.030447,1.811483,0.415453,68.75742,57.417949,112.501455,1508.758821,,,,,21.18247,,,4.30099,10.67245,1.95851,50,5.4033,-6.67113,-132.97501,-5.56164,7.63802,30.69286,-13.22117,90.72619,31.17971,8.52012,1.72981,2.39873,0.06136,1000079414,Right,54.44792,-133.99773,15.34643,5.58128,-5.12109,-6.61058,2.18504,-6.92564,3.81901,,1.74064,-21.15293,-7.57402,,,,,,,2.40885,84.63162,-29.46467,,,,,,,0.05741,50.30767,-0.99986,,,,,,,,,,,,,,,,,,,,,,,,,,,,,High,High,High,Medium,Low,,,,v3
105,10/26/2022,6,2,1000176332,Left,T_B,1000066765,Right,T_A,3,Bottom,2,0,1,0-1,Fastball,Four-Seam,BallCalled,Undefined,Undefined,,Undefined,0,0,92.19921,-2.695944,1.714327,2226.306516,147.16388,11:00,5.54603,-2.30613,5.58313,-16.45985,16.82863,-10.17205,1.65372,-1.55236,84.35339,-5.79511,-0.100675,0.415258,,,,,,,,,,,,5.61146,9.57882,2.16552,50,5.30352,-3.53909,-133.70687,-6.83118,10.16816,28.56679,-14.81681,90.76862,,7.84583,,,,1000079414,Right,54.91506,-134.75289,14.2834,5.54373,-6.28864,-7.40841,2.30193,-3.91142,5.08408,,,,,,,,,,,,,,,,,,,,,,,,,,,,,,,,,,,,,,,,,,,,,,,,,,,High,High,High,,,,,,v3
106,10/26/2022,6,3,1000176332,Left,T_B,1000066765,Right,T_A,3,Bottom,2,1,1,1-1,Fastball,Four-Seam,BallCalled,Undefined,Undefined,,Undefined,0,0,91.43841,-0.506686,3.301996,2197.352692,153.817372,11:15,5.60204,-2.18263,6.09823,-18.90639,14.13501,-6.46288,3.55709,0.33614,83.90594,-4.075945,2.140543,0.413714,,,,,,,,,,,,4.18626,7.72756,1.93155,50,5.55289,-7.38428,-132.73769,-1.75706,7.51125,26.90304,-18.30881,91.10738,,7.53247,,,,1000079414,Right,54.40006,-133.62651,13.45152,5.60095,-1.15218,-9.1544,2.17961,-7.63243,3.75563,,,,,,,,,,,,,,,,,,,,,,,,,,,,,,,,,,,,,,,,,,,,,,,,,,,High,High,High,,,,,,v3
107,10/26/2022,6,4,1000176332,Left,T_B,1000066765,Right,T_A,3,Bottom,2,2,1,2-1,Slider,Slider,BallCalled,Undefined,Undefined,,Undefined,0,0,81.52336,1.528179,-0.577961,2286.424898,288.982029,3:45,5.55925,-2.42021,4.90466,-43.95849,-0.40661,5.07851,3.34168,-2.5436,74.74729,-6.429235,0.31742,0.47498,,,,,,,,,,,,-2.65728,-0.19579,2.47226,50,5.67183,0.97173,-118.27313,1.49141,-3.7714,22.14223,-32.45194,79.35591,,6.77607,,,,1000079414,Right,55.59447,-119.31589,11.07112,5.56561,3.01969,-16.22597,2.42231,1.14933,-1.8857,,,,,,,,,,,,,,,,,,,,,,,,,,,,,,,,,,,,,,,,,,,,,,,,,,,High,High,High,,,,,,v3
108,10/26/2022,6,5,1000176332,Left,T_B,1000066765,Right,T_A,3,Bottom,2,3,1,3-1,Fastball,Four-Seam,StrikeCalled,Undefined,Undefined,,Undefined,0,0,91.15404,-2.676777,3.34496,2206.53913,139.639189,10:45,5.46757,-2.33842,6.02658,-19.00442,14.32863,-11.32835,1.39878,-0.18104,83.98241,-6.242676,1.310268,0.415536,,,,,,,,,,,,6.72382,8.38418,2.08282,50,5.24735,-7.26046,-132.23311,-6.78997,11.99412,26.22531,-17.21821,90.70794,,7.17163,,,,1000079414,Right,54.47387,-133.11744,13.11265,5.46652,-6.20936,-8.6091,2.33447,-7.66491,5.99706,,,,,,,,,,,,,,,,,,,,,,,,,,,,,,,,,,,,,,,,,,,,,,,,,,,High,High,High,,,,,,v3
109,10/26/2022,6,6,1000176332,Left,T_B,1000066765,Right,T_A,3,Bottom,2,3,2,3-2,Slider,Slider,InPlay,Undefined,FlyBall,FlyBall,Double,0,1,80.71982,0.535154,1.427187,2383.553589,282.90805,3:30,5.4695,-2.5745,5.18632,-44.15912,-0.1535,6.59969,2.29322,-0.68156,74.17197,-7.483257,2.596844,0.477447,98.77647,27.208162,2.500145,3063.037515,109.63562,54.93591,8.94557,365.43079,352.02361,11.766454,5.212461,-2.93807,0.08315,2.43657,50,5.48525,-3.18485,-117.17852,-0.47413,-4.08248,22.27251,-32.05851,78.94576,83.23704,6.54785,2.44365,2.36586,0.71965,1000079414,Right,55.31494,-118.18443,11.13626,5.47396,0.97375,-16.02926,2.57625,-3.00047,-2.04124,193.99551,2.4443,128.70806,-27.49123,6.69674,-1.48799,0.30028,-0.04886,0.00513,-0.00024,2.36732,66.20607,-13.77691,-0.40433,0.47698,-0.19422,0.04532,-0.00549,0.00026,0.71991,5.61367,2.90192,-0.39656,0.06191,-0.01997,0.00574,-0.00083,5.00E-05,,,,,,,,,,,,,,,,,,,,,,,High,High,High,High,High,,,,v3
110,10/26/2022,7,1,1000176332,Left,T_B,1000055244,Right,T_A,3,Bottom,2,0,0,0-0,Fastball,Four-Seam,BallCalled,Undefined,Undefined,,Undefined,0,0,91.93452,-3.627864,2.931389,2288.995051,142.164517,10:45,5.64372,-2.35227,5.87509,-16.44588,17.10714,-12.35953,0.89483,-0.65724,83.32834,-6.755635,0.716429,0.416905,,,,,,,,,,,,7.25902,10.23367,2.12245,50,5.34036,-6.27796,-133.0381,-8.94082,12.87541,31.2932,-14.02247,90.41018,,8.60617,,,,1000079414,Right,54.62341,-134.12121,15.6466,5.64141,-8.45549,-7.01123,2.34746,-6.7236,6.43771,,,,,,,,,,,,,,,,,,,,,,,,,,,,,,,,,,,,,,,,,,,,,,,,,,,High,High,High,,,,,,v3
111,10/26/2022,7,2,1000176332,Left,T_B,1000055244,Right,T_A,3,Bottom,2,1,0,1-0,Fastball,Four-Seam,BallCalled,Undefined,Undefined,,Undefined,0,0,91.10968,-0.003612,3.192334,2249.439971,145.936136,10:45,5.58306,-2.20094,6.02888,-16.3095,17.45091,-11.02772,4.22058,-0.16046,82.5035,-3.135375,1.212572,0.418192,,,,,,,,,,,,6.59473,9.29536,1.95696,50,5.57387,-6.89084,-132.10896,-0.46722,11.57263,29.9939,-15.86219,90.13198,,8.60619,,,,1000079414,Right,54.46799,-133.1195,14.99695,5.58061,0.0672,-7.9311,2.19569,-7.28074,5.78632,,,,,,,,,,,,,,,,,,,,,,,,,,,,,,,,,,,,,,,,,,,,,,,,,,,High,High,High,,,,,,v3
112,10/26/2022,7,3,1000176332,Left,T_B,1000055244,Right,T_A,3,Bottom,2,2,0,2-0,Fastball,Four-Seam,StrikeCalled,Undefined,Undefined,,Undefined,0,0,91.38125,-1.907168,2.56925,2209.348955,154.119525,11:15,5.41945,-2.37546,5.59885,-16.37816,17.72851,-8.03619,2.27163,-0.64489,82.94534,-5.017296,1.136599,0.420331,,,,,,,,,,,,4.81788,9.87449,2.16053,50,5.24551,-5.57667,-132.41279,-4.92212,8.49979,29.93912,-14.75332,89.67328,,8.43591,,,,1000079414,Right,54.89804,-133.51567,14.96956,5.41682,-4.37865,-7.37666,2.37172,-5.88978,4.2499,,,,,,,,,,,,,,,,,,,,,,,,,,,,,,,,,,,,,,,,,,,,,,,,,,,High,High,High,,,,,,v3
113,10/26/2022,7,4,1000176332,Left,T_B,1000055244,Right,T_A,3,Bottom,2,2,1,2-1,Fastball,Four-Seam,InPlay,Undefined,LineDrive,GroundBall,Out,1,0,91.12171,-1.223653,3.002837,2128.099184,143.424596,10:45,5.53873,-2.20715,6.19308,-20.60312,12.67572,-8.62957,2.69037,-0.15144,83.37631,-5.109532,1.447716,0.415198,98.44683,8.248437,31.348852,3467.994806,89.16104,7.42312,64.42225,159.80465,106.70817,38.668445,1.343251,5.31209,7.22367,1.98516,50,5.43599,-6.58552,-132.28132,-3.46592,9.41829,28.05391,-19.36653,90.7818,8.66679,7.7454,1.16969,2.73538,-0.11956,1000079414,Right,54.30615,-133.19143,14.02695,5.53824,-2.83764,-9.68326,2.20376,-6.89106,4.70915,,1.16969,122.03437,-28.31371,5.87288,-1.40105,0.33037,-0.07634,0.01425,-0.00145,2.73538,20.71477,-19.20406,2.19284,-0.50498,0.12539,-0.02809,0.00526,-0.00054,-0.11956,74.34065,-1.07967,1.2791,-0.45505,0.13738,-0.0358,0.00715,-0.00076,,,,,,,,,,,,,,,,,,,,,,,High,High,High,High,Medium,,,,v3
114,10/26/2022,1,1,1000097856,Left,T_A,90000221623,Right,T_C,4,Top,0,1,0,1-0,Fastball,Sinker,FoulBall,Undefined,Undefined,,Undefined,0,0,86.69422,1.257314,3.747589,2023.773589,119.785604,10:00,4.64464,-3.0619,5.44728,-29.41478,8.76626,-13.05883,3.37327,-0.63646,78.50757,-4.19187,1.430521,0.444729,,,,,,,,,,,,7.68874,4.40988,2.73985,50,4.73588,-7.65122,-125.50835,1.72505,12.18087,27.01457,-25.18773,84.75373,,8.18666,,,,1000055344,Right,55.05075,-126.59081,13.50729,4.64654,2.73431,-12.59386,3.0562,-8.1393,6.09044,,,,,,,,,,,,,,,,,,,,,,,,,,,,,,,,,,,,,,,,,,,,,,,,,,,High,High,High,,,,,,v3
115,10/26/2022,1,2,1000097856,Left,T_A,90000221623,Right,T_C,4,Top,0,1,1,1-1,Fastball,Sinker,InPlay,Undefined,GroundBall,GroundBall,Out,1,0,88.11419,-0.049204,5.298019,1977.73312,119.408209,10:00,4.64711,-3.00349,5.80641,-26.37966,9.92965,-15.55548,2.40285,0.64134,80.41407,-4.956497,2.527624,0.433691,73.11823,-38.902109,-44.674431,,,,,4.91985,3.01317,-33.124811,0.036121,9.44878,5.41725,2.57726,50,4.62729,-11.18011,-127.52303,-0.99084,15.56978,26.05969,-23.24749,86.9108,2.44057,7.70012,1.96959,2.44057,-0.56214,1000055344,Right,54.69383,-128.47865,13.02985,4.648,-0.13835,-11.62374,2.9977,-11.75106,7.78489,,1.96846,59.54105,,,,,,,,2.44185,-67.56615,,,,,,,,-0.56102,-58.86821,,,,,,,,,,,,,,,,,,,,,,,,,,,,,,High,High,High,Low,Low,,,,v3
116,10/26/2022,2,1,1000097856,Left,T_A,1000079314,Right,T_C,4,Top,1,0,0,0-0,Fastball,Sinker,BallCalled,Undefined,Undefined,,Undefined,0,0,89.27784,-0.057631,1.821245,2010.598687,121.204295,10:00,4.56209,-3.18924,5.81476,-25.39316,9.94544,-14.47922,2.39238,-2.70183,81.13171,-4.804323,-0.773445,0.427855,,,,,,,,,,,,7.90201,5.44453,3.04861,50,4.54241,-3.49312,-129.57784,-0.98691,13.35313,28.61782,-22.97367,88.09639,,8.14613,,,,1000055344,Right,54.68308,-130.60802,14.30891,4.56305,-0.1599,-11.48683,3.18301,-3.97381,6.67657,,,,,,,,,,,,,,,,,,,,,,,,,,,,,,,,,,,,,,,,,,,,,,,,,,,High,High,High,,,,,,v3
117,10/26/2022,2,2,1000097856,Left,T_A,1000079314,Right,T_C,4,Top,1,1,0,1-0,Fastball,Sinker,FoulBall,Undefined,Undefined,,Undefined,0,0,88.6561,0.332026,4.007352,2056.997166,126.891979,10:15,4.80689,-2.87621,5.65193,-23.4371,12.62969,-15.25686,3.16424,-0.40397,80.63241,-4.050578,1.290511,0.43224,,,,,,,,,,,,8.69898,6.65603,2.54505,50,4.82037,-8.29347,-128.39157,-0.03785,14.50881,26.78157,-21.07263,87.20251,,8.02369,,,,1000055344,Right,54.8431,-129.39786,13.39078,4.80692,0.75394,-10.53631,2.86691,-8.83863,7.25441,,,,,,,,,,,,,,,,,,,,,,,,,,,,,,,,,,,,,,,,,,,,,,,,,,,High,High,High,,,,,,v3
118,10/26/2022,2,3,1000097856,Left,T_A,1000079314,Right,T_C,4,Top,1,1,1,1-1,ChangeUp,Changeup,BallCalled,Undefined,Undefined,,Undefined,0,0,79.07239,1.873922,3.533405,1883.368302,83.980859,8:45,4.26122,-3.22597,5.91751,-45.38518,-0.67547,-19.64383,2.22212,-1.57967,72.3996,-6.491853,0.012166,0.481252,,,,,,,,,,,,11.00634,-0.42063,2.95368,50,4.3859,-6.34254,-114.70489,2.31638,14.67363,21.08345,-32.73483,78.32164,,6.67279,,,,1000055344,Right,54.58373,-115.54434,10.54173,4.26773,3.61973,-16.36741,3.21784,-6.92678,7.33682,,,,,,,,,,,,,,,,,,,,,,,,,,,,,,,,,,,,,,,,,,,,,,,,,,,High,High,High,,,,,,v3
119,10/26/2022,2,4,1000097856,Left,T_A,1000079314,Right,T_C,4,Top,1,2,1,2-1,Fastball,Sinker,BallCalled,Undefined,Undefined,,Undefined,0,0,88.06244,1.240873,3.51362,2079.2546,125.936947,10:15,4.68954,-2.99928,5.70859,-25.49643,10.79717,-13.34623,3.72329,-0.83378,80.41375,-3.508223,1.133132,0.433597,,,,,,,,,,,,7.71016,5.49174,2.713,50,4.7779,-7.26528,-127.68781,1.91061,12.76271,25.64445,-23.08357,86.92964,,7.64868,,,,1000055344,Right,54.78996,-128.64621,12.82222,4.69037,2.7733,-11.54179,2.99344,-7.74226,6.38136,,,,,,,,,,,,,,,,,,,,,,,,,,,,,,,,,,,,,,,,,,,,,,,,,,,High,High,High,,,,,,v3
120,10/26/2022,2,5,1000097856,Left,T_A,1000079314,Right,T_C,4,Top,1,3,1,3-1,Fastball,Sinker,StrikeCalled,Undefined,Undefined,,Undefined,0,0,87.49664,0.797722,3.112449,2031.925047,120.259316,10:00,4.48358,-3.04784,5.6543,-28.44423,8.54245,-12.58253,2.85836,-1.19076,79.62549,-4.484055,0.868416,0.437717,,,,,,,,,,,,7.24272,4.46992,2.79202,50,4.53334,-6.35272,-126.8576,0.78521,11.77138,26.58978,-24.90923,86.11134,,7.87114,,,,1000055344,Right,54.84355,-127.86879,13.29489,4.48547,1.73249,-12.45461,3.04212,-6.80038,5.88569,,,,,,,,,,,,,,,,,,,,,,,,,,,,,,,,,,,,,,,,,,,,,,,,,,,High,High,High,,,,,,v3
121,10/26/2022,2,6,1000097856,Left,T_A,1000079314,Right,T_C,4,Top,1,3,2,3-2,Fastball,Sinker,FoulBall,Undefined,Undefined,,Undefined,0,0,91.16747,0.062607,3.978414,2140.25525,133.237865,10:30,4.56874,-3.15934,5.48196,-21.56304,12.90009,-12.47808,2.83054,-0.47083,82.60195,-3.971259,1.763749,0.422521,71.2954,40.147318,154.067261,3347.913406,,,,,65.25298,,,7.48256,6.82276,2.81873,50,4.5599,-8.61365,-131.99643,-0.60713,13.11805,29.74908,-20.21274,89.20835,39.90709,8.56551,0.9418,2.78624,0.20647,1000055344,Right,55.01629,-133.12219,14.87454,4.5684,0.15776,-10.10637,3.15408,-9.11006,6.55903,,0.9418,-71.8812,2.57587,1.0368,-0.48492,0.15694,-0.03698,0.00855,-0.00128,2.78624,67.41976,-31.83871,4.94252,-1.06145,0.2498,-0.09568,0.03703,-0.00686,0.20647,34.9544,-4.02772,2.65188,-0.84713,0.24683,-0.07454,0.02291,-0.00392,,,,,,,,,,,,,,,,,,,,,,,High,High,High,High,Low,,,,v3
122,10/26/2022,2,7,1000097856,Left,T_A,1000079314,Right,T_C,4,Top,1,3,2,3-2,Fastball,Sinker,FoulBall,Undefined,Undefined,GroundBall,Undefined,0,0,91.23634,0.435938,3.347957,2154.104102,123.201132,10:00,4.60278,-3.16379,5.51357,-24.86375,9.37335,-12.60489,2.93915,-1.08,82.91701,-4.18191,1.106607,0.421133,95.28966,-11.135237,52.784083,,,,,15.10136,8.64215,52.522581,0.10114,7.33418,4.93327,2.88046,50,4.62431,-7.1642,-132.23134,0.10642,12.9377,29.16626,-23.47161,89.50237,2.735,8.31933,0.7843,2.735,0.91873,1000055344,Right,54.98503,-133.32635,14.58313,4.60377,0.98763,-11.7358,3.15855,-7.64993,6.46885,180,0.78176,83.09335,,,,,,,,2.73583,-27.04165,,,,,,,,0.91538,109.40832,,,,,,,,,,,,,,,,,,,,,,,,,,,,,,High,High,High,Low,Low,,,,v3
123,10/26/2022,2,8,1000097856,Left,T_A,1000079314,Right,T_C,4,Top,1,3,2,3-2,Fastball,Sinker,StrikeSwinging,Strikeout,Undefined,,Undefined,0,0,90.21684,-1.067985,5.618255,2072.478194,126.831373,10:15,4.77908,-3.05901,6.00511,-21.5508,13.15481,-15.94938,1.9888,0.83398,81.6665,-5.135167,2.769464,0.424005,,,,,,,,,,,,9.80457,7.42481,2.62449,50,4.683,-12.13239,-130.36723,-3.11622,16.75144,29.25828,-19.4885,88.89616,,8.55034,,,,1000055344,Right,54.49188,-131.37147,14.62914,4.77847,-2.44731,-9.74425,3.05078,-12.70736,8.37572,,,,,,,,,,,,,,,,,,,,,,,,,,,,,56.56804,2.636009,1.349632,1.286377,-1.36201,1.73278,-0.96477,-2.53677,6.00187,1.45841,65.18527,7.88775,-59.60582,-2.37877,58.14759,-4.33262,6.12553,18.94217,-13.62315,1.29657,-52.91688,4.29119,High,High,High,,,High,Medium,High,v3
124,10/26/2022,3,1,1000097856,Left,T_A,9000241166,Left,T_C,4,Top,2,0,0,0-0,Fastball,Changeup,StrikeCalled,Undefined,Undefined,,Undefined,0,0,87.41834,0.632162,5.147858,2120.070143,110.692376,9:45,4.48311,-3.11645,5.77439,-29.14285,8.02119,-17.88962,2.64519,0.19594,79.21483,-4.787481,1.961934,0.438766,,,,,,,,,,,,10.57241,4.27969,2.70085,50,4.51809,-10.62116,-126.42935,0.41035,17.0152,27.14258,-25.28634,85.90558,,8.20352,,,,1000055344,Right,54.72375,-127.43944,13.57129,4.48531,1.35136,-12.64317,3.10789,-11.25436,8.5076,,,,,,,,,,,,,,,,,,,,,,,,,,,,,,,,,,,,,,,,,,,,,,,,,,,High,High,High,,,,,,v3
125,10/26/2022,3,2,1000097856,Left,T_A,9000241166,Left,T_C,4,Top,2,0,1,0-1,Slider,Curveball,BallCalled,Undefined,Undefined,,Undefined,0,0,76.47296,0.848592,3.773359,2255.03657,314.187158,4:30,4.38734,-3.15982,5.31357,-56.40535,-6.84595,8.76749,0.48515,1.11752,69.84571,-9.366878,5.325958,0.506681,,,,,,,,,,,,-3.20225,-3.20764,2.81073,50,4.42358,-7.64146,-110.69508,-0.27163,-3.92132,22.1715,-36.10197,74.39091,,6.62725,,,,1000055344,Right,55.1864,-111.72905,11.08575,4.39699,1.41199,-18.05098,3.16283,-7.45859,-1.96066,,,,,,,,,,,,,,,,,,,,,,,,,,,,,,,,,,,,,,,,,,,,,,,,,,,High,High,High,,,,,,v3
126,10/26/2022,3,3,1000097856,Left,T_A,9000241166,Left,T_C,4,Top,2,1,1,1-1,Fastball,Sinker,FoulBall,Undefined,Undefined,GroundBall,Undefined,0,0,88.57163,0.287932,4.593308,2133.456184,119.324487,10:00,4.54737,-3.0357,5.80173,-26.46001,9.59638,-14.94166,2.61103,0.00037,80.42763,-4.646861,1.928018,0.432178,96.56757,2.126155,-80.937752,4871.465919,,,,43.78177,43.78177,-81.637621,0.336611,8.93784,5.16603,2.66667,50,4.55538,-9.66119,-128.22754,-0.24445,14.8159,27.59956,-23.61057,87.21508,2.19488,8.14401,0.3301,2.00595,-0.02337,1000055344,Right,54.6966,-129.23448,13.79978,4.54859,0.61695,-11.80529,3.02901,-10.20174,7.40795,,0.33866,21.94877,-12.06885,,,,,,,2.02479,4.49653,-31.38247,,,,,,,-0.03627,-139.25418,31.83105,,,,,,,,,,,,,,,,,,,,,,,,,,,,,High,High,High,Medium,High,,,,v3
127,10/26/2022,3,4,1000097856,Left,T_A,9000241166,Left,T_C,4,Top,2,1,2,1-2,Fastball,Sinker,BallCalled,Undefined,Undefined,,Undefined,0,0,89.67796,-0.853704,4.4296,2129.155239,104.617826,9:30,4.52595,-3.18336,5.55279,-29.35525,6.32618,-19.43611,1.27953,-0.65574,81.17268,-6.281475,0.973163,0.429925,,,,,,,,,,,,11.21024,3.81437,2.81297,50,4.43263,-9.19006,-129.75716,-3.00613,18.91659,29.74855,-25.73754,87.67213,,8.50528,,,,1000055344,Right,54.94646,-130.88628,14.87428,4.52819,-2.02924,-12.86877,3.17541,-9.90805,9.45829,,,,,,,,,,,,,,,,,,,,,,,,,,,,,,,,,,,,,,,,,,,,,,,,,,,High,High,High,,,,,,v3
128,10/26/2022,3,5,1000097856,Left,T_A,9000241166,Left,T_C,4,Top,2,2,2,2-2,Fastball,Changeup,BallCalled,Undefined,Undefined,,Undefined,0,0,87.72396,-0.833175,4.843992,2147.229103,109.271333,9:45,4.61194,-3.22615,5.62675,-29.52277,7.5237,-17.93678,1.37142,-0.1901,79.77839,-6.293552,1.653648,0.438071,,,,,,,,,,,,10.44418,4.43914,2.82414,50,4.52197,-9.96989,-126.91052,-2.89019,16.95664,27.07004,-24.9669,86.04178,,7.94557,,,,1000055344,Right,54.87155,-127.9454,13.53502,4.61421,-1.93572,-12.48345,3.21768,-10.61814,8.47832,,,,,,,,,,,,,,,,,,,,,,,,,,,,,,,,,,,,,,,,,,,,,,,,,,,High,High,High,,,,,,v3
129,10/26/2022,3,6,1000097856,Left,T_A,9000241166,Left,T_C,4,Top,2,3,2,3-2,Slider,Curveball,BallCalled,Walk,Undefined,,Undefined,0,0,77.04858,0.503863,3.999179,2263.657803,270.741931,3:00,4.46657,-3.29508,5.41427,-46.91105,1.31476,13.50477,1.03051,1.58292,70.90419,-8.020794,6.389651,0.499817,,,,,,,,,,,,-5.63311,0.99374,2.92947,50,4.47894,-8.32425,-111.5967,-0.56659,-7.08179,20.66374,-30.92473,75.41244,,6.14439,,,,1000055344,Right,55.08494,-112.53431,10.33187,4.47281,0.83661,-15.46237,3.29989,-8.00292,-3.5409,,,,,,,,,,,,,,,,,,,,,,,,,,,,,,,,,,,,,,,,,,,,,,,,,,,High,High,High,,,,,,v3
130,10/26/2022,4,1,1000097856,Left,T_A,10035974,Right,T_C,4,Top,2,0,0,0-0,Fastball,Changeup,StrikeCalled,Undefined,Undefined,,Undefined,0,0,86.78301,0.39995,4.718757,2047.823832,118.034162,10:00,4.49505,-3.3824,5.61934,-27.54179,10.46355,-17.15639,2.57443,-0.39838,78.42454,-4.732518,1.669273,0.443704,,,,,,,,,,,,10.06674,5.56595,2.99009,50,4.51182,-9.61309,-125.51087,-0.05202,15.91758,27.47648,-23.37316,84.94943,,8.35847,,,,1000055344,Right,54.8779,-126.57423,13.73824,4.49633,0.85253,-11.68658,3.37404,-10.22911,7.95879,,,,,,,,,,,,,,,,,,,,,,,,,,,,,,,,,,,,,,,,,,,,,,,,,,,High,High,High,,,,,,v3
131,10/26/2022,4,2,1000097856,Left,T_A,10035974,Right,T_C,4,Top,2,0,1,0-1,ChangeUp,Changeup,BallCalled,Undefined,Undefined,,Undefined,0,0,76.86028,1.895043,1.643161,1923.937361,72.737942,8:30,4.27882,-3.01324,5.75625,-52.23129,-4.28984,-18.9858,1.69159,-3.06543,69.98171,-7.704747,-1.758234,0.498341,,,,,,,,,,,,10.11985,-2.23973,2.88847,50,4.40458,-2.48122,-111.53191,2.01315,12.6223,21.89293,-34.96762,75.63577,,6.87857,,,,1000055344,Right,54.74421,-112.45931,10.94646,4.28793,3.49441,-17.48381,3.0049,-3.01591,6.31115,,,,,,,,,,,,,,,,,,,,,,,,,,,,,,,,,,,,,,,,,,,,,,,,,,,High,High,High,,,,,,v3
132,10/26/2022,4,3,1000097856,Left,T_A,10035974,Right,T_C,4,Top,2,1,1,1-1,Fastball,Changeup,InPlay,Undefined,GroundBall,GroundBall,Single,0,0,88.17405,-0.071705,4.168128,2141.419313,96.744435,9:15,4.58936,-2.9813,5.23882,-33.56943,3.86622,-21.2593,1.72434,-0.82843,79.54814,-6.233528,0.40714,0.440366,87.97135,-7.575686,-8.038702,,,,,14.67143,6.89101,-4.355209,0.103713,11.93961,2.33516,2.61404,50,4.55793,-8.32517,-127.53363,-1.43846,19.40347,29.47644,-28.3791,85.59337,1.76651,8.62592,1.47719,1.76651,0.74329,1000055344,Right,55.2601,-128.74364,14.73822,4.59307,-0.27349,-14.18955,2.97214,-9.12168,9.70174,180,1.47437,126.81007,,,,,,,,1.76689,-17.03267,,,,,,,,0.74369,-17.90935,,,,,,,,,,,,,,,,,,,,,,,,,,,,,,High,High,High,Low,Low,,,,v3
133,10/26/2022,5,1,1000097856,Left,T_A,1000079321,Left,T_C,4,Top,2,0,0,0-0,Fastball,Sinker,InPlay,Undefined,FlyBall,FlyBall,Out,1,0,86.95222,0.455904,4.007821,1954.908578,117.857467,10:00,4.5928,-3.0694,5.39692,-29.23632,8.88863,-14.30776,2.58473,-0.49976,78.62805,-4.957271,1.471624,0.444402,73.48395,36.430158,-8.219553,4187.709621,107.25825,60.71717,-24.40521,231.21706,223.01032,-19.425757,4.262803,8.45839,4.6937,2.72202,50,4.61324,-8.19532,-125.84343,-0.03205,13.43251,27.84903,-24.72008,84.8161,63.504,8.32418,1.68508,2.69667,0.4748,1000055344,Right,55.10183,-126.96744,13.92451,4.5944,0.96568,-12.36004,3.06374,-8.73747,6.71625,145.46137,1.68666,85.78668,-15.18584,2.89803,-0.39727,0.01247,0.00025,0.00129,-0.00017,2.69633,64.00737,-18.91772,1.35731,-0.14688,-0.03468,0.02562,-0.00512,0.00034,0.47471,-12.39526,-3.73128,1.36475,-0.38809,0.08784,-0.01542,0.00167,-8.00E-05,,,,,,,,,,,,,,,,,,,,,,,High,High,High,High,Medium,,,,v3
134,10/26/2022,1,1,1000050494,Right,T_B,1000102964,Right,T_A,4,Bottom,0,0,0,0-0,Fastball,Four-Seam,FoulBall,Undefined,Undefined,,Undefined,0,0,89.19745,-0.521407,-2.075166,2141.349386,220.799167,1:15,5.39164,1.34372,6.55635,-18.56229,15.57879,12.53973,3.36639,0.48517,81.66229,-4.073179,0.202515,0.420543,98.31653,56.402532,-50.625688,3777.182593,,,,,62.15419,,,-7.20181,8.66111,-1.20574,50,5.34757,4.2294,-129.70968,-1.67792,-12.28449,26.81952,-17.40034,89.62813,88.99632,7.53516,3.10852,3.20191,-0.35656,1000079414,Right,53.94396,-130.5226,13.40976,5.39043,-1.1505,-8.70017,-1.33958,4.60175,-6.14225,188.546261,3.10852,50.61895,-10.01154,1.71099,-0.42112,0.09838,-0.02541,0.00543,-0.00069,3.20191,120.10856,-30.44615,4.49324,-1.09892,0.26931,-0.06509,0.01405,-0.00178,-0.35656,-61.68088,13.61171,-2.82017,0.67683,-0.16204,0.04031,-0.00869,0.00111,,,,,,,,,,,,,,,,,,,,,,,High,High,High,Medium,Low,,,,v3
135,10/26/2022,1,2,1000050494,Right,T_B,1000102964,Right,T_A,4,Bottom,0,0,1,0-1,Curveball,Slider,StrikeCalled,Undefined,Undefined,,Undefined,0,0,77.2922,1.19358,-0.102112,2497.568853,75.815508,8:30,5.2446,1.62077,5.92762,-49.7481,-3.1398,-18.00025,2.20656,0.02601,71.199,-7.946464,-3.338902,0.491364,,,,,,,,,,,,9.19193,-1.49547,-1.60253,50,5.31194,0.85615,-112.37599,0.7867,11.74809,20.46242,-34.08541,76.70986,,6.09321,,,,1000079414,Right,54.57408,-113.20582,10.23121,5.25201,2.16899,-17.04271,-1.62759,0.37972,5.87405,,,,,,,,,,,,,,,,,,,,,,,,,,,,,,,,,,,,,,,,,,,,,,,,,,,High,High,High,,,,,,v3
136,10/26/2022,1,3,1000050494,Right,T_B,1000102964,Right,T_A,4,Bottom,0,0,2,0-2,Curveball,Curveball,InPlay,Undefined,LineDrive,LineDrive,Double,0,0,76.97422,1.26633,0.297963,2574.400366,70.986525,8:15,5.29426,1.57414,5.67948,-53.01164,-5.29335,-19.80103,2.05729,0.20182,70.54735,-8.431333,-3.247518,0.49718,103.37687,15.314958,-28.88975,1657.977247,93.41863,23.27261,-58.07668,288.3856,288.3856,-37.278535,2.652014,10.22445,-2.69067,-1.58626,50,5.36729,0.14695,-111.8267,0.76731,12.85598,21.49046,-35.55725,75.81243,25.72872,6.42687,2.50417,2.2286,-0.30471,1000079414,Right,54.82304,-112.74976,10.74523,5.30153,2.29457,-17.77862,-1.58071,-0.40525,6.42799,,2.50427,128.03139,-25.20941,5.64339,-1.0774,0.03866,0.06194,-0.02171,0.00252,2.22854,40.04918,-18.92043,1.87357,-0.39516,0.15725,-0.06288,0.01588,-0.0017,-0.30474,-70.64844,-1.04178,2.54315,-1.07701,0.3609,-0.09848,0.01838,-0.00158,,,,,,,,,,,,,,,,,,,,,,,High,High,High,High,High,,,,v3
137,10/26/2022,2,1,1000050494,Right,T_B,691273,Right,T_A,4,Bottom,0,0,0,0-0,Fastball,Four-Seam,FoulBall,Undefined,Undefined,,Undefined,0,0,88.65366,0.441211,-1.242515,2257.491878,216.885916,1:15,5.30067,1.59998,6.24354,-19.55966,15.34355,10.72859,4.07775,1.34782,81.2324,-3.274735,0.69527,0.425211,,,,,,,,,,,,-5.913,8.17044,-1.51269,50,5.32371,2.37104,-128.9113,0.43089,-9.9847,25.92698,-18.37748,88.64413,,7.42126,,,,1000079414,Right,54.25586,-129.76443,12.96349,5.29958,1.0356,-9.18874,-1.59611,2.69959,-4.99235,,,,,,,,,,,,,,,,,,,,,,,,,,,,,,,,,,,,,,,,,,,,,,,,,,,High,High,High,,,,,,v3
138,10/26/2022,2,2,1000050494,Right,T_B,691273,Right,T_A,4,Bottom,0,0,1,0-1,Fastball,Four-Seam,BallCalled,Undefined,Undefined,,Undefined,0,0,88.34929,0.237357,-2.586082,2246.263006,207.782623,1:00,5.43302,1.47587,6.23377,-18.77525,16.24091,8.03083,4.08761,-0.24222,81.35743,-3.324074,-1.137723,0.425898,,,,,,,,,,,,-4.79985,8.67355,-1.28665,50,5.44116,5.47948,-128.41815,0.00107,-8.09509,24.11467,-17.54588,88.50107,,6.99187,,,,1000079414,Right,54.26516,-129.21659,12.05734,5.43151,0.58201,-8.77294,-1.47251,5.74751,-4.04754,,,,,,,,,,,,,,,,,,,,,,,,,,,,,,,,,,,,,,,,,,,,,,,,,,,High,High,High,,,,,,v3
139,10/26/2022,2,3,1000050494,Right,T_B,691273,Right,T_A,4,Bottom,0,1,1,1-1,Fastball,Four-Seam,StrikeSwinging,Undefined,Undefined,,Undefined,0,0,88.93131,-1.329135,-2.303857,2214.249741,201.094312,12:45,5.36612,1.53295,6.47445,-20.06214,14.07922,5.06583,2.4725,-0.16171,82.34077,-5.117882,-1.385397,0.420545,,,,,,,,,,,,-3.21394,8.00355,-1.37283,50,5.26333,5.01096,-129.34768,-3.57218,-5.51428,23.76302,-18.44211,89.6277,,6.59054,,,,1000079414,Right,54.02549,-130.08512,11.88151,5.3653,-2.99986,-9.22106,-1.53099,5.18208,-2.75714,,,,,,,,,,,,,,,,,,,,,,,,,,,,,,,,,,,,,,,,,,,,,,,,,,,High,High,High,,,,,,v3
140,10/26/2022,2,4,1000050494,Right,T_B,691273,Right,T_A,4,Bottom,0,1,2,1-2,Curveball,Curveball,BallCalled,Undefined,Undefined,,Undefined,0,0,76.11073,1.368913,1.307686,2518.717094,64.952112,8:15,5.24565,1.73677,5.34151,-55.40897,-6.10626,-16.38847,1.91299,1.59801,69.92086,-8.694531,-1.608889,0.505367,,,,,,,,,,,,8.57847,-2.96433,-1.84258,50,5.3293,-1.88738,-110.50266,0.76577,10.57861,20.18417,-35.82952,74.58432,,6.18987,,,,1000079414,Right,55.16023,-111.44123,10.09208,5.25496,2.43186,-17.91476,-1.74338,-2.37928,5.2893,,,,,,,,,,,,,,,,,,,,,,,,,,,,,,,,,,,,,,,,,,,,,,,,,,,High,High,High,,,,,,v3
141,10/26/2022,2,5,1000050494,Right,T_B,691273,Right,T_A,4,Bottom,0,2,2,2-2,Fastball,Four-Seam,BallCalled,Undefined,Undefined,,Undefined,0,0,89.53419,0.607088,-1.702677,2197.593699,208.247327,1:00,5.53718,1.42539,6.43266,-17.21237,16.58879,8.4,4.66102,0.5601,82.43101,-2.681313,-0.180624,0.418444,,,,,,,,,,,,-4.79677,8.80882,-1.30771,50,5.57218,3.5395,-130.24355,0.92042,-8.32006,24.85016,-16.89505,90.07765,,7.10318,,,,1000079414,Right,54.06615,-131.01706,12.42508,5.53535,1.44632,-8.44753,-1.42192,3.79848,-4.16003,,,,,,,,,,,,,,,,,,,,,,,,,,,,,,,,,,,,,,,,,,,,,,,,,,,High,High,High,,,,,,v3
142,10/26/2022,2,6,1000050494,Right,T_B,691273,Right,T_A,4,Bottom,0,3,2,3-2,Fastball,Four-Seam,InPlay,Undefined,Popup,,Out,1,0,90.27475,-0.839605,-1.820908,2120.305631,202.805233,12:45,5.48836,1.36642,6.7034,-18.74666,14.00426,5.51705,3.15803,0.16072,83.67862,-4.400921,-0.815879,0.411892,91.58491,58.717081,-17.206229,4549.786981,,,,,56.05166,,,-3.3778,7.90256,-1.24762,50,5.4249,3.9792,-131.44798,-2.43762,-5.99206,24.23518,-18.15528,91.51053,97.68973,6.59613,2.9806,3.03934,-0.14094,1000079414,Right,53.79806,-132.14638,12.11759,5.48761,-1.91443,-9.07764,-1.36478,4.15187,-2.99603,173.273582,2.9806,66.62826,-23.65808,7.30663,-1.92384,0.46977,-0.11028,0.02142,-0.00244,3.03934,114.7954,-25.20891,2.28277,-0.17871,-0.04876,0.02845,-0.00795,0.00114,-0.14094,-20.63283,3.59448,0.40857,-0.40111,0.16039,-0.04933,0.01148,-0.00145,,,,,,,,,,,,,,,,,,,,,,,High,High,High,High,Low,,,,v3
143,10/26/2022,3,1,1000050494,Right,T_B,8886045,Left,T_A,4,Bottom,1,0,0,0-0,Fastball,Four-Seam,StrikeCalled,Undefined,Undefined,,Undefined,0,0,89.15237,-0.309768,-1.45613,2178.635991,192.048577,12:30,5.43686,1.59666,6.39082,-22.43273,11.57375,2.27351,3.28246,0.44652,82.57973,-4.524996,-1.044326,0.419713,,,,,,,,,,,,-1.53693,6.41611,-1.49303,50,5.40405,3.21055,-129.7592,-1.37415,-2.65614,23.68742,-21.08582,89.80531,,6.57264,,,,1000079414,Right,54.10917,-130.50717,11.84371,5.43693,-0.70833,-10.54291,-1.59573,3.29442,-1.32807,,,,,,,,,,,,,,,,,,,,,,,,,,,,,,,,,,,,,,,,,,,,,,,,,,,High,High,High,,,,,,v3
144,10/26/2022,3,2,1000050494,Right,T_B,8886045,Left,T_A,4,Bottom,1,0,1,0-1,Fastball,Four-Seam,StrikeSwinging,Undefined,Undefined,,Undefined,0,0,88.31423,-0.471187,-2.196406,2151.785087,205.869669,12:45,5.27649,1.6051,6.66874,-21.45922,12.85552,5.78008,3.05679,0.07624,81.7835,-4.532559,-1.144558,0.421611,,,,,,,,,,,,-3.57524,7.19973,-1.45998,50,5.23598,4.71628,-128.52982,-1.64783,-6.06101,23.28756,-19.96846,89.40103,,6.53073,,,,1000079414,Right,53.83113,-129.22209,11.64378,5.27614,-1.05422,-9.98423,-1.60286,4.89646,-3.03051,,,,,,,,,,,,,,,,,,,,,,,,,,,,,,,,,,,,,,,,,,,,,,,,,,,High,High,High,,,,,,v3
145,10/26/2022,3,3,1000050494,Right,T_B,8886045,Left,T_A,4,Bottom,1,0,2,0-2,Fastball,Four-Seam,StrikeSwinging,Strikeout,Undefined,,Undefined,0,0,88.57431,-0.390383,-1.724684,2178.614439,201.967131,12:45,5.5463,1.47738,6.38999,-20.70714,13.55709,5.11709,3.46147,0.31698,82.47024,-4.284102,-0.798024,0.4213,,,,,,,,,,,,-3.06032,7.4587,-1.35568,50,5.50838,3.68848,-128.97033,-1.48375,-5.25713,21.81654,-19.36125,89.46688,,6.10406,,,,1000079414,Right,54.11066,-129.66382,10.90827,5.54576,-0.8683,-9.68063,-1.47558,3.85559,-2.62856,,,,,,,,,,,,,,,,,,,,,,,,,,,,,,,,,,,,,,,,,,,,,,,,,,,High,High,High,,,,,,v3
146,10/26/2022,4,1,1000050494,Right,T_B,1000058463,Right,T_A,4,Bottom,2,0,0,0-0,Curveball,Slider,BallCalled,Undefined,Undefined,,Undefined,0,0,76.04621,0.069261,0.083098,2361.500905,80.461753,8:45,5.30567,1.48776,5.57988,-50.69239,-1.83217,-19.88718,1.14599,-0.09189,70.15301,-9.167868,-3.473759,0.503094,,,,,,,,,,,,10.17268,-0.55461,-1.48132,50,5.27815,0.56674,-110.52046,-1.4867,12.55054,20.16141,-32.85832,74.92125,,5.89321,,,,1000079414,Right,54.92244,-111.4148,10.08071,5.31177,-0.02913,-16.42916,-1.49411,0.01001,6.27527,,,,,,,,,,,,,,,,,,,,,,,,,,,,,,,,,,,,,,,,,,,,,,,,,,,High,High,High,,,,,,v3
147,10/26/2022,4,2,1000050494,Right,T_B,1000058463,Right,T_A,4,Bottom,2,1,0,1-0,Fastball,Four-Seam,InPlay,Undefined,GroundBall,GroundBall,Out,1,0,90.03936,-2.693912,-3.432378,2250.349247,211.16197,1:00,5.42562,1.38074,6.38324,-20.25332,13.00505,7.35138,1.25341,-1.16789,84.14747,-6.476937,-2.103446,0.41507,66.24917,11.981816,9.632377,2204.529785,,,,123.19438,123.19438,14.353712,1.452032,-4.62654,7.67095,-1.13688,50,5.2216,7.5717,-130.83624,-6.77494,-8.1926,22.01902,-18.59044,90.80977,8.04014,5.89189,2.1374,1.24604,1.16332,1000079414,Right,54.11901,-131.52762,11.00951,5.42516,-6.19122,-9.29522,-1.37866,7.82894,-4.0963,243.446454,2.1374,93.70836,-11.15509,1.9646,-0.36501,0.04418,0.00019,-0.00168,0.00036,1.24604,20.17164,-15.40937,0.68334,-0.0455,0.00855,0.00083,0.00016,-0.0001,1.16332,15.90406,4.27153,-1.28564,0.35556,-0.0723,0.0128,-0.00154,6.00E-05,,,,,,,,,,,,,,,,,,,,,,,High,High,High,High,High,,,,v3
148,10/26/2022,1,1,1000036209,Right,T_A,1000187794,Right,T_C,5,Top,0,0,0,0-0,Fastball,Four-Seam,BallCalled,Undefined,Undefined,,Undefined,0,0,92.00729,-0.045342,-1.770296,2503.465308,195.274188,12:30,6.35212,1.15798,5.60561,-10.34264,23.20257,6.0317,5.44789,0.00756,83.37378,-2.087499,-0.694428,0.416857,,,,,,,,,,,,-3.54473,12.03394,-1.01035,50,6.34166,3.84415,-133.4539,-0.33375,-6.35897,30.13522,-10.58605,90.42063,,8.63351,,,,1000055344,Right,54.89012,-134.55361,15.06761,6.34679,0.05257,-5.29303,-1.15487,4.07621,-3.17949,,,,,,,,,,,,,,,,,,,,,,,,,,,,,,,,,,,,,,,,,,,,,,,,,,,High,High,High,,,,,,v3
149,10/26/2022,1,2,1000036209,Right,T_A,1000187794,Right,T_C,5,Top,0,1,0,1-0,Fastball,Four-Seam,FoulBall,Undefined,Undefined,,Undefined,0,0,92.36677,-3.038604,-2.184675,2521.365422,191.307514,12:30,6.25392,1.08006,5.35778,-9.68241,23.86505,4.55079,2.59268,-0.5905,84.22084,-4.933934,-1.377146,0.41687,,,,,,,,,,,,-2.84091,13.02442,-0.88675,50,5.97342,4.8784,-133.74293,-7.31207,-5.14986,28.62344,-8.56416,90.41765,,8.14593,,,,1000055344,Right,55.1364,-134.83774,14.31172,6.24682,-6.9845,-4.28208,-1.07711,5.07537,-2.57493,,,,,,,,,,,,,,,,,,,,,,,,,,,,,,,,,,,,,,,,,,,,,,,,,,,High,High,High,,,,,,v3
150,10/26/2022,1,3,1000036209,Right,T_A,1000187794,Right,T_C,5,Top,0,1,1,1-1,Slider,Slider,FoulBall,Undefined,Undefined,GroundBall,Undefined,0,0,86.20266,-0.721577,-1.062528,2701.550245,64.105956,8:15,6.06625,1.39366,4.91419,-39.45573,-0.52862,-3.54638,2.09584,0.09334,79.32323,-7.837597,-1.68855,0.449053,75.23856,-52.920179,-100.528909,,,,,4.093,3.99131,-30.906376,0.031677,1.48224,0.21374,-1.28676,50,5.96246,2.47756,-125.11197,-3.13322,2.3519,24.99175,-31.8349,83.93765,2.79865,6.87943,3.89831,2.79865,-0.02287,1000055344,Right,55.58691,-126.22305,12.49588,6.0703,-1.71791,-15.91745,-1.39458,2.373,1.17595,180,3.89854,-12.20105,,,,,,,,2.80026,-88.35085,,,,,,,,-0.02168,-65.64609,,,,,,,,,,,,,,,,,,,,,,,,,,,,,,High,High,High,Low,Low,,,,v3
151,10/26/2022,1,4,1000036209,Right,T_A,1000187794,Right,T_C,5,Top,0,1,2,1-2,Slider,Slider,StrikeSwinging,Strikeout,Undefined,,Undefined,0,0,86.36692,-0.31177,-1.691346,2784.765164,65.469633,8:15,6.08135,1.34519,4.997,-39.39136,-0.59846,-3.99276,2.50427,-0.5848,79.18338,-7.43769,-2.396656,0.448278,,,,,,,,,,,,1.49894,0.16902,-1.17912,50,6.01938,3.88056,-125.26906,-2.24138,2.37846,25.64159,-31.90589,84.08271,,7.18353,,,,1000055344,Right,55.50187,-126.39024,12.8208,6.08688,-0.8463,-15.95294,-1.34652,3.77656,1.18923,,,,,,,,,,,,,,,,,,,,,,,,,,,,,52.29617,2.696934,1.310362,1.386572,-0.81489,2.20636,0.67878,-2.89677,6.03184,0.2193,69.51092,10.00632,-55.28164,-2.76351,55.97524,-2.74698,6.15498,21.6158,-13.5518,0.0354,-44.76222,3.46904,High,High,High,,,High,High,High,v3
152,10/26/2022,2,1,1000036209,Right,T_A,1000091614,Right,T_C,5,Top,1,0,0,0-0,Slider,Slider,StrikeCalled,Undefined,Undefined,,Undefined,0,0,84.98209,0.680753,-0.413598,2873.814213,25.437578,6:45,6.15492,1.33652,4.88676,-44.92896,-4.92603,-2.91339,3.0549,0.70246,78.2378,-7.410665,-0.927624,0.455216,,,,,,,,,,,,1.32284,-2.21929,-1.29339,50,6.18364,1.02295,-123.3737,-0.33995,2.04635,23.69935,-35.60719,82.80126,,6.7443,,,,1000055344,Right,55.6134,-124.44733,11.84968,6.1625,1.27313,-17.80359,-1.33763,0.93025,1.02318,,,,,,,,,,,,,,,,,,,,,,,,,,,,,,,,,,,,,,,,,,,,,,,,,,,High,High,High,,,,,,v3
153,10/26/2022,2,2,1000036209,Right,T_A,1000091614,Right,T_C,5,Top,1,0,1,0-1,Fastball,Four-Seam,StrikeSwinging,Undefined,Undefined,,Undefined,0,0,92.33766,-3.111226,-1.714834,2658.497913,207.537523,1:00,6.29256,1.09546,5.49641,-12.94064,20.78706,10.20327,2.29981,0.34122,83.41989,-5.607791,0.102211,0.417989,,,,,,,,,,,,-5.63296,11.76134,-0.95237,50,6.01171,3.51878,-133.64373,-7.62439,-10.07408,31.79887,-11.13988,90.17569,,8.91776,,,,1000055344,Right,54.99898,-134.82793,15.89944,6.28792,-7.20954,-5.56994,-1.09039,3.89394,-5.03704,,,,,,,,,,,,,,,,,,,,,,,,,,,,,,,,,,,,,,,,,,,,,,,,,,,High,High,High,,,,,,v3
154,10/26/2022,2,3,1000036209,Right,T_A,1000091614,Right,T_C,5,Top,1,0,2,0-2,ChangeUp,Changeup,StrikeSwinging,Strikeout,Undefined,,Undefined,0,0,86.6923,-3.302471,-2.241941,1425.421543,239.849247,2:00,6.096,1.47537,5.20839,-25.47816,13.07733,20.20989,0.86131,1.0501,78.97196,-7.993073,1.342244,0.446904,,,,,,,,,,,,-10.74146,7.91146,-1.28375,50,5.7713,4.00573,-125.45769,-8.14555,-16.99438,27.11709,-19.65712,84.3412,,7.72034,,,,1000055344,Right,55.28988,-126.59591,13.55855,6.09589,-7.32046,-9.82856,-1.46686,4.71905,-8.49719,,,,,,,,,,,,,,,,,,,,,,,,,,,,,65.3114,,,1.012744,,,,4.09084,5.08284,2.60262,75.41644,3.29249,-49.36554,4.11387,73.7535,-3.29978,5.11727,11.65135,-13.27314,2.51543,-58.60374,7.25976,High,High,High,,,High,High,High,v3
155,10/26/2022,3,1,1000036209,Right,T_A,1000091614,Right,T_C,5,Top,2,0,0,0-0,Fastball,Four-Seam,BallCalled,Undefined,Undefined,,Undefined,0,0,92.45632,-1.398596,-1.728578,2662.001074,185.648453,12:15,6.36345,0.96345,5.1709,-14.60076,19.35135,1.79583,3.82969,-0.5141,83.53403,-4.180905,-1.410819,0.419377,,,,,,,,,,,,-1.41728,10.38524,-0.80383,50,6.22262,3.95294,-133.89834,-3.73312,-2.54796,31.54282,-13.50369,89.87719,,8.92228,,,,1000055344,Right,55.32402,-135.14672,15.77141,6.35978,-3.19869,-6.75184,-0.96227,4.05378,-1.27398,,,,,,,,,,,,,,,,,,,,,,,,,,,,,,,,,,,,,,,,,,,,,,,,,,,High,High,High,,,,,,v3
156,10/26/2022,3,2,1000036209,Right,T_A,1000091614,Right,T_C,5,Top,2,1,0,1-0,Fastball,Four-Seam,InPlay,Undefined,LineDrive,LineDrive,Single,0,0,92.15475,-3.309874,-1.275308,2616.207299,192.981921,12:30,6.28407,1.12591,5.57419,-13.49328,20.09292,4.36571,2.0639,0.29835,83.74217,-5.893257,-0.496553,0.417111,84.84237,15.611419,-4.862341,1946.80269,109.57792,23.38557,-9.62041,260.27666,259.79123,-4.434138,2.912818,-2.60067,11.51532,-1.01909,50,5.99035,2.77612,-133.50465,-8.11918,-4.66219,30.54378,-11.5306,90.36542,24.90833,8.41258,2.17232,2.1178,-0.34637,1000055344,Right,54.92411,-134.6265,15.27189,6.28079,-7.69567,-5.7653,-1.12421,2.94736,-2.33109,174.93497,2.17218,119.41876,-16.80317,3.4775,-0.80078,0.20151,-0.04832,0.00742,-0.00042,2.11792,33.48224,-12.54299,0.00581,0.20684,-0.08682,0.02366,-0.00218,-0.00012,-0.34635,-10.15911,0.69847,0.53193,-0.2263,0.05156,-0.00807,0.00078,-5.00E-05,,,,,,,,,,,,,,,,,,,,,,,High,High,High,High,High,,,,v3
157,10/26/2022,4,1,1000036209,Right,T_A,1000099417,Left,T_C,5,Top,2,0,0,0-0,Fastball,Four-Seam,InPlay,Undefined,Popup,,Out,1,0,91.84892,-2.331253,-1.498823,2682.886985,200.03892,12:45,6.30889,0.98848,5.52414,-12.86233,21.16615,7.27264,3.05559,0.19296,82.87989,-4.823254,-0.203008,0.419849,88.51891,52.633923,-1.21859,4803.095412,,,,,242.11736,,,-4.16504,11.80107,-0.86321,50,6.09801,3.15205,-133.06449,-5.77877,-7.37041,32.02269,-11.29102,89.77627,116.36761,8.96903,2.26378,3.16151,-0.1766,1000055344,Right,54.97345,-134.25604,16.01135,6.30521,-5.35864,-5.64551,-0.98559,3.4263,-3.68521,164.833288,2.26378,78.77538,-21.65944,6.62799,-1.66323,0.39426,-0.08878,0.01637,-0.0017,3.16151,103.18343,-23.51888,1.64883,0.00661,-0.09112,0.03131,-0.00594,0.00052,-0.1766,-1.67561,-5.21413,1.91613,-0.54564,0.14081,-0.03266,0.00584,-0.00056,,,,,,,,,,,,,,,,,,,,,,,High,High,High,High,Low,,,,v3
158,10/26/2022,1,1,312747,Right,T_B,1000110361,Right,T_A,5,Bottom,0,0,0,0-0,Fastball,Four-Seam,InPlay,Undefined,LineDrive,LineDrive,Single,0,0,95.90107,-1.865082,-1.126597,2485.275562,168.949171,11:45,6.19703,1.17015,5.74682,-17.7858,12.64123,-2.28847,2.97751,-0.06957,88.05253,-5.192026,-1.536228,0.39701,105.91299,12.118975,-4.655537,4552.528414,109.77253,14.69657,-7.05711,206.08708,206.08708,-3.079068,1.689366,0.87232,7.23036,-1.0751,50,6.03119,2.8427,-139.28948,-5.15805,1.72032,30.17081,-17.9151,94.94082,14.72138,7.84854,1.54774,2.88312,0.08839,1000079414,Right,54.75288,-140.3152,15.0854,6.1962,-4.54899,-8.95755,-1.17075,2.78421,0.86016,317.915279,1.54774,151.37579,-22.23054,3.42422,-0.7493,0.1516,-0.03018,0.00497,-0.00043,2.88312,32.61231,-24.76545,3.63881,-0.85595,0.21255,-0.04483,0.00741,-0.00066,0.08839,-12.32723,5.32224,-1.64462,0.42835,-0.10969,0.02432,-0.00413,0.00037,,,,,,,,,,,,,,,,,,,,,,,High,High,High,Medium,High,,,,v3
159,10/26/2022,2,1,312747,Right,T_B,1000079407,Left,T_A,5,Bottom,0,0,0,0-0,Fastball,Four-Seam,FoulBall,Undefined,Undefined,,Undefined,0,0,94.50108,-1.116809,-2.269192,2454.72064,183.885128,12:15,5.89363,1.77086,5.63519,-16.25572,15.43465,0.97847,3.4961,-0.26578,86.09347,-4.188716,-2.094654,0.405168,,,,,,,,,,,,-1.13665,8.43489,-1.57844,50,5.78831,5.38505,-137.06185,-3.20817,-2.15791,30.85393,-16.16035,93.02921,,8.40761,,,,1000079414,Right,54.86128,-138.15184,15.42697,5.89157,-2.63726,-8.08017,-1.77003,5.46129,-1.07896,,,,,,,,,,,,,,,,,,,,,,,,,,,,,,,,,,,,,,,,,,,,,,,,,,,High,High,High,,,,,,v3
160,10/26/2022,2,2,312747,Right,T_B,1000079407,Left,T_A,5,Bottom,0,0,1,0-1,Fastball,Four-Seam,BallCalled,Undefined,Undefined,,Undefined,0,0,94.29651,-4.477984,-2.319425,2596.89977,197.161107,12:30,5.82693,1.49034,5.8318,-15.27544,16.23584,4.71394,0.37963,-0.27398,86.81972,-7.344439,-1.474913,0.404021,,,,,,,,,,,,-3.03169,9.79127,-1.30386,50,5.45156,5.32515,-136.5705,-11.1923,-5.75816,28.48652,-13.57727,93.29317,,7.47679,,,,1000079414,Right,54.66813,-137.54075,14.24326,5.82489,-10.72986,-6.78864,-1.48858,5.52127,-2.87908,,,,,,,,,,,,,,,,,,,,,,,,,,,,,82.38941,,,1.199023,,,,-0.94976,5.88371,0.57803,127.27635,-1.67675,4.50412,-0.84746,119.2992,-10.51616,5.90199,7.97536,-11.95232,0.54879,0.76928,2.14856,High,High,High,,,High,High,High,v3
161,10/26/2022,2,3,312747,Right,T_B,1000079407,Left,T_A,5,Bottom,0,1,1,1-1,Curveball,Curveball,BallCalled,Undefined,Undefined,,Undefined,0,0,78.16031,4.015341,0.411422,2739.610745,37.826835,7:15,5.85421,1.48839,5.14815,-58.5796,-11.42823,-10.00355,4.75918,1.0421,71.47104,-6.584246,-1.358141,0.494218,,,,,,,,,,,,5.06532,-6.30469,-1.51887,50,6.18497,-0.40192,-113.26656,5.82704,6.58139,20.6579,-40.36572,76.26683,,6.68928,,,,1000079414,Right,55.35422,-114.2389,10.32895,5.86598,7.72701,-20.18286,-1.49266,-0.7117,3.2907,,,,,,,,,,,,,,,,,,,,,,,,,,,,,,,,,,,,,,,,,,,,,,,,,,,High,High,High,,,,,,v3
162,10/26/2022,2,4,312747,Right,T_B,1000079407,Left,T_A,5,Bottom,0,2,1,2-1,Fastball,Four-Seam,BallCalled,Undefined,Undefined,,Undefined,0,0,94.67836,-4.076136,-2.827194,2569.465014,188.484659,12:15,5.9328,1.21418,5.91136,-14.23469,17.07623,2.39677,0.95232,-1.21226,86.70094,-6.772933,-2.397628,0.402735,,,,,,,,,,,,-2.01642,10.2028,-0.98863,50,5.59686,6.66408,-137.07967,-10.21193,-3.83829,30.19143,-12.75295,93.59121,,7.97742,,,,1000079414,Right,54.58764,-138.08639,15.09572,5.93028,-9.78668,-6.37648,-1.21298,6.79206,-1.91915,,,,,,,,,,,,,,,,,,,,,,,,,,,,,,,,,,,,,,,,,,,,,,,,,,,High,High,High,,,,,,v3
163,10/26/2022,2,5,312747,Right,T_B,1000079407,Left,T_A,5,Bottom,0,3,1,3-1,Fastball,Four-Seam,InPlay,Undefined,LineDrive,LineDrive,Single,0,1,94.54043,-2.664287,-1.879298,2460.824983,189.272125,12:15,5.9163,1.60711,5.84653,-16.90682,14.39855,2.19079,2.02842,0.04266,86.66517,-5.842865,-1.486592,0.402699,99.20492,9.02047,2.661418,4888.470608,109.87404,10.77556,5.25862,195.61675,195.3454,2.789651,1.690826,-1.63906,8.39961,-1.45552,50,5.68947,4.40434,-137.1799,-6.94328,-3.12885,29.84283,-16.13985,93.59949,10.82897,7.87526,1.66997,1.98561,-0.04168,1000079414,Right,54.6528,-138.18839,14.92141,5.91489,-6.39786,-8.06992,-1.60614,4.51008,-1.56442,188.175486,1.66997,143.54596,-23.62534,5.29918,-1.19382,0.2678,-0.05684,0.00932,-0.0008,1.98561,22.81224,-15.22672,0.72554,-0.07193,0.00087,0.00265,-0.00056,5.00E-05,-0.04168,6.6724,-0.42707,-0.21439,0.10461,-0.03323,0.00817,-0.00146,0.00013,,,,,,,,,,,,,,,,,,,,,,,High,High,High,High,High,,,,v3
164,10/26/2022,3,1,312747,Right,T_B,1000051953,Right,T_A,5,Bottom,0,0,0,0-0,Curveball,Curveball,StrikeCalled,Undefined,Undefined,,Undefined,0,0,76.7912,2.215588,-1.660497,2623.734547,35.841711,7:15,5.70917,1.36302,5.13946,-60.45275,-11.25768,-9.3104,2.7596,-0.97683,70.09964,-8.715814,-3.309007,0.504815,,,,,,,,,,,,4.09756,-5.71544,-1.20003,50,5.87032,3.60444,-111.30787,2.1543,5.09131,21.76814,-39.2756,74.66587,,6.69155,,,,1000079414,Right,55.36153,-112.35152,10.88407,5.72189,4.03732,-19.6378,-1.36698,3.36034,2.54566,,,,,,,,,,,,,,,,,,,,,,,,,,,,,,,,,,,,,,,,,,,,,,,,,,,High,High,High,,,,,,v3
165,10/26/2022,3,2,312747,Right,T_B,1000051953,Right,T_A,5,Bottom,0,0,1,0-1,Curveball,Curveball,BallCalled,Undefined,Undefined,,Undefined,0,0,76.47287,2.276268,-2.287122,2641.54235,36.937198,7:15,5.77113,1.24094,4.43563,-66.51933,-15.51509,-12.93426,2.40206,-2.01976,69.92729,-9.562611,-4.546826,0.514013,,,,,,,,,,,,5.5691,-7.73323,-0.98502,50,5.94698,4.97451,-110.7075,1.84141,6.83983,21.68027,-41.67182,73.32968,,6.54559,,,,1000079414,Right,56.06744,-111.8894,10.84013,5.78467,4.11315,-20.83591,-1.24604,4.60164,3.41991,,,,,,,,,,,,,,,,,,,,,,,,,,,,,,,,,,,,,,,,,,,,,,,,,,,High,High,High,,,,,,v3
166,10/26/2022,3,3,312747,Right,T_B,1000051953,Right,T_A,5,Bottom,0,1,1,1-1,Fastball,Four-Seam,StrikeSwinging,Undefined,Undefined,,Undefined,1,0,93.26199,-3.344519,-2.80512,2387.961441,168.143944,11:30,5.98277,1.43048,5.45332,-16.3517,16.32808,-3.21599,1.48187,-1.4656,85.72249,-6.39272,-3.376387,0.411444,,,,,,,,,,,,0.87421,9.42083,-1.18062,50,5.67606,6.76802,-135.0749,-8.45677,1.62264,28.13538,-14.68759,91.61007,,7.5395,,,,1000079414,Right,55.04471,-136.12163,14.06769,5.98052,-7.91034,-7.3438,-1.43129,6.70765,0.81132,,,,,,,,,,,,,,,,,,,,,,,,,,,,,85.8298,2.294669,1.162394,1.132275,-1.00506,1.20663,1.60902,3.47949,5.94184,3.89684,127.27929,1.45528,3.49164,3.67022,123.38448,-12.58852,5.94423,8.09915,-10.65495,3.83572,-3.58497,2.90844,High,High,High,,,High,High,High,v3
167,10/26/2022,3,4,312747,Right,T_B,1000051953,Right,T_A,5,Bottom,1,1,2,1-2,Curveball,Curveball,FoulBall,Undefined,Undefined,GroundBall,Undefined,0,0,78.85978,1.002497,-0.46761,2812.299857,20.705036,6:45,5.88092,1.28693,5.23577,-66.10232,-19.21304,-7.89918,1.31481,0.18913,71.62552,-10.931961,-1.874218,0.492843,112.87934,-20.469682,-80.779383,,,,,5.79745,5.47382,-43.595094,0.032084,3.81666,-9.59371,-1.23767,50,5.92309,1.25008,-114.36581,-0.38286,4.94208,25.48149,-44.59667,76.47967,1.85937,7.23426,3.40053,1.85937,0.91911,1000079414,Right,55.2672,-115.53342,12.74075,5.89382,1.66064,-22.29834,-1.28976,1.02362,2.47104,180,3.40041,24.87728,,,,,,,,1.85966,-57.95333,,,,,,,,0.91988,-153.24753,,,,,,,,,,,,,,,,,,,,,,,,,,,,,,High,High,High,Low,Low,,,,v3
168,10/26/2022,3,5,312747,Right,T_B,1000051953,Right,T_A,5,Bottom,1,1,2,1-2,Fastball,Four-Seam,StrikeSwinging,Strikeout,Undefined,,Undefined,0,0,95.36129,-0.888216,-0.975008,2445.224414,180.197236,12:00,6.12959,1.19909,5.82535,-17.06635,13.6782,0.04378,3.88148,0.29624,87.19299,-4.106721,-0.967159,0.399076,,,,,,,,,,,,-0.29004,7.51831,-1.11945,50,6.04693,2.35536,-138.51573,-2.71665,-0.56418,30.60001,-17.55007,94.44936,,8.16829,,,,1000079414,Right,54.67254,-139.54414,15.30001,6.12831,-2.12683,-8.77503,-1.19892,2.37432,-0.28209,,,,,,,,,,,,,,,,,,,,,,,,,,,,,68.24465,,,0.914551,,,,3.34787,5.82485,4.4524,66.02715,3.75222,58.75389,3.44346,75.97344,-8.2002,5.85212,9.13786,-12.48694,4.48486,62.7033,-3.66182,High,High,High,,,High,Medium,Medium,v3
169,10/26/2022,4,1,312747,Right,T_B,1000066765,Right,T_A,5,Bottom,2,0,0,0-0,Curveball,Curveball,StrikeCalled,Undefined,Undefined,,Undefined,0,0,79.19123,1.878966,0.157647,2692.296778,21.473227,6:45,5.84954,1.34847,5.15071,-63.37118,-16.91296,-7.29347,2.33815,0.88909,71.93387,-9.571325,-1.137127,0.490572,,,,,,,,,,,,3.64626,-8.39922,-1.35749,50,5.97683,-0.00698,-114.81089,1.39524,4.7874,24.49517,-43.20193,76.83369,,7.25736,,,,1000079414,Right,55.35063,-115.94684,12.24759,5.86568,3.3987,-21.60097,-1.35202,-0.22899,2.3937,,,,,,,,,,,,,,,,,,,,,,,,,,,,,,,,,,,,,,,,,,,,,,,,,,,High,High,High,,,,,,v3
170,10/26/2022,4,2,312747,Right,T_B,1000066765,Right,T_A,5,Bottom,2,0,1,0-1,Fastball,Four-Seam,BallCalled,Undefined,Undefined,,Undefined,0,0,96.77631,-1.305373,-0.737576,2598.918502,176.980239,12:00,6.15043,1.08635,5.97433,-16.10206,13.80371,-0.67539,3.59814,0.34627,87.87611,-4.36632,-0.858997,0.393594,,,,,,,,,,,,0.12496,7.7541,-1.02765,50,6.03815,1.83996,-140.46387,-3.71536,0.24811,33.66669,-16.77877,95.76472,,8.90019,,,,1000079414,Right,54.52131,-141.54339,16.83334,6.14866,-3.17734,-8.38938,-1.08652,1.832,0.12406,,,,,,,,,,,,,,,,,,,,,,,,,,,,,,,,,,,,,,,,,,,,,,,,,,,High,High,High,,,,,,v3
171,10/26/2022,4,3,312747,Right,T_B,1000066765,Right,T_A,5,Bottom,2,1,1,1-1,Fastball,Four-Seam,StrikeCalled,Undefined,Undefined,,Undefined,0,0,92.30481,-3.511228,-1.519169,2530.495115,183.27386,12:00,6.01629,1.23973,6.02003,-15.66934,16.89284,0.90925,1.45302,-0.09195,84.92995,-6.471807,-1.35561,0.410703,,,,,,,,,,,,-0.86941,9.93977,-1.12124,50,5.73229,3.51329,-133.92213,-8.68819,-1.58703,27.53559,-14.02984,91.77534,,7.37486,,,,1000079414,Right,54.47921,-134.83995,13.76779,6.01409,-8.22054,-7.01492,-1.23923,3.56619,-0.79352,,,,,,,,,,,,,,,,,,,,,,,,,,,,,,,,,,,,,,,,,,,,,,,,,,,High,High,High,,,,,,v3
172,10/26/2022,4,4,312747,Right,T_B,1000066765,Right,T_A,5,Bottom,2,1,2,1-2,Curveball,Curveball,StrikeCalled,Strikeout,Undefined,,Undefined,0,0,79.12838,2.555338,-0.872982,2814.475849,26.544952,7:00,5.87501,1.45327,4.8583,-65.18507,-18.06308,-9.8513,2.86349,-0.19403,71.75122,-9.161945,-2.610229,0.494064,,,,,,,,,,,,4.53996,-9.17099,-1.35841,50,6.07124,2.17164,-114.60661,2.60451,5.93657,24.50775,-44.16629,76.29062,,7.37716,,,,1000079414,Right,55.64387,-115.80722,12.25387,5.89065,4.76817,-22.08314,-1.45767,1.88082,2.96829,,,,,,,,,,,,,,,,,,,,,,,,,,,,,,,,,,,,,,,,,,,,,,,,,,,High,High,High,,,,,,v3
173,10/26/2022,1,1,691205,Right,T_A,1000079313,Left,T_C,6,Top,0,0,0,0-0,Fastball,Sinker,InPlay,Undefined,LineDrive,LineDrive,Single,0,0,96.63281,-0.665779,-2.968686,2360.000428,252.836029,2:30,5.47664,1.55983,5.71853,-23.53647,6.69823,18.49312,2.89423,0.33309,87.99512,-5.037117,0.337009,0.395753,91.16436,11.923152,-27.874758,4009.622727,92.05623,15.2002,-60.21214,199.82515,189.80326,-38.371365,2.021707,-10.27985,3.88748,-1.32325,50,5.4064,6.40776,-140.19081,-2.52184,-20.38745,32.71711,-24.46421,95.24231,15.21808,8.63768,0.95821,2.77802,-0.27511,1000055344,Right,54.78145,-141.30227,16.35855,5.47796,-1.69074,-12.2321,-1.5527,7.10036,-10.19372,110.256315,0.95821,115.64376,-26.22523,5.11019,-1.10054,0.21571,-0.03898,0.00534,-0.00037,2.77802,27.62386,-16.41115,1.36702,-0.2521,0.05548,-0.00996,0.00153,-0.00013,-0.27511,-61.16481,-2.23093,1.89326,-0.62587,0.16404,-0.03329,0.00464,-0.00031,,,,,,,,,,,,,,,,,,,,,,,High,High,High,High,High,,,,v3
174,10/26/2022,2,1,691205,Right,T_A,90000221623,Right,T_C,6,Top,0,0,0,0-0,Cutter,Four-Seam,BallCalled,Undefined,Undefined,,Undefined,0,0,91.24266,-0.891477,-4.014057,2312.816811,195.944768,12:30,5.46393,1.54064,4.80989,-24.71525,10.00532,2.57673,2.55763,-2.05365,84.28532,-5.381175,-3.562613,0.424097,,,,,,,,,,,,-2.24563,5.448,-1.14322,50,5.35392,9.15087,-132.18391,-3.06272,-4.02193,24.9348,-22.41668,88.87702,,6.95734,,,,1000055344,Right,55.68929,-133.2528,12.4674,5.46462,-2.10177,-11.20834,-1.53919,9.32327,-2.01096,,,,,,,,,,,,,,,,,,,,,,,,,,,,,,,,,,,,,,,,,,,,,,,,,,,High,High,High,,,,,,v3
175,10/26/2022,2,2,691205,Right,T_A,90000221623,Right,T_C,6,Top,0,1,0,1-0,Fastball,Sinker,BallCalled,Undefined,Undefined,,Undefined,0,0,95.2919,-1.791602,-4.550307,2296.608544,234.624893,1:45,5.51303,1.56176,5.42589,-19.23796,12.24583,15.80828,2.22596,-1.39176,86.93793,-5.373891,-1.748896,0.403845,,,,,,,,,,,,-9.18335,6.95666,-1.16867,50,5.34045,10.21275,-137.88674,-5.03445,-17.69321,30.44716,-18.77094,93.33384,,8.35397,,,,1000055344,Right,55.07289,-139.00239,15.22358,5.51232,-4.34664,-9.38547,-1.55476,10.86107,-8.84661,,,,,,,,,,,,,,,,,,,,,,,,,,,,,,,,,,,,,,,,,,,,,,,,,,,High,High,High,,,,,,v3
176,10/26/2022,2,3,691205,Right,T_A,90000221623,Right,T_C,6,Top,0,1,1,1-1,Cutter,Four-Seam,BallCalled,Undefined,Undefined,,Undefined,0,0,90.95129,0.25814,-1.451671,2340.181054,180.358226,12:00,5.53539,1.64307,4.57372,-23.21367,12.25635,0.06965,3.84661,0.26733,83.02321,-3.991828,-1.439478,0.428649,,,,,,,,,,,,-0.43102,6.23611,-1.49279,50,5.54109,3.33743,-131.8342,-0.34752,-0.75973,27.62042,-21.18195,87.93304,,7.92808,,,,1000055344,Right,55.92354,-133.06944,13.81021,5.53545,0.59979,-10.59098,-1.6428,3.3714,-0.37987,,,,,,,,,,,,,,,,,,,,,,,,,,,,,,,,,,,,,,,,,,,,,,,,,,,High,High,High,,,,,,v3
177,10/26/2022,2,4,691205,Right,T_A,90000221623,Right,T_C,6,Top,0,3,0,3-0,Fastball,Sinker,BallCalled,Walk,Undefined,,Undefined,0,0,95.45654,-0.294702,-3.036838,2383.928199,234.532196,1:45,5.54152,1.66077,5.53024,-18.64824,12.62438,16.25591,3.71162,0.17395,86.6148,-3.795576,-0.143315,0.402489,,,,,,,,,,,,-9.04878,6.76012,-1.40773,50,5.50368,6.55811,-138.37223,-1.37809,-17.46239,32.2171,-19.12839,93.64846,,8.84174,,,,1000055344,Right,54.96758,-139.52403,16.10855,5.54072,-0.69422,-9.5642,-1.65335,7.18241,-8.7312,,,,,,,,,,,,,,,,,,,,,,,,,,,,,,,,,,,,,,,,,,,,,,,,,,,High,High,High,,,,,,v3
178,10/26/2022,3,1,691205,Right,T_A,1000079314,Right,T_C,6,Top,0,0,0,0-0,Cutter,Four-Seam,StrikeCalled,Undefined,Undefined,,Undefined,0,0,91.97363,-0.909566,-1.635694,2374.500066,194.54678,12:30,5.51106,1.6471,4.51515,-22.22356,12.3869,2.94248,2.7923,0.33386,84.42945,-4.961346,-1.121022,0.423423,,,,,,,,,,,,-1.8552,6.58122,-1.47897,50,5.39534,3.6587,-133.35975,-3.03834,-3.36277,26.93039,-20.2447,89.0183,,7.54418,,,,1000055344,Right,55.98288,-134.56249,13.46519,5.51085,-2.13418,-10.12235,-1.64572,3.80889,-1.68138,,,,,,,,,,,,,,,,,,,,,,,,,,,,,,,,,,,,,,,,,,,,,,,,,,,High,High,High,,,,,,v3
179,10/26/2022,3,2,691205,Right,T_A,1000079314,Right,T_C,6,Top,0,0,1,0-1,Fastball,Sinker,StrikeSwinging,Undefined,Undefined,,Undefined,0,0,95.68332,-1.140363,-3.443392,2430.348962,229.902404,1:45,5.49358,1.61352,5.2848,-17.73737,13.62599,14.96158,2.9425,-0.37719,87.08507,-4.456125,-0.793959,0.403072,,,,,,,,,,,,-8.42469,7.43678,-1.31059,50,5.3768,7.60099,-138.6065,-3.41611,-16.36677,31.37816,-17.72654,93.51291,,8.59824,,,,1000055344,Right,55.21324,-139.78171,15.68908,5.49231,-2.7522,-8.86327,-1.60675,8.21398,-8.18339,,,,,,,,,,,,,,,,,,,,,,,,,,,,,,,,,,,,,,,,,,,,,,,,,,,High,High,High,,,,,,v3
180,10/26/2022,3,3,691205,Right,T_A,1000079314,Right,T_C,6,Top,0,0,2,0-2,Slider,Slider,BallCalled,Undefined,Undefined,,Undefined,0,0,85.17221,-0.821602,-2.414669,2766.893962,81.857957,8:45,5.4149,1.72577,3.88461,-42.42719,-1.05937,-15.81792,1.08691,-1.92034,78.83647,-8.293593,-5.148822,0.462917,,,,,,,,,,,,6.95189,0.03043,-1.42712,50,5.27103,5.97663,-123.39765,-3.64716,10.77422,23.3758,-32.12691,81.42382,,6.33574,,,,1000055344,Right,56.61685,-124.64481,11.6879,5.41989,-1.9331,-16.06345,-1.73065,5.40179,5.38711,,,,,,,,,,,,,,,,,,,,,,,,,,,,,,,,,,,,,,,,,,,,,,,,,,,High,High,High,,,,,,v3
181,10/26/2022,3,4,691205,Right,T_A,1000079314,Right,T_C,6,Top,0,1,2,1-2,Slider,Slider,InPlay,Undefined,GroundBall,,Out,1,0,85.60697,-0.68181,-0.820516,2428.12141,84.314525,8:45,5.45447,1.67783,4.04449,-41.07286,-0.44484,-16.46292,1.3766,-0.48242,79.11776,-7.956802,-3.680059,0.458758,,,,,,,,,,,,7.74158,0.26732,-1.56592,50,5.33232,2.57355,-124.16509,-3.26892,12.14889,23.64267,-31.75453,82.16183,,6.48922,,,,1000055344,Right,56.45726,-125.38861,11.82134,5.45896,-1.62561,-15.87727,-1.68283,1.94484,6.07444,,,,,,,,,,,,,,,,,,,,,,,,,,,,,,,,,,,,,,,,,,,,,,,,,,,High,High,High,,,,,,v3
182,10/26/2022,4,1,691205,Right,T_A,9000241166,Left,T_C,6,Top,1,0,0,0-0,Fastball,Four-Seam,FoulBall,Undefined,Undefined,GroundBall,Undefined,0,0,95.37293,-1.765822,-3.610264,2453.975803,228.280417,1:30,5.41243,1.83719,5.44339,-17.71367,13.58032,14.11631,2.27912,-0.37127,87.17059,-5.076151,-1.103635,0.402626,80.5098,7.36112,-49.986403,4967.00699,,,,117.88932,115.64713,-56.702195,1.186167,-8.12371,7.62386,-1.52792,50,5.24405,8.05439,-138.20277,-4.90771,-15.73939,30.29395,-17.40306,93.61654,6.05513,8.20234,0.62496,2.14526,0.51273,1000055344,Right,55.05641,-139.30672,15.14698,5.41134,-4.27352,-8.70153,-1.83189,8.62795,-7.8697,104.71893,0.62496,75.29672,-22.90915,5.37639,-1.23093,0.25224,-0.05009,0.00846,-0.00082,2.14526,15.12878,-14.88737,0.47035,0.06601,-0.03797,0.01341,-0.00273,0.00029,0.51273,-89.69174,5.20015,0.29219,-0.35133,0.13445,-0.03781,0.0078,-0.00088,,,,,,,,,,,,,,,,,,,,,,,High,High,High,High,High,,,,v3
183,10/26/2022,4,2,691205,Right,T_A,9000241166,Left,T_C,6,Top,1,0,1,0-1,ChangeUp,Changeup,FoulBall,Undefined,Undefined,,Undefined,0,0,88.76332,-0.825364,-3.636625,1841.579902,278.629313,3:15,5.19155,1.88355,5.21125,-37.9975,-1.38122,17.0319,1.24733,-0.12147,81.06934,-7.726356,-0.619863,0.435521,,,,,,,,,,,,-9.63284,-0.15094,-1.56064,50,5.08621,7.41051,-128.59674,-3.34839,-16.05723,27.80246,-32.42567,86.5457,,7.69398,,,,1000055344,Right,55.28994,-129.73538,13.90123,5.19615,-2.02041,-16.21284,-1.8776,8.06813,-8.02862,,,,,,,,,,,,,,,,,,,,,,,,,,,,,,,,,,,,,,,,,,,,,,,,,,,High,High,High,,,,,,v3
184,10/26/2022,4,3,691205,Right,T_A,9000241166,Left,T_C,6,Top,1,0,2,0-2,Fastball,Sinker,FoulBall,Undefined,Undefined,,Undefined,0,0,95.15884,-0.958658,-2.660413,2363.14755,251.676397,2:30,5.44825,1.78673,5.25903,-24.19364,7.61949,19.77407,2.53037,0.93323,86.43845,-5.420767,0.845936,0.405952,73.0539,42.241507,-116.399088,4349.518807,,,,,47.73108,,,-10.70339,4.40146,-1.55827,50,5.34267,5.45,-137.93421,-3.27154,-20.49131,32.47955,-23.74759,92.84952,37.21262,8.72039,1.09517,2.46317,-0.88782,1000055344,Right,55.24058,-139.16275,16.23978,5.44943,-2.37329,-11.8738,-1.77907,6.22509,-10.24565,37.728171,1.09517,-35.26831,-4.44951,1.5932,0.9409,-3.68919,5.85589,-4.93633,1.74169,2.46317,72.02922,-27.41102,3.1361,0.13826,-2.05926,3.34132,-2.81615,0.99211,-0.88782,-71.05002,6.82891,-0.56615,0.30849,-0.77924,1.25262,-1.06255,0.3768,,,,,,,,,,,,,,,,,,,,,,,High,High,High,High,Low,,,,v3
185,10/26/2022,4,4,691205,Right,T_A,9000241166,Left,T_C,6,Top,1,0,2,0-2,Slider,Slider,BallCalled,Undefined,Undefined,,Undefined,0,0,85.06499,-1.2174,-3.562552,2549.770384,94.529866,9:15,5.33482,1.86444,4.01968,-39.59183,2.07284,-9.47741,0.86294,-2.35395,78.11952,-8.23094,-5.201503,0.464575,,,,,,,,,,,,3.55516,1.68882,-1.44933,50,5.15315,8.11456,-122.98121,-4.32073,5.43329,24.86695,-29.59302,81.13325,,6.94547,,,,1000055344,Right,56.47985,-124.28454,12.43347,5.33896,-2.7697,-14.79651,-1.86717,7.82979,2.71664,,,,,,,,,,,,,,,,,,,,,,,,,,,,,,,,,,,,,,,,,,,,,,,,,,,High,High,High,,,,,,v3
186,10/26/2022,4,5,691205,Right,T_A,9000241166,Left,T_C,6,Top,1,1,2,1-2,Fastball,Sinker,InPlay,Undefined,GroundBall,GroundBall,Double,0,2,95.02303,-1.25083,-2.676447,2483.833707,240.838057,2:00,5.4345,1.75779,5.08319,-21.45686,11.09642,17.67229,2.46593,0.70583,85.16409,-5.245039,0.446186,0.410647,98.81891,5.448081,-3.065291,1046.510074,,,,97.58904,97.58904,-5.397746,0.735065,-9.69898,6.27465,-1.51906,50,5.29967,5.5447,-137.45501,-3.83873,-18.19171,36.04752,-20.40513,91.78787,4.4305,9.85894,1.57066,2.53659,-0.81349,1000055344,Right,55.41404,-138.86759,18.02376,5.43443,-3.03912,-10.20257,-1.7503,6.25757,-9.09586,,1.61413,143.27162,-18.15958,,,,,,,2.59444,12.68946,-22.16287,,,,,,,-0.78648,-8.21805,-4.39973,,,,,,,,,,,,,,,,,,,,,,,,,,,,,High,High,High,High,High,,,,v3
187,10/26/2022,5,1,691205,Right,T_A,10035974,Right,T_C,6,Top,1,0,0,0-0,Cutter,Slider,StrikeCalled,Undefined,Undefined,,Undefined,0,0,90.51076,-0.345193,-1.519668,2402.07347,120.490373,10:00,5.53556,1.49156,4.70428,-33.13821,2.68469,-2.56429,2.44627,-0.16495,82.51406,-6.340793,-1.970025,0.430776,,,,,,,,,,,,0.81386,1.76843,-1.3352,50,5.47109,3.60616,-131.16257,-2.19555,1.41179,28.8379,-29.10638,87.49885,,7.9967,,,,1000055344,Right,55.79342,-132.4302,14.41895,5.53948,-0.91611,-14.55319,-1.49235,3.54411,0.7059,,,,,,,,,,,,,,,,,,,,,,,,,,,,,,,,,,,,,,,,,,,,,,,,,,,High,High,High,,,,,,v3
188,10/26/2022,5,2,691205,Right,T_A,10035974,Right,T_C,6,Top,1,0,1,0-1,Slider,Slider,StrikeSwinging,Undefined,Undefined,,Undefined,0,0,85.30558,-1.178846,-1.930462,2640.329179,70.194676,8:15,5.49894,1.65886,4.08585,-43.6475,-2.44858,-10.40886,0.72915,-1.0625,78.43693,-8.90484,-3.739457,0.461971,,,,,,,,,,,,4.48894,-0.52307,-1.43033,50,5.31922,4.66414,-123.54058,-4.43587,6.92215,25.12019,-32.98066,81.59053,,6.86865,,,,1000055344,Right,56.4148,-124.83812,12.5601,5.50435,-2.73231,-16.49033,-1.66201,4.30659,3.46107,,,,,,,,,,,,,,,,,,,,,,,,,,,,,,,,,,,,,,,,,,,,,,,,,,,High,High,High,,,,,,v3
189,10/26/2022,5,3,691205,Right,T_A,10035974,Right,T_C,6,Top,1,0,2,0-2,Slider,Curveball,BallinDirt,Undefined,Undefined,,Undefined,0,0,83.74795,-0.924106,-3.454369,2712.835219,60.439243,8:00,5.39813,1.72631,3.98645,-50.90137,-7.3989,-15.6691,0.26591,-2.90568,76.47988,-9.885835,-6.165738,0.47471,,,,,,,,,,,,6.46012,-2.91886,-1.31393,50,5.23568,8.04805,-120.98138,-4.15184,9.43402,26.83516,-36.43657,79.40099,,7.26807,,,,1000055344,Right,56.51433,-122.41781,13.41758,5.40572,-2.20147,-18.21828,-1.73121,7.54307,4.71701,,,,,,,,,,,,,,,,,,,,,,,,,,,,,,,,,,,,,,,,,,,,,,,,,,,High,High,High,,,,,,v3
190,10/26/2022,5,4,691205,Right,T_A,10035974,Right,T_C,6,Top,1,1,2,1-2,Fastball,Sinker,InPlay,Undefined,GroundBall,GroundBall,Out,2,0,95.30986,-1.204634,-3.017989,2411.439839,250.743336,2:15,5.61131,1.49482,5.4244,-24.77167,6.69433,16.19379,2.41696,0.0149,86.80673,-5.773727,-0.138892,0.403731,40.81311,-56.796157,-49.056276,,,,,3.07657,2.48363,-23.077612,0.046644,-9.05949,4.0137,-1.23868,50,5.48716,6.51777,-138.16451,-3.87862,-17.44286,31.91925,-24.44622,93.36025,2.36033,8.50312,1.81804,2.36033,-0.03909,1000055344,Right,55.0754,-139.33211,15.95963,5.61268,-2.98437,-12.22311,-1.48877,7.15583,-8.72143,,1.81637,21.70299,,,,,,,,2.36421,-50.60264,,,,,,,,-0.03717,-25.01602,,,,,,,,,,,,,,,,,,,,,,,,,,,,,,High,High,High,Low,Low,,,,v3
191,10/26/2022,1,1,312747,Right,T_B,1000055244,Left,T_A,6,Bottom,0,0,0,0-0,Curveball,Curveball,BallCalled,Undefined,Undefined,,Undefined,0,0,77.23497,-0.62187,-0.649433,2626.821234,38.219222,7:15,5.78763,1.54211,4.83634,-64.62322,-15.18761,-13.30784,-0.18655,-0.18185,70.77282,-12.155372,-3.005009,0.506048,,,,,,,,,,,,6.37933,-6.85532,-1.46575,50,5.67012,1.81339,-111.96961,-3.59936,7.95523,23.55806,-40.72285,74.48398,,6.46215,,,,1000079414,Right,55.66632,-113.15551,11.77903,5.7997,-1.5494,-20.36143,-1.54696,1.41293,3.97761,,,,,,,,,,,,,,,,,,,,,,,,,,,,,,,,,,,,,,,,,,,,,,,,,,,High,High,High,,,,,,v3
192,10/26/2022,1,2,312747,Right,T_B,1000055244,Left,T_A,6,Bottom,0,1,0,1-0,Fastball,Four-Seam,BallCalled,Undefined,Undefined,,Undefined,0,0,92.07384,-2.598435,-0.460555,2451.344945,190.463125,12:15,5.98808,1.51978,5.70119,-20.35623,12.94115,2.18953,1.86874,1.27308,84.13849,-6.39829,-0.068682,0.415314,,,,,,,,,,,,-1.2385,7.64256,-1.48251,50,5.75743,0.97462,-133.5548,-6.7536,-2.23254,29.29413,-18.39755,90.75653,,7.93535,,,,1000079414,Right,54.79576,-134.6026,14.64706,5.98723,-6.09555,-9.19877,-1.5188,1.05447,-1.11627,,,,,,,,,,,,,,,,,,,,,,,,,,,,,,,,,,,,,,,,,,,,,,,,,,,High,High,High,,,,,,v3
193,10/26/2022,1,3,312747,Right,T_B,1000055244,Left,T_A,6,Bottom,0,2,0,2-0,Fastball,Four-Seam,BallCalled,Undefined,Undefined,,Undefined,0,0,93.2451,-4.553535,-1.420904,2597.982641,188.044036,12:15,5.95714,1.46012,5.53824,-16.36824,16.39359,2.16543,0.32683,0.31225,85.39498,-7.611359,-1.034726,0.41196,,,,,,,,,,,,-1.49221,9.88595,-1.33837,50,5.55069,3.24814,-134.94049,-11.29505,-2.7508,29.42133,-13.9498,91.49531,,7.85012,,,,1000079414,Right,54.96003,-136.01764,14.71066,5.95486,-10.78433,-6.9749,-1.45913,3.34885,-1.3754,,,,,,,,,,,,,,,,,,,,,,,,,,,,,,,,,,,,,,,,,,,,,,,,,,,High,High,High,,,,,,v3
194,10/26/2022,1,4,312747,Right,T_B,1000055244,Left,T_A,6,Bottom,0,3,0,3-0,Fastball,Four-Seam,BallCalled,Walk,Undefined,,Undefined,0,0,89.62659,-3.383343,-2.122319,2457.453653,185.070446,12:15,5.74783,1.6907,5.76929,-18.20867,16.92379,1.39902,1.07599,-0.16869,81.94174,-6.806232,-1.871964,0.426605,,,,,,,,,,,,-1.31551,9.93847,-1.516,50,5.45666,4.75213,-129.85554,-8.24567,-2.24181,27.68934,-15.23736,88.35445,,7.68485,,,,1000079414,Right,54.72848,-130.85992,13.84467,5.74573,-7.69296,-7.61868,-1.68985,4.83345,-1.1209,,,,,,,,,,,,,,,,,,,,,,,,,,,,,,,,,,,,,,,,,,,,,,,,,,,High,High,High,,,,,,v3
195,10/26/2022,2,1,312747,Right,T_B,1000102964,Right,T_A,6,Bottom,0,0,0,0-0,Fastball,Four-Seam,BallCalled,Undefined,Undefined,,Undefined,0,0,91.40257,1.002492,-1.015024,2419.064133,180.432687,12:00,5.93855,1.15647,5.27916,-15.51993,19.2017,0.13563,5.58699,0.21439,82.08477,-1.971506,-0.99097,0.424103,,,,,,,,,,,,-0.39032,9.58536,-1.06395,50,6.01918,2.33855,-132.36464,1.84316,-0.68283,31.93417,-15.40591,88.87564,,9.31779,,,,1000079414,Right,55.21378,-133.6166,15.96709,5.93509,2.44714,-7.70295,-1.15616,2.36532,-0.34141,,,,,,,,,,,,,,,,,,,,,,,,,,,,,,,,,,,,,,,,,,,,,,,,,,,High,High,High,,,,,,v3
196,10/26/2022,2,2,312747,Right,T_B,1000102964,Right,T_A,6,Bottom,0,1,0,1-0,Fastball,Four-Seam,FoulBall,Undefined,Undefined,,Undefined,0,0,89.48461,-1.589439,-2.671681,2286.096699,183.020343,12:00,5.89703,1.61618,5.66954,-20.17151,15.31517,0.74457,2.73214,-0.81455,81.30683,-5.382151,-2.53883,0.42875,71.83938,26.159723,163.806918,3324.617338,,,,,47.14694,,,-1.18024,8.61504,-1.39095,50,5.75019,6.01984,-129.69518,-4.25379,-1.99534,29.0043,-17.60904,87.91241,21.40373,8.17777,1.68998,2.60997,0.84849,1000079414,Right,54.82827,-130.77049,14.50215,5.8958,-3.60094,-8.80452,-1.6155,6.09381,-0.99767,287.946531,1.68998,-90.81973,9.29876,-1.97682,0.36953,-0.06672,0.01314,-0.0021,0.0002,2.60997,46.45246,-23.12229,2.24113,-0.3987,0.06105,-0.0093,0.00112,0.0001,0.84849,26.37368,-9.73131,2.914,-0.71758,0.1622,-0.03725,0.00758,-0.00101,,,,,,,,,,,,,,,,,,,,,,,High,High,High,High,Low,,,,v3
197,10/26/2022,2,3,312747,Right,T_B,1000102964,Right,T_A,6,Bottom,0,1,1,1-1,Curveball,Curveball,BallCalled,Undefined,Undefined,,Undefined,0,0,75.34456,4.160862,-0.57038,2631.571806,49.002889,7:45,5.79032,1.50693,5.01752,-63.49283,-11.90753,-15.71765,4.43315,-0.34118,68.29736,-7.324513,-3.342861,0.516933,,,,,,,,,,,,7.55433,-6.60823,-1.43903,50,6.13833,1.72239,-109.01856,5.67994,8.98523,21.25748,-40.03394,72.91549,,7.04719,,,,1000079414,Right,55.48415,-110.08272,10.62874,5.80382,7.68406,-20.01697,-1.514,1.27259,4.49261,,,,,,,,,,,,,,,,,,,,,,,,,,,,,,,,,,,,,,,,,,,,,,,,,,,High,High,High,,,,,,v3
198,10/26/2022,2,4,312747,Right,T_B,1000102964,Right,T_A,6,Bottom,0,2,1,2-1,Fastball,Four-Seam,BallCalled,Undefined,Undefined,,Undefined,0,0,91.95197,-0.4951,-1.250618,2394.645399,197.593581,12:30,5.97865,1.52588,5.40433,-18.57556,15.22619,4.47327,3.96666,0.72665,83.54331,-3.986569,-0.455215,0.418448,,,,,,,,,,,,-2.59543,8.11465,-1.41766,50,5.92187,2.7003,-133.37149,-1.7867,-4.65502,29.82661,-17.62012,90.07684,,8.40866,,,,1000079414,Right,55.09166,-134.50535,14.9133,5.97706,-1.11688,-8.81006,-1.52367,2.87726,-2.32751,,,,,,,,,,,,,,,,,,,,,,,,,,,,,87.47613,1.950845,0.817715,1.13313,-2.17758,3.70751,-0.69976,0.25506,5.75476,0.7541,127.27972,1.14226,5.20298,0.43266,126.07508,-12.51483,5.74259,7.16295,-9.90173,0.69892,0.90465,2.72298,High,High,High,,,High,High,High,v3
199,10/26/2022,2,5,312747,Right,T_B,1000102964,Right,T_A,6,Bottom,0,3,1,3-1,Fastball,Four-Seam,FoulBall,Undefined,Undefined,,Undefined,0,0,91.29174,-1.60333,-1.779186,2371.477526,206.388463,1:00,5.84878,1.37529,5.94686,-18.0567,15.39048,7.11048,2.85582,0.31706,83.48524,-5.017173,-0.502076,0.416247,72.80877,27.064872,168.189434,3014.014275,,,,,47.1574,,,-4.15398,8.67067,-1.23769,50,5.71096,3.81563,-132.55923,-4.27189,-7.39222,28.30617,-16.74416,90.55303,22.29879,7.8065,1.91445,2.72569,-0.2868,1000079414,Right,54.55203,-133.52771,14.15309,5.84732,-3.699,-8.37208,-1.37257,4.06855,-3.69611,303.598686,1.91445,-93.07897,6.79585,-0.71409,0.09883,-0.00391,0.00453,-0.00413,0.00193,2.72569,48.58754,-24.04783,2.50526,-0.53153,0.10446,-0.02318,0.00771,-0.00217,-0.2868,19.46312,-8.06114,1.84575,-0.42054,0.08451,-0.01861,0.00416,-0.00066,,,,,,,,,,,,,,,,,,,,,,,High,High,High,High,Low,,,,v3
200,10/26/2022,2,6,312747,Right,T_B,1000102964,Right,T_A,6,Bottom,0,3,2,3-2,Fastball,Four-Seam,FoulBall,Undefined,Undefined,,Undefined,0,0,93.44736,-2.265688,-1.551658,2621.454911,180.299358,12:00,5.91508,1.47448,5.80083,-13.09867,18.93812,0.09374,2.71439,0.03879,85.63944,-4.770033,-1.53487,0.407377,,,,,,,,,,,,-0.45843,10.50402,-1.34706,50,5.72064,3.66862,-135.59442,-5.72853,-0.85734,28.40285,-12.53033,92.52482,,7.80792,,,,1000079414,Right,54.69439,-136.57421,14.20142,5.9108,-5.29628,-6.26517,-1.47412,3.69819,-0.42867,,,,,,,,,,,,,,,,,,,,,,,,,,,,,,,,,,,,,,,,,,,,,,,,,,,High,High,High,,,,,,v3
201,10/26/2022,2,7,312747,Right,T_B,1000102964,Right,T_A,6,Bottom,0,3,2,3-2,Curveball,Curveball,FoulBall,Undefined,Undefined,GroundBall,Undefined,0,0,76.53062,0.88763,-0.642347,2767.876416,33.191918,7:00,5.83046,1.40005,5.17415,-66.77523,-16.70434,-12.13753,1.10125,-0.21589,69.38356,-11.167098,-2.800725,0.509289,36.12584,-39.052918,-60.934439,,,,,3.7266,3.7266,-19.196875,0.027573,5.86902,-8.23752,-1.33044,50,5.86157,1.72017,-110.92779,-0.62253,7.12559,24.57688,-42.17528,74.00994,0.92522,7.14706,2.96536,0.92522,-0.22858,1000079414,Right,55.32811,-112.10205,12.28844,5.84317,1.39258,-21.08764,-1.40449,1.37971,3.5628,180,2.9649,20.09251,,,,,,,,0.92599,-33.55497,,,,,,,,-0.22775,-36.15023,,,,,,,,,,,,,,,,,,,,,,,,,,,,,,High,High,High,Low,Low,,,,v3
202,10/26/2022,2,8,312747,Right,T_B,1000102964,Right,T_A,6,Bottom,0,3,2,3-2,Fastball,Cutter,StrikeSwinging,Strikeout,Undefined,,Undefined,0,0,91.53059,-2.957671,-1.963594,2560.99765,174.800122,11:45,5.80846,1.44521,6.20172,-20.016,13.04816,-1.09098,1.40628,-0.45896,83.82782,-6.7205,-2.160491,0.413857,,,,,,,,,,,,0.01193,7.92504,-1.29708,50,5.57578,4.59777,-132.79706,-7.48151,0.0213,28.84524,-18.04373,91.07604,,7.70276,,,,1000079414,Right,54.29684,-133.72714,14.42262,5.80763,-6.89971,-9.02186,-1.44532,4.59708,0.01065,,,,,,,,,,,,,,,,,,,,,,,,,,,,,,,,,,,,,,,,,,,,,,,,,,,High,High,High,,,,,,v3
203,10/26/2022,3,1,312747,Right,T_B,691273,Right,T_A,6,Bottom,1,0,0,0-0,Curveball,Curveball,BallCalled,Undefined,Undefined,,Undefined,0,0,75.12701,0.520762,-1.633246,2737.806052,30.693056,7:00,5.73252,1.54217,5.03122,-70.92665,-18.5517,-12.16686,0.31352,-1.01313,68.24594,-12.213231,-3.791684,0.520875,,,,,,,,,,,,5.47866,-8.92288,-1.37573,50,5.72492,3.58085,-108.82558,-1.50434,6.3878,24.03656,-42.57757,72.36375,,6.88107,,,,1000079414,Right,55.47135,-110.02741,12.01828,5.74691,0.62455,-21.28879,-1.54678,3.26145,3.1939,,,,,,,,,,,,,,,,,,,,,,,,,,,,,83.29285,,,0.788208,,,,-1.73154,6.10217,-1.71015,61.02751,4.655,-63.75321,-1.69069,84.05272,-5.6529,6.1312,8.30232,-12.88433,-1.80647,-86.51461,9.97341,High,High,High,,,High,Medium,High,v3
204,10/26/2022,3,2,312747,Right,T_B,691273,Right,T_A,6,Bottom,1,1,0,1-0,Curveball,Curveball,BallCalled,Undefined,Undefined,,Undefined,0,0,75.4988,1.902133,-2.237614,2748.351831,39.695155,7:15,5.7833,1.4068,5.81518,-67.25582,-17.06088,-15.65005,1.94929,-1.97901,68.56283,-10.379978,-5.044394,0.509919,,,,,,,,,,,,7.20418,-8.83689,-1.21417,50,5.89968,4.85016,-109.47724,1.48459,8.53518,23.61385,-42.64359,73.91846,,6.93597,,,,1000079414,Right,54.68763,-110.48371,11.80693,5.79767,3.30216,-21.3218,-1.41314,4.48637,4.26759,,,,,,,,,,,,,,,,,,,,,,,,,,,,,,,,,,,,,,,,,,,,,,,,,,,High,High,High,,,,,,v3
205,10/26/2022,3,3,312747,Right,T_B,691273,Right,T_A,6,Bottom,1,2,0,2-0,Fastball,Four-Seam,FoulBall,Undefined,Undefined,,Undefined,0,0,92.56354,-2.065519,-1.274408,2511.504259,176.452151,12:00,5.90496,1.49072,5.56836,-18.26938,14.90824,-0.85598,2.45174,0.22873,84.29443,-5.495664,-1.427106,0.414566,77.77976,60.070931,132.363061,5126.135236,,,,,33.68407,,,0.06323,8.49024,-1.38027,50,5.71512,3.02511,-134.26015,-5.46165,0.11481,30.47964,-16.75743,90.92013,52.38395,8.26911,2.68859,2.40413,-0.32876,1000079414,Right,54.93045,-135.37483,15.23982,5.90365,-4.84881,-8.37872,-1.49082,3.02092,0.0574,,2.68859,-38.35153,-8.06221,4.57525,-4.23082,12.64365,-24.14455,23.02535,-8.73385,2.40413,98.86398,-36.32955,5.84736,-2.30492,4.62532,-8.34194,7.77484,-2.90869,-0.32876,42.05471,-9.66376,1.9651,-0.81062,1.91003,-3.49782,3.25725,-1.2166,,,,,,,,,,,,,,,,,,,,,,,High,High,High,Medium,Low,,,,v3
206,10/26/2022,3,4,312747,Right,T_B,691273,Right,T_A,6,Bottom,1,2,1,2-1,Fastball,Four-Seam,StrikeSwinging,Undefined,Undefined,,Undefined,0,0,93.2798,-2.058614,-2.154148,2547.055202,183.818702,12:15,5.91936,1.49532,5.88944,-15.07233,16.98072,1.06736,2.74968,-0.41686,85.52074,-4.91927,-1.962799,0.40748,,,,,,,,,,,,-1.12197,9.54205,-1.32224,50,5.74453,5.04509,-135.38444,-5.32475,-2.08974,28.58033,-14.40152,92.5014,,7.75906,,,,1000079414,Right,54.60851,-136.35385,14.29016,5.91686,-4.83627,-7.20076,-1.49457,5.11597,-1.04487,,,,,,,,,,,,,,,,,,,,,,,,,,,,,,,,,,,,,,,,,,,,,,,,,,,High,High,High,,,,,,v3
207,10/26/2022,3,5,312747,Right,T_B,691273,Right,T_A,6,Bottom,1,2,2,2-2,Fastball,Cutter,StrikeSwinging,Strikeout,Undefined,,Undefined,0,0,93.288,-0.905716,-2.035191,2502.659668,153.905735,11:15,5.99886,1.40611,5.51356,-20.27525,12.24863,-5.50851,3.46173,-0.95681,85.4516,-4.677376,-3.015704,0.410462,,,,,,,,,,,,2.21945,6.73615,-1.22493,50,5.90642,5.06709,-135.38207,-2.86815,4.12777,28.97512,-19.646,91.82941,,7.83639,,,,1000079414,Right,54.98423,-136.44465,14.48756,5.9984,-2.14769,-9.823,-1.40798,4.91572,2.06388,,,,,,,,,,,,,,,,,,,,,,,,,,,,,,,,,,,,,,,,,,,,,,,,,,,High,High,High,,,,,,v3
208,10/26/2022,4,1,312747,Right,T_B,8886045,Left,T_A,6,Bottom,2,0,0,0-0,Fastball,Four-Seam,FoulBall,Undefined,Undefined,,Undefined,0,0,93.0944,-1.006093,-2.259724,2530.433767,174.243791,11:45,5.90015,1.6488,5.59721,-17.36863,14.92867,-1.41232,3.51262,-0.57973,85.8875,-4.252586,-2.511453,0.409029,,,,,,,,,,,,0.1526,8.07248,-1.4542,50,5.80249,5.40073,-135.17675,-2.96033,0.28565,26.22192,-17.06188,92.15091,,7.2069,,,,1000079414,Right,54.89923,-136.1238,13.11096,5.89827,-2.34412,-8.53094,-1.64907,5.39041,0.14282,,,,,,,,,,,,,,,,,,,,,,,,,,,,,,,,,,,,,,,,,,,,,,,,,,,High,High,High,,,,,,v3
209,10/26/2022,4,2,312747,Right,T_B,8886045,Left,T_A,6,Bottom,2,0,1,0-1,Fastball,Four-Seam,BallCalled,Undefined,Undefined,,Undefined,0,0,92.58685,-0.989605,-0.794412,2590.615645,188.246502,12:15,5.92503,1.46334,5.45479,-19.05655,14.01316,1.8813,3.41043,0.87641,84.69848,-4.550068,-0.459461,0.413891,,,,,,,,,,,,-1.16205,7.63914,-1.39461,50,5.82489,1.77629,-134.41233,-2.99009,-2.12976,28.63329,-18.17312,91.06842,,7.88837,,,,1000079414,Right,55.04286,-135.48233,14.31665,5.92394,-2.31098,-9.08656,-1.46248,1.85588,-1.06488,,,,,,,,,,,,,,,,,,,,,,,,,,,,,,,,,,,,,,,,,,,,,,,,,,,High,High,High,,,,,,v3
210,10/26/2022,4,3,312747,Right,T_B,8886045,Left,T_A,6,Bottom,2,1,1,1-1,Curveball,Curveball,BallCalled,Undefined,Undefined,,Undefined,0,0,76.34757,0.073979,-0.416332,2753.369389,37.773166,7:15,5.74219,1.53126,5.16099,-64.2537,-14.49284,-12.52347,0.45736,0.09576,70.08329,-11.48185,-2.644486,0.50771,,,,,,,,,,,,6.14528,-6.8337,-1.48233,50,5.69936,1.29376,-110.80476,-2.10606,7.53509,22.33756,-40.55328,74.24017,,6.26429,,,,1000079414,Right,55.3421,-111.87651,11.16878,5.75373,-0.16032,-20.27664,-1.53573,0.93223,3.76754,,,,,,,,,,,,,,,,,,,,,,,,,,,,,,,,,,,,,,,,,,,,,,,,,,,High,High,High,,,,,,v3
211,10/26/2022,4,4,312747,Right,T_B,8886045,Left,T_A,6,Bottom,2,2,1,2-1,Fastball,Four-Seam,BallCalled,Undefined,Undefined,,Undefined,0,0,91.73924,-0.835949,-0.263104,2441.703378,194.129923,12:30,5.89459,1.48283,5.54663,-17.93017,15.32521,3.62055,3.61914,1.53867,84.65016,-4.187156,0.38262,0.415052,,,,,,,,,,,,-1.89512,8.25201,-1.46251,50,5.81041,0.44947,-133.35292,-2.55363,-3.45101,25.65342,-17.1473,90.81382,,7.08908,,,,1000079414,Right,54.95246,-134.30226,12.82671,5.89317,-1.91907,-8.57365,-1.4815,0.57718,-1.7255,,,,,,,,,,,,,,,,,,,,,,,,,,,,,,,,,,,,,,,,,,,,,,,,,,,High,High,High,,,,,,v3
212,10/26/2022,4,5,312747,Right,T_B,8886045,Left,T_A,6,Bottom,2,3,1,3-1,Fastball,Four-Seam,BallCalled,Walk,Undefined,,Undefined,0,0,90.79683,-0.334171,0.432745,2391.95691,182.036009,12:00,5.7881,1.62957,5.63024,-21.36978,12.77103,0.41642,3.69547,2.06806,83.07188,-4.326594,0.507132,0.420541,,,,,,,,,,,,-0.09209,6.88504,-1.66667,50,5.74607,-1.01476,-131.8651,-1.50024,-0.1625,27.49989,-20.02621,89.62849,,7.72495,,,,1000079414,Right,54.86676,-132.87617,13.74994,5.78769,-0.76395,-10.01311,-1.62947,-1.00879,-0.08125,,,,,,,,,,,,,,,,,,,,,,,,,,,,,,,,,,,,,,,,,,,,,,,,,,,High,High,High,,,,,,v3
213,10/26/2022,5,1,312747,Right,T_B,1000058463,Right,T_A,6,Bottom,2,0,0,0-0,Curveball,Curveball,StrikeCalled,Undefined,Undefined,,Undefined,0,0,74.91683,2.131743,-0.98942,2650.060039,38.699818,7:15,5.72559,1.34478,5.06007,-64.68681,-12.95064,-11.72666,2.3465,-0.56556,68.61558,-9.530515,-3.065013,0.517688,,,,,,,,,,,,5.52024,-6.57599,-1.24094,50,5.87657,2.33744,-108.65782,1.78626,6.54209,20.58825,-39.96733,72.80912,,6.30125,,,,1000079414,Right,55.44267,-109.68424,10.29412,5.73785,3.77881,-19.98367,-1.34934,2.01129,3.27105,,,,,,,,,,,,,,,,,,,,,,,,,,,,,,,,,,,,,,,,,,,,,,,,,,,High,High,High,,,,,,v3
214,10/26/2022,5,2,312747,Right,T_B,1000058463,Right,T_A,6,Bottom,2,0,1,0-1,Curveball,Curveball,FoulBall,Undefined,Undefined,,Undefined,0,0,74.13574,1.682435,-2.0174,2673.212044,46.567275,7:30,5.78905,1.5966,5.17909,-63.02283,-10.33127,-12.73835,2.12163,-1.36393,67.93883,-9.701607,-4.274724,0.522447,62.51535,45.764133,118.684358,5143.187021,,,,,29.82013,,,5.7641,-5.22819,-1.3987,50,5.89718,4.26889,-107.49862,1.042,6.67601,20.41252,-38.22936,72.14601,28.60251,6.19691,1.43827,2.15052,1.11709,1000079414,Right,55.32327,-108.50473,10.20626,5.79939,2.92628,-19.11468,-1.601,3.93984,3.33801,,1.44657,-30.93169,-1.04796,,,,,,,2.1699,65.16396,-23.8726,,,,,,,1.13436,55.64219,-9.94432,,,,,,,,,,,,,,,,,,,,,,,,,,,,,High,High,High,Medium,Low,,,,v3
215,10/26/2022,5,3,312747,Right,T_B,1000058463,Right,T_A,6,Bottom,2,0,2,0-2,Fastball,Four-Seam,InPlay,Undefined,FlyBall,,Out,1,0,93.37387,-1.966371,-2.29244,2502.312914,176.383815,12:00,5.87696,1.35764,5.76039,-13.75501,18.32584,-1.09701,2.89827,-0.86867,85.76425,-4.581565,-2.48854,0.407656,100.96206,43.242622,-1.52308,4004.545835,,,,,133.94707,,,-0.04035,10.18205,-1.16694,50,5.70567,5.47432,-135.54646,-5.07534,-0.07545,28.17967,-13.13206,92.46129,121.78534,7.60962,1.95441,2.92769,0.84617,1000079414,Right,54.73937,-136.52821,14.08983,5.87452,-4.61784,-6.56603,-1.3577,5.47695,-0.03772,193.444708,1.95441,107.83027,-29.52962,8.45972,-2.11476,0.49381,-0.10597,0.01726,-0.00145,2.92769,101.44631,-21.563,0.88818,0.31032,-0.18961,0.05885,-0.01116,0.00104,0.84617,-2.86705,6.11737,-3.23908,1.1436,-0.33794,0.08307,-0.01448,0.00127,,,,,,,,,,,,,,,,,,,,,,,High,High,High,High,Low,,,,v3
