PitchNo,Date,PAofInning,PitchofPA,PitcherId,PitcherThrows,PitcherTeam,BatterId,BatterSide,BatterTeam,Inning,Top/Bottom,Outs,Balls,Strikes,Count,TaggedPitchType,AutoPitchType,PitchCall,KorBB,TaggedHitType,AutoHitType,PlayResult,OutsOnPlay,RunsScored,RelSpeed,VertRelAngle,HorzRelAngle,SpinRate,SpinAxis,Tilt,RelHeight,RelSide,Extension,VertBreak,InducedVertBreak,HorzBreak,PlateLocHeight,PlateLocSide,ZoneSpeed,VertApprAngle,HorzApprAngle,ZoneTime,ExitSpeed,Angle,Direction,HitSpinRate,PositionAt110X,PositionAt110Y,PositionAt110Z,Distance,LastTrackedDistance,Bearing,HangTime,pfxx,pfxz,x0,y0,z0,vx0,vy0,vz0,ax0,ay0,az0,EffectiveVelo,MaxHeight,SpeedDrop,ContactPositionX,ContactPositionY,ContactPositionZ,CatcherId,CatcherThrows,PitchTrajectoryXc0,PitchTrajectoryXc1,PitchTrajectoryXc2,PitchTrajectoryYc0,PitchTrajectoryYc1,PitchTrajectoryYc2,PitchTrajectoryZc0,PitchTrajectoryZc1,PitchTrajectoryZc2,HitSpinAxis,HitTrajectoryXc0,HitTrajectoryXc1,HitTrajectoryXc2,HitTrajectoryXc3,HitTrajectoryXc4,HitTrajectoryXc5,HitTrajectoryXc6,HitTrajectoryXc7,HitTrajectoryXc8,HitTrajectoryYc0,HitTrajectoryYc1,HitTrajectoryYc2,HitTrajectoryYc3,HitTrajectoryYc4,HitTrajectoryYc5,HitTrajectoryYc6,HitTrajectoryYc7,HitTrajectoryYc8,HitTrajectoryZc0,HitTrajectoryZc1,HitTrajectoryZc2,HitTrajectoryZc3,HitTrajectoryZc4,HitTrajectoryZc5,HitTrajectoryZc6,HitTrajectoryZc7,HitTrajectoryZc8,ThrowSpeed,PopTime,ExchangeTime,TimeToBase,CatchPositionX,CatchPositionY,CatchPositionZ,ThrowPositionX,ThrowPositionY,ThrowPositionZ,BasePositionX,BasePositionY,BasePositionZ,ThrowTrajectoryXc0,ThrowTrajectoryXc1,ThrowTrajectoryXc2,ThrowTrajectoryYc0,ThrowTrajectoryYc1,ThrowTrajectoryYc2,ThrowTrajectoryZc0,ThrowTrajectoryZc1,ThrowTrajectoryZc2,PitchReleaseConfidence,PitchLocationConfidence,PitchMovementConfidence,HitLaunchConfidence,HitLandingConfidence,CatcherThrowCatchConfidence,CatcherThrowReleaseConfidence,CatcherThrowLocationConfidence,System
1,1/31/2023,1,1,1000036180,Right,T_B,1000187793,Left,T_A,1,Top,0,0,0,0-0,Fastball,Four-Seam,StrikeSwinging,Undefined,Undefined,,Undefined,0,0,94.88511,-2.112819,-3.229851,2363.490708,210.570354,1:00,5.33907,2.22515,6.67387,-10.88961,19.41336,10.8726,2.49477,0.17328,86.28567,-4.26642,-1.253876,0.396199,,,,,,,,,,,,-6.62079,11.11068,-2.01243,50,5.19235,7.31855,-137.67684,-5.30188,-12.65546,31.74294,-10.93632,95.13502,,8.59944,,,,1000070079,Right,53.82354,-138.5556,15.87147,5.33493,-4.99913,-5.46816,-2.21988,7.6689,-6.32773,,,,,,,,,,,,,,,,,,,,,,,,,,,,,,,,,,,,,,,,,,,,,,,,,,,High,High,High,,,,,,v3
2,1/31/2023,1,2,1000036180,Right,T_B,1000187793,Left,T_A,1,Top,0,0,1,0-1,Fastball,Four-Seam,FoulBall,Undefined,Undefined,,Undefined,0,0,94.43859,-2.557455,-3.904584,2350.923679,222.301577,1:30,5.28718,2.47747,6.67555,-15.91284,14.85906,12.55249,1.61453,-0.05396,85.64663,-5.626564,-1.624689,0.399253,80.85114,58.314066,-57.832723,4718.723155,,,,,56.59115,,,-7.82654,8.93587,-2.22057,50,5.10907,8.84083,-136.87131,-6.54789,-14.71133,32.78477,-15.37757,94.40729,78.14698,8.79196,2.03714,1.67545,0.03622,1000070079,Right,53.8233,-137.78406,16.39239,5.2854,-6.11977,-7.68878,-2.47241,9.2504,-7.35566,,2.03714,33.16085,-15.62479,4.74308,-1.27141,0.34196,-0.08839,0.01874,-0.00224,1.67545,100.90573,-32.32421,4.91098,-1.10863,0.25308,-0.05945,0.01182,-0.00137,0.03622,-52.7253,6.61161,-1.67482,0.39524,-0.09937,0.02453,-0.00507,0.0006,,,,,,,,,,,,,,,,,,,,,,,High,High,High,Low,Low,,,,v3
3,1/31/2023,1,3,1000036180,Right,T_B,1000187793,Left,T_A,1,Top,0,0,2,0-2,Fastball,Four-Seam,StrikeSwinging,Strikeout,Undefined,,Undefined,0,0,96.26876,-0.701909,-3.824027,2346.828131,216.852846,1:15,5.49802,2.42339,6.19801,-11.22949,19.20107,13.53355,3.91279,0.01582,86.13009,-2.930288,-1.388861,0.397033,,,,,,,,,,,,-8.18867,10.43485,-2.14152,50,5.43914,8.69037,-139.35702,-1.95765,-15.79982,36.81844,-12.04027,94.93532,,10.13867,,,,1000070079,Right,54.29664,-140.48761,18.40922,5.49358,-1.58793,-6.02013,-2.41582,9.17554,-7.89991,,,,,,,,,,,,,,,,,,,,,,,,,,,,,,,,,,,,,,,,,,,,,,,,,,,High,High,High,,,,,,v3
4,1/31/2023,2,1,1000036180,Right,T_B,1000058463,Right,T_A,1,Top,1,0,0,0-0,ChangeUp,Changeup,BallCalled,Undefined,Undefined,,Undefined,0,0,88.02329,-2.041823,-5.894508,1843.481902,255.553145,2:30,5.23074,2.39243,6.43261,-29.52691,6.59237,20.44804,0.88286,-1.34009,79.52153,-7.583029,-2.208624,0.432555,,,,,,,,,,,,-12.5393,4.48839,-1.98032,50,5.07161,12.32229,-127.15098,-5.46361,-20.2352,29.54466,-24.93093,87.13913,,8.50176,,,,1000070079,Right,54.06611,-128.09229,14.77233,5.23303,-4.66929,-12.46547,-2.38319,12.967,-10.1176,,,,,,,,,,,,,,,,,,,,,,,,,,,,,,,,,,,,,,,,,,,,,,,,,,,High,High,High,,,,,,v3
5,1/31/2023,2,2,1000036180,Right,T_B,1000058463,Right,T_A,1,Top,1,1,0,1-0,Slider,Slider,StrikeCalled,Undefined,Undefined,,Undefined,0,0,82.91884,1.339919,-2.300995,2509.248255,77.735796,8:30,5.22341,2.55158,5.60163,-42.21833,-0.2035,-8.16119,2.95733,-0.27777,74.46182,-6.445435,-3.755765,0.466523,,,,,,,,,,,,3.29921,-0.04488,-2.34926,50,5.31151,5.16841,-120.02701,1.33234,4.7055,28.0655,-32.23808,80.79443,,8.45702,,,,1000070079,Right,54.89346,-121.16583,14.03275,5.23091,2.64047,-16.11904,-2.5551,4.97747,2.35275,,,,,,,,,,,,,,,,,,,,,,,,,,,,,,,,,,,,,,,,,,,,,,,,,,,High,High,High,,,,,,v3
6,1/31/2023,2,3,1000036180,Right,T_B,1000058463,Right,T_A,1,Top,1,1,1,1-1,Slider,Slider,FoulBall,Undefined,Undefined,,Undefined,0,0,83.17486,0.760202,-2.245406,2516.334309,87.234105,9:00,5.42353,2.45301,5.46705,-41.04223,1.09185,-11.07886,2.71541,-0.57278,74.4775,-6.799483,-4.215696,0.467184,,,,,,,,,,,,4.61166,0.95953,-2.24863,50,5.46413,5.22231,-120.2713,0.1042,6.58684,28.73564,-30.80353,80.68004,,8.69736,,,,1000070079,Right,55.02243,-121.46535,14.36782,5.4332,1.38417,-15.40177,-2.45995,4.94861,3.29342,,,,,,,,,,,,,,,,,,,,,,,,,,,,,,,,,,,,,,,,,,,,,,,,,,,High,High,High,,,,,,v3
7,1/31/2023,2,4,1000036180,Right,T_B,1000058463,Right,T_A,1,Top,1,1,2,1-2,Fastball,Four-Seam,BallCalled,Undefined,Undefined,,Undefined,0,0,95.7114,2.063667,-2.987961,2259.240079,212.864967,1:00,5.57835,2.39653,6.1509,-11.99453,18.64788,11.36036,6.48898,0.57996,86.03664,-0.291609,-0.943439,0.398413,,,,,,,,,,,,-6.64422,9.18217,-2.17384,50,5.7286,6.6916,-138.60714,4.73292,-12.77815,34.282,-14.51488,94.60655,,9.67476,,,,1000070079,Right,54.34128,-139.67675,17.141,5.57387,5.18578,-7.25744,-2.38885,7.09029,-6.38908,,,,,,,,,,,,,,,,,,,,,,,,,,,,,,,,,,,,,,,,,,,,,,,,,,,High,High,High,,,,,,v3
8,1/31/2023,2,5,1000036180,Right,T_B,1000058463,Right,T_A,1,Top,1,2,2,2-2,Curveball,Curveball,InPlay,Undefined,LineDrive,LineDrive,HomeRun,0,1,77.69187,2.283919,-0.836706,2262.938061,42.111404,7:30,5.5199,2.27681,4.89569,-64.15153,-15.20261,-15.33442,2.3356,0.20747,70.33016,-9.270763,-3.542492,0.50355,106.65411,19.571352,-31.886056,1869.69129,90.49009,35.30513,-62.54189,364.44597,350.76726,-42.360286,3.771426,7.33567,-7.88615,-2.18103,50,5.68893,2.27365,-112.52121,2.12703,9.21204,24.31843,-42.07736,74.85335,47.72231,7.3617,2.32751,2.57447,-0.23975,1000070079,Right,55.60674,-113.7265,12.15922,5.53183,4.2125,-21.03868,-2.2824,1.81708,4.60602,129.59379,2.3279,125.13826,-27.85717,6.75471,-1.50802,0.30575,-0.05317,0.00598,-0.00027,2.57413,52.408,-16.21994,0.59574,-0.00752,0.00057,-0.00374,0.00174,-0.00021,-0.23931,-77.86538,3.3878,0.53083,-0.33194,0.10436,-0.02405,0.00351,-0.00024,,,,,,,,,,,,,,,,,,,,,,,High,High,High,High,Medium,,,,v3
9,1/31/2023,3,1,1000036180,Right,T_B,1000055244,Left,T_A,1,Top,1,0,0,0-0,Fastball,Four-Seam,FoulBall,Undefined,Undefined,,Undefined,0,0,94.73079,-1.534604,-3.257478,2422.636115,205.356519,12:45,5.40489,2.45416,6.76738,-11.04646,19.94548,8.86174,3.08034,0.21469,84.18362,-3.768534,-1.644427,0.400679,75.53559,55.842255,-139.902949,4794.002685,,,,,48.5129,,,-5.85363,11.43323,-2.24413,50,5.29979,7.44431,-137.22258,-3.8726,-10.8348,38.63836,-11.0116,94.07153,58.38343,10.54717,1.2801,3.13559,-0.22698,1000070079,Right,53.72748,-138.26816,19.31918,5.40055,-3.57462,-5.5058,-2.44955,7.73751,-5.4174,20.131138,1.2801,-47.58305,-2.09403,1.53223,0.52353,-2.8057,4.3962,-3.30377,0.97493,3.13559,91.67341,-33.75608,4.84068,0.46064,-4.25429,6.61519,-4.90144,1.42776,-0.22698,-40.06424,6.20762,0.19391,0.24905,-1.32408,2.15825,-1.66141,0.49989,,,,,,,,,,,,,,,,,,,,,,,High,High,High,High,Low,,,,v3
10,1/31/2023,3,2,1000036180,Right,T_B,1000055244,Left,T_A,1,Top,1,0,1,0-1,ChangeUp,Sinker,StrikeSwinging,Undefined,Undefined,,Undefined,0,0,87.68177,-1.575666,-3.957476,1993.049164,232.546487,1:45,5.24436,2.39665,6.45382,-20.90033,15.6693,18.55143,2.05131,0.30117,78.21632,-5.60731,-0.601003,0.435243,,,,,,,,,,,,-10.98158,9.13343,-2.12336,50,5.12322,8.02275,-126.86873,-4.04607,-17.44079,32.13929,-17.66849,86.60093,,9.46545,,,,1000070079,Right,54.0408,-127.88828,16.06964,5.24268,-3.48557,-8.83425,-2.38664,8.57602,-8.72039,,,,,,,,,,,,,,,,,,,,,,,,,,,,,,,,,,,,,,,,,,,,,,,,,,,High,High,High,,,,,,v3
11,1/31/2023,3,3,1000036180,Right,T_B,1000055244,Left,T_A,1,Top,1,0,2,0-2,ChangeUp,Sinker,BallCalled,Undefined,Undefined,,Undefined,0,0,87.87287,-3.970483,-3.867555,2002.526944,220.079185,1:15,5.20065,2.51351,6.40239,-18.16977,18.39092,14.24544,0.02115,0.13872,78.69243,-7.479812,-1.292373,0.43519,,,,,,,,,,,,-8.77371,11.39268,-2.24213,50,4.90676,8.01595,-126.92489,-9.28443,-13.96562,31.84737,-14.03968,86.61151,,9.18044,,,,1000070079,Right,54.09367,-127.94793,15.92369,5.19776,-8.83344,-7.01984,-2.50683,8.46457,-6.98281,,,,,,,,,,,,,,,,,,,,,,,,,,,,,,,,,,,,,,,,,,,,,,,,,,,High,High,High,,,,,,v3
12,1/31/2023,3,4,1000036180,Right,T_B,1000055244,Left,T_A,1,Top,1,1,2,1-2,Fastball,Four-Seam,BallCalled,Undefined,Undefined,,Undefined,0,0,94.53653,-3.720096,-3.715106,2549.374781,227.428207,1:30,5.20882,2.44675,6.44905,-14.95658,16.91954,16.91253,0.53255,0.43804,83.54164,-6.655039,-0.654249,0.406354,,,,,,,,,,,,-10.26571,10.6576,-2.19028,50,4.93775,8.13634,-136.48421,-9.26541,-18.65033,40.3394,-12.81169,92.75772,,10.99488,,,,1000070079,Right,54.04595,-137.67484,20.1697,5.20564,-8.88727,-6.40585,-2.43855,8.68681,-9.32516,,,,,,,,,,,,,,,,,,,,,,,,,,,,,,,,,,,,,,,,,,,,,,,,,,,High,High,High,,,,,,v3
13,1/31/2023,3,5,1000036180,Right,T_B,1000055244,Left,T_A,1,Top,1,2,2,2-2,ChangeUp,Sinker,InPlay,Undefined,GroundBall,GroundBall,Error,0,0,88.4774,-2.476684,-4.608017,2078.151043,238.268272,2:00,5.20168,2.40003,6.28416,-21.828,14.26131,20.78769,1.09125,-0.12376,79.30033,-6.642711,-0.861766,0.432375,87.96725,2.458626,32.58873,3975.74435,,,,48.99244,45.46904,31.742586,0.388559,-12.3978,8.65225,-2.06951,50,5.00799,9.47395,-127.90555,-6.17292,-20.08963,31.75364,-18.15379,87.17535,1.43331,9.17707,2.57557,1.09313,0.03792,1000070079,Right,54.21376,-128.94741,15.87682,5.20075,-5.57728,-9.0769,-2.39117,10.13311,-10.04481,315.49725,2.58695,108.21223,-19.7407,,,,,,,1.10266,5.20496,-20.7588,,,,,,,0.04069,69.3309,-7.99727,,,,,,,,,,,,,,,,,,,,,,,,,,,,,High,High,High,Medium,High,,,,v3
14,1/31/2023,4,1,1000036180,Right,T_B,1000066765,Right,T_A,1,Top,1,0,0,0-0,Fastball,Four-Seam,BallCalled,Undefined,Undefined,,Undefined,0,0,92.92946,-4.297989,-4.57735,2274.043275,197.917001,12:30,5.36967,2.23774,6.84061,-11.59674,20.71619,6.27331,0.4639,-1.42259,82.8999,-6.621938,-3.437284,0.409128,,,,,,,,,,,,-4.96807,12.89709,-1.94614,50,5.08845,10.48971,-134.11808,-10.31189,-8.79976,36.44967,-9.32983,92.12863,,10.02956,,,,1000070079,Right,53.65486,-135.10772,18.22484,5.36499,-10.05857,-4.66491,-2.23419,10.72864,-4.39988,,,,,,,,,,,,,,,,,,,,,,,,,,,,,,,,,,,,,,,,,,,,,,,,,,,High,High,High,,,,,,v3
15,1/31/2023,4,2,1000036180,Right,T_B,1000066765,Right,T_A,1,Top,1,1,0,1-0,Slider,Slider,BallCalled,Undefined,Undefined,,Undefined,0,0,83.2973,-0.338473,-4.269091,2439.231422,116.683022,10:00,5.29989,2.48027,6.06246,-35.85065,5.18445,-7.27989,1.9982,-2.08479,75.02329,-7.007438,-5.573128,0.461051,,,,,,,,,,,,2.26378,3.24551,-2.14477,50,5.25484,9.27954,-120.47158,-1.84163,3.25136,28.35765,-27.51261,81.75329,,8.27401,,,,1000070079,Right,54.43312,-121.5106,14.17883,5.30385,-0.83357,-13.75631,-2.48259,9.16041,1.62568,,,,,,,,,,,,,,,,,,,,,,,,,,,,,,,,,,,,,,,,,,,,,,,,,,,High,High,High,,,,,,v3
16,1/31/2023,4,3,1000036180,Right,T_B,1000066765,Right,T_A,1,Top,1,2,0,2-0,Fastball,Sinker,FoulBall,Undefined,Undefined,,Undefined,0,0,92.54393,-1.379233,-3.801386,2460.814781,232.496513,1:45,5.44286,2.31853,6.7953,-18.04729,14.34591,17.01698,2.67705,0.26193,82.46413,-4.893543,-0.702174,0.409636,72.33649,19.859341,158.343135,3359.847807,,,,,46.23481,,,-10.32575,8.43993,-2.07717,50,5.34634,8.22346,-134.04436,-3.68899,-18.27858,36.28143,-17.23372,92.01442,16.04672,10.07981,1.35277,2.77339,-0.54856,1000070079,Right,53.70063,-135.04228,18.14072,5.44129,-3.21497,-8.61686,-2.31027,8.72621,-9.13929,,1.35277,-92.74025,9.15763,0.0492,-0.06075,-0.07395,0.30808,-0.42687,0.23161,2.77339,36.0412,-21.23755,2.85847,-0.48385,-0.23843,0.93444,-1.27638,0.69197,-0.54856,36.82496,-15.98233,2.34372,-0.36236,-0.44336,1.34013,-1.80071,0.97435,,,,,,,,,,,,,,,,,,,,,,,High,High,High,High,Low,,,,v3
17,1/31/2023,4,4,1000036180,Right,T_B,1000066765,Right,T_A,1,Top,1,2,1,2-1,Slider,Slider,BallCalled,Undefined,Undefined,,Undefined,0,0,83.14734,-0.318589,-2.911863,2445.859064,108.195405,9:30,5.25413,2.29768,5.88439,-36.82463,3.5878,-7.19339,1.88918,-1.0081,76.5413,-7.094673,-4.200401,0.45754,,,,,,,,,,,,2.8826,2.30858,-2.05843,50,5.20719,6.42087,-120.69305,-1.88252,4.25678,23.23995,-28.76494,82.38068,,6.60604,,,,1000070079,Right,54.6148,-121.5784,11.61998,5.25803,-0.78668,-14.38247,-2.29995,6.25871,2.12839,,,,,,,,,,,,,,,,,,,,,,,,,,,,,,,,,,,,,,,,,,,,,,,,,,,High,High,High,,,,,,v3
18,1/31/2023,4,5,1000036180,Right,T_B,1000066765,Right,T_A,1,Top,1,3,1,3-1,Fastball,Four-Seam,BallCalled,Walk,Undefined,,Undefined,0,0,92.03539,0.170516,-3.838241,2345.496212,210.175316,1:00,5.31433,2.35744,6.87455,-12.55666,19.38737,10.66969,4.42369,-0.25658,83.60862,-2.30872,-1.894175,0.406786,,,,,,,,,,,,-6.72961,10.5215,-2.11668,50,5.31977,8.54579,-133.587,0.15576,-12.1143,29.80186,-13.23378,92.65907,,8.42677,,,,1000070079,Right,53.62276,-134.39277,14.90093,5.31073,0.51357,-6.61689,-2.35216,8.87333,-6.05715,,,,,,,,,,,,,,,,,,,,,,,,,,,,,,,,,,,,,,,,,,,,,,,,,,,High,High,High,,,,,,v3
19,1/31/2023,1,1,1000051614,Left,T_A,8886045,Right,T_B,1,Bottom,0,0,0,0-0,Fastball,Sinker,BallCalled,Undefined,Undefined,,Undefined,0,0,93.6328,-1.779351,5.472615,2140.905181,122.05832,10:00,5.47533,-2.42476,5.3679,-21.18678,11.49158,-16.68725,2.03322,1.33158,85.63292,-5.70127,2.525072,0.411435,,,,,,,,,,,,9.83591,6.55634,1.94472,50,5.30011,-12.17814,-135.33569,-5.0115,18.30914,28.52217,-19.96974,91.61207,,7.99989,,,,1000055344,Right,55.13169,-136.41292,14.26109,5.47513,-4.25728,-9.98487,2.41772,-12.86964,9.15457,,,,,,,,,,,,,,,,,,,,,,,,,,,,,,,,,,,,,,,,,,,,,,,,,,,High,High,High,,,,,,v3
20,1/31/2023,1,2,1000051614,Left,T_A,8886045,Right,T_B,1,Bottom,0,1,0,1-0,Fastball,Sinker,InPlay,Undefined,FlyBall,LineDrive,Out,1,0,93.61255,-1.884642,4.070224,2175.949764,119.355558,10:00,5.53142,-2.37733,5.22416,-21.31887,11.52843,-18.59391,1.9779,-0.0938,85.43549,-5.827627,0.782681,0.412497,95.15188,26.21019,-1.785759,3134.420155,109.99999,50.662,0.0073,365.19499,359.85596,6.295443,4.901921,10.51536,6.60083,2.01634,50,5.34148,-8.77149,-135.52682,-5.28055,19.54978,29.72778,-19.90198,91.3762,73.23567,8.17705,3.04085,2.07548,0.11881,1000055344,Right,55.27668,-136.67935,14.86389,5.53124,-4.50896,-9.95099,2.37111,-9.52943,9.77489,193.482983,3.04201,125.1236,-24.21036,5.65618,-1.09584,0.18519,-0.02843,0.00333,-0.00018,2.07644,61.60863,-13.42879,-0.39258,0.44672,-0.20539,0.05585,-0.00773,0.00042,0.11862,-3.89811,4.22266,-0.51521,0.0327,-0.00109,0.00134,-0.00038,3.00E-05,,,,,,,,,,,,,,,,,,,,,,,High,High,High,High,High,,,,v3
21,1/31/2023,2,1,1000051614,Left,T_A,1000051968,Left,T_B,1,Bottom,1,0,0,0-0,Fastball,Sinker,StrikeCalled,Undefined,Undefined,,Undefined,0,0,93.96458,-2.169106,4.146328,2060.097601,110.267233,9:45,5.53751,-2.38193,5.22247,-24.86245,7.8741,-18.34792,1.41999,-0.00586,85.5797,-6.736097,0.901221,0.411801,,,,,,,,,,,,10.36654,4.88008,2.01326,50,5.31842,-8.97013,-135.93096,-6.14422,19.32531,30.80833,-23.07655,91.53061,,8.38488,,,,1000055344,Right,55.27692,-137.12174,15.40416,5.53866,-5.25228,-11.53827,2.3744,-9.71708,9.66266,,,,,,,,,,,,,,,,,,,,,,,,,,,,,,,,,,,,,,,,,,,,,,,,,,,High,High,High,,,,,,v3
22,1/31/2023,2,2,1000051614,Left,T_A,1000051968,Left,T_B,1,Bottom,1,0,1,0-1,Slider,Curveball,BallCalled,Undefined,Undefined,,Undefined,0,0,83.52234,-0.910876,3.992205,2594.931758,340.431254,5:15,5.31793,-2.61484,4.1917,-49.84806,-6.67453,2.87961,0.28897,1.45649,76.52761,-9.727066,4.492284,0.472912,,,,,,,,,,,,-0.19461,-2.55477,2.17088,50,5.16457,-8.5587,-120.69027,-4.03923,-0.28495,25.09943,-35.91457,79.70288,,6.99473,,,,1000055344,Right,56.30817,-121.9951,12.54971,5.32602,-2.17216,-17.95729,2.61543,-8.54389,-0.14247,,,,,,,,,,,,,,,,,,,,,,,,,,,,,,,,,,,,,,,,,,,,,,,,,,,High,High,High,,,,,,v3
23,1/31/2023,2,3,1000051614,Left,T_A,1000051968,Left,T_B,1,Bottom,1,1,1,1-1,Fastball,Sinker,FoulBall,Undefined,Undefined,,Undefined,0,0,92.93981,-0.085298,4.5741,2188.125667,93.161746,9:00,5.5033,-2.40483,5.49216,-31.06458,2.1561,-18.39792,2.83454,0.35001,84.24455,-5.795321,1.307597,0.414835,,,,,,,,,,,,10.66382,1.43563,2.01661,50,5.47479,-9.90763,-134.49343,-1.41377,19.38317,31.24987,-29.56459,90.86118,,8.69526,,,,1000055344,Right,55.00754,-135.65195,15.62493,5.50689,-0.31772,-14.7823,2.39723,-10.62622,9.69158,,,,,,,,,,,,,,,,,,,,,,,,,,,,,,,,,,,,,,,,,,,,,,,,,,,High,High,High,,,,,,v3
24,1/31/2023,2,4,1000051614,Left,T_A,1000051968,Left,T_B,1,Bottom,0,0,0,0-0,Slider,Slider,StrikeCalled,Strikeout,Undefined,,Undefined,0,0,83.33185,0.378698,2.96502,2556.260312,311.610306,4:30,5.43302,-2.60981,4.35279,-48.04314,-5.03406,7.26689,1.7917,0.83092,76.11343,-8.187683,4.231206,0.47201,,,,,,,,,,,,-2.62295,-2.11028,2.28334,50,5.42556,-6.58701,-120.57389,-1.20673,-3.83399,24.99483,-35.25866,79.8551,,7.21842,,,,1000055344,Right,56.14609,-121.84131,12.49742,5.44143,0.58114,-17.62933,2.61242,-6.3926,-1.91699,,,,,,,,,,,,,,,,,,,,,,,,,,,,,52.726,3.122844,1.602238,1.520605,-1.17404,1.40775,-1.02396,-3.39403,5.11193,2.11375,84.64916,8.61371,-40.13976,-3.25864,63.01116,-3.40164,5.29314,24.12449,-14.39722,1.89245,-33.47289,3.80445,High,High,High,,,High,High,High,v3
25,1/31/2023,3,1,1000051614,Left,T_A,691273,Right,T_B,1,Bottom,2,0,0,0-0,Slider,Slider,StrikeCalled,Undefined,Undefined,,Undefined,0,0,82.08965,0.792266,0.76237,2448.971716,303.892585,4:15,5.37951,-2.53688,4.45864,-47.69164,-3.6441,7.61252,2.16074,-1.17554,74.83994,-7.758332,2.094594,0.477675,,,,,,,,,,,,-3.46067,-1.55744,2.44857,50,5.4169,-1.93277,-118.92892,-0.28755,-4.92073,24.34503,-34.38859,78.90814,,7.24972,,,,1000055344,Right,56.04002,-120.15896,12.17252,5.38754,1.44995,-17.1943,2.53994,-1.68414,-2.46037,,,,,,,,,,,,,,,,,,,,,,,,,,,,,,,,,,,,,,,,,,,,,,,,,,,High,High,High,,,,,,v3
26,1/31/2023,3,2,1000051614,Left,T_A,691273,Right,T_B,1,Bottom,2,0,1,0-1,Fastball,Sinker,BallCalled,Undefined,Undefined,,Undefined,0,0,91.89461,0.419963,4.988121,2179.803256,113.939646,9:45,5.53097,-2.30932,5.35475,-25.3808,8.84662,-17.25115,3.81127,0.94309,83.03873,-4.281368,1.938905,0.421074,,,,,,,,,,,,10.09056,4.65851,1.87227,50,5.55108,-10.77229,-132.81362,0.02412,17.8902,30.40975,-23.9147,89.515,,8.85588,,,,1000055344,Right,55.14275,-133.98596,15.20488,5.53238,0.94606,-11.95735,2.30085,-11.46198,8.9451,,,,,,,,,,,,,,,,,,,,,,,,,,,,,,,,,,,,,,,,,,,,,,,,,,,High,High,High,,,,,,v3
27,1/31/2023,3,3,1000051614,Left,T_A,691273,Right,T_B,1,Bottom,2,1,1,1-1,ChangeUp,Changeup,StrikeSwinging,Undefined,Undefined,,Undefined,0,0,86.30542,-2.229136,4.333475,1544.640307,96.851781,9:15,5.20226,-2.68998,5.17841,-35.44085,3.82315,-19.90237,0.14431,-0.2632,78.18089,-8.690946,0.812687,0.450992,,,,,,,,,,,,11.39225,2.98866,2.3024,50,4.96734,-8.57578,-124.70151,-6.19415,17.68286,28.41462,-27.53507,83.57677,,8.12453,,,,1000055344,Right,55.32134,-125.9082,14.20731,5.20555,-5.02482,-13.76754,2.68254,-9.32672,8.84143,,,,,,,,,,,,,,,,,,,,,,,,,,,,,,,,,,,,,,,,,,,,,,,,,,,High,High,High,,,,,,v3
28,1/31/2023,3,4,1000051614,Left,T_A,691273,Right,T_B,1,Bottom,2,1,2,1-2,Slider,Slider,InPlay,Undefined,LineDrive,LineDrive,Double,0,0,82.90275,1.667727,1.306386,2491.512785,309.857457,4:15,5.26571,-2.56625,4.39827,-49.93822,-6.81768,9.80528,2.69698,-0.50191,75.84307,-7.254912,3.018656,0.472622,94.44483,20.543849,10.0667,2251.961833,106.89209,36.78694,25.96306,325.77515,325.77515,20.016717,3.687648,-4.41484,-3.46327,2.41652,50,5.39366,-3.18757,-120.14297,1.44456,-6.43305,23.94343,-37.22054,79.75184,45.54063,7.05968,1.92179,2.81369,0.5019,1000055344,Right,56.10312,-121.35317,11.97172,5.2731,3.32584,-18.61027,2.56941,-2.86241,-3.21653,219.502445,1.92177,127.7098,-24.18024,5.69389,-1.02649,0.1178,-0.00197,-0.00167,0.00019,2.81368,48.61559,-13.79748,-0.11526,-0.04042,0.11587,-0.05002,0.00989,-0.00076,0.50195,22.67364,5.22657,-1.71574,0.35934,-0.03864,-0.00127,0.00084,-7.00E-05,,,,,,,,,,,,,,,,,,,,,,,High,High,High,High,High,,,,v3
29,1/31/2023,4,1,1000051614,Left,T_A,1000110361,Right,T_B,1,Bottom,2,0,0,0-0,Fastball,Sinker,InPlay,Undefined,GroundBall,GroundBall,Out,1,0,91.71291,-1.119789,3.616602,2191.669688,110.035652,9:45,5.50579,-2.368,5.1098,-26.87356,7.83516,-18.0782,2.20909,-0.46266,82.84627,-6.065945,0.423707,0.424024,73.77038,-15.709609,-37.557573,,,,,9.44622,5.20383,-24.993727,0.074421,10.15508,4.59217,2.04188,50,5.37945,-7.5257,-132.68366,-3.64934,17.88499,31.58531,-24.08639,88.89217,2.18614,8.86664,2.4001,2.18614,0.74654,1000055344,Right,55.38884,-133.96033,15.79266,5.50728,-2.67577,-12.0432,2.36067,-8.24861,8.9425,180,2.3974,82.79305,,,,,,,,2.18709,-29.37536,,,,,,,,0.74862,-63.66162,,,,,,,,,,,,,,,,,,,,,,,,,,,,,,High,High,High,Low,Low,,,,v3
30,1/31/2023,1,1,1000036180,Right,T_B,1000049656,Left,T_A,2,Top,0,0,0,0-0,ChangeUp,Changeup,StrikeCalled,Undefined,Undefined,,Undefined,0,0,84.09197,-0.134097,-3.588184,1817.186114,237.638505,2:00,5.18436,2.44484,6.62052,-27.69131,11.24886,15.58068,2.75371,0.45299,76.01213,-5.399215,-0.758967,0.449128,,,,,,,,,,,,-9.25524,6.36945,-2.20651,50,5.16397,7.06624,-121.96003,-1.03656,-13.76578,26.78398,-22.70044,83.92356,,8.07984,,,,1000070079,Right,53.87616,-122.80833,13.39199,5.18541,-0.31759,-11.35022,-2.43722,7.50223,-6.88289,,,,,,,,,,,,,,,,,,,,,,,,,,,,,,,,,,,,,,,,,,,,,,,,,,,High,High,High,,,,,,v3
31,1/31/2023,1,2,1000036180,Right,T_B,1000049656,Left,T_A,2,Top,0,0,1,0-1,ChangeUp,Changeup,BallCalled,Undefined,Undefined,,Undefined,0,0,83.86595,0.843602,-3.863215,1805.647407,233.503843,1:45,5.11651,2.62634,6.93715,-27.51068,11.0789,13.1928,3.59364,0.20395,75.92787,-4.415809,-1.455815,0.447102,,,,,,,,,,,,-8.1228,6.04067,-2.38854,50,5.15971,7.74347,-121.66483,1.10124,-12.06078,25.9637,-23.2048,84.30388,,7.93808,,,,1000070079,Right,53.55923,-122.42203,12.98185,5.11773,1.77797,-11.6024,-2.6195,8.09521,-6.03039,,,,,,,,,,,,,,,,,,,,,,,,,,,,,,,,,,,,,,,,,,,,,,,,,,,High,High,High,,,,,,v3
32,1/31/2023,1,3,1000036180,Right,T_B,1000049656,Left,T_A,2,Top,0,1,1,1-1,Fastball,Four-Seam,FoulBall,Undefined,Undefined,LineDrive,Undefined,0,0,92.31022,-1.388536,-3.693969,2346.614424,222.490631,1:30,5.31651,2.31509,6.86022,-15.03013,16.96839,14.51245,2.79535,0.15242,83.40711,-4.328041,-1.048114,0.407133,86.38943,13.376336,-66.411686,3009.130432,35.37142,16.49682,-104.15751,217.02326,110.95547,-76.280265,2.195708,-8.82646,9.75847,-2.08394,50,5.22199,8.08036,-133.90936,-3.59421,-15.83958,32.06971,-14.66192,92.58016,16.49628,8.90311,0.0287,2.49153,-0.63005,1000070079,Right,53.63747,-134.77767,16.03486,5.31394,-3.19723,-7.33096,-2.30853,8.50924,-7.91979,,0.02857,49.33583,-16.11975,3.31479,-1.36739,0.84525,-0.42711,0.11992,-0.01344,2.49162,29.3068,-16.83666,1.65049,0.06895,-0.34569,0.22198,-0.06381,0.0069,-0.62993,-112.97544,8.2676,-0.37469,0.47299,-0.55685,0.33265,-0.0961,0.01067,,,,,,,,,,,,,,,,,,,,,,,High,High,High,Medium,Low,,,,v3
33,1/31/2023,1,4,1000036180,Right,T_B,1000049656,Left,T_A,2,Top,0,1,2,1-2,Slider,Slider,InPlay,Undefined,GroundBall,GroundBall,Out,1,0,82.1281,0.30604,-3.065015,2290.739927,82.962853,8:45,5.1572,2.61557,5.89357,-41.29526,0.00654,-9.66686,2.00049,-1.03844,75.87126,-7.266571,-4.796067,0.462547,43.4873,18.485932,22.369609,883.001875,,,,78.70524,77.68648,22.888061,1.400764,4.16575,0.24894,-2.36285,50,5.15788,6.75112,-119.2664,-0.71158,6.0204,22.21589,-31.81429,81.48891,8.38529,6.25684,1.62423,1.94225,1.0299,1000070079,Right,54.6077,-120.12161,11.10795,5.1617,0.51313,-15.90714,-2.61827,6.51936,3.0102,189.806825,1.62424,55.93761,-4.68466,0.74449,0.07635,-0.37321,0.36901,-0.18353,0.03697,1.94225,20.22352,-16.29614,0.78164,-0.23204,0.19933,-0.16355,0.0803,-0.01616,1.0299,23.02125,-1.67183,0.26744,-0.00329,-0.07179,0.07395,-0.03682,0.00742,,,,,,,,,,,,,,,,,,,,,,,High,High,High,High,High,,,,v3
34,1/31/2023,2,1,1000036180,Right,T_B,1000051953,Right,T_A,2,Top,1,0,0,0-0,Slider,Slider,BallCalled,Undefined,Undefined,,Undefined,0,0,81.8415,0.28983,-3.463183,2346.902606,71.003175,8:15,5.23542,2.32103,5.91389,-43.35683,-1.45602,-8.04626,1.89184,-1.56759,75.10328,-7.669077,-4.903921,0.465889,,,,,,,,,,,,3.12382,-0.4378,-2.03849,50,5.23406,7.49271,-118.71023,-0.82084,4.43848,23.63514,-32.79609,80.90431,,6.73822,,,,1000070079,Right,54.58595,-119.61981,11.81757,5.24136,0.44129,-16.39805,-2.32356,7.3219,2.21924,,,,,,,,,,,,,,,,,,,,,,,,,,,,,,,,,,,,,,,,,,,,,,,,,,,High,High,High,,,,,,v3
35,1/31/2023,2,2,1000036180,Right,T_B,1000051953,Right,T_A,2,Top,1,1,0,1-0,Slider,Slider,BallCalled,Undefined,Undefined,,Undefined,0,0,82.25277,-0.570628,-2.959733,2456.327411,87.678119,9:00,5.18104,2.47959,5.97417,-40.51321,1.08217,-7.57433,1.27522,-0.89786,75.09635,-8.036433,-4.31955,0.464188,,,,,,,,,,,,2.96776,1.17547,-2.24116,50,5.1137,6.46197,-119.27759,-2.50556,4.23236,25.10292,-30.49767,81.20081,,7.15642,,,,1000070079,Right,54.52369,-120.22587,12.55146,5.18659,-1.35349,-15.24884,-2.48225,6.30209,2.11618,,,,,,,,,,,,,,,,,,,,,,,,,,,,,,,,,,,,,,,,,,,,,,,,,,,High,High,High,,,,,,v3
36,1/31/2023,2,3,1000036180,Right,T_B,1000051953,Right,T_A,2,Top,1,2,0,2-0,Slider,Slider,FoulBall,Undefined,Undefined,,Undefined,0,0,81.40506,-1.03602,-2.931897,2429.523038,69.531108,8:15,5.14264,2.38974,5.95158,-43.92526,-1.50287,-7.73296,0.52,-0.97622,74.65483,-9.089474,-4.320931,0.46878,,,,,,,,,,,,3.09457,-0.05787,-2.1521,50,5.03562,6.34041,-118.08561,-3.56121,4.33232,24.27759,-32.25508,80.40543,,6.75023,,,,1000070079,Right,54.54804,-119.01699,12.13879,5.14851,-2.3238,-16.12754,-2.39215,6.17421,2.16616,,,,,,,,,,,,,,,,,,,,,,,,,,,,,,,,,,,,,,,,,,,,,,,,,,,High,High,High,,,,,,v3
37,1/31/2023,2,4,1000036180,Right,T_B,1000051953,Right,T_A,2,Top,1,2,1,2-1,Fastball,Four-Seam,StrikeCalled,Undefined,Undefined,,Undefined,0,0,92.91825,-1.732999,-4.173406,2296.304332,206.920221,1:00,5.34922,2.28299,6.53792,-10.83745,21.37682,10.24678,2.85186,-0.69778,83.41935,-3.907379,-2.319662,0.408503,,,,,,,,,,,,-6.69559,12.07288,-1.99716,50,5.22357,9.38638,-134.5166,-4.27109,-12.06017,33.79496,-10.4283,92.26964,,9.4989,,,,1000070079,Right,53.95768,-135.50725,16.89748,5.34429,-3.9654,-5.21415,-2.27748,9.7399,-6.03008,,,,,,,,,,,,,,,,,,,,,,,,,,,,,,,,,,,,,,,,,,,,,,,,,,,High,High,High,,,,,,v3
38,1/31/2023,2,5,1000036180,Right,T_B,1000051953,Right,T_A,2,Top,1,2,2,2-2,Fastball,Four-Seam,InPlay,Undefined,FlyBall,LineDrive,Double,0,1,94.104,-3.23802,-4.106812,2304.719171,210.116189,1:00,5.42672,2.13854,6.84738,-10.19044,20.70666,11.37245,1.61431,-0.6648,85.09179,-5.282577,-2.036611,0.400065,96.34289,18.369532,7.366486,3051.287893,108.32334,32.0672,19.13011,340.16565,338.68149,15.921632,3.864904,-7.35579,12.35654,-1.87956,50,5.215,9.3494,-136.29557,-7.91096,-13.67504,33.22334,-9.2022,94.21582,42.30864,9.01221,2.16504,1.53349,0.65131,1000070079,Right,53.6518,-137.18284,16.61167,5.42299,-7.6652,-4.6011,-2.13413,9.71461,-6.83752,211.66913,2.16523,132.98921,-23.10897,4.86571,-0.93501,0.13653,-0.00941,-0.00075,0.00014,1.53324,44.53905,-12.59714,0.27939,-0.09762,0.08004,-0.03159,0.00627,-0.00049,0.6513,17.1948,3.96833,-1.16892,0.28956,-0.05621,0.00739,-0.00056,2.00E-05,,,,,,,,,,,,,,,,,,,,,,,High,High,High,High,High,,,,v3
39,1/31/2023,3,1,1000036180,Right,T_B,1000094105,Right,T_A,2,Top,1,0,0,0-0,Slider,Slider,StrikeCalled,Undefined,Undefined,,Undefined,0,0,80.86232,0.060483,-3.548075,2241.099255,57.658257,8:00,5.33371,2.53102,5.76991,-46.1616,-2.47854,-6.33985,1.54331,-1.30341,73.42865,-8.407246,-4.680781,0.475694,,,,,,,,,,,,2.06067,-0.79244,-2.23352,50,5.31122,7.51131,-117.09699,-1.41968,2.81435,25.48522,-33.25632,79.23668,,7.43367,,,,1000070079,Right,54.72764,-118.12144,12.74261,5.34142,-0.08285,-16.62816,-2.53318,7.39818,1.40718,,,,,,,,,,,,,,,,,,,,,,,,,,,,,,,,,,,,,,,,,,,,,,,,,,,High,High,High,,,,,,v3
40,1/31/2023,3,2,1000036180,Right,T_B,1000094105,Right,T_A,2,Top,1,0,1,0-1,Fastball,Four-Seam,BallCalled,Undefined,Undefined,,Undefined,0,0,92.43464,-3.776318,-4.308149,2312.992725,215.270258,1:15,5.38648,2.29567,6.88444,-10.51453,21.6682,14.47056,1.05468,-0.43127,83.18779,-5.897988,-1.672507,0.408303,,,,,,,,,,,,-9.09788,13.0969,-2.02718,50,5.14231,9.51685,-133.70975,-9.01677,-16.19876,33.26679,-8.85499,92.31483,,9.24685,,,,1000070079,Right,53.61357,-134.6058,16.6334,5.38197,-8.77825,-4.4275,-2.28939,9.95316,-8.09938,,,,,,,,,,,,,,,,,,,,,,,,,,,,,,,,,,,,,,,,,,,,,,,,,,,High,High,High,,,,,,v3
41,1/31/2023,3,3,1000036180,Right,T_B,1000094105,Right,T_A,2,Top,1,1,1,1-1,Slider,Slider,StrikeSwinging,Undefined,Undefined,,Undefined,0,0,80.91128,-0.525996,-2.64718,2382.143063,74.56356,8:30,5.25048,2.47548,5.98851,-43.99223,-1.35701,-9.69611,1.09643,-0.78768,74.50523,-8.597564,-4.389807,0.469954,,,,,,,,,,,,4.22886,-0.13929,-2.2613,50,5.18481,5.79555,-117.47738,-2.4921,5.89117,22.91002,-32.36811,80.20449,,6.40605,,,,1000070079,Right,54.51154,-118.35394,11.45501,5.25647,-1.25367,-16.18406,-2.47873,5.57015,2.94559,,,,,,,,,,,,,,,,,,,,,,,,,,,,,,,,,,,,,,,,,,,,,,,,,,,High,High,High,,,,,,v3
42,1/31/2023,3,4,1000036180,Right,T_B,1000094105,Right,T_A,2,Top,1,1,2,1-2,Slider,Slider,FoulBall,Undefined,Undefined,Popup,Undefined,0,0,81.27753,0.786031,-1.841896,2257.737101,64.592465,8:15,5.27586,2.64854,5.80591,-45.0203,-2.05681,-7.45989,2.25559,0.31336,73.78576,-7.504234,-3.178653,0.47176,54.627,57.578874,68.896182,4836.536305,,,,122.79927,92.01964,77.143126,3.772173,3.23185,-0.89799,-2.49282,50,5.31356,4.08118,-117.90523,0.12769,4.48378,25.43691,-33.41988,79.89749,59.99174,7.49177,2.28239,1.95406,-0.30094,1000070079,Right,54.69315,-118.91342,12.71845,5.28225,1.45229,-16.70994,-2.65105,3.90346,2.24189,208.330356,2.28446,15.40912,-5.92131,1.36673,0.08026,-0.13988,0.03429,-0.00265,-4.00E-05,1.95523,67.59107,-22.1939,1.47541,0.37544,-0.43184,0.15781,-0.02727,0.00183,-0.3003,40.05728,-4.79834,1.10764,-0.13424,0.01683,-0.00926,0.00267,-0.00025,,,,,,,,,,,,,,,,,,,,,,,High,High,High,High,Medium,,,,v3
43,1/31/2023,3,5,1000036180,Right,T_B,1000094105,Right,T_A,2,Top,1,1,2,1-2,Slider,Slider,BallCalled,Undefined,Undefined,,Undefined,0,0,81.72604,1.109834,-3.55493,2404.416626,141.506808,10:45,5.33428,2.57014,5.75824,-34.50392,7.48969,-4.96906,3.49413,-1.15719,75.14076,-5.257307,-4.440833,0.466405,,,,,,,,,,,,1.58461,3.90925,-2.2721,50,5.40547,7.55809,-118.52379,1.18698,2.26384,21.73423,-26.58906,80.81488,,6.58529,,,,1000070079,Right,54.74039,-119.38989,10.86711,5.33705,2.24654,-13.29453,-2.57149,7.46788,1.13192,,,,,,,,,,,,,,,,,,,,,,,,,,,,,,,,,,,,,,,,,,,,,,,,,,,High,High,High,,,,,,v3
44,1/31/2023,3,6,1000036180,Right,T_B,1000094105,Right,T_A,2,Top,1,2,2,2-2,Fastball,Four-Seam,BallCalled,Undefined,Undefined,,Undefined,0,0,91.53878,-2.146701,-1.079208,2261.806238,197.792279,12:30,5.46566,2.2264,6.72808,-13.18627,19.28344,5.83906,2.4037,1.72659,83.23406,-4.730692,-0.014615,0.41012,,,,,,,,,,,,-3.3828,11.12245,-2.15707,50,5.3182,2.27415,-132.97996,-5.26455,-6.01939,30.18981,-12.38274,91.90599,,8.30472,,,,1000070079,Right,53.76869,-133.83281,15.09491,5.46198,-4.91474,-6.19137,-2.22371,2.44419,-3.00969,,,,,,,,,,,,,,,,,,,,,,,,,,,,,,,,,,,,,,,,,,,,,,,,,,,High,High,High,,,,,,v3
45,1/31/2023,3,7,1000036180,Right,T_B,1000094105,Right,T_A,2,Top,1,3,2,3-2,Slider,Slider,FoulBall,Undefined,Undefined,,Undefined,0,0,79.89779,0.628358,-2.497084,2448.70421,68.445882,8:15,5.21974,2.5023,5.81233,-46.98554,-2.39677,-10.02812,1.88916,-0.65681,72.50677,-8.013828,-4.292784,0.4806,,,,,,,,,,,,4.3487,-1.06095,-2.29136,50,5.24318,5.42873,-115.84919,-0.24561,5.80719,25.15382,-33.59079,78.42782,,7.39102,,,,1000070079,Right,54.68751,-116.86254,12.57691,5.22582,1.10762,-16.7954,-2.50535,5.19478,2.90359,,,,,,,,,,,,,,,,,,,,,,,,,,,,,,,,,,,,,,,,,,,,,,,,,,,High,High,High,,,,,,v3
46,1/31/2023,3,8,1000036180,Right,T_B,1000094105,Right,T_A,2,Top,1,3,2,3-2,Slider,Slider,InPlay,Undefined,GroundBall,GroundBall,Out,1,0,80.89709,0.435844,-2.6068,2460.948093,56.604155,8:00,5.1386,2.50142,5.9127,-46.44321,-3.3013,-7.21823,1.67327,-0.52119,73.71556,-8.106218,-3.901955,0.472739,84.17506,-5.570682,-20.073125,,,,,18.33418,17.67451,-16.313663,0.129784,2.89933,-1.44772,-2.28806,50,5.14706,5.61589,-117.35739,-0.61471,3.99249,24.82573,-34.16761,79.73208,1.76079,7.18153,2.75232,1.76079,0.50093,1000070079,Right,54.58715,-118.32378,12.41287,5.1451,0.71532,-17.08381,-2.50364,5.46048,1.99624,102.5686,2.7523,115.41208,-8.01022,,,,,,,1.76082,-11.98688,-12.17864,,,,,,,0.50101,-42.18,-10.49466,,,,,,,,,,,,,,,,,,,,,,,,,,,,,High,High,High,Low,Low,,,,v3
47,1/31/2023,1,1,1000051614,Left,T_A,1000079407,Left,T_B,2,Bottom,0,0,0,0-0,Fastball,Sinker,StrikeCalled,Undefined,Undefined,,Undefined,0,0,91.24368,-1.919622,4.611987,2034.892533,120.879329,10:00,5.51113,-2.22847,5.16255,-23.56186,11.51091,-17.13918,1.73432,0.69352,82.45621,-6.282281,1.588617,0.426242,,,,,,,,,,,,9.92245,6.68666,1.81103,50,5.31386,-9.81041,-131.78998,-5.31198,17.27126,30.70325,-20.53508,88.42964,,8.78746,,,,1000055344,Right,55.33463,-133.02699,15.35163,5.51121,-4.48464,-10.26754,2.22031,-10.50626,8.63563,,,,,,,,,,,,,,,,,,,,,,,,,,,,,,,,,,,,,,,,,,,,,,,,,,,High,High,High,,,,,,v3
48,1/31/2023,1,2,1000051614,Left,T_A,1000079407,Left,T_B,2,Bottom,0,0,1,0-1,Fastball,Sinker,BallCalled,Undefined,Undefined,,Undefined,0,0,90.85506,-2.701169,4.703996,1908.348491,121.849989,10:00,5.41505,-2.35804,5.31227,-22.60773,12.39379,-18.01954,0.9853,0.56545,82.66007,-6.888555,1.51634,0.425809,,,,,,,,,,,,10.3956,7.3452,1.94426,50,5.15309,-9.96998,-131.27886,-7.03295,18.06445,28.89715,-19.41028,88.51961,,8.19499,,,,1000055344,Right,55.18659,-132.41561,14.44857,5.41473,-6.26939,-9.70514,2.35043,-10.6806,9.03222,,,,,,,,,,,,,,,,,,,,,,,,,,,,,,,,,,,,,,,,,,,,,,,,,,,High,High,High,,,,,,v3
49,1/31/2023,1,3,1000051614,Left,T_A,1000079407,Left,T_B,2,Bottom,0,1,1,1-1,Slider,Slider,BallCalled,Undefined,Undefined,,Undefined,0,0,84.43112,-1.157928,4.65377,2444.92268,351.780968,5:45,5.42653,-2.46459,4.26871,-45.10735,-2.81417,0.61433,0.55585,2.04921,77.07173,-9.168348,4.760384,0.468065,,,,,,,,,,,,1.12051,-0.59158,1.95613,50,5.25369,-9.94779,-121.84543,-4.37521,1.66948,25.93953,-33.05544,80.52816,,7.35939,,,,1000055344,Right,56.22961,-123.1645,12.96977,5.43344,-2.69428,-16.52772,2.46415,-10.03269,0.83474,,,,,,,,,,,,,,,,,,,,,,,,,,,,,,,,,,,,,,,,,,,,,,,,,,,High,High,High,,,,,,v3
50,1/31/2023,1,4,1000051614,Left,T_A,1000079407,Left,T_B,2,Bottom,0,2,1,2-1,Fastball,Sinker,InPlay,Undefined,LineDrive,LineDrive,Single,0,0,92.30452,-0.755454,3.990216,2072.09109,131.199436,10:15,5.48718,-2.44875,5.08602,-21.04383,13.4952,-13.92351,3.0197,0.15802,82.70102,-4.689913,1.536307,0.422987,94.06167,12.7521,14.679203,1356.786841,105.01617,14.70408,32.7342,196.21105,196.21105,20.209688,1.775787,8.25713,7.31748,2.08229,50,5.3997,-8.62936,-133.36536,-2.53841,14.60019,33.56256,-19.23536,89.11025,14.84012,9.6035,2.30425,3.04487,-0.16178,1000055344,Right,55.41076,-134.72014,16.78128,5.48649,-1.76196,-9.61768,2.44252,-9.2187,7.3001,273.911447,2.30424,130.16279,-19.6282,3.20648,-0.89792,0.41678,-0.20859,0.06369,-0.0082,3.04487,30.45212,-21.29551,2.48724,-0.77422,0.50492,-0.29362,0.09665,-0.01302,-0.16179,34.09595,3.74246,-1.22,0.85731,-0.98953,0.67336,-0.23104,0.03161,,,,,,,,,,,,,,,,,,,,,,,High,High,High,High,High,,,,v3
51,1/31/2023,2,1,1000051614,Left,T_A,1000069979,Right,T_B,2,Bottom,0,0,0,0-0,Fastball,Sinker,StrikeCalled,Undefined,Undefined,,Undefined,0,0,92.74468,-1.448792,5.221325,1984.165036,118.446937,10:00,5.52885,-2.46233,5.22437,-23.29702,10.70713,-17.45064,2.21941,1.00582,83.48484,-5.772503,2.14463,0.419698,,,,,,,,,,,,10.31209,6.15882,1.99316,50,5.37772,-11.38148,-133.83916,-4.2776,18.45968,32.41919,-21.14913,89.80841,,9.25984,,,,1000055344,Right,55.27233,-135.11021,16.20959,5.52918,-3.44841,-10.57457,2.45358,-12.10522,9.22984,,,,,,,,,,,,,,,,,,,,,,,,,,,,,,,,,,,,,,,,,,,,,,,,,,,High,High,High,,,,,,v3
52,1/31/2023,2,2,1000051614,Left,T_A,1000069979,Right,T_B,2,Bottom,0,0,1,0-1,Fastball,Sinker,BallCalled,Undefined,Undefined,,Undefined,0,0,91.90759,-2.003562,4.886086,1987.543983,127.547536,10:15,5.48887,-2.38617,5.02563,-22.40726,12.52371,-14.59556,1.72336,1.01926,82.68278,-6.158785,2.320622,0.42538,,,,,,,,,,,,8.75508,7.21339,1.92988,50,5.27907,-10.61454,-132.57546,-5.50025,15.35791,32.14881,-19.52054,88.60892,,9.22481,,,,1000055344,Right,55.47017,-133.89538,16.07441,5.48844,-4.69881,-9.76027,2.37862,-11.24508,7.67896,,,,,,,,,,,,,,,,,,,,,,,,,,,,,,,,,,,,,,,,,,,,,,,,,,,High,High,High,,,,,,v3
53,1/31/2023,2,3,1000051614,Left,T_A,1000069979,Right,T_B,2,Bottom,0,1,1,1-1,Slider,Curveball,StrikeSwinging,Undefined,Undefined,,Undefined,0,0,83.53587,0.406838,1.086408,2593.811919,341.59687,5:30,5.4973,-2.34868,4.27148,-48.21542,-5.18906,2.22457,1.86868,-1.12374,75.8671,-8.205605,1.474533,0.472105,,,,,,,,,,,,-0.73181,-2.17862,2.22801,50,5.49204,-2.39924,-120.91785,-1.17804,-1.07089,26.13529,-35.36209,79.8391,,7.66877,,,,1000055344,Right,56.22657,-122.25626,13.06765,5.50599,0.63288,-17.68104,2.34947,-2.3444,-0.53544,,,,,,,,,,,,,,,,,,,,,,,,,,,,,,,,,,,,,,,,,,,,,,,,,,,High,High,High,,,,,,v3
54,1/31/2023,2,4,1000051614,Left,T_A,1000069979,Right,T_B,2,Bottom,0,1,2,1-2,Slider,Slider,StrikeSwinging,Strikeout,Undefined,,Undefined,0,0,83.73385,-0.670565,3.404699,2616.819833,294.522562,3:45,5.59171,-2.41848,4.54518,-43.49475,-0.72591,5.0024,1.32762,1.24344,75.77631,-8.482928,4.278975,0.47069,,,,,,,,,,,,-1.31295,0.32295,2.0588,50,5.48109,-7.42894,-120.96054,-3.17261,-1.91133,27.43004,-31.70389,80.07909,,7.95754,,,,1000055344,Right,55.95141,-122.30268,13.71502,5.59837,-1.62135,-15.85195,2.42001,-7.33542,-0.95567,,,,,,,,,,,,,,,,,,,,,,,,,,,,,,,,,,,,,,,,,,,,,,,,,,,High,High,High,,,,,,v3
55,1/31/2023,3,1,1000051614,Left,T_A,1000102964,Right,T_B,2,Bottom,1,0,0,0-0,Fastball,Sinker,StrikeCalled,Undefined,Undefined,,Undefined,0,0,91.95073,-2.464462,4.005267,2012.036451,138.390964,10:30,5.51376,-2.35501,4.90424,-18.25363,16.47434,-13.55111,1.65478,0.30978,83.34453,-5.866892,1.624833,0.424142,,,,,,,,,,,,7.89059,9.21638,1.97481,50,5.25754,-8.64105,-132.86231,-6.39932,14.00971,30.2515,-15.81044,88.86756,,8.6062,,,,1000055344,Right,55.59362,-134.12988,15.12575,5.5118,-5.73685,-7.90522,2.34918,-9.22807,7.00485,,,,,,,,,,,,,,,,,,,,,,,,,,,,,,,,,,,,,,,,,,,,,,,,,,,High,High,High,,,,,,v3
56,1/31/2023,3,2,1000051614,Left,T_A,1000102964,Right,T_B,2,Bottom,1,0,1,0-1,Fastball,Sinker,StrikeCalled,Undefined,Undefined,,Undefined,0,0,92.06682,-1.608082,4.93113,2003.135078,115.867974,9:45,5.54166,-2.35519,5.11536,-24.34324,10.24784,-18.52529,1.99216,0.75784,82.99632,-6.107872,1.668159,0.423305,,,,,,,,,,,,10.73654,5.95977,1.90519,50,5.37126,-10.56975,-132.91317,-4.67883,18.96949,31.7637,-21.64422,89.04316,,9.07051,,,,1000055344,Right,55.38214,-134.19324,15.88185,5.54224,-3.80658,-10.82211,2.34655,-11.33422,9.48474,,,,,,,,,,,,,,,,,,,,,,,,,,,,,,,,,,,,,,,,,,,,,,,,,,,High,High,High,,,,,,v3
57,1/31/2023,3,3,1000051614,Left,T_A,1000102964,Right,T_B,2,Bottom,1,0,2,0-2,Slider,Slider,StrikeSwinging,Strikeout,Undefined,,Undefined,0,0,82.57451,-0.283693,1.64564,2716.439928,320.923618,4:45,5.5308,-2.4885,4.5134,-49.69865,-6.05237,6.133,1.11891,-0.40945,75.2487,-9.17109,2.720611,0.475494,,,,,,,,,,,,-2.49496,-2.51205,2.31003,50,5.45336,-3.71132,-119.58324,-2.59285,-3.56786,25.73723,-35.76636,79.27007,,7.32581,,,,1000055344,Right,55.98669,-120.86485,12.86862,5.53813,-0.81182,-17.88318,2.49041,-3.53366,-1.78393,,,,,,,,,,,,,,,,,,,,,,,,,,,,,,,,,,,,,,,,,,,,,,,,,,,High,High,High,,,,,,v3
58,1/31/2023,4,1,1000051614,Left,T_A,1000110355,Right,T_B,2,Bottom,2,0,0,0-0,Slider,Slider,StrikeSwinging,Undefined,Undefined,,Undefined,0,0,83.45589,0.206759,1.80407,2672.942617,294.442162,3:45,5.44093,-2.34881,4.3896,-44.23254,-1.06221,5.79272,1.95238,-0.14316,75.39167,-7.741491,2.815632,0.472894,,,,,,,,,,,,-2.21299,-0.13205,2.15,50,5.41947,-4.07455,-120.69626,-1.37794,-3.20937,27.18859,-32.36556,79.70587,,8.06422,,,,1000055344,Right,56.1072,-122.06424,13.5943,5.44783,0.25052,-16.18278,2.35095,-3.91307,-1.60469,,,,,,,,,,,,,,,,,,,,,,,,,,,,,,,,,,,,,,,,,,,,,,,,,,,High,High,High,,,,,,v3
59,1/31/2023,4,2,1000051614,Left,T_A,1000110355,Right,T_B,2,Bottom,2,0,1,0-1,Fastball,Four-Seam,StrikeSwinging,Undefined,Undefined,,Undefined,0,0,92.506,-2.017636,3.722546,2083.646028,138.669819,10:30,5.49848,-2.33798,5.0859,-17.86536,16.43958,-13.33477,2.10317,0.06443,83.18357,-5.379554,1.371111,0.421551,,,,,,,,,,,,7.78878,9.16189,1.99626,50,5.29381,-8.04046,-133.65022,-5.34412,13.88119,32.7499,-15.84573,89.4138,,9.32243,,,,1000055344,Right,55.40992,-134.96937,16.37495,5.49621,-4.70587,-7.92286,2.33139,-8.59958,6.9406,,,,,,,,,,,,,,,,,,,,,,,,,,,,,,,,,,,,,,,,,,,,,,,,,,,High,High,High,,,,,,v3
60,1/31/2023,4,3,1000051614,Left,T_A,1000110355,Right,T_B,2,Bottom,2,0,2,0-2,Slider,Slider,BallCalled,Undefined,Undefined,,Undefined,0,0,84.61501,-2.252421,5.588612,2643.545128,301.279417,4:00,5.53427,-2.52726,4.75539,-44.01215,-2.06756,5.9254,-0.28073,3.28318,76.79555,-10.111964,6.623039,0.466132,,,,,,,,,,,,-1.07571,-0.03047,1.9588,50,5.26788,-12.18043,-121.8689,-6.52136,-1.58239,28.83764,-32.21889,80.86208,,7.81946,,,,1000055344,Right,55.74555,-123.22096,14.41882,5.53823,-5.01077,-16.10945,2.52814,-12.10624,-0.79119,,,,,,,,,,,,,,,,,,,,,,,,,,,,,,,,,,,,,,,,,,,,,,,,,,,High,High,High,,,,,,v3
61,1/31/2023,4,4,1000051614,Left,T_A,1000110355,Right,T_B,2,Bottom,2,1,2,1-2,ChangeUp,Changeup,StrikeSwinging,Strikeout,Undefined,,Undefined,0,0,85.71194,-1.258202,4.766351,1655.111801,97.947796,9:15,5.0705,-2.53439,4.85474,-36.27659,4.63969,-21.12698,0.85214,0.22723,76.32981,-7.888119,1.056871,0.460383,,,,,,,,,,,,12.15906,3.18992,2.08245,50,4.91553,-9.32183,-123.52759,-4.12162,18.24382,31.23886,-27.38777,81.87189,,9.38213,,,,1000055344,Right,55.64192,-124.94622,15.61943,5.07447,-2.87787,-13.69389,2.52459,-10.15033,9.12191,,,,,,,,,,,,,,,,,,,,,,,,,,,,,,,,,,,,,,,,,,,,,,,,,,,High,High,High,,,,,,v3
62,1/31/2023,1,1,1000036180,Right,T_B,1000138679,Right,T_A,3,Top,0,0,0,0-0,Fastball,Four-Seam,BallCalled,Undefined,Undefined,,Undefined,0,0,92.00926,-0.279876,-4.300973,2242.73563,208.789211,1:00,5.39267,2.30756,6.42445,-13.32953,19.68725,10.14619,4.02389,-0.80777,82.45796,-2.909601,-2.469982,0.41356,,,,,,,,,,,,-6.66552,10.67331,-2.00456,50,5.36621,9.58693,-133.18718,-0.9433,-11.75987,33.3529,-13.34335,91.14138,,9.5513,,,,1000070079,Right,54.07051,-134.20265,16.67645,5.38875,-0.53705,-6.67168,-2.30189,9.94497,-5.87993,,,,,,,,,,,,,,,,,,,,,,,,,,,,,,,,,,,,,,,,,,,,,,,,,,,High,High,High,,,,,,v3
63,1/31/2023,1,2,1000036180,Right,T_B,1000138679,Right,T_A,3,Top,0,1,0,1-0,Fastball,Four-Seam,StrikeCalled,Undefined,Undefined,,Undefined,0,0,92.2259,-2.681461,-3.921147,2360.239315,221.430291,1:30,5.33544,2.14229,7.01519,-13.64343,18.41733,15.21009,1.75386,-0.15962,83.04955,-5.379611,-1.140732,0.407529,,,,,,,,,,,,-9.35489,11.02977,-1.90676,50,5.1663,8.57782,-133.63337,-6.54285,-16.64321,33.136,-12.55105,92.49023,,9.17635,,,,1000070079,Right,53.48198,-134.49399,16.568,5.332,-6.21687,-6.27553,-2.13516,9.01009,-8.3216,,,,,,,,,,,,,,,,,,,,,,,,,,,,,,,,,,,,,,,,,,,,,,,,,,,High,High,High,,,,,,v3
64,1/31/2023,1,3,1000036180,Right,T_B,1000138679,Right,T_A,3,Top,0,1,1,1-1,Slider,Curveball,StrikeSwinging,Undefined,Undefined,,Undefined,0,0,80.38787,0.089253,-2.705334,2401.885265,73.923057,8:30,5.29963,2.65612,5.65102,-47.03562,-2.75083,-14.83272,1.46334,-1.10505,73.19334,-8.511151,-5.352454,0.478959,,,,,,,,,,,,6.65347,-0.97343,-2.41711,50,5.27754,6.08964,-116.52036,-1.40294,9.00289,25.11782,-33.49118,78.69654,,7.19453,,,,1000070079,Right,54.84808,-117.5608,12.55891,5.30692,-0.01567,-16.74559,-2.66164,5.71672,4.50144,,,,,,,,,,,,,,,,,,,,,,,,,,,,,,,,,,,,,,,,,,,,,,,,,,,High,High,High,,,,,,v3
65,1/31/2023,1,4,1000036180,Right,T_B,1000138679,Right,T_A,3,Top,0,1,2,1-2,Fastball,Four-Seam,BallCalled,Undefined,Undefined,,Undefined,0,0,94.18159,-0.825882,-4.377256,2467.007248,218.619527,1:15,5.37505,2.41052,6.4865,-12.21473,19.24631,14.43127,3.59664,-0.41349,84.32826,-3.249549,-1.769102,0.403699,,,,,,,,,,,,-8.9128,10.62379,-2.10813,50,5.31103,9.80962,-136.32477,-2.2257,-16.46373,35.1183,-12.54983,93.36761,,9.85332,,,,1000070079,Right,54.00863,-137.35354,17.55915,5.37084,-1.85806,-6.27491,-2.40257,10.29192,-8.23186,,,,,,,,,,,,,,,,,,,,,,,,,,,,,,,,,,,,,,,,,,,,,,,,,,,High,High,High,,,,,,v3
66,1/31/2023,1,5,1000036180,Right,T_B,1000138679,Right,T_A,3,Top,0,2,2,2-2,Slider,Slider,StrikeSwinging,Strikeout,Undefined,,Undefined,0,0,81.90723,-0.729392,-3.329939,2515.098546,78.54866,8:30,5.12657,2.39865,5.70947,-43.19274,-0.71622,-10.58166,0.84643,-1.58905,74.80788,-8.626449,-5.218963,0.469079,,,,,,,,,,,,4.35189,0.27677,-2.11284,50,5.0387,7.32301,-118.68299,-2.9699,6.1319,25.28867,-31.78407,80.35416,,7.09935,,,,1000070079,Right,54.78953,-119.69917,12.64434,5.13238,-1.69271,-15.89203,-2.40216,7.0766,3.06595,,,,,,,,,,,,,,,,,,,,,,,,,,,,,68.23267,,,1.027588,,,,1.0486,5.02111,5.21191,71.94685,4.93219,-52.8352,1.06435,72.58967,-3.5068,5.09433,14.78421,-14.50965,5.07134,-65.4202,8.76979,High,High,High,,,High,High,High,v3
67,1/31/2023,2,1,1000036180,Right,T_B,1000194300,Left,T_A,3,Top,1,0,0,0-0,ChangeUp,Changeup,BallCalled,Undefined,Undefined,,Undefined,0,0,86.55005,-1.837879,-3.237636,1825.351757,238.304302,2:00,5.17526,2.57013,6.51795,-26.56505,10.50524,14.80469,1.27187,0.82998,78.10667,-6.870518,-0.551285,0.438212,,,,,,,,,,,,-8.73221,6.51504,-2.34988,50,5.03578,6.51322,-125.4292,-4.79134,-13.68044,29.29454,-21.96717,86.01415,,8.44337,,,,1000070079,Right,53.97773,-126.3548,14.64727,5.1762,-4.09725,-10.98359,-2.5625,6.94547,-6.84022,,,,,,,,,,,,,,,,,,,,,,,,,,,,,,,,,,,,,,,,,,,,,,,,,,,High,High,High,,,,,,v3
68,1/31/2023,2,2,1000036180,Right,T_B,1000194300,Left,T_A,3,Top,1,1,0,1-0,ChangeUp,Changeup,BallCalled,Undefined,Undefined,,Undefined,0,0,86.01215,-2.614747,-4.172377,1915.742154,212.420783,1:00,5.00667,2.63074,6.84655,-19.98714,16.85985,9.90209,0.9489,-0.35529,78.22342,-6.458418,-2.369254,0.43689,,,,,,,,,,,,-6.52166,10.12044,-2.36686,50,4.83145,8.74136,-124.63905,-6.18014,-10.17638,26.93489,-16.38208,86.27442,,7.78873,,,,1000070079,Right,53.65168,-125.42571,13.46744,5.00496,-5.70169,-8.19104,-2.6265,9.03857,-5.08819,,,,,,,,,,,,,,,,,,,,,,,,,,,,,,,,,,,,,,,,,,,,,,,,,,,High,High,High,,,,,,v3
69,1/31/2023,2,3,1000036180,Right,T_B,1000194300,Left,T_A,3,Top,1,2,0,2-0,Fastball,Four-Seam,StrikeCalled,Undefined,Undefined,,Undefined,0,0,91.80207,-2.453208,-3.18966,2345.087127,219.085962,1:15,5.19178,2.42201,6.59875,-13.65131,18.99682,14.50009,1.80181,0.70514,83.11671,-5.124962,-0.556981,0.411245,,,,,,,,,,,,-8.56658,11.05776,-2.2095,50,5.01797,6.83442,-133.11366,-6.01899,-15.21792,31.2249,-12.53073,91.65451,,8.68537,,,,1000070079,Right,53.89887,-134.02511,15.61245,5.18832,-5.65322,-6.26537,-2.41548,7.27863,-7.60896,,,,,,,,,,,,,,,,,,,,,,,,,,,,,,,,,,,,,,,,,,,,,,,,,,,High,High,High,,,,,,v3
70,1/31/2023,2,4,1000036180,Right,T_B,1000194300,Left,T_A,3,Top,1,2,1,2-1,Fastball,Four-Seam,BallCalled,Undefined,Undefined,,Undefined,0,0,92.45837,-0.233114,-2.358679,2252.623796,217.193417,1:15,5.36587,2.42961,6.35561,-13.85107,18.6141,13.26418,3.99687,1.36282,83.40878,-2.941022,0.040411,0.410091,,,,,,,,,,,,-7.60619,10.07406,-2.26429,50,5.34219,4.9664,-134.18409,-0.8813,-13.70088,32.29783,-14.02781,91.91241,,9.04959,,,,1000070079,Right,54.14115,-135.17718,16.14891,5.36266,-0.44997,-7.01391,-2.42347,5.38767,-6.85044,,,,,,,,,,,,,,,,,,,,,,,,,,,,,,,,,,,,,,,,,,,,,,,,,,,High,High,High,,,,,,v3
71,1/31/2023,2,5,1000036180,Right,T_B,1000194300,Left,T_A,3,Top,1,3,1,3-1,Fastball,Four-Seam,BallCalled,Walk,Undefined,,Undefined,0,0,90.75901,-1.894569,-2.063157,2190.140446,207.64557,1:00,5.31808,2.52188,6.59094,-13.92765,19.39529,9.55623,2.41972,1.42698,82.24148,-4.619508,-0.326455,0.415473,,,,,,,,,,,,-5.60363,11.0726,-2.38414,50,5.18206,4.35949,-131.73865,-4.66692,-9.75783,30.37041,-12.89276,90.72168,,8.51754,,,,1000070079,Right,53.90522,-132.63589,15.1852,5.31431,-4.28603,-6.44638,-2.51719,4.64777,-4.87892,,,,,,,,,,,,,,,,,,,,,,,,,,,,,,,,,,,,,,,,,,,,,,,,,,,High,High,High,,,,,,v3
72,1/31/2023,3,1,1000036180,Right,T_B,1000187793,Left,T_A,3,Top,1,0,0,0-0,Fastball,Sinker,BallCalled,Undefined,Undefined,,Undefined,0,0,90.39647,-0.057747,-1.570109,2300.670024,221.833869,1:30,5.23998,2.51098,6.5462,-15.53524,18.30694,15.29143,3.8924,2.34502,81.24122,-3.098135,1.20754,0.418698,,,,,,,,,,,,-8.45623,9.93902,-2.40791,50,5.22892,2.97141,-131.23055,-0.49316,-14.49477,32.19159,-15.13764,90.02305,,9.15525,,,,1000070079,Right,53.94943,-132.19582,16.0958,5.2369,-0.03926,-7.56882,-2.50352,3.40604,-7.24739,,,,,,,,,,,,,,,,,,,,,,,,,,,,,77.55764,2.01139,0.713318,1.298071,-1.30005,3.74073,-2.40568,-0.21973,6.43929,-2.0212,127.27991,4.672,0.08454,0.06444,110.43278,-9.52739,6.45521,12.97334,-11.04711,-2.10667,-1.10324,2.13649,High,High,High,,,High,High,High,v3
73,1/31/2023,3,2,1000036180,Right,T_B,1000187793,Left,T_A,3,Top,1,1,0,1-0,Fastball,Four-Seam,InPlay,Undefined,FlyBall,LineDrive,Out,1,0,93.08641,-1.685544,-3.056147,2320.819513,215.392338,1:15,5.39798,2.29067,6.65817,-11.62075,20.19241,13.5219,2.88449,0.61813,83.75895,-4.001846,-0.598385,0.405952,82.36299,24.226707,-25.70244,3514.408112,94.91281,39.9541,-55.60124,269.4736,260.65926,-36.6916,3.695566,-8.12575,11.5256,-2.09013,50,5.27949,6.66763,-135.01892,-4.20901,-14.75765,33.82949,-11.24177,92.84948,43.78137,9.32746,1.92767,2.99267,-0.67907,1000070079,Right,53.83967,-135.97756,16.91475,5.39425,-3.89045,-5.62088,-2.285,7.08583,-7.37883,135.692879,1.92773,99.26156,-22.24815,5.72595,-1.42179,0.37105,-0.09618,0.01723,-0.00131,2.99324,49.5494,-15.93274,0.10535,0.60044,-0.3644,0.12594,-0.02206,0.0015,-0.67912,-47.77558,-0.15969,1.29933,-0.53839,0.14083,-0.02489,0.00232,-7.00E-05,,,,,,,,,,,,,,,,,,,,,,,High,High,High,High,High,,,,v3
74,1/31/2023,1,1,1000051614,Left,T_A,1000187798,Right,T_B,3,Bottom,0,0,0,0-0,Slider,Changeup,StrikeSwinging,Undefined,Undefined,,Undefined,0,0,83.94082,-0.693016,3.823765,1421.802713,98.384695,9:15,5.23931,-2.48894,5.3834,-36.72486,3.98036,-17.81635,1.52782,-0.38407,76.6046,-7.415489,0.660357,0.459194,,,,,,,,,,,,10.08595,2.58788,2.15967,50,5.15129,-7.37665,-121.5917,-2.78303,15.03221,24.83552,-28.31705,82.08384,,7.33622,,,,1000055344,Right,55.1165,-122.63231,12.41776,5.24304,-1.59655,-14.15852,2.48195,-8.0065,7.51611,,,,,,,,,,,,,,,,,,,,,,,,,,,,,,,,,,,,,,,,,,,,,,,,,,,High,High,High,,,,,,v3
75,1/31/2023,1,2,1000051614,Left,T_A,1000187798,Right,T_B,3,Bottom,0,0,1,0-1,ChangeUp,Changeup,BallCalled,Undefined,Undefined,,Undefined,0,0,83.43555,-1.340308,5.707748,1551.95583,79.675839,8:45,5.16579,-2.54657,5.04774,-43.98735,-1.53862,-17.08013,0.22945,1.43161,75.47812,-9.299447,2.703437,0.468925,,,,,,,,,,,,10.34343,0.11055,2.01536,50,5.00235,-11.27621,-120.29863,-4.49127,14.91318,26.84552,-32.01464,80.38048,,7.95743,,,,1000055344,Right,55.45118,-121.50901,13.42276,5.1723,-3.04782,-16.00732,2.53893,-11.9486,7.45659,,,,,,,,,,,,,,,,,,,,,,,,,,,,,,,,,,,,,,,,,,,,,,,,,,,High,High,High,,,,,,v3
76,1/31/2023,1,3,1000051614,Left,T_A,1000187798,Right,T_B,3,Bottom,0,1,1,1-1,Fastball,Sinker,BallCalled,Undefined,Undefined,,Undefined,0,0,91.78539,-1.470454,2.860291,,81.901688,8:45,5.41878,-2.39471,4.70434,-36.74274,-1.53532,-19.65017,0.95907,-1.31495,83.10649,-8.094135,-0.593595,0.42706,,,,,,,,,,,,10.33819,0.20642,2.12266,50,5.23739,-5.60271,-132.73193,-5.0466,18.20965,31.76697,-31.81046,88.26037,,8.6789,,,,1000055344,Right,55.79162,-134.11089,15.88348,5.42649,-3.66576,-15.90523,2.38303,-6.39316,9.10483,,,,,,,,,,,,,,,,,,,,,,,,,,,,,,,,,,,,,,,,,,,,,,,,,,,High,High,High,,,,,,v3
77,1/31/2023,1,4,1000051614,Left,T_A,1000187798,Right,T_B,3,Bottom,0,2,1,2-1,Fastball,Sinker,BallCalled,Undefined,Undefined,GroundBall,Undefined,0,0,92.32148,-0.193334,2.309965,2094.402409,106.475707,9:30,5.53451,-2.30286,4.88011,-27.03521,7.62414,-21.42434,3.0985,-1.90149,82.89438,-5.166269,-1.46323,0.423722,80.44869,-5.545936,175.458952,1592.221467,,,,20.48768,20.48768,170.837799,0.196942,11.153,4.21296,2.09447,50,5.49335,-4.28469,-133.56566,-1.55661,19.80896,33.27792,-24.6914,88.95548,3.01665,9.4271,2.45978,3.01665,1.54985,1000055344,Right,55.61494,-134.95737,16.63896,5.53686,-0.52399,-12.3457,2.29098,-5.11311,9.90448,,2.45968,-117.06342,9.50809,,,,,,,3.01716,-11.4368,-19.73861,,,,,,,1.54997,9.29029,-3.02876,,,,,,,,,,,,,,,,,,,,,,,,,,,,,High,High,High,Medium,High,,,,v3
78,1/31/2023,1,5,1000051614,Left,T_A,1000187798,Right,T_B,3,Bottom,0,3,1,3-1,Fastball,Sinker,InPlay,Undefined,GroundBall,GroundBall,Single,0,0,91.47822,-0.689547,3.691847,1991.69585,107.802739,9:30,5.52238,-2.42609,4.9897,-26.93706,7.46508,-20.02285,2.62515,-0.60387,84.06499,-5.602372,0.163997,0.422147,59.06783,-78.060684,-79.854319,,,,,1.48949,1.49208,4.004928,0.030534,10.93064,4.17327,2.08749,50,5.43397,-7.61073,-132.6195,-2.68075,19.60651,26.45877,-24.68832,89.28738,2.6021,7.41323,1.38894,2.6021,0.64564,1000055344,Right,55.51182,-133.71463,13.22938,5.52378,-1.65889,-12.34416,2.4193,-8.42224,9.80325,,1.38885,3.17419,,,,,,,,2.60437,-85.21939,,,,,,,,0.64611,-17.73785,,,,,,,,,,,,,,,,,,,,,,,,,,,,,,High,High,High,Low,Low,,,,v3
79,1/31/2023,2,1,1000051614,Left,T_A,8886045,Right,T_B,3,Bottom,0,0,0,0-0,Fastball,Sinker,StrikeCalled,Undefined,Undefined,,Undefined,0,0,91.10754,-1.35853,4.496955,1826.181998,103.459585,9:30,5.45853,-2.40916,5.12539,-28.86742,5.65685,-19.34832,1.76917,0.2227,83.95608,-6.611407,1.083203,0.422896,,,,,,,,,,,,10.82001,3.45492,2.00186,50,5.30803,-9.48361,-131.9766,-4.28622,19.25658,25.70358,-26.02525,89.12929,,7.15146,,,,1000055344,Right,55.37638,-133.01958,12.85179,5.46052,-3.23019,-13.01263,2.40253,-10.26498,9.62829,,,,,,,,,,,,,,,,,,,,,,,,,,,,,,,,,,,,,,,,,,,,,,,,,,,High,High,High,,,,,,v3
80,1/31/2023,2,2,1000051614,Left,T_A,8886045,Right,T_B,3,Bottom,0,0,1,0-1,Slider,Slider,StrikeSwinging,Undefined,Undefined,,Undefined,0,0,82.58974,-0.606899,2.408137,2538.943244,335.611206,5:15,5.34861,-2.51481,4.46079,-48.90101,-6.04134,3.28177,0.69434,0.05609,76.82945,-9.284346,2.982403,0.47119,,,,,,,,,,,,-1.01134,-2.54811,2.25714,50,5.2363,-5.18483,-119.84376,-3.2497,-1.48435,21.17092,-35.91388,79.99419,,5.76029,,,,1000055344,Right,56.04219,-120.90643,10.58546,5.35418,-1.44702,-17.95694,2.51552,-5.11032,-0.74218,,,,,,,,,,,,,,,,,,,,,,,,,,,,,,,,,,,,,,,,,,,,,,,,,,,High,High,High,,,,,,v3
81,1/31/2023,2,3,1000051614,Left,T_A,8886045,Right,T_B,3,Bottom,0,0,2,0-2,Slider,Slider,FoulBall,Undefined,Undefined,,Undefined,0,0,83.72512,0.596388,2.172384,2358.743986,293.694257,3:45,5.4426,-2.36441,4.37281,-43.76054,-1.79154,6.87079,2.36586,0.28377,77.28635,-7.210291,3.370793,0.466268,,,,,,,,,,,,-2.80445,-0.74941,2.12437,50,5.46247,-4.91866,-121.42668,-0.53413,-4.21246,22.43025,-33.29969,80.83852,,6.43877,,,,1000055344,Right,56.12896,-122.55361,11.21513,5.44727,1.13889,-16.64984,2.36617,-4.70702,-2.10623,,,,,,,,,,,,,,,,,,,,,,,,,,,,,,,,,,,,,,,,,,,,,,,,,,,High,High,High,,,,,,v3
82,1/31/2023,2,4,1000051614,Left,T_A,8886045,Right,T_B,3,Bottom,0,0,2,0-2,Slider,Slider,BallCalled,Undefined,Undefined,,Undefined,0,0,84.08682,-2.578438,3.520883,2608.427651,317.504969,4:30,5.48601,-2.40378,4.29825,-46.51963,-3.80099,4.84772,-0.86271,1.37145,76.82098,-10.809088,4.365961,0.470414,,,,,,,,,,,,-1.25772,-0.74028,2.01645,50,5.15824,-7.69137,-121.40666,-7.40005,-1.85001,26.98014,-33.26292,80.12614,,7.26584,,,,1000055344,Right,56.20229,-122.77725,13.49007,5.49125,-5.71029,-16.63146,2.40478,-7.59739,-0.925,,,,,,,,,,,,,,,,,,,,,,,,,,,,,,,,,,,,,,,,,,,,,,,,,,,High,High,High,,,,,,v3
83,1/31/2023,2,5,1000051614,Left,T_A,8886045,Right,T_B,3,Bottom,0,1,2,1-2,Fastball,Sinker,FoulBall,Undefined,Undefined,GroundBall,Undefined,0,0,91.54295,-1.311188,4.652808,2128.217675,99.280809,9:15,5.40185,-2.47012,5.03121,-30.27273,4.74685,-21.336,1.6377,0.1515,82.72464,-6.843987,0.895073,0.425919,55.14549,-43.437173,-57.995259,,,,,4.83548,4.3073,-20.231629,0.030596,12.13174,3.08827,2.04292,50,5.25194,-9.75508,-132.27629,-4.25379,21.23471,31.39796,-26.7685,88.49675,1.70838,8.81831,3.58093,1.70838,-0.14221,1000055344,Right,55.46891,-133.56812,15.69898,5.40429,-3.15244,-13.38425,2.46225,-10.62875,10.61736,,3.58031,31.25267,,,,,,,,1.70949,-55.83623,,,,,,,,-0.14121,-50.00552,,,,,,,,,,,,,,,,,,,,,,,,,,,,,,High,High,High,Low,Low,,,,v3
84,1/31/2023,2,6,1000051614,Left,T_A,8886045,Right,T_B,3,Bottom,0,1,2,1-2,Slider,Changeup,InPlay,Undefined,GroundBall,GroundBall,Error,0,1,84.37204,-1.600573,4.570248,1516.560119,98.303094,9:15,5.21816,-2.50611,4.91561,-37.38695,4.1411,-17.91836,0.58398,0.33116,76.31685,-8.392832,1.41919,0.463812,59.37088,-32.472034,-38.150939,,,,,6.50477,5.46363,-10.982359,0.023108,10.45422,2.91736,2.07543,50,5.03027,-8.95767,-121.84887,-4.82447,15.47811,27.33992,-27.8547,81.26656,1.08271,8.05519,,,,1000055344,Right,55.58446,-123.09551,13.66996,5.2213,-3.55435,-13.92735,2.49997,-9.66344,7.73906,,5.04726,57.89784,,,,,,,,1.08309,-46.85392,,,,,,,,-0.18785,-45.48088,,,,,,,,,,,,,,,,,,,,,,,,,,,,,,High,High,High,Low,Low,,,,v3
85,1/31/2023,3,1,1000051614,Left,T_A,1000051968,Left,T_B,3,Bottom,0,0,0,0-0,Fastball,Sinker,BallCalled,Undefined,Undefined,,Undefined,0,0,92.32588,-2.269479,4.093288,2070.372706,98.471288,9:15,5.47428,-2.43286,5.25584,-29.66659,4.49583,-21.88438,0.86312,-0.40401,83.50923,-7.704264,0.216203,0.420674,,,,,,,,,,,,12.2682,3.31103,2.07417,50,5.24385,-8.51823,-133.46259,-6.47411,21.83434,32.27974,-26.28126,89.60006,,8.81665,,,,1000055344,Right,55.24354,-134.72484,16.13987,5.47692,-5.44642,-13.14063,2.42395,-9.37202,10.91717,,,,,,,,,,,,,,,,,,,,,,,,,,,,,,,,,,,,,,,,,,,,,,,,,,,High,High,High,,,,,,v3
86,1/31/2023,3,2,1000051614,Left,T_A,1000051968,Left,T_B,3,Bottom,0,1,0,1-0,Slider,Slider,FoulBall,Undefined,Undefined,,Undefined,0,0,83.41063,0.924555,2.079126,2517.210041,287.070954,3:30,5.39426,-2.60063,4.32972,-43.80798,-1.17098,8.14658,2.6279,0.06625,76.45227,-6.907766,3.498542,0.469964,90.29162,55.070855,-29.549086,,,,,,64.86169,,,-3.40965,-0.53583,2.36749,50,5.44952,-4.75955,-120.86242,0.15672,-5.03885,23.75781,-32.96591,80.20281,94.56492,6.95836,2.44001,2.82219,-0.01822,1000055344,Right,56.17139,-122.06949,11.8789,5.39901,1.83164,-16.48295,2.60281,-4.50353,-2.51943,161.582418,2.44,65.96239,-24.68111,7.36675,-0.98263,-1.20995,1.477,-0.77348,0.16242,2.82219,108.57137,-25.43117,2.36621,-0.6589,0.8104,-0.78816,0.4019,-0.08396,-0.01822,-37.39311,3.57096,0.07695,0.04654,-0.44991,0.5002,-0.26073,0.05482,,,,,,,,,,,,,,,,,,,,,,,High,High,High,High,Low,,,,v3
87,1/31/2023,3,3,1000051614,Left,T_A,1000051968,Left,T_B,3,Bottom,0,1,1,1-1,Fastball,Sinker,StrikeCalled,Undefined,Undefined,,Undefined,0,0,91.09061,-0.347433,4.148764,2049.778006,101.253275,9:30,5.50605,-2.31201,5.48847,-29.69143,5.10516,-19.27926,2.70587,-0.03054,82.03558,-5.837325,0.723087,0.424561,,,,,,,,,,,,10.98725,3.06504,1.9613,50,5.45571,-8.66066,-131.76247,-1.92068,19.03585,31.78267,-26.86377,88.7799,,9.05503,,,,1000055344,Right,55.00896,-132.9652,15.89134,5.50916,-0.90409,-13.43188,2.30267,-9.38102,9.51792,,,,,,,,,,,,,,,,,,,,,,,,,,,,,,,,,,,,,,,,,,,,,,,,,,,High,High,High,,,,,,v3
88,1/31/2023,3,4,1000051614,Left,T_A,1000051968,Left,T_B,3,Bottom,0,1,2,1-2,Slider,Slider,StrikeSwinging,Strikeout,Undefined,,Undefined,0,0,83.43636,-0.393735,1.914203,2574.005655,331.325942,5:00,5.46982,-2.38256,4.33518,-47.70892,-5.18347,3.55043,1.11759,-0.25669,76.871,-8.874945,2.534298,0.469349,,,,,,,,,,,,-1.20114,-2.06984,2.17247,50,5.37888,-4.20598,-120.94995,-2.81819,-1.78046,23.44393,-35.2422,80.30788,,6.56536,,,,1000055344,Right,56.16584,-122.13924,11.72197,5.4765,-1.03039,-17.6211,2.38354,-4.11566,-0.89023,,,,,,,,,,,,,,,,,,,,,,,,,,,,,,,,,,,,,,,,,,,,,,,,,,,High,High,High,,,,,,v3
89,1/31/2023,4,1,1000051614,Left,T_A,691273,Right,T_B,3,Bottom,1,0,0,0-0,Fastball,Sinker,InPlay,Undefined,FlyBall,FlyBall,Out,1,1,91.72554,-1.535424,4.780877,2008.037986,97.794885,9:15,5.43234,-2.47068,4.91245,-30.86006,3.88685,-19.95792,1.40339,0.39737,83.65253,-7.135718,1.274318,0.424257,72.31539,35.337365,13.792382,4308.757433,103.04763,56.17337,38.48592,235.50071,231.55915,27.658382,4.05689,11.31363,2.65764,2.02075,50,5.25603,-10.13911,-132.61171,-4.83955,20.0935,29.0582,-27.45399,88.84335,58.24609,8.07301,2.53779,1.58927,-0.37848,1000055344,Right,55.58866,-133.83071,14.5291,5.43489,-3.68785,-13.727,2.46377,-10.98204,10.04675,220.718569,2.53847,84.01087,-17.12891,4.12576,-0.817,0.14769,-0.03155,0.00582,-0.00046,1.59007,61.31991,-17.86516,0.41214,0.45442,-0.30718,0.10199,-0.01666,0.00105,-0.37865,20.63154,4.90257,-1.87223,0.51111,-0.11181,0.02102,-0.00293,0.00019,,,,,,,,,,,,,,,,,,,,,,,High,High,High,High,High,,,,v3
90,1/31/2023,1,1,1000064685,Right,T_B,1000058463,Right,T_A,4,Top,0,0,0,0-0,Fastball,Slider,StrikeCalled,Undefined,Undefined,,Undefined,0,0,90.27878,-1.4735,-3.152866,2164.588451,224.434541,1:30,5.35661,2.87279,6.19137,-27.73856,6.24937,5.07067,1.68229,0.3815,82.67858,-6.636657,-2.23885,0.419598,,,,,,,,,,,,-3.52425,3.97622,-2.6376,50,5.23144,7.01032,-131.00594,-4.29057,-6.11538,28.07312,-25.27439,89.82982,,7.6002,,,,1000070079,Right,54.30779,-131.92582,14.03656,5.35846,-3.4624,-12.6372,-2.87059,7.2107,-3.05769,,,,,,,,,,,,,,,,,,,,,,,,,,,,,,,,,,,,,,,,,,,,,,,,,,,High,High,High,,,,,,v3
91,1/31/2023,1,2,1000064685,Right,T_B,1000058463,Right,T_A,4,Top,0,0,1,0-1,Slider,Slider,FoulBall,Undefined,Undefined,Popup,Undefined,0,0,81.82579,-0.144465,-2.708345,2565.607544,67.298451,8:15,5.37552,2.85607,5.11784,-47.11593,-3.78721,-12.42678,1.31296,-0.73264,74.94026,-8.653366,-4.905093,0.473761,59.4615,38.03338,65.190186,4014.118223,31.51656,40.70233,105.38831,175.3633,95.78277,77.273257,3.300984,5.39382,-1.45854,-2.59098,50,5.3251,6.1316,-118.58871,-2.03999,7.61593,24.47532,-34.23347,79.56001,42.31989,6.88553,0.88816,1.28915,0.64488,1000070079,Right,55.38242,-119.69443,12.23766,5.38232,-0.49344,-17.11674,-2.86021,5.78754,3.80797,,0.88795,28.83224,-10.25238,2.70021,-0.68962,0.20599,-0.05644,0.00955,-0.00067,1.28935,53.72417,-19.23114,1.28091,-0.12502,-0.02917,0.01302,-0.00121,-4.00E-05,0.64472,62.35713,-5.91323,1.40329,-0.35605,0.11811,-0.03488,0.00593,-0.0004,,,,,,,,,,,,,,,,,,,,,,,High,High,High,High,Medium,,,,v3
92,1/31/2023,1,3,1000064685,Right,T_B,1000058463,Right,T_A,4,Top,0,0,2,0-2,Fastball,Four-Seam,BallCalled,Undefined,Undefined,,Undefined,0,0,91.0559,-1.91578,-4.618781,2295.831578,212.078459,1:00,5.33495,2.82694,6.27558,-24.29041,9.35997,5.14894,1.5384,-1.01076,82.79349,-6.471343,-3.692377,0.417509,,,,,,,,,,,,-4.05654,5.78677,-2.48744,50,5.18125,10.4329,-131.78379,-5.19187,-7.07713,30.08302,-22.07833,90.27929,,8.26241,,,,1000070079,Right,54.22151,-132.74396,15.04151,5.33571,-4.48719,-11.03916,-2.82404,10.65878,-3.53856,,,,,,,,,,,,,,,,,,,,,,,,,,,,,,,,,,,,,,,,,,,,,,,,,,,High,High,High,,,,,,v3
93,1/31/2023,1,4,1000064685,Right,T_B,1000058463,Right,T_A,4,Top,0,1,2,1-2,Fastball,Sinker,BallCalled,Undefined,Undefined,,Undefined,0,0,91.1538,-1.978851,-2.335968,2250.758963,223.438935,1:30,5.41339,2.8284,6.14159,-27.19982,6.47217,5.02985,1.31578,1.08763,82.81984,-7.05246,-1.428852,0.417644,,,,,,,,,,,,-3.31744,4.30607,-2.65284,50,5.24855,5.18069,-132.19258,-5.48311,-5.80791,30.97268,-24.63533,90.25026,,8.33397,,,,1000070079,Right,54.3558,-133.20924,15.48634,5.41526,-4.67448,-12.31767,-2.82602,5.37133,-2.90395,,,,,,,,,,,,,,,,,,,,,,,,,,,,,,,,,,,,,,,,,,,,,,,,,,,High,High,High,,,,,,v3
94,1/31/2023,1,5,1000064685,Right,T_B,1000058463,Right,T_A,4,Top,0,2,2,2-2,Slider,Slider,StrikeSwinging,Strikeout,Undefined,,Undefined,0,0,82.00764,-0.525139,-1.590385,2446.62027,77.547085,8:30,5.43685,2.83043,4.78694,-44.63113,-0.91154,-10.82422,1.21968,0.42071,74.83835,-8.565386,-3.495719,0.475893,,,,,,,,,,,,4.86697,0.09803,-2.66155,50,5.34542,3.77056,-118.82321,-2.797,6.886,24.9751,-32.03537,79.20359,,7.16929,,,,1000070079,Right,55.71248,-120.01789,12.48755,5.44257,-1.26459,-16.01769,-2.83404,3.44117,3.443,,,,,,,,,,,,,,,,,,,,,,,,,,,,,,,,,,,,,,,,,,,,,,,,,,,High,High,High,,,,,,v3
95,1/31/2023,2,1,1000064685,Right,T_B,1000055244,Left,T_A,4,Top,1,0,0,0-0,Fastball,Sinker,StrikeSwinging,Undefined,Undefined,,Undefined,0,0,90.47876,-1.732044,-3.990002,2191.474565,249.800645,2:15,5.2958,2.92824,6.22923,-30.4312,3.67221,6.82965,1.15753,-0.18974,82.34566,-7.388743,-2.759275,0.420311,,,,,,,,,,,,-4.74945,2.78894,-2.6331,50,5.15127,8.86044,-131.07269,-4.99458,-8.18745,30.05173,-27.36627,89.67758,,8.1331,,,,1000070079,Right,54.26869,-132.04777,15.02587,5.29892,-4.10663,-13.68314,-2.9249,9.1261,-4.09373,,,,,,,,,,,,,,,,,,,,,,,,,,,,,,,,,,,,,,,,,,,,,,,,,,,High,High,High,,,,,,v3
96,1/31/2023,2,2,1000064685,Right,T_B,1000055244,Left,T_A,4,Top,1,0,1,0-1,Fastball,Four-Seam,InPlay,Undefined,GroundBall,GroundBall,Out,1,0,91.64125,-0.859186,-3.289714,2153.653391,227.086465,1:30,5.42904,2.93303,6.05195,-27.80982,5.62961,4.82205,2.31484,0.28626,83.14058,-6.042072,-2.423235,0.416199,94.52802,-18.615622,-18.482044,,,,,7.53388,7.53388,-18.222931,0.050822,-3.50095,3.49906,-2.67954,50,5.34728,7.43085,-132.84855,-2.95126,-6.19185,31.21004,-25.98552,90.56351,2.25305,8.50067,0.81225,2.25305,-0.23557,1000070079,Right,54.44598,-133.88896,15.60502,5.43123,-2.08501,-12.99276,-2.93069,7.63726,-3.09592,180,0.81052,124.82254,,,,,,,,2.25367,-44.33182,,,,,,,,-0.23499,-41.72154,,,,,,,,,,,,,,,,,,,,,,,,,,,,,,High,High,High,High,High,,,,v3
97,1/31/2023,3,1,1000064685,Right,T_B,1000066765,Right,T_A,4,Top,2,0,0,0-0,Slider,Slider,BallCalled,Undefined,Undefined,,Undefined,0,0,81.67259,0.00495,-4.760959,2448.882696,67.026375,8:15,5.35099,2.94144,4.96922,-47.04066,-2.89477,-10.35953,1.43563,-2.42937,74.4675,-8.463037,-6.577716,0.478208,,,,,,,,,,,,3.63638,-1.01433,-2.4713,50,5.31293,10.26983,-117.98459,-1.75037,5.05972,25.14625,-33.58539,78.82021,,7.20509,,,,1000070079,Right,55.52973,-119.15732,12.57313,5.35803,-0.18406,-16.7927,-2.94475,10.03387,2.52986,,,,,,,,,,,,,,,,,,,,,,,,,,,,,,,,,,,,,,,,,,,,,,,,,,,High,High,High,,,,,,v3
98,1/31/2023,3,2,1000064685,Right,T_B,1000066765,Right,T_A,4,Top,2,1,0,1-0,Slider,Slider,BallCalled,Undefined,Undefined,,Undefined,0,0,80.79874,0.18154,-1.194898,2534.833876,66.062656,8:15,5.47229,2.94044,4.82032,-48.20719,-3.53799,-11.16442,1.62701,0.87812,74.1736,-8.489406,-3.161943,0.481034,,,,,,,,,,,,5.15154,-1.36536,-2.81171,50,5.44864,2.9276,-117.19467,-1.4671,7.13969,22.86703,-34.06636,78.35718,,6.62513,,,,1000070079,Right,55.67966,-118.29769,11.43351,5.47977,0.17614,-17.03318,-2.94462,2.58321,3.56985,,,,,,,,,,,,,,,,,,,,,,,,,,,,,,,,,,,,,,,,,,,,,,,,,,,High,High,High,,,,,,v3
99,1/31/2023,3,3,1000064685,Right,T_B,1000066765,Right,T_A,4,Top,2,2,0,2-0,Fastball,Four-Seam,BallCalled,Undefined,Undefined,,Undefined,0,0,89.34639,-3.286557,-6.665934,2226.790307,207.364599,1:00,5.4086,2.88664,6.11078,-24.07194,10.99922,5.13394,0.33961,-2.87723,82.30144,-7.742981,-5.751075,0.426232,,,,,,,,,,,,-4.43201,6.89095,-2.37557,50,5.14176,14.85324,-128.85125,-8.21425,-7.48618,25.59483,-20.53441,88.43166,,7.04496,,,,1000070079,Right,54.38881,-129.72011,12.79742,5.40877,-7.51718,-10.26721,-2.8841,15.10737,-3.74309,,,,,,,,,,,,,,,,,,,,,,,,,,,,,,,,,,,,,,,,,,,,,,,,,,,High,High,High,,,,,,v3
100,1/31/2023,3,4,1000064685,Right,T_B,1000066765,Right,T_A,4,Top,2,3,0,3-0,Slider,Sinker,BallCalled,Walk,Undefined,,Undefined,0,0,90.99622,-3.065339,-4.238353,2174.726421,226.297539,1:30,5.39854,2.92802,5.94557,-22.55537,11.19985,10.62229,0.66516,-0.12525,83.66786,-7.258009,-2.335821,0.418159,,,,,,,,,,,,-6.63512,6.88965,-2.59619,50,5.14086,9.32604,-131.77359,-7.82433,-11.71067,27.01165,-20.01415,90.13896,,7.32836,,,,1000070079,Right,54.55503,-132.70402,13.50582,5.3985,-7.13493,-10.00708,-2.92438,9.72942,-5.85533,,,,,,,,,,,,,,,,,,,,,,,,,,,,,,,,,,,,,,,,,,,,,,,,,,,High,High,High,,,,,,v3
101,1/31/2023,4,1,1000064685,Right,T_B,1000049656,Left,T_A,4,Top,2,0,0,0-0,Fastball,Cutter,StrikeCalled,Undefined,Undefined,,Undefined,0,0,89.69394,-0.272598,-2.736599,2227.53061,217.543194,1:15,5.4314,3.02024,5.85054,-27.37706,7.40752,4.85937,2.89639,0.88039,82.0991,-5.354088,-1.866262,0.424487,,,,,,,,,,,,-3.23717,4.19469,-2.80053,50,5.39323,6.01514,-130.1845,-1.56694,-5.55977,27.13382,-24.96976,88.79519,,7.59484,,,,1000070079,Right,54.64796,-131.14968,13.56691,5.43317,-0.67874,-12.48488,-3.01801,6.21291,-2.77988,,,,,,,,,,,,,,,,,,,,,,,,,,,,,,,,,,,,,,,,,,,,,,,,,,,High,High,High,,,,,,v3
102,1/31/2023,4,2,1000064685,Right,T_B,1000049656,Left,T_A,4,Top,2,0,1,0-1,Slider,Slider,StrikeSwinging,Undefined,Undefined,,Undefined,0,0,81.94389,0.012328,-3.332403,2328.493474,69.246784,8:15,5.54682,2.77215,5.09465,-44.5803,-0.88165,-6.47158,1.84344,-0.91114,74.19403,-8.082489,-4.474528,0.475779,,,,,,,,,,,,2.14677,-0.0739,-2.45158,50,5.51292,7.17396,-118.5476,-1.60095,2.99943,26.50695,-32.2773,79.22255,,7.74986,,,,1000070079,Right,55.4043,-119.7499,13.25347,5.55233,-0.13693,-16.13865,-2.77389,7.03791,1.49971,,,,,,,,,,,,,,,,,,,,,,,,,,,,,,,,,,,,,,,,,,,,,,,,,,,High,High,High,,,,,,v3
103,1/31/2023,4,3,1000064685,Right,T_B,1000049656,Left,T_A,4,Top,2,0,2,0-2,Slider,Slider,BallCalled,Undefined,Undefined,,Undefined,0,0,82.25169,-2.126271,-5.153918,2420.120987,62.456598,8:00,5.37689,2.82361,4.99907,-46.54266,-2.71059,-8.19426,-0.51808,-2.73804,74.92903,-10.463673,-6.592919,0.476505,,,,,,,,,,,,2.40768,-0.3424,-2.31967,50,5.1335,11.03903,-118.62911,-6.1371,3.36336,26.86739,-32.65235,79.10192,,7.32267,,,,1000070079,Right,55.50134,-119.86859,13.4337,5.38188,-4.63074,-16.32618,-2.82536,10.88387,1.68168,,,,,,,,,,,,,,,,,,,,,,,,,,,,,,,,,,,,,,,,,,,,,,,,,,,High,High,High,,,,,,v3
104,1/31/2023,4,4,1000064685,Right,T_B,1000049656,Left,T_A,4,Top,2,1,2,1-2,Slider,Slider,StrikeSwinging,Strikeout,Undefined,,Undefined,0,0,82.65228,-0.867158,-2.841369,2454.823387,69.147291,8:15,5.45467,2.91382,4.96212,-44.67117,-1.53689,-8.0928,0.91178,-0.44705,74.99839,-8.938072,-4.268425,0.472697,,,,,,,,,,,,3.07095,-0.02713,-2.63165,50,5.33413,6.28908,-119.57003,-3.50574,4.36893,26.77576,-32.21262,79.73914,,7.65389,,,,1000070079,Right,55.53539,-120.80323,13.38788,5.46142,-2.02214,-16.10631,-2.91667,6.08786,2.18447,,,,,,,,,,,,,,,,,,,,,,,,,,,,,,,,,,,,,,,,,,,,,,,,,,,High,High,High,,,,,,v3
105,1/31/2023,5,1,1000064685,Right,T_B,1000051953,Right,T_A,4,Top,0,0,0,0-0,Slider,Curveball,BallCalled,Undefined,Undefined,,Undefined,0,0,81.40164,0.06796,-3.325758,2503.703313,58.115513,8:00,5.44459,2.83273,4.91147,-50.48188,-6.66622,-12.81603,1.30214,-1.38363,75.22342,-8.971011,-5.58028,0.476416,,,,,,,,,,,,5.44307,-2.96721,-2.49627,50,5.40858,7.39951,-117.99758,-1.77756,7.67325,22.47716,-36.357,79.11673,,6.17821,,,,1000070079,Right,55.59058,-119.05775,11.23858,5.45198,-0.06272,-18.1785,-2.83675,7.03759,3.83662,,,,,,,,,,,,,,,,,,,,,,,,,,,,,,,,,,,,,,,,,,,,,,,,,,,High,High,High,,,,,,v3
106,1/31/2023,5,2,1000064685,Right,T_B,1000051953,Right,T_A,4,Top,0,1,0,1-0,Fastball,Sinker,BallCalled,Undefined,Undefined,,Undefined,0,0,90.36024,-2.593362,-3.401146,2204.068792,225.118148,1:30,5.40007,3.03301,5.97718,-23.02001,11.13241,10.10449,1.07182,0.7185,82.96165,-6.882086,-1.587536,0.420613,,,,,,,,,,,,-6.13819,6.75178,-2.7695,50,5.18173,7.36607,-131.00573,-6.69991,-10.69212,27.07731,-20.41315,89.61319,,7.39859,,,,1000070079,Right,54.52254,-131.93718,13.53866,5.40013,-5.99771,-10.20658,-3.02922,7.73387,-5.34606,,,,,,,,,,,,,,,,,,,,,,,,,,,,,,,,,,,,,,,,,,,,,,,,,,,High,High,High,,,,,,v3
107,1/31/2023,5,3,1000064685,Right,T_B,1000051953,Right,T_A,4,Top,0,2,0,2-0,Fastball,Slider,BallCalled,Undefined,Undefined,,Undefined,0,0,89.68635,-2.470095,-3.474135,2018.021309,224.146093,1:30,5.28894,2.96423,6.12327,-28.43553,6.49882,5.12359,0.63022,0.17561,81.48498,-7.759864,-2.551847,0.4254,,,,,,,,,,,,-3.76268,4.46922,-2.70083,50,5.0847,7.67963,-129.90169,-6.54883,-6.34962,30.36039,-24.63214,88.60465,,8.20137,,,,1000070079,Right,54.37569,-130.92037,15.18019,5.29057,-5.72235,-12.31607,-2.96208,7.89268,-3.17481,,,,,,,,,,,,,,,,,,,,,,,,,,,,,,,,,,,,,,,,,,,,,,,,,,,High,High,High,,,,,,v3
108,1/31/2023,5,4,1000064685,Right,T_B,1000051953,Right,T_A,4,Top,0,3,0,3-0,Fastball,Sinker,BallCalled,Walk,Undefined,,Undefined,0,0,90.25346,-1.446942,-2.417961,2161.674376,251.082509,2:15,5.33063,2.9043,5.96556,-29.39383,5.0167,11.30875,1.53807,1.60344,82.3041,-6.898728,-0.384771,0.422199,,,,,,,,,,,,-6.51162,3.35103,-2.71877,50,5.19955,5.04819,-130.95125,-4.33198,-11.2399,29.18521,-26.38973,89.27649,,7.94935,,,,1000070079,Right,54.53289,-131.95764,14.59261,5.33324,-3.42199,-13.19487,-2.89952,5.43577,-5.61995,,,,,,,,,,,,,,,,,,,,,,,,,,,,,,,,,,,,,,,,,,,,,,,,,,,High,High,High,,,,,,v3
109,1/31/2023,1,1,1000036209,Right,T_A,1000110361,Right,T_B,4,Bottom,0,0,0,0-0,Slider,Slider,BallCalled,Undefined,Undefined,,Undefined,0,0,85.24658,0.832163,-1.909808,2805.233808,36.248657,7:15,6.16918,0.97929,4.32655,-46.31345,-5.63237,-5.03114,3.10561,-1.26604,78.41067,-7.417481,-2.787216,0.459058,,,,,,,,,,,,1.91618,-2.57004,-0.76783,50,6.2119,4.36204,-123.57955,-0.19519,2.97215,23.93388,-36.16041,82.1082,,6.83591,,,,1000055344,Right,56.17382,-124.76951,11.96694,6.17691,1.60267,-18.08021,-0.98103,4.21427,1.48607,,,,,,,,,,,,,,,,,,,,,,,,,,,,,,,,,,,,,,,,,,,,,,,,,,,High,High,High,,,,,,v3
110,1/31/2023,1,2,1000036209,Right,T_A,1000110361,Right,T_B,4,Bottom,0,1,0,1-0,Slider,Slider,StrikeCalled,Undefined,Undefined,,Undefined,0,0,86.10661,0.106119,-1.238317,2823.190171,59.37161,8:00,6.16432,1.04678,4.60722,-43.31935,-3.89992,-8.58859,2.6553,-0.84663,79.30327,-7.649914,-2.745137,0.451884,,,,,,,,,,,,3.86028,-1.56847,-0.91088,50,6.13497,3.10462,-124.92974,-1.5826,6.11865,24.47905,-34.66011,83.41181,,6.80334,,,,1000055344,Right,55.89308,-126.07916,12.23952,6.17107,0.04488,-17.33005,-1.04992,2.81732,3.05933,,,,,,,,,,,,,,,,,,,,,,,,,,,,,,,,,,,,,,,,,,,,,,,,,,,High,High,High,,,,,,v3
111,1/31/2023,1,3,1000036209,Right,T_A,1000110361,Right,T_B,4,Bottom,0,1,1,1-1,Slider,Slider,BallCalled,Undefined,Undefined,,Undefined,0,0,85.2986,1.02188,-0.261909,2850.714886,48.925555,7:45,6.09858,0.96776,4.72634,-44.24365,-4.19118,-6.22453,3.38131,0.20054,78.25344,-6.937244,-1.356441,0.455497,,,,,,,,,,,,2.97248,-1.94122,-0.93551,50,6.16216,0.8548,-123.75598,0.39263,4.61559,24.41324,-35.18828,82.75005,,7.04515,,,,1000055344,Right,55.77341,-124.8897,12.20662,6.10598,2.02673,-17.59414,-0.97023,0.64046,2.30779,,,,,,,,,,,,,,,,,,,,,,,,,,,,,,,,,,,,,,,,,,,,,,,,,,,High,High,High,,,,,,v3
112,1/31/2023,1,4,1000036209,Right,T_A,1000110361,Right,T_B,4,Bottom,0,2,1,2-1,Slider,Slider,StrikeCalled,Undefined,Undefined,,Undefined,0,0,85.56995,0.174014,-1.341585,2803.083064,36.137698,7:15,6.11916,1.07017,4.60144,-44.92813,-4.99095,-4.5263,2.54068,-0.58311,78.7905,-7.865922,-2.135828,0.454842,,,,,,,,,,,,1.84264,-2.0924,-0.92747,50,6.09528,3.12012,-124.13758,-1.50387,2.88331,24.20323,-35.4482,82.86939,,6.77946,,,,1000055344,Right,55.89856,-125.28235,12.10161,6.12676,0.17277,-17.7241,-1.07182,2.98375,1.44166,,,,,,,,,,,,,,,,,,,,,,,,,,,,,,,,,,,,,,,,,,,,,,,,,,,High,High,High,,,,,,v3
113,1/31/2023,1,5,1000036209,Right,T_A,1000110361,Right,T_B,4,Bottom,0,2,2,2-2,Fastball,Cutter,InPlay,Undefined,GroundBall,GroundBall,Out,1,0,91.26123,-3.542477,-1.933965,2635.816646,187.97525,12:15,6.3213,0.75787,5.13311,-24.97226,9.92378,1.22319,0.89807,-0.96216,83.20146,-8.110867,-1.71738,0.425167,75.97503,-6.35307,16.861818,,,,,4.21854,2.27358,27.647141,0.031669,-1.19146,6.34827,-0.57742,50,5.96946,4.40133,-132.03199,-9.13445,-2.08789,30.02037,-21.04947,88.65325,0.39048,8.05978,0.37918,0.39048,0.93981,1000055344,Right,55.36511,-133.24628,15.01019,6.32171,-8.28302,-10.52474,-0.75716,4.48578,-1.04395,,0.37897,106.02581,,,,,,,,0.39051,-12.33509,,,,,,,,0.93974,32.13594,,,,,,,,,,,,,,,,,,,,,,,,,,,,,,High,High,High,Low,Low,,,,v3
114,1/31/2023,2,1,1000036209,Right,T_A,1000079407,Left,T_B,4,Bottom,1,0,0,0-0,Slider,Slider,BallCalled,Undefined,Undefined,,Undefined,0,0,86.22364,-0.061754,-1.970906,2878.362806,35.07108,7:15,6.19991,0.82471,4.20918,-44.28361,-4.4628,-3.95469,2.45042,-1.39343,79.62247,-7.920452,-2.659482,0.454178,,,,,,,,,,,,1.39571,-1.79894,-0.60359,50,6.14642,4.49453,-125.02638,-2.07579,2.22246,23.79036,-35.0386,82.9904,,6.60117,,,,1000055344,Right,56.29162,-126.21789,11.89518,6.20643,-0.32093,-17.5193,-0.82591,4.38322,1.11123,,,,,,,,,,,,,,,,,,,,,,,,,,,,,,,,,,,,,,,,,,,,,,,,,,,High,High,High,,,,,,v3
115,1/31/2023,2,2,1000036209,Right,T_A,1000079407,Left,T_B,4,Bottom,1,1,0,1-0,Slider,Curveball,StrikeSwinging,Undefined,Undefined,,Undefined,0,0,85.90193,-0.176965,-0.748181,2867.154181,39.484761,7:15,6.20006,0.82947,4.34251,-47.62266,-7.23571,-7.06414,2.0624,-0.47416,78.47636,-8.661883,-1.983205,0.457396,,,,,,,,,,,,3.18508,-3.02795,-0.74144,50,6.13298,1.96874,-124.45782,-2.45269,4.95956,26.6692,-36.88897,82.40665,,7.42557,,,,1000055344,Right,56.15676,-125.77019,13.3346,6.20901,-0.63741,-18.44449,-0.83232,1.72469,2.47978,,,,,,,,,,,,,,,,,,,,,,,,,,,,,,,,,,,,,,,,,,,,,,,,,,,High,High,High,,,,,,v3
116,1/31/2023,2,3,1000036209,Right,T_A,1000079407,Left,T_B,4,Bottom,1,1,1,1-1,Fastball,Four-Seam,StrikeCalled,Undefined,Undefined,,Undefined,0,0,91.20925,-3.047,-0.621895,2685.636113,193.126036,12:30,6.37947,0.7148,4.97487,-16.40588,18.29182,4.0126,2.13157,0.46179,83.72596,-6.098908,0.086317,0.423957,,,,,,,,,,,,-2.15008,10.18871,-0.6582,50,6.07217,1.2426,-132.19715,-7.61564,-3.82327,26.90636,-14.05665,88.90633,,7.4833,,,,1000055344,Right,55.52323,-133.31656,13.45318,6.37684,-7.03083,-7.02832,-0.7132,1.40167,-1.91164,,,,,,,,,,,,,,,,,,,,,,,,,,,,,,,,,,,,,,,,,,,,,,,,,,,High,High,High,,,,,,v3
117,1/31/2023,2,4,1000036209,Right,T_A,1000079407,Left,T_B,4,Bottom,1,1,2,1-2,Fastball,Four-Seam,BallCalled,Undefined,Undefined,,Undefined,0,0,91.84832,-3.993759,-1.998945,2699.265633,196.232166,12:30,6.35216,0.72084,5.19325,-16.41111,17.64556,4.82307,1.21934,-0.75836,84.33254,-7.04721,-1.144871,0.420022,,,,,,,,,,,,-2.93988,10.20008,-0.5392,50,5.96897,4.41383,-132.95574,-9.8544,-5.28395,27.41294,-13.84107,89.73915,,7.51578,,,,1000055344,Right,55.30508,-134.04508,13.70647,6.34964,-9.30438,-6.92053,-0.71877,4.62381,-2.64198,,,,,,,,,,,,,,,,,,,,,,,,,,,,,,,,,,,,,,,,,,,,,,,,,,,High,High,High,,,,,,v3
118,1/31/2023,2,5,1000036209,Right,T_A,1000079407,Left,T_B,4,Bottom,1,2,2,2-2,Slider,Slider,StrikeSwinging,Strikeout,Undefined,,Undefined,0,0,86.93756,-1.671083,-1.036649,2788.468489,69.590189,8:15,6.20226,0.80546,4.64877,-40.24727,-1.40748,-7.10363,1.25979,-0.77162,79.86394,-8.876926,-2.285426,0.448549,,,,,,,,,,,,3.2004,0.12028,-0.69257,50,5.99445,2.61187,-126.0176,-5.34571,5.13254,26.2525,-31.98117,84.03196,,7.07363,,,,1000055344,Right,55.85115,-127.23069,13.12625,6.20732,-3.8679,-15.99058,-0.80778,2.3747,2.56627,,,,,,,,,,,,,,,,,,,,,,,,,,,,,,,,,,,,,,,,,,,,,,,,,,,High,High,High,,,,,,v3
119,1/31/2023,3,1,1000036209,Right,T_A,1000069979,Right,T_B,4,Bottom,2,0,0,0-0,Slider,Slider,BallCalled,Undefined,Undefined,,Undefined,0,0,86.42821,-2.462138,-2.098907,2803.156208,57.659806,8:00,6.09352,0.99958,4.63938,-43.30365,-3.72748,-7.94296,0.14199,-1.65791,79.31687,-10.176907,-3.494844,0.452781,,,,,,,,,,,,3.30134,-0.79378,-0.77675,50,5.80108,4.94878,-125.10582,-7.16595,5.18968,27.15529,-33.42189,83.2465,,7.11134,,,,1000055344,Right,55.86126,-126.37165,13.57764,6.09881,-5.60801,-16.71095,-1.0018,4.70687,2.59484,,,,,,,,,,,,,,,,,,,,,,,,,,,,,,,,,,,,,,,,,,,,,,,,,,,High,High,High,,,,,,v3
120,1/31/2023,3,2,1000036209,Right,T_A,1000069979,Right,T_B,4,Bottom,2,1,0,1-0,Fastball,Four-Seam,InPlay,Undefined,FlyBall,LineDrive,Double,0,0,92.15553,-2.410029,-1.169611,2689.189162,189.817906,12:15,6.27211,0.72677,4.97796,-21.25273,12.91938,2.04189,2.22312,-0.20785,84.14663,-6.323695,-0.809153,0.420734,99.1356,23.649362,11.180339,3514.226499,106.37318,45.7262,28.0131,348.21613,323.927,25.697664,4.524157,-1.35457,7.42174,-0.61568,50,6.0225,2.62965,-133.55161,-6.43878,-2.44022,29.44496,-18.80389,89.5874,65.02028,8.0089,3.43302,2.5083,0.14802,1000055344,Right,55.52116,-134.7634,14.72248,6.27156,-5.66492,-9.40195,-0.72596,2.73007,-1.22011,213.540994,3.4328,130.66391,-30.05395,7.45504,-1.69428,0.34252,-0.05324,0.00511,-0.00021,2.50861,58.31726,-13.66249,-0.35124,0.32087,-0.09539,0.01512,-0.00095,0,0.14793,25.82646,4.51563,-1.45764,0.38637,-0.08307,0.01306,-0.0013,6.00E-05,,,,,,,,,,,,,,,,,,,,,,,High,High,High,High,High,,,,v3
121,1/31/2023,4,1,1000036209,Right,T_A,1000102964,Right,T_B,4,Bottom,2,0,0,0-0,Slider,Slider,BallCalled,Undefined,Undefined,,Undefined,0,0,86.03207,-2.588364,-0.925677,2734.364021,121.983084,10:00,6.15837,1.05792,5.07929,-35.52313,3.41835,-3.53154,0.75616,-0.10906,79.28908,-9.004876,-1.551449,0.449136,,,,,,,,,,,,1.51693,2.74067,-0.96726,50,5.88484,2.16957,-124.75399,-6.9934,2.39163,24.99845,-27.85301,83.92214,,6.74299,,,,1000055344,Right,55.4209,-125.83555,12.49923,6.16134,-5.78834,-13.9265,-1.05889,2.0661,1.19582,,,,,,,,,,,,,,,,,,,,,,,,,,,,,,,,,,,,,,,,,,,,,,,,,,,High,High,High,,,,,,v3
122,1/31/2023,4,2,1000036209,Right,T_A,1000102964,Right,T_B,4,Bottom,2,1,0,1-0,Slider,Slider,StrikeCalled,Undefined,Undefined,,Undefined,0,0,85.90139,0.298257,-1.499451,2785.052664,67.89764,8:15,6.11662,1.08977,4.8621,-41.02246,-1.60913,-7.02071,2.98047,-0.91478,78.69701,-7.106258,-2.736256,0.451849,,,,,,,,,,,,3.02945,-0.48693,-0.93576,50,6.11114,3.58448,-124.58202,-1.0019,4.75386,25.38853,-32.93816,83.41828,,7.20438,,,,1000055344,Right,55.63686,-125.72551,12.69427,6.12285,0.48162,-16.46908,-1.09239,3.37036,2.37693,,,,,,,,,,,,,,,,,,,,,,,,,,,,,,,,,,,,,,,,,,,,,,,,,,,High,High,High,,,,,,v3
123,1/31/2023,4,3,1000036209,Right,T_A,1000102964,Right,T_B,4,Bottom,2,1,1,1-1,Slider,Slider,BallCalled,Undefined,Undefined,,Undefined,0,0,85.89889,-2.651581,-1.366687,2760.815254,89.744417,9:00,6.18307,1.17525,4.99679,-37.82919,1.11453,-2.78642,0.52476,-0.3475,79.76006,-9.44053,-1.859759,0.449149,,,,,,,,,,,,1.04717,1.51681,-1.04138,50,5.89674,3.09417,-124.6256,-7.23971,1.65873,23.36156,-29.77135,83.91972,,6.13883,,,,1000055344,Right,55.50471,-125.65325,11.68078,6.1864,-5.93011,-14.88568,-1.17588,3.0212,0.82936,,,,,,,,,,,,,,,,,,,,,,,,,,,,,,,,,,,,,,,,,,,,,,,,,,,High,High,High,,,,,,v3
124,1/31/2023,4,4,1000036209,Right,T_A,1000102964,Right,T_B,4,Bottom,2,2,1,2-1,Slider,Slider,BallCalled,Undefined,Undefined,,Undefined,0,0,86.35364,-2.079748,-3.140862,2661.352977,138.750343,10:45,6.15919,1.15011,4.94931,-35.12183,3.75866,-2.24575,1.26333,-2.00792,79.57728,-8.410514,-3.536605,0.448784,,,,,,,,,,,,0.26095,2.77103,-0.8432,50,5.92807,6.96367,-125.0713,-5.91673,0.41415,24.76283,-27.77606,83.98795,,6.77636,,,,1000055344,Right,55.55019,-126.16539,12.38142,6.16238,-4.6895,-13.88803,-1.15047,6.94538,0.20707,,,,,,,,,,,,,,,,,,,,,,,,,,,,,,,,,,,,,,,,,,,,,,,,,,,High,High,High,,,,,,v3
125,1/31/2023,4,5,1000036209,Right,T_A,1000102964,Right,T_B,4,Bottom,2,3,1,3-1,Slider,Slider,StrikeSwinging,Undefined,Undefined,,Undefined,0,0,86.60021,-0.890907,-0.851926,2752.669822,62.938054,8:00,6.12881,1.09191,5.03229,-40.22884,-1.42508,-5.35827,1.93569,-0.15845,78.93708,-8.176198,-1.800255,0.448341,,,,,,,,,,,,2.40772,-0.07484,-1.00596,50,6.01135,2.10858,-125.54947,-3.53654,3.80596,27.70675,-32.29235,84.07093,,7.66313,,,,1000055344,Right,55.46659,-126.75012,13.85338,6.13428,-2.13718,-16.14618,-1.09376,1.94365,1.90298,,,,,,,,,,,,,,,,,,,,,,,,,,,,,,,,,,,,,,,,,,,,,,,,,,,High,High,High,,,,,,v3
126,1/31/2023,4,6,1000036209,Right,T_A,1000102964,Right,T_B,4,Bottom,2,3,2,3-2,Slider,Slider,InPlay,Undefined,GroundBall,,Out,1,0,86.10916,-0.546394,-0.857571,2719.788293,51.639454,7:45,6.17012,1.0005,5.03234,-39.81975,-1.11429,-2.85563,2.33622,-0.04664,79.47183,-7.737048,-1.362806,0.447773,,,,,,,,,,,,1.1989,-0.09646,-0.91613,50,6.08566,1.9981,-125.04609,-2.75232,1.90728,24.09703,-32.3275,84.17765,,6.63733,,,,1000055344,Right,55.4684,-126.09548,12.04852,6.17486,-1.34451,-16.16375,-1.00134,1.91505,0.95364,,,,,,,,,,,,,,,,,,,,,,,,,,,,,,,,,,,,,,,,,,,,,,,,,,,High,High,High,,,,,,v3
127,1/31/2023,1,1,1000064685,Right,T_B,1000094105,Right,T_A,5,Top,0,0,0,0-0,Fastball,Sinker,BallCalled,Undefined,Undefined,,Undefined,0,0,88.41253,0.110297,-3.319822,2129.584767,223.812204,1:30,5.49308,2.66007,5.91225,-25.54403,10.57571,8.94804,3.46696,0.32107,79.99433,-4.682255,-1.716987,0.432557,,,,,,,,,,,,-5.57992,5.75032,-2.39857,50,5.48753,7.05081,-128.12244,-0.58496,-9.184,28.89842,-22.7096,87.13862,,8.4182,,,,1000070079,Right,54.58436,-129.15231,14.44921,5.49396,0.22436,-11.3548,-2.65568,7.3781,-4.592,,,,,,,,,,,,,,,,,,,,,,,,,,,,,,,,,,,,,,,,,,,,,,,,,,,High,High,High,,,,,,v3
128,1/31/2023,1,2,1000064685,Right,T_B,1000094105,Right,T_A,5,Top,0,1,0,1-0,Slider,Slider,FoulBall,Undefined,Undefined,,Undefined,0,0,78.21116,0.866716,-1.525459,2342.044586,76.263198,8:30,5.51697,2.96096,4.88684,-49.09577,-1.38831,-12.03847,2.24594,0.5143,71.54935,-8.000934,-3.646759,0.497124,,,,,,,,,,,,5.55433,-0.58421,-2.80039,50,5.56029,3.50919,-113.4016,-0.04782,7.18294,22.07406,-32.92954,75.82103,,6.66181,,,,1000070079,Right,55.61399,-114.48917,11.03703,5.52268,1.57459,-16.46477,-2.96457,3.1553,3.59147,,,,,,,,,,,,,,,,,,,,,,,,,,,,,,,,,,,,,,,,,,,,,,,,,,,High,High,High,,,,,,v3
129,1/31/2023,1,3,1000064685,Right,T_B,1000094105,Right,T_A,5,Top,0,1,1,1-1,Fastball,Changeup,BallCalled,Undefined,Undefined,,Undefined,0,0,88.84275,-2.641244,-5.771147,1855.071456,244.405043,2:15,5.40276,2.8681,6.07685,-31.35407,4.40429,6.66689,0.3319,-1.93425,81.07319,-8.425352,-4.578564,0.430388,,,,,,,,,,,,-5.20996,3.40016,-2.42399,50,5.18065,12.69957,-128.29386,-6.9939,-8.61376,28.52782,-26.55251,87.57777,,7.76955,,,,1000070079,Right,54.42271,-129.27356,14.26391,5.40518,-6.08203,-13.27625,-2.8652,12.99539,-4.30688,,,,,,,,,,,,,,,,,,,,,,,,,,,,,71.02894,,,,,,,-0.52521,5.83625,2.2258,,,,-0.43264,102.15583,-8.80768,5.86416,9.02105,-12.58735,2.19613,-9.53197,2.28645,High,High,High,,,High,High,High,v3
130,1/31/2023,1,4,1000064685,Right,T_B,1000094105,Right,T_A,5,Top,0,2,1,2-1,Fastball,Four-Seam,InPlay,Undefined,GroundBall,GroundBall,Out,1,0,90.47138,-1.247032,-3.399382,1984.113962,224.037704,1:30,5.49173,2.91505,6.09702,-26.66812,7.53847,6.1674,2.11379,0.28121,82.22948,-6.227822,-2.290297,0.420946,62.90895,-56.35428,-6.091161,,,,,3.15406,1.72952,-8.133858,0.027789,-4.22083,4.60654,-2.65634,50,5.38158,7.53445,-131.15532,-3.74391,-7.28892,29.96362,-24.21902,89.54221,2.14287,8.2419,1.70419,2.14287,-0.29492,1000070079,Right,54.40125,-132.157,14.98181,5.49321,-2.93428,-12.10951,-2.91229,7.77812,-3.64446,,1.7033,51.03202,,,,,,,,2.14422,-77.1119,,,,,,,,-0.29483,-5.44579,,,,,,,,,,,,,,,,,,,,,,,,,,,,,,High,High,High,Estimated,Estimated,,,,v3
131,1/31/2023,2,1,1000064685,Right,T_B,1000138679,Right,T_A,5,Top,1,0,0,0-0,Slider,Slider,BallCalled,Undefined,Undefined,,Undefined,0,0,81.14527,-0.315547,-1.114464,2309.892266,73.363237,8:30,5.50837,2.85465,5.02264,-44.85636,-0.2163,-6.22555,1.47251,1.28405,73.339,-8.468342,-2.215654,0.480877,,,,,,,,,,,,2.69914,0.50673,-2.74276,50,5.44248,2.55594,-117.48808,-2.30546,3.70095,26.20703,-31.47926,78.38274,,7.80627,,,,1000070079,Right,55.47343,-118.70271,13.10351,5.51553,-0.84648,-15.73963,-2.85724,2.38441,1.85048,,,,,,,,,,,,,,,,,,,,,,,,,,,,,,,,,,,,,,,,,,,,,,,,,,,High,High,High,,,,,,v3
132,1/31/2023,2,2,1000064685,Right,T_B,1000138679,Right,T_A,5,Top,1,1,0,1-0,Fastball,Four-Seam,FoulBall,Undefined,Undefined,,Undefined,0,0,91.2553,-1.453395,-2.826676,1939.991731,218.489453,1:15,5.44173,2.88146,6.11782,-26.90246,6.84953,4.49288,1.85421,0.64037,82.55114,-6.484486,-2.017585,0.418139,,,,,,,,,,,,-3.23303,4.34587,-2.66709,50,5.31632,6.34311,-132.28418,-4.25896,-5.64543,32.05331,-24.58548,90.14327,,8.70416,,,,1000070079,Right,54.37983,-133.34122,16.02665,5.4434,-3.44819,-12.29274,-2.87934,6.52928,-2.82271,,,,,,,,,,,,,,,,,,,,,,,,,,,,,,,,,,,,,,,,,,,,,,,,,,,High,High,High,,,,,,v3
133,1/31/2023,2,3,1000064685,Right,T_B,1000138679,Right,T_A,5,Top,1,1,1,1-1,Fastball,Sinker,StrikeSwinging,Undefined,Undefined,,Undefined,0,0,89.60922,-1.035452,-2.488335,2188.774592,237.205488,2:00,5.4672,2.80952,6.07473,-28.81151,6.44756,7.95119,2.10713,1.16823,80.52873,-6.432532,-1.056691,0.427373,,,,,,,,,,,,-4.91229,4.07185,-2.62094,50,5.37205,5.30185,-129.83528,-3.31085,-8.21202,32.41493,-25.36697,88.19571,,9.08048,,,,1000070079,Right,54.42052,-130.93426,16.20747,5.46972,-2.45082,-12.68348,-2.80541,5.58027,-4.10601,,,,,,,,,,,,,,,,,,,,,,,,,,,,,,,,,,,,,,,,,,,,,,,,,,,High,High,High,,,,,,v3
134,1/31/2023,2,4,1000064685,Right,T_B,1000138679,Right,T_A,5,Top,1,1,2,1-2,Slider,Slider,InPlay,Undefined,LineDrive,LineDrive,Double,0,2,80.83306,0.013534,-2.119042,2440.733392,71.145247,8:15,5.50619,2.7754,5.03241,-46.2718,-1.64319,-9.23859,1.66299,0.00532,73.70901,-8.362545,-3.751177,0.480815,72.97526,17.525083,-5.276978,1487.645203,109.85048,19.17788,-5.73201,188.36427,188.36427,-1.323775,2.327751,3.96658,-0.45209,-2.56493,50,5.47017,4.71862,-117.13939,-1.66178,5.44906,24.46396,-32.79512,78.39279,19.32378,7.12405,2.81466,1.83554,-0.08473,1000070079,Right,55.46745,-118.27573,12.23198,5.51199,-0.13846,-16.39756,-2.77823,4.46552,2.72453,217.240593,2.81466,101.62982,-13.86402,2.79445,-0.54359,0.09942,-0.01736,0.00235,-0.00016,1.83554,32.22928,-15.61241,0.80439,-0.11624,0.01659,-0.0011,0.00019,-3.00E-05,-0.08473,-9.38671,4.98474,-1.12854,0.24202,-0.04844,0.0087,-0.0012,8.00E-05,,,,,,,,,,,,,,,,,,,,,,,High,High,High,High,High,,,,v3
135,1/31/2023,3,1,1000064685,Right,T_B,1000194300,Left,T_A,5,Top,1,0,0,0-0,Fastball,Slider,FoulBall,Undefined,Undefined,GroundBall,Undefined,0,0,88.62798,-1.606838,-3.527365,2179.841038,209.305144,1:00,5.45881,2.95447,5.84116,-27.71868,8.05418,3.88134,1.65235,-0.00446,81.17776,-6.737715,-2.832938,0.430475,75.79167,-4.614669,-71.921002,,,,,7.59347,7.59347,-63.505742,0.075656,-2.97386,4.91563,-2.66916,50,5.31143,7.75583,-128.4701,-4.55545,-4.96604,26.81631,-23.96544,87.56009,0.67702,7.45022,0.78455,0.67702,1.17766,1000070079,Right,54.65721,-129.43857,13.40815,5.46032,-3.68993,-11.98272,-2.9525,7.93517,-2.48302,180,0.7843,34.40543,,,,,,,,0.67709,-8.94879,,,,,,,,1.17844,-105.39436,,,,,,,,,,,,,,,,,,,,,,,,,,,,,,High,High,High,Low,Low,,,,v3
136,1/31/2023,3,2,1000064685,Right,T_B,1000194300,Left,T_A,5,Top,1,0,1,0-1,Slider,Slider,BallCalled,Undefined,Undefined,,Undefined,0,0,80.3479,1.392658,-0.549517,2429.777767,73.56247,8:30,5.49312,2.85359,4.87182,-47.79829,-2.40728,-13.38028,2.8281,1.21855,73.04954,-7.260549,-2.907507,0.484905,,,,,,,,,,,,6.40788,-1.14276,-2.78763,50,5.5897,1.69681,-116.43893,1.0347,8.70804,23.93419,-33.72703,77.73166,,7.29836,,,,1000070079,Right,55.62689,-117.58986,11.96709,5.50095,2.65654,-16.86352,-2.85915,1.27806,4.35402,,,,,,,,,,,,,,,,,,,,,,,,,,,,,,,,,,,,,,,,,,,,,,,,,,,High,High,High,,,,,,v3
137,1/31/2023,3,3,1000064685,Right,T_B,1000194300,Left,T_A,5,Top,1,1,1,1-1,Fastball,Cutter,StrikeSwinging,Undefined,Undefined,,Undefined,0,0,88.43628,-1.03924,-1.267234,2201.251754,195.226443,12:30,5.39824,3.00818,5.74499,-26.49108,9.538,2.27677,2.22273,2.01786,80.71342,-5.963026,-0.859554,0.432014,,,,,,,,,,,,-1.5226,5.5126,-2.90425,50,5.29576,2.74188,-128.36504,-3.23287,-2.53142,27.45494,-23.00886,87.24819,,7.72286,,,,1000070079,Right,54.75248,-129.37752,13.72747,5.39933,-2.38435,-11.50443,-3.00708,2.83523,-1.26571,,,,,,,,,,,,,,,,,,,,,,,,,,,,,,,,,,,,,,,,,,,,,,,,,,,High,High,High,,,,,,v3
138,1/31/2023,3,4,1000064685,Right,T_B,1000194300,Left,T_A,5,Top,1,1,2,1-2,Slider,Slider,StrikeSwinging,Strikeout,Undefined,,Undefined,0,0,81.8487,-0.389099,-3.336285,2536.187657,87.358171,9:00,5.42823,2.94642,4.96669,-42.53884,1.09362,-7.74843,1.51514,-0.85441,74.76976,-8.078507,-4.700303,0.475419,,,,,,,,,,,,2.84914,1.04461,-2.61671,50,5.35562,7.23677,-118.48602,-2.38162,4.01557,24.45257,-30.70177,79.28262,,7.07894,,,,1000070079,Right,55.53247,-119.62233,12.22629,5.43314,-0.9549,-15.35089,-2.94866,7.05017,2.00779,,,,,,,,,,,,,,,,,,,,,,,,,,,,,,,,,,,,,,,,,,,,,,,,,,,High,High,High,,,,,,v3
139,1/31/2023,4,1,1000064685,Right,T_B,1000187793,Left,T_A,5,Top,2,0,0,0-0,Fastball,Sinker,BallCalled,Undefined,Undefined,GroundBall,Undefined,0,0,89.80034,-1.31232,-4.930857,2197.774103,231.728763,1:45,5.4318,2.66361,5.83558,-29.1532,5.79221,5.93618,1.77786,-1.43612,82.23925,-6.690069,-3.872236,0.425467,24.56186,-3.893274,-63.594231,,,,,24.45894,1.75378,-60.041576,0.691048,-4.42654,3.65177,-2.2642,50,5.30717,10.96325,-129.97739,-4.00844,-7.56879,27.36809,-25.92999,88.59065,1.7214,7.56109,0.96506,1.7214,1.46437,1000070079,Right,54.66384,-130.95573,13.68405,5.43389,-3.08151,-12.965,-2.66094,11.23381,-3.78439,,0.93232,16.27822,,,,,,,,1.72641,-2.49102,,,,,,,,1.53031,-32.78398,,,,,,,,,,,,,,,,,,,,,,,,,,,,,,High,High,High,Estimated,Estimated,,,,v3
140,1/31/2023,4,2,1000064685,Right,T_B,1000187793,Left,T_A,5,Top,2,1,0,1-0,Fastball,Slider,FoulBall,Undefined,Undefined,,Undefined,0,0,88.84339,-1.072977,-2.916002,2201.025112,212.125931,1:00,5.37743,3.11269,5.74473,-28.32313,7.23823,3.85874,2.01676,0.71696,81.57658,-6.303243,-2.226179,0.429201,,,,,,,,,,,,-2.77658,4.29374,-2.87259,50,5.2707,6.40663,-128.93253,-3.40402,-4.6832,26.30393,-24.93187,87.82003,,7.26681,,,,1000070079,Right,54.75533,-129.89906,13.15196,5.37895,-2.48791,-12.46594,-3.11116,6.57871,-2.3416,,,,,,,,,,,,,,,,,,,,,,,,,,,,,,,,,,,,,,,,,,,,,,,,,,,High,High,High,,,,,,v3
141,1/31/2023,4,3,1000064685,Right,T_B,1000187793,Left,T_A,5,Top,2,1,1,1-1,Slider,Slider,StrikeSwinging,Undefined,Undefined,,Undefined,0,0,81.29845,-0.454566,-3.03277,,74.566969,8:30,5.55011,2.61577,4.70286,-45.59069,-0.87496,-8.63453,1.31878,-0.98528,74.22803,-8.644262,-4.546995,0.481284,,,,,,,,,,,,3.46209,-0.18728,-2.29979,50,5.46265,6.58833,-117.71648,-2.63324,4.79691,24.96646,-32.43353,78.31639,,7.07043,,,,1000070079,Right,55.80044,-118.94033,12.48323,5.55276,-1.04335,-16.21677,-2.61698,6.35319,2.39846,,,,,,,,,,,,,,,,,,,,,,,,,,,,,,,,,,,,,,,,,,,,,,,,,,,High,Medium,Medium,,,,,,v3
142,1/4/1900,4,4,1000064685,Right,T_B,1000187793,Left,T_A,5,Top,2,1,2,1-2,Slider,,StrikeSwinging,Strikeout,Undefined,,Undefined,0,0,,,,,,,,,,,,,,,,,,,,,,,,,,,,,,,,,,,,,,,,,,,,,,,1000070079,Right,,,,,,,,,,,,,,,,,,,,,,,,,,,,,,,,,,,,,,,,,,,,,,,,,,,,,,,,,,,,,,,,,,,,v3
143,1/31/2023,1,1,1000036209,Right,T_A,1000110355,Right,T_B,5,Bottom,0,0,0,0-0,Fastball,Slider,InPlay,Undefined,LineDrive,,Single,0,0,84.69114,-0.223626,-1.117714,,82.348121,8:45,6.21543,1.13507,5.06792,-39.63266,0.76658,-4.22697,2.70182,-0.27117,77.29856,-7.422766,-1.865638,0.457465,,,,,,,,,,,,1.78032,0.80161,-1.0254,50,6.16272,2.58103,-122.82952,-1.98385,2.70168,25.84568,-30.95756,82.39411,,7.39258,,,,1000055344,Right,55.43133,-123.96711,12.92284,6.22005,-0.62126,-15.47878,-1.13638,2.46212,1.35084,,,,,,,,,,,,,,,,,,,,,,,,,,,,,,,,,,,,,,,,,,,,,,,,,,,High,High,High,,,,,,v3
144,1/31/2023,2,1,1000036209,Right,T_A,1000187798,Right,T_B,5,Bottom,0,0,0,0-0,Slider,Slider,BallCalled,Undefined,Undefined,,Undefined,0,0,84.51029,1.587746,-0.604368,2769.048676,71.957861,8:30,6.16364,1.08931,5.15608,-41.74195,-1.55102,-8.56898,4.1802,-0.1937,77.39356,-6.001018,-2.121661,0.456284,,,,,,,,,,,,4.08658,-0.81276,-1.02606,50,6.27993,1.67143,-122.6414,1.80723,6.22709,24.14348,-33.41253,82.60737,,7.11673,,,,1000055344,Right,55.34324,-123.68881,12.07174,6.17008,3.25676,-16.70627,-1.09271,1.40129,3.11354,,,,,,,,,,,,,,,,,,,,,,,,,,,,,,,,,,,,,,,,,,,,,,,,,,,High,High,High,,,,,,v3
145,1/31/2023,2,2,1000036209,Right,T_A,1000187798,Right,T_B,5,Bottom,0,1,0,1-0,Fastball,Four-Seam,BallCalled,Undefined,Undefined,,Undefined,0,0,91.6786,-4.135791,-2.39086,2570.765358,213.032349,1:00,6.23681,0.75207,5.61921,-15.60013,18.44493,11.21005,1.06702,-0.54631,83.2183,-7.094042,-0.39033,0.419951,,,,,,,,,,,,-6.43965,10.97619,-0.55554,50,5.87345,5.03865,-132.60247,-10.0766,-11.36448,30.69531,-12.80369,89.7544,,8.46029,,,,1000055344,Right,54.87928,-133.72718,15.34765,6.23408,-9.60746,-6.40185,-0.74779,5.45505,-5.68224,,,,,,,,,,,,,,,,,,,,,,,,,,,,,,,,,,,,,,,,,,,,,,,,,,,High,High,High,,,,,,v3
146,1/31/2023,2,3,1000036209,Right,T_A,1000187798,Right,T_B,5,Bottom,0,2,0,2-0,Slider,Slider,BallCalled,Undefined,Undefined,,Undefined,0,0,86.10123,0.304258,-2.182601,2698.949926,88.747477,9:00,6.11116,1.07936,4.95855,-37.93797,1.14126,-3.79795,3.23733,-1.3002,78.87276,-6.569477,-2.852161,0.44993,,,,,,,,,,,,1.26185,0.87811,-0.86467,50,6.10958,4.93229,-124.83579,-0.83585,1.99099,25.16113,-30.78854,83.77409,,7.22847,,,,1000055344,Right,55.5395,-125.94735,12.58057,6.11646,0.52432,-15.39427,-1.08062,4.84433,0.9955,,,,,,,,,,,,,,,,,,,,,,,,,,,,,,,,,,,,,,,,,,,,,,,,,,,High,High,High,,,,,,v3
147,1/31/2023,2,4,1000036209,Right,T_A,1000187798,Right,T_B,5,Bottom,0,3,0,3-0,Fastball,Four-Seam,BallCalled,Walk,Undefined,,Undefined,0,0,91.66696,-1.514452,-0.606115,2701.105987,198.311479,12:30,6.26927,0.83863,5.3831,-15.63835,18.49269,5.73418,3.54607,0.7483,83.12659,-4.485489,0.413402,0.420481,,,,,,,,,,,,-3.04992,10.06871,-0.78857,50,6.12322,1.13734,-132.91093,-4.00892,-5.4172,30.36163,-14.29014,89.64126,,8.54038,,,,1000055344,Right,55.11323,-134.07389,15.18082,6.26629,-3.46156,-7.14507,-0.83611,1.34484,-2.7086,,,,,,,,,,,,,,,,,,,,,,,,,,,,,,,,,,,,,,,,,,,,,,,,,,,High,High,High,,,,,,v3
148,1/31/2023,3,1,1000036209,Right,T_A,8886045,Left,T_B,5,Bottom,0,0,0,0-0,Slider,Slider,InPlay,Undefined,GroundBall,GroundBall,Out,1,0,86.82267,-1.353327,-1.090406,2672.926253,155.465155,11:15,6.19096,0.99761,5.07327,-31.54848,6.68252,-2.49898,2.28558,-0.23877,79.63279,-7.100363,-1.532558,0.44502,49.52469,-63.747855,76.704399,,,,,3.48476,2.97744,22.811012,0.04063,0.94795,4.03579,-0.89209,50,6.03772,2.50813,-125.95764,-4.17121,1.52227,25.68494,-25.69319,84.69838,2.66775,7.18988,2.90963,2.66775,0.07057,1000055344,Right,55.42623,-127.05932,12.84247,6.19299,-3.06918,-12.84659,-0.99827,2.44284,0.76114,,2.90925,7.44731,,,,,,,,2.67112,-65.66025,,,,,,,,0.06895,31.51513,,,,,,,,,,,,,,,,,,,,,,,,,,,,,,High,High,High,Low,Low,,,,v3
149,1/31/2023,4,1,1000036209,Right,T_A,1000051968,Left,T_B,5,Bottom,1,0,0,0-0,Slider,Slider,FoulBall,Undefined,Undefined,,Undefined,0,0,85.95696,-0.726504,-1.53343,2769.431917,83.827959,8:45,6.18858,0.9108,5.11953,-38.21742,0.9139,-3.41654,2.31917,-0.81869,78.55444,-7.667222,-2.138511,0.450229,,,,,,,,,,,,1.2635,0.99106,-0.76375,50,6.09036,3.48633,-124.66297,-3.03828,1.97614,26.50083,-30.62403,83.71835,,7.40252,,,,1000055344,Right,55.38027,-125.80151,13.25041,6.19263,-1.7226,-15.31201,-0.91171,3.40143,0.98807,,,,,,,,,,,,,,,,,,,,,,,,,,,,,,,,,,,,,,,,,,,,,,,,,,,High,High,High,,,,,,v3
150,1/31/2023,4,2,1000036209,Right,T_A,1000051968,Left,T_B,5,Bottom,1,0,1,0-1,Slider,Slider,StrikeSwinging,Undefined,Undefined,,Undefined,0,0,85.92786,-1.297793,-0.84416,2771.729491,100.722843,9:15,6.17368,0.87148,4.92443,-36.90486,2.3465,-5.8824,1.87105,-0.41682,78.94461,-7.966312,-1.882839,0.450919,,,,,,,,,,,,2.67835,1.88437,-0.78407,50,6.01651,2.10234,-124.64173,-4.27163,4.212,25.13035,-29.21069,83.59023,,6.98325,,,,1000055344,Right,55.57465,-125.76067,12.56517,6.17775,-2.971,-14.60534,-0.8735,1.9148,2.106,,,,,,,,,,,,,,,,,,,,,,,,,,,,,,,,,,,,,,,,,,,,,,,,,,,High,High,High,,,,,,v3
151,1/31/2023,4,3,1000036209,Right,T_A,1000051968,Left,T_B,5,Bottom,1,0,2,0-2,Fastball,Four-Seam,StrikeCalled,Strikeout,Undefined,,Undefined,0,0,90.42137,-2.395142,-0.121877,2493.235488,197.85096,12:30,6.43096,0.81007,5.52744,-16.20745,18.54391,5.60406,2.83995,1.16313,82.48545,-5.460816,0.877355,0.424285,,,,,,,,,,,,-2.85492,10.37772,-0.80327,50,6.21214,0.02545,-131.14329,-5.98811,-4.96128,28.28845,-14.13961,88.83758,,7.93592,,,,1000055344,Right,54.96956,-132.21091,14.14423,6.42806,-5.45448,-7.0698,-0.80776,0.21269,-2.48064,,,,,,,,,,,,,,,,,,,,,,,,,,,,,,,,,,,,,,,,,,,,,,,,,,,High,High,High,,,,,,v3
152,1/31/2023,5,1,1000036209,Right,T_A,691273,Right,T_B,5,Bottom,2,0,0,0-0,Slider,Slider,BallCalled,Undefined,Undefined,,Undefined,0,0,86.39891,-2.122924,-1.484521,2661.513568,112.191462,9:45,6.07347,0.99579,5.00463,-36.0438,3.0515,-4.20874,1.06426,-0.75659,78.81349,-8.651523,-2.228786,0.450022,,,,,,,,,,,,1.64898,2.51374,-0.84957,50,5.84031,3.43077,-125.14369,-6.03083,2.58924,27.57851,-28.22697,83.7569,,7.58542,,,,1000055344,Right,55.49425,-126.34869,13.78926,6.07687,-4.7975,-14.11348,-0.997,3.31764,1.29462,,,,,,,,,,,,,,,,,,,,,,,,,,,,,,,,,,,,,,,,,,,,,,,,,,,High,High,High,,,,,,v3
153,1/31/2023,5,2,1000036209,Right,T_A,691273,Right,T_B,5,Bottom,2,1,0,1-0,Slider,Slider,StrikeSwinging,Undefined,Undefined,,Undefined,0,0,85.28473,-1.012457,-1.507955,2582.799082,67.683295,8:15,6.08746,1.09078,4.86888,-40.12164,-0.04043,-3.26299,1.78543,-0.6085,78.12168,-8.248998,-2.083408,0.455661,,,,,,,,,,,,1.17811,0.63571,-0.93944,50,5.95368,3.40176,-123.64047,-3.76846,1.81598,25.62545,-31.19413,82.7204,,7.16305,,,,1000055344,Right,55.63031,-124.80194,12.81273,6.09244,-2.35459,-15.59706,-1.09176,3.31945,0.90799,,,,,,,,,,,,,,,,,,,,,,,,,,,,,,,,,,,,,,,,,,,,,,,,,,,High,High,High,,,,,,v3
154,1/31/2023,5,3,1000036209,Right,T_A,691273,Right,T_B,5,Bottom,2,1,1,1-1,Slider,Slider,BallCalled,Undefined,Undefined,,Undefined,0,0,85.80294,1.055216,-1.098723,2725.032254,79.001927,8:45,6.12348,1.06664,4.88578,-38.65467,0.72095,-2.5726,3.90084,-0.18731,78.56934,-5.947316,-1.551993,0.451632,,,,,,,,,,,,0.96595,0.43634,-0.95656,50,6.19442,2.50484,-124.46669,0.75855,1.51691,24.72932,-31.48882,83.45824,,7.2336,,,,1000055344,Right,55.61311,-125.57697,12.36466,6.12862,2.17231,-15.74441,-1.06749,2.43673,0.75846,,,,,,,,,,,,,,,,,,,,,,,,,,,,,,,,,,,,,,,,,,,,,,,,,,,High,High,High,,,,,,v3
155,1/31/2023,5,4,1000036209,Right,T_A,691273,Right,T_B,5,Bottom,2,2,1,2-1,Slider,Slider,BallCalled,Undefined,Undefined,,Undefined,0,0,85.48011,1.208702,-0.75666,2634.291033,105.536482,9:30,6.09588,1.08406,4.89197,-37.67978,2.07323,-2.91658,4.09952,0.12523,78.05273,-5.633535,-1.270585,0.453792,,,,,,,,,,,,1.22331,1.0663,-1.00733,50,6.18273,1.77059,-123.96374,1.13515,1.90129,25.05914,-30.5168,83.06113,,7.42738,,,,1000055344,Right,55.60626,-125.09191,12.52957,6.1007,2.50902,-15.2584,-1.08512,1.68499,0.95064,,,,,,,,,,,,,,,,,,,,,,,,,,,,,,,,,,,,,,,,,,,,,,,,,,,High,High,High,,,,,,v3
156,1/31/2023,5,5,1000036209,Right,T_A,691273,Right,T_B,5,Bottom,2,3,1,3-1,Slider,Slider,InPlay,Undefined,LineDrive,LineDrive,Double,0,3,85.32422,-0.091683,-0.525852,2651.30427,94.470746,9:15,6.04683,1.01593,4.86608,-38.32187,1.46583,-3.08516,2.76658,0.26116,78.3756,-7.020205,-1.069786,0.453989,92.01281,21.006241,27.002179,4006.724228,94.32796,36.12773,56.58828,293.53836,289.27024,39.976773,3.601505,1.38984,1.06925,-0.96136,50,6.00508,1.27419,-123.83727,-1.70067,2.16153,24.37814,-30.51109,83.02495,42.43141,6.94862,1.82159,2.72221,-0.3567,1000055344,Right,55.63413,-124.94146,12.18907,6.05081,-0.31869,-15.25555,-1.01686,1.17629,1.08076,229.125589,1.82172,112.24166,-24.85506,5.32964,-0.9583,0.09376,0.00684,-0.00369,0.00038,2.72208,48.38334,-15.86636,0.88926,-0.25666,0.13101,-0.04434,0.00858,-0.00069,-0.35687,57.20803,-0.0307,-0.9125,0.2051,0.0072,-0.01325,0.00266,-0.00017,,,,,,,,,,,,,,,,,,,,,,,High,High,High,High,High,,,,v3
157,1/31/2023,6,1,1000036209,Right,T_A,1000110361,Right,T_B,5,Bottom,2,0,0,0-0,Fastball,Four-Seam,StrikeCalled,Undefined,Undefined,,Undefined,0,0,91.04745,-2.085031,-1.973898,2558.00245,195.950287,12:30,6.27971,0.70674,5.46112,-15.95465,18.78584,5.01048,2.99654,-0.72402,82.15418,-5.12667,-1.082475,0.424218,,,,,,,,,,,,-3.12685,10.45497,-0.53632,50,6.08541,4.30977,-131.82809,-5.28989,-5.43364,31.29858,-14.00605,88.85155,,8.89327,,,,1000055344,Right,55.0339,-133.01787,15.64929,6.27638,-4.75747,-7.00302,-0.70407,4.51633,-2.71682,,,,,,,,,,,,,,,,,,,,,,,,,,,,,,,,,,,,,,,,,,,,,,,,,,,High,High,High,,,,,,v3
158,1/31/2023,6,2,1000036209,Right,T_A,1000110361,Right,T_B,5,Bottom,2,0,1,0-1,Fastball,Four-Seam,FoulBall,Undefined,Undefined,,Undefined,0,0,90.94191,-2.697633,-0.379297,2536.129065,196.566054,12:30,6.25366,0.78689,5.55684,-16.63462,17.93536,4.97445,2.34504,0.84704,82.43212,-5.850819,0.508264,0.423176,70.18885,59.463313,120.984851,5792.299336,,,,,24.71907,,,-2.64473,10.26713,-0.75755,50,6.0099,0.65085,-131.7976,-6.73267,-4.605,30.64885,-14.29678,89.0704,42.77876,8.50979,1.66011,2.37721,-0.88501,1000055344,Right,54.94089,-132.94161,15.32443,6.25124,-6.19903,-7.14839,-0.78506,0.82274,-2.3025,324.260994,1.66011,-26.92684,-5.2862,2.57898,0.03105,-5.69281,18.33585,-25.3963,13.09722,2.37721,88.66563,-27.53765,3.28422,-0.50709,-0.51273,1.5905,-1.97931,0.94382,-0.88501,44.84094,-11.96096,2.88371,-0.11022,-3.41219,10.7542,-14.69969,7.51767,,,,,,,,,,,,,,,,,,,,,,,High,High,High,High,Low,,,,v3
159,1/31/2023,6,3,1000036209,Right,T_A,1000110361,Right,T_B,5,Bottom,2,0,2,0-2,Slider,Slider,BallCalled,Undefined,Undefined,,Undefined,0,0,86.05393,0.490912,-2.002825,2620.35862,28.612375,7:00,6.04045,1.07059,4.75324,-43.1955,-3.33949,-2.57685,2.90668,-1.04432,78.04342,-7.305087,-2.455742,0.454379,,,,,,,,,,,,0.63217,-1.34209,-0.867,50,6.05185,4.47889,-124.58941,-0.70849,0.98203,27.75939,-34.25895,82.95372,,8.01051,,,,1000055344,Right,55.74389,-125.86268,13.8797,6.04831,0.86291,-17.12947,-1.07141,4.43385,0.49102,,,,,,,,,,,,,,,,,,,,,,,,,,,,,,,,,,,,,,,,,,,,,,,,,,,High,High,High,,,,,,v3
160,1/31/2023,6,4,1000036209,Right,T_A,1000110361,Right,T_B,5,Bottom,2,1,2,1-2,Slider,Slider,BallCalled,Undefined,Undefined,,Undefined,0,0,86.55325,-3.75565,-1.958821,2636.734141,130.95964,10:15,6.06874,1.01749,4.97317,-35.47781,3.52406,-2.56697,-0.44219,-1.04728,79.434,-10.133787,-2.412694,0.449484,,,,,,,,,,,,0.70724,3.18386,-0.82599,50,5.67619,4.39524,-125.20655,-9.59309,1.11532,26.82884,-27.15304,83.85716,,7.11924,,,,1000055344,Right,55.52681,-126.38526,13.41442,6.07146,-8.40013,-13.57652,-1.01802,4.34624,0.55766,,,,,,,,,,,,,,,,,,,,,,,,,,,,,75.68147,,,1.322437,,,,-0.56569,5.42055,2.15328,127.27793,1.28979,6.53051,-0.37716,108.50966,-9.10069,5.43302,11.55577,-11.11109,2.10397,0.9712,1.80755,High,High,High,,,High,High,High,v3
161,1/31/2023,6,5,1000036209,Right,T_A,1000110361,Right,T_B,5,Bottom,2,2,2,2-2,Slider,Slider,InPlay,Undefined,GroundBall,GroundBall,Out,1,0,86.37426,-0.352964,-2.144264,2574.506163,222.45427,1:30,6.00173,1.06632,4.95988,-37.54608,1.73126,0.32295,2.53919,-0.93351,78.29335,-7.178871,-2.087287,0.451068,88.07005,-12.08524,-3.484084,,,,,14.33175,13.08497,0.217648,0.101433,-0.83642,1.33362,-0.85891,50,5.93673,4.66885,-125.08664,-2.23714,-1.30835,28.23363,-30.08802,83.56257,2.63259,8.08091,1.65165,2.63259,0.95042,1000055344,Right,55.53822,-126.3305,14.11681,6.00609,-0.91158,-15.04401,-1.06587,4.72649,-0.65417,153.772061,1.65162,126.07652,-10.51869,,,,,,,2.63243,-27.02228,10.57939,,,,,,,0.95053,-7.69064,-11.28693,,,,,,,,,,,,,,,,,,,,,,,,,,,,,High,High,High,Low,Low,,,,v3
162,1/31/2023,1,1,1000064685,Right,T_B,1000058463,Right,T_A,6,Top,0,0,0,0-0,Fastball,Four-Seam,FoulBall,Undefined,Undefined,,Undefined,0,0,89.15106,-1.010146,-3.241732,2225.637939,201.645473,12:45,5.30853,2.64956,6.16328,-22.48226,12.62989,4.54016,2.5003,0.03016,80.95797,-5.255327,-2.424568,0.426482,,,,,,,,,,,,-3.25587,7.17949,-2.40545,50,5.22036,7.11943,-129.20164,-2.9663,-5.46897,28.49778,-20.11443,88.38,,8.19309,,,,1000070079,Right,54.32964,-130.15311,14.24889,5.30819,-2.29472,-10.05721,-2.64619,7.30202,-2.73448,,,,,,,,,,,,,,,,,,,,,,,,,,,,,,,,,,,,,,,,,,,,,,,,,,,High,High,High,,,,,,v3
163,1/31/2023,1,2,1000064685,Right,T_B,1000058463,Right,T_A,6,Top,0,0,1,0-1,Fastball,Four-Seam,BallCalled,Undefined,Undefined,,Undefined,0,0,89.7901,-0.620028,-1.712788,2123.809102,221.189327,1:15,5.34805,2.91322,5.86002,-25.68718,9.18375,7.02453,2.63114,1.90688,81.70209,-5.414325,-0.452735,0.425014,,,,,,,,,,,,-4.15114,5.20638,-2.7786,50,5.28276,3.60741,-130.36064,-2.27731,-7.09365,29.18215,-23.27712,88.6852,,8.08801,,,,1000070079,Right,54.63989,-131.39521,14.59107,5.34887,-1.45209,-11.63856,-2.91094,3.85889,-3.54683,,,,,,,,,,,,,,,,,,,,,,,,,,,,,,,,,,,,,,,,,,,,,,,,,,,High,High,High,,,,,,v3
164,1/31/2023,1,3,1000064685,Right,T_B,1000058463,Right,T_A,6,Top,0,1,1,1-1,Slider,Curveball,FoulBall,Undefined,Undefined,,Undefined,0,0,81.34635,-0.263616,-2.393707,2337.234725,63.550934,8:00,5.4381,2.75344,4.85601,-49.24825,-5.03103,-12.98619,1.08433,-0.59585,74.623,-9.103114,-4.680386,0.478594,,,,,,,,,,,,5.74307,-2.06366,-2.50542,50,5.36972,5.48012,-117.89818,-2.41087,8.02113,24.02958,-35.05626,78.75663,,6.72336,,,,1000070079,Right,55.64517,-119.0432,12.01479,5.4448,-0.74043,-17.52813,-2.75745,5.09791,4.01056,,,,,,,,,,,,,,,,,,,,,,,,,,,,,,,,,,,,,,,,,,,,,,,,,,,High,High,High,,,,,,v3
165,1/31/2023,1,4,1000064685,Right,T_B,1000058463,Right,T_A,6,Top,0,1,2,1-2,Fastball,Four-Seam,HitByPitch,Undefined,Undefined,,Undefined,0,0,90.87112,-1.621451,-1.069572,2242.510667,212.62094,1:00,5.45502,2.63889,5.86968,-25.801,8.50481,4.66134,1.79815,2.03372,82.19541,-6.438245,-0.232578,0.421556,,,,,,,,,,,,-2.7741,5.20071,-2.5552,50,5.30879,2.26729,-131.82888,-4.60996,-4.80552,32.11119,-23.1649,89.41267,,8.67572,,,,1000070079,Right,54.63001,-132.95189,16.0556,5.45584,-3.79983,-11.58245,-2.63743,2.43535,-2.40276,,,,,,,,,,,,,,,,,,,,,,,,,,,,,,,,,,,,,,,,,,,,,,,,,,,High,High,High,,,,,,v3
166,1/31/2023,2,1,1000064685,Right,T_B,1000103136,Right,T_A,6,Top,0,0,0,0-0,Slider,Curveball,StrikeCalled,Undefined,Undefined,,Undefined,0,0,80.79972,1.095622,-1.957163,2439.027187,50.338021,7:45,5.30472,2.80028,4.85494,-49.50747,-4.66567,-7.41733,2.21693,0.32884,73.72648,-7.833666,-3.26307,0.481962,,,,,,,,,,,,3.065,-2.18713,-2.60048,50,5.37056,4.32214,-117.07934,0.35688,4.22148,23.69932,-35.18639,78.20625,,7.07324,,,,1000070079,Right,55.64441,-118.21637,11.84966,5.31294,2.04502,-17.5932,-2.80299,4.1196,2.11074,,,,,,,,,,,,,,,,,,,,,,,,,,,,,,,,,,,,,,,,,,,,,,,,,,,High,High,High,,,,,,v3
167,1/31/2023,2,2,1000064685,Right,T_B,1000103136,Right,T_A,6,Top,0,0,1,0-1,Slider,Slider,BallCalled,Undefined,Undefined,,Undefined,0,0,81.73633,0.094548,-1.851355,2486.096657,55.429567,7:45,5.47226,2.85246,4.84705,-48.01459,-4.24607,-8.23725,1.5606,0.4127,74.80787,-8.546973,-3.302574,0.47616,,,,,,,,,,,,3.51981,-1.72366,-2.66207,50,5.44036,4.18738,-118.48341,-1.64647,4.96913,24.08985,-34.60748,79.15927,,6.92847,,,,1000070079,Right,55.65285,-119.62721,12.04492,5.47953,-0.00327,-17.30374,-2.85529,3.95144,2.48456,,,,,,,,,,,,,,,,,,,,,,,,,,,,,,,,,,,,,,,,,,,,,,,,,,,High,High,High,,,,,,v3
168,1/31/2023,2,3,1000064685,Right,T_B,1000103136,Right,T_A,6,Top,0,1,1,1-1,Fastball,Cutter,FoulBall,Undefined,Undefined,,Undefined,0,0,91.16145,-1.574102,-3.354655,2175.997805,200.298088,12:45,5.47858,2.6472,6.29074,-25.1373,8.32729,2.65992,1.93038,-0.22607,82.86921,-6.289315,-2.874666,0.416355,72.30548,42.136736,110.798862,2065.22047,,,,,60.72106,,,-2.4111,5.14323,-2.40132,50,5.35044,7.63955,-132.17631,-4.44033,-4.22561,30.62862,-23.16025,90.52953,54.40038,8.29224,1.67776,1.6488,-0.26603,1000070079,Right,54.20744,-133.14771,15.31431,5.47962,-3.70579,-11.58013,-2.64573,7.77357,-2.11281,,1.67776,-27.92382,-3.53415,0.6562,0.20253,-1.1699,2.11421,-1.71355,0.52401,1.6488,71.14794,-15.4239,2.41186,-1.02607,2.27054,-3.3937,2.46148,-0.69941,-0.26603,73.51479,-13.61148,0.40671,1.7296,-6.28585,10.63575,-8.33262,2.49499,,,,,,,,,,,,,,,,,,,,,,,High,High,High,Low,Low,,,,v3
169,1/31/2023,2,4,1000064685,Right,T_B,1000103136,Right,T_A,6,Top,0,1,2,1-2,Slider,Slider,BallCalled,Undefined,Undefined,GroundBall,Undefined,0,0,82.93502,-0.577567,-3.44946,2372.136785,69.293087,8:15,5.37579,2.761,4.94435,-44.15561,-1.35681,-7.54996,1.14933,-1.13192,75.39198,-8.549707,-4.778232,0.470855,32.1621,-3.119464,-39.621684,,,,,19.33922,1.46383,-35.456639,0.411728,2.63673,-0.07114,-2.41912,50,5.28318,7.56055,-119.95495,-2.88971,3.78555,26.37827,-32.27619,80.05103,1.06339,7.54303,0.72323,1.06339,1.22475,1000070079,Right,55.55387,-121.1701,13.18913,5.38205,-1.40286,-16.13809,-2.76339,7.38617,1.89278,,0.70844,36.50377,,,,,,,,1.06443,-2.58274,,,,,,,,1.23699,-30.22182,,,,,,,,,,,,,,,,,,,,,,,,,,,,,,High,High,High,Low,Low,,,,v3
170,1/31/2023,2,5,1000064685,Right,T_B,1000103136,Right,T_A,6,Top,0,2,2,2-2,Slider,Slider,FoulBall,Undefined,Undefined,,Undefined,0,0,82.00647,-0.60391,-3.45736,2486.35783,70.435356,8:15,5.45567,2.81647,4.85973,-44.86916,-0.71158,-6.5763,1.14391,-1.00792,74.15601,-8.70886,-4.61317,0.478271,,,,,,,,,,,,2.08851,0.28201,-2.46934,50,5.35801,7.44683,-118.51507,-2.94691,2.9101,26.94045,-31.7811,78.80979,,7.85046,,,,1000070079,Right,55.63784,-119.78979,13.47023,5.46187,-1.44315,-15.89055,-2.81844,7.30914,1.45505,,,,,,,,,,,,,,,,,,,,,,,,,,,,,,,,,,,,,,,,,,,,,,,,,,,High,High,High,,,,,,v3
171,1/31/2023,2,6,1000064685,Right,T_B,1000103136,Right,T_A,6,Top,0,2,2,2-2,Fastball,Slider,BallCalled,Undefined,Undefined,,Undefined,0,0,88.50065,-0.458981,-1.088792,2151.259151,195.368638,12:30,5.48833,2.87109,5.45984,-30.79915,5.35059,1.16626,2.49203,1.94902,81.23489,-6.112744,-0.88102,0.432737,,,,,,,,,,,,-0.89736,3.09658,-2.77603,50,5.42656,2.39413,-128.55995,-2.15435,-1.50367,26.34951,-26.98537,87.10243,,7.26576,,,,1000070079,Right,55.04147,-129.58912,13.17476,5.49012,-1.10033,-13.49268,-2.87069,2.45286,-0.75183,,,,,,,,,,,,,,,,,,,,,,,,,,,,,,,,,,,,,,,,,,,,,,,,,,,High,High,High,,,,,,v3
172,1/31/2023,2,7,1000064685,Right,T_B,1000103136,Right,T_A,6,Top,0,3,2,3-2,Slider,Slider,BallCalled,Walk,Undefined,,Undefined,0,0,81.05958,-0.603736,-1.924736,2387.364128,66.14071,8:15,5.49888,2.80523,4.76663,-47.13629,-2.57496,-9.05579,0.9981,0.22501,74.44225,-9.061915,-3.518246,0.480453,,,,,,,,,,,,3.91618,-0.7137,-2.60387,50,5.39675,4.33807,-117.50244,-3.0369,5.44839,23.28033,-33.16697,78.45195,,6.61733,,,,1000070079,Right,55.73364,-118.63299,11.64017,5.50512,-1.42623,-16.58349,-2.80812,4.07349,2.72419,,,,,,,,,,,,,,,,,,,,,,,,,,,,,,,,,,,,,,,,,,,,,,,,,,,High,High,High,,,,,,v3
173,1/31/2023,3,1,1000064685,Right,T_B,1000066765,Right,T_A,6,Top,0,0,0,0-0,Fastball,Four-Seam,FoulBall,Undefined,Undefined,,Undefined,0,0,90.65006,-1.278366,-3.875669,2247.933118,212.163036,1:00,5.449,2.64532,6.10066,-25.46497,8.51119,4.65225,2.14173,-0.55685,82.67787,-6.03285,-3.040031,0.419525,71.01196,42.435497,109.661074,2573.808215,,,,,20.01754,,,-3.53819,5.09532,-2.34926,50,5.33707,8.70878,-131.3909,-3.77665,-6.15695,29.02593,-23.30751,89.84541,21.01594,7.97219,1.35566,2.23979,0.27662,1000070079,Right,54.39798,-132.3589,14.51297,5.45006,-2.99935,-11.65376,-2.64312,8.91411,-3.07847,,1.35539,-25.85069,2.48212,,,,,,,2.23999,70.26976,-17.91814,,,,,,,0.28683,71.91174,-22.91418,,,,,,,,,,,,,,,,,,,,,,,,,,,,,High,High,High,Medium,Low,,,,v3
174,1/31/2023,3,2,1000064685,Right,T_B,1000066765,Right,T_A,6,Top,0,0,1,0-1,Fastball,Four-Seam,FoulBall,Undefined,Undefined,,Undefined,0,0,90.10493,-0.341243,-3.301017,2207.123818,202.551159,12:45,5.4613,2.64753,5.89383,-23.3897,11.36579,4.22835,3.1948,-0.06833,81.68387,-4.731747,-2.544086,0.42431,83.72203,50.920864,66.282802,5747.49863,,,,,69.93718,,,-3.16866,6.26941,-2.38392,50,5.42045,7.35162,-130.59713,-1.54677,-5.42464,29.75049,-21.44106,88.83231,82.30341,8.42106,1.28171,3.47734,-0.05047,1000070079,Right,54.60361,-131.64166,14.87524,5.46154,-0.79397,-10.72053,-2.64538,7.54208,-2.71232,,1.28171,31.13497,-17.64571,5.26076,-1.3792,0.31853,-0.07142,0.01322,-0.00142,3.47734,95.32057,-23.00611,2.20908,-0.32339,0.02963,0.00152,-0.00093,0.00015,-0.05047,70.86963,-9.28942,0.94401,0.04188,-0.07057,0.02491,-0.00608,0.00077,,,,,,,,,,,,,,,,,,,,,,,High,High,High,Medium,Low,,,,v3
175,1/31/2023,3,3,1000064685,Right,T_B,1000066765,Right,T_A,6,Top,0,0,2,0-2,Slider,Curveball,StrikeSwinging,Strikeout,Undefined,,Undefined,0,0,82.43772,-0.189483,-3.23907,2520.593312,61.950416,8:00,5.43161,2.87811,4.96021,-46.81684,-3.71736,-9.68945,1.35091,-0.99271,75.26403,-8.625058,-4.94544,0.472506,,,,,,,,,,,,3.81697,-1.40496,-2.55576,50,5.37456,7.17067,-119.34487,-2.16976,5.4442,25.34015,-34.17796,79.77133,,7.1737,,,,1000070079,Right,55.53955,-120.51533,12.67008,5.43832,-0.59109,-17.08898,-2.88117,6.9192,2.7221,,,,,,,,,,,,,,,,,,,,,,,,,,,,,,,,,,,,,,,,,,,,,,,,,,,High,High,High,,,,,,v3
176,1/31/2023,1,1,1000036209,Right,T_A,1000069979,Right,T_B,6,Bottom,0,0,0,0-0,Slider,Slider,InPlay,Undefined,GroundBall,GroundBall,Error,0,0,85.62284,-1.268829,-1.09049,2830.001614,144.150815,10:45,6.10587,0.88062,4.57976,-36.55565,3.13075,-1.43768,1.85201,-0.27679,79.31271,-7.819323,-1.342699,0.453411,74.02687,-28.768433,-39.258957,,,,,7.1417,4.26882,-17.232848,0.040747,0.4363,2.13449,-0.76636,50,5.94025,2.43085,-124.27951,-4.23449,0.68856,22.80071,-28.80558,83.13082,2.135,6.31013,3.81016,2.135,0.34505,1000103236,Right,55.9216,-125.36119,11.40036,6.10873,-2.86792,-14.40279,-0.8809,2.39819,0.34428,,3.80883,73.8941,,,,,,,,2.13594,-52.39694,,,,,,,,0.34614,-60.39328,,,,,,,,,,,,,,,,,,,,,,,,,,,,,,High,High,High,Low,Low,,,,v3
177,1/31/2023,2,1,1000036209,Right,T_A,1000102964,Right,T_B,6,Bottom,0,0,0,0-0,Slider,Slider,BallCalled,Undefined,Undefined,,Undefined,0,0,85.7481,-0.842015,-1.573928,2674.010896,193.581911,12:30,6.204,0.92758,4.9334,-34.68943,4.65087,0.8285,2.51698,-0.49145,78.75909,-7.131558,-1.427746,0.45143,,,,,,,,,,,,-0.83736,2.90599,-0.77516,50,6.09343,3.37979,-124.37394,-3.17576,-1.31427,24.47077,-27.61292,83.49568,,6.98901,,,,1000103236,Right,55.56484,-125.46406,12.23538,6.2075,-1.94567,-13.80646,-0.92702,3.43834,-0.65713,,,,,,,,,,,,,,,,,,,,,,,,,,,,,,,,,,,,,,,,,,,,,,,,,,,High,High,High,,,,,,v3
178,1/31/2023,2,2,1000036209,Right,T_A,1000102964,Right,T_B,6,Bottom,0,1,0,1-0,Fastball,Four-Seam,FoulBall,Undefined,Undefined,,Undefined,0,0,90.61972,-2.351825,-1.52409,2668.672723,206.579669,1:00,6.3008,0.64768,5.53351,-17.68623,17.15257,7.97182,2.62659,-0.11296,82.13339,-5.694724,-0.102928,0.424818,74.97762,38.722285,-159.667156,3949.866294,,,,,45.484,,,-4.50654,9.748,-0.52089,50,6.08512,3.1374,-131.32073,-5.96224,-7.79408,30.299,-15.31487,88.72606,32.4798,8.48633,2.13565,2.73575,0.10653,1000103236,Right,54.96409,-132.46112,15.1495,6.29867,-5.38582,-7.65744,-0.6445,3.43075,-3.89704,1.899935,2.13565,-80.44895,3.75022,0.70811,-0.27847,0.09812,-0.02657,0.00872,-0.00219,2.73575,68.78943,-31.36427,4.30931,-0.94535,0.19519,-0.03848,0.00666,-0.0003,0.10653,-29.81141,1.79004,-0.47173,0.10931,-0.02467,0.00584,-0.00158,0.00035,,,,,,,,,,,,,,,,,,,,,,,High,High,High,High,Low,,,,v3
179,1/31/2023,2,3,1000036209,Right,T_A,1000102964,Right,T_B,6,Bottom,0,1,1,1-1,Slider,Slider,FoulBall,Undefined,Undefined,,Undefined,0,0,85.54583,-0.042698,-0.502555,2694.418638,24.058142,6:45,6.14049,0.72091,4.78466,-43.74097,-3.45445,-2.17469,2.45494,0.06335,77.58288,-7.939994,-0.885693,0.456826,74.59003,64.329792,-129.104661,6230.070012,,,,,34.25168,,,0.91555,-1.32965,-0.66869,50,6.09786,1.18653,-123.94459,-1.85331,1.40446,27.97824,-34.21372,82.50931,58.17736,7.96295,2.43773,2.60555,-0.06981,1000103236,Right,55.71424,-125.22784,13.98912,6.14687,-0.28407,-17.10686,-0.72163,1.12211,0.70223,13.011469,2.43773,-29.89191,-5.86696,2.63174,1.40467,-7.0115,11.98259,-9.92426,3.23386,2.60556,98.60046,-35.81139,5.32098,0.47922,-4.9929,8.52338,-6.96046,2.23713,-0.06981,-36.7752,1.8184,0.75589,0.77221,-3.63602,6.26168,-5.22135,1.71146,,,,,,,,,,,,,,,,,,,,,,,High,High,High,High,Low,,,,v3
180,1/31/2023,2,4,1000036209,Right,T_A,1000079407,Left,T_B,6,Bottom,0,1,2,1-2,Slider,Slider,BallCalled,Undefined,Undefined,,Undefined,0,0,86.55858,-2.702908,-1.727587,2886.970459,92.380914,9:00,6.0582,0.98319,4.95532,-37.66577,1.45528,-2.51067,0.36254,-0.8588,78.97884,-9.496301,-2.171358,0.45017,,,,,,,,,,,,0.7163,1.90595,-0.81355,50,5.76497,3.89119,-125.28203,-7.38996,1.12546,27.99854,-29.17929,83.72934,,7.57973,,,,1000103236,Right,55.54363,-126.51488,13.99927,6.06208,-6.10512,-14.58965,-0.9838,3.84163,0.56273,,,,,,,,,,,,,,,,,,,,,,,,,,,,,,,,,,,,,,,,,,,,,,,,,,,High,High,High,,,,,,v3
181,1/31/2023,2,5,1000036209,Right,T_A,1000079407,Left,T_B,6,Bottom,0,2,2,2-2,Fastball,Four-Seam,StrikeSwinging,Strikeout,Undefined,,Undefined,0,0,90.81635,-1.857242,-2.022234,2637.420383,203.826875,12:45,6.2934,0.73843,5.59128,-12.75709,22.08167,9.18071,3.49445,-0.38552,81.6162,-4.349373,-0.385137,0.424818,,,,,,,,,,,,-5.25725,12.09524,-0.57081,50,6.12593,4.21854,-131.49597,-4.58678,-9.0608,31.95829,-11.32803,88.72612,,9.20014,,,,1000103236,Right,54.90328,-132.68229,15.97914,6.28839,-4.16627,-5.66402,-0.73365,4.55488,-4.5304,,,,,,,,,,,,,,,,,,,,,,,,,,,,,,,,,,,,,,,,,,,,,,,,,,,High,High,High,,,,,,v3
