PitchNo,Date,PAofInning,PitchofPA,PitcherId,PitcherThrows,PitcherTeam,BatterId,BatterSide,BatterTeam,Inning,Top/Bottom,Outs,Balls,Strikes,Count,TaggedPitchType,AutoPitchType,PitchCall,KorBB,TaggedHitType,AutoHitType,PlayResult,OutsOnPlay,RunsScored,RelSpeed,VertRelAngle,HorzRelAngle,SpinRate,SpinAxis,Tilt,RelHeight,RelSide,Extension,VertBreak,InducedVertBreak,HorzBreak,PlateLocHeight,PlateLocSide,ZoneSpeed,VertApprAngle,HorzApprAngle,ZoneTime,ExitSpeed,Angle,Direction,HitSpinRate,PositionAt110X,PositionAt110Y,PositionAt110Z,Distance,LastTrackedDistance,Bearing,HangTime,pfxx,pfxz,x0,y0,z0,vx0,vy0,vz0,ax0,ay0,az0,EffectiveVelo,MaxHeight,SpeedDrop,ContactPositionX,ContactPositionY,ContactPositionZ,CatcherId,CatcherThrows,PitchTrajectoryXc0,PitchTrajectoryXc1,PitchTrajectoryXc2,PitchTrajectoryYc0,PitchTrajectoryYc1,PitchTrajectoryYc2,PitchTrajectoryZc0,PitchTrajectoryZc1,PitchTrajectoryZc2,HitSpinAxis,HitTrajectoryXc0,HitTrajectoryXc1,HitTrajectoryXc2,HitTrajectoryXc3,HitTrajectoryXc4,HitTrajectoryXc5,HitTrajectoryXc6,HitTrajectoryXc7,HitTrajectoryXc8,HitTrajectoryYc0,HitTrajectoryYc1,HitTrajectoryYc2,HitTrajectoryYc3,HitTrajectoryYc4,HitTrajectoryYc5,HitTrajectoryYc6,HitTrajectoryYc7,HitTrajectoryYc8,HitTrajectoryZc0,HitTrajectoryZc1,HitTrajectoryZc2,HitTrajectoryZc3,HitTrajectoryZc4,HitTrajectoryZc5,HitTrajectoryZc6,HitTrajectoryZc7,HitTrajectoryZc8,ThrowSpeed,PopTime,ExchangeTime,TimeToBase,CatchPositionX,CatchPositionY,CatchPositionZ,ThrowPositionX,ThrowPositionY,ThrowPositionZ,BasePositionX,BasePositionY,BasePositionZ,ThrowTrajectoryXc0,ThrowTrajectoryXc1,ThrowTrajectoryXc2,ThrowTrajectoryYc0,ThrowTrajectoryYc1,ThrowTrajectoryYc2,ThrowTrajectoryZc0,ThrowTrajectoryZc1,ThrowTrajectoryZc2,PitchReleaseConfidence,PitchLocationConfidence,PitchMovementConfidence,HitLaunchConfidence,HitLandingConfidence,CatcherThrowCatchConfidence,CatcherThrowReleaseConfidence,CatcherThrowLocationConfidence,System
1,11/9/2022,1,1,1000097856,Left,T_A,1000067025,Left,T_D,1,Top,0,0,0,0-0,Fastball,Changeup,StrikeCalled,Undefined,Undefined,,Undefined,0,0,87.91418,0.570987,6.226205,1881.814113,102.753099,9:30,4.41854,-3.39135,5.21826,-32.24104,5.15103,-17.45981,2.27186,1.03095,80.20319,-5.316448,3.158288,0.44011,,,,,,,,,,,,10.37611,2.77886,2.82803,50,4.44744,-13.0524,-126.91527,0.04683,16.96517,25.38209,-27.63053,85.64326,,7.71099,,,,1000055344,Right,55.28134,-127.96714,12.69104,4.42177,1.19188,-13.81527,3.3835,-13.75545,8.48259,,,,,,,,,,,,,,,,,,,,,,,,,,,,,,,,,,,,,,,,,,,,,,,,,,,High,High,High,,,,,,v3
2,11/9/2022,1,2,1000097856,Left,T_A,1000067025,Left,T_D,1,Top,0,0,1,0-1,Slider,Curveball,InPlay,Undefined,GroundBall,GroundBall,Out,1,0,74.51904,2.630483,1.400307,2178.63039,291.174962,3:45,4.46719,-3.49773,4.87874,-56.4755,-4.18894,14.89623,2.25226,-0.93119,68.522,-7.549742,4.021557,0.520435,79.96378,-10.531055,30.713178,,,,,15.871,14.6568,28.841114,0.112444,-7.02252,-2.41567,3.34664,50,4.67746,-3.22086,-108.05741,3.01316,-8.306,18.76799,-35.03121,72.42489,2.41606,5.99705,2.72876,2.41606,1.01801,1000055344,Right,55.62356,-109.02977,9.38399,4.47434,4.8281,-17.51561,3.50237,-2.79053,-4.153,,2.72443,99.37055,,,,,,,,2.417,-21.48681,,,,,,,,1.01544,59.03283,,,,,,,,,,,,,,,,,,,,,,,,,,,,,,High,High,High,Estimated,Estimated,,,,v3
3,11/9/2022,2,1,1000097856,Left,T_A,305,Undefined,T_D,1,Top,1,0,0,0-0,Fastball,Sinker,StrikeCalled,Undefined,Undefined,,Undefined,0,0,90.96776,0.025826,4.592011,1852.027895,112.561234,9:45,4.55636,-3.27325,5.08547,-27.03124,8.04634,-16.56501,2.32818,-0.31614,82.68226,-4.936722,1.675396,0.426271,,,,,,,,,,,,9.52213,4.3304,2.85151,50,4.53781,-9.77712,-131.57746,-0.99768,16.6522,28.55653,-24.60113,88.4236,,8.28549,,,,1000055344,Right,55.41321,-132.7471,14.27826,4.55804,0.00995,-12.30056,3.26594,-10.45918,8.3261,,,,,,,,,,,,,,,,,,,,,,,,,,,,,,,,,,,,,,,,,,,,,,,,,,,High,High,High,,,,,,v3
4,11/9/2022,2,2,1000097856,Left,T_A,305,Undefined,T_D,1,Top,1,0,1,0-1,Fastball,Sinker,StrikeCalled,Undefined,Undefined,,Undefined,0,0,89.94788,-0.273645,5.315164,1743.53661,103.649108,9:30,4.5147,-3.24888,5.24405,-30.33612,5.26288,-16.96733,1.72841,0.34669,82.1373,-5.821694,2.3232,0.429428,,,,,,,,,,,,9.96067,3.03343,2.77257,50,4.46691,-11.32471,-130.06814,-1.79374,17.08411,26.97667,-26.97123,87.77358,,7.81058,,,,1000055344,Right,55.25616,-131.15376,13.48834,4.51725,-0.70834,-13.48561,3.24214,-12.01222,8.54205,,,,,,,,,,,,,,,,,,,,,,,,,,,,,,,,,,,,,,,,,,,,,,,,,,,High,High,High,,,,,,v3
5,11/9/2022,2,3,1000097856,Left,T_A,305,Undefined,T_D,1,Top,1,0,2,0-2,Slider,Slider,InPlay,Undefined,GroundBall,,Out,1,0,78.22102,0.252684,2.665784,2162.393268,303.480243,4:00,4.54153,-3.28351,4.77571,-53.54401,-5.70339,10.89898,0.31933,0.15363,71.9867,-9.336822,4.581307,0.497817,,,,,,,,,,,,-4.64429,-2.5511,3.00644,50,4.51938,-5.72487,-113.37609,-1.46889,-6.01709,21.62478,-35.47924,75.71543,,6.23432,,,,1000055344,Right,55.72619,-114.46306,10.81239,4.54839,0.31448,-17.73962,3.2866,-5.42242,-3.00855,,,,,,,,,,,,,,,,,,,,,,,,,,,,,,,,,,,,,,,,,,,,,,,,,,,High,High,High,,,,,,v3
6,11/9/2022,3,1,1000097856,Left,T_A,1000052539,Left,T_D,1,Top,2,0,0,0-0,Slider,Curveball,FoulBall,Undefined,Undefined,,Undefined,0,0,75.36899,2.822193,2.790271,1947.716287,289.414291,3:45,4.43848,-3.35354,4.87277,-54.81349,-3.16642,13.75363,2.54659,0.43504,68.73564,-7.078236,5.204097,0.517243,,,,,,,,,,,,-5.97776,-1.97536,3.06649,50,4.66984,-5.86267,-109.05786,3.46881,-7.1435,20.56789,-34.53461,72.87189,,6.63335,,,,1000055344,Right,55.62779,-110.11413,10.28394,4.44616,5.24234,-17.2673,3.35815,-5.49581,-3.57175,,,,,,,,,,,,,,,,,,,,,,,,,,,,,,,,,,,,,,,,,,,,,,,,,,,High,High,High,,,,,,v3
7,11/9/2022,3,2,1000097856,Left,T_A,1000052539,Left,T_D,1,Top,2,0,1,0-1,Slider,Curveball,FoulBall,Undefined,Undefined,,Undefined,0,0,76.35489,1.39298,2.962977,2009.535892,299.291587,4:00,4.33339,-2.99422,4.41031,-54.88101,-4.44205,10.48233,1.09139,0.70952,70.76747,-8.370033,4.789854,0.511157,,,,,,,,,,,,-4.3765,-2.1974,2.66758,50,4.42713,-6.1618,-110.67868,0.6384,-5.46392,18.55235,-34.91745,73.73941,,5.58742,,,,1000055344,Right,56.0924,-111.69524,9.27617,4.33973,2.55167,-17.45873,2.99701,-5.86241,-2.73196,,,,,,,,,,,,,,,,,,,,,,,,,,,,,,,,,,,,,,,,,,,,,,,,,,,High,High,High,,,,,,v3
8,11/9/2022,3,3,1000097856,Left,T_A,1000052539,Left,T_D,1,Top,2,0,2,0-2,Slider,Curveball,BallCalled,Undefined,Undefined,,Undefined,0,0,76.26105,1.457741,0.373737,2259.326728,279.742624,3:15,4.60518,-3.3316,4.78558,-51.64963,-1.49898,17.8932,1.68301,-1.48627,69.99671,-7.851857,3.522202,0.509694,,,,,,,,,,,,-8.72111,-0.71595,3.27768,50,4.70552,-1.44993,-110.627,0.96704,-10.78201,20.17684,-33.05916,73.95108,,6.26434,,,,1000055344,Right,55.71552,-111.66457,10.08842,4.61208,2.66706,-16.52958,3.33798,-0.89548,-5.391,,,,,,,,,,,,,,,,,,,,,,,,,,,,,,,,,,,,,,,,,,,,,,,,,,,High,High,High,,,,,,v3
9,11/9/2022,3,4,1000097856,Left,T_A,1000052539,Left,T_D,1,Top,2,1,2,1-2,Fastball,Sinker,StrikeSwinging,Strikeout,Undefined,,Undefined,0,0,90.08912,0.528911,5.135044,2022.693399,124.200169,10:15,4.46438,-3.56594,5.30113,-23.48714,11.93816,-15.88517,3.00567,-0.05601,82.00097,-3.823835,2.332231,0.428379,,,,,,,,,,,,9.32091,6.16449,3.11003,50,4.49581,-10.96711,-130.2664,0.35737,16.03236,27.10777,-21.57089,87.98854,,8.08815,,,,1000055344,Right,55.19703,-131.34343,13.55389,4.46459,1.21441,-10.78545,3.55842,-11.60409,8.01618,,,,,,,,,,,,,,,,,,,,,,,,,,,,,,,,,,,,,,,,,,,,,,,,,,,High,High,High,,,,,,v3
10,11/9/2022,1,1,1000094020,Right,T_B,1000051953,Right,T_A,1,Bottom,0,0,0,0-0,Fastball,Changeup,InPlay,Undefined,GroundBall,GroundBall,Out,1,0,90.29979,-1.403679,-2.374864,1603.478992,204.769963,12:45,6.0756,1.33219,4.88466,-18.87013,16.95528,7.26457,3.17372,-0.31049,82.01712,-4.920424,-1.096536,0.430791,85.06615,-13.093457,-23.008992,,,,,16.69076,13.83557,-18.054404,0.117194,-4.30433,9.14193,-1.1056,50,5.92265,5.07873,-130.78135,-3.8914,-7.41532,28.94559,-16.42468,87.49582,3.32228,8.28267,2.72128,3.32228,0.41049,1000070017,Right,55.6136,-132.01795,14.4728,6.07391,-3.18971,-8.21234,-1.32933,5.39553,-3.70766,180,2.71495,112.18768,,,,,,,,3.32388,-28.34871,,,,,,,,0.41318,-47.64163,,,,,,,,,,,,,,,,,,,,,,,,,,,,,,High,High,High,Low,Low,,,,v3
11,11/9/2022,2,1,1000094020,Right,T_B,1000079407,Left,T_A,1,Bottom,1,0,0,0-0,Fastball,Changeup,StrikeCalled,Undefined,Undefined,,Undefined,0,0,90.76807,-1.431657,-2.022059,1695.120339,234.165137,1:45,6.02058,1.44652,4.91709,-24.50053,10.79693,13.34768,2.62411,0.64618,82.79024,-5.926838,0.330791,0.427605,,,,,,,,,,,,-7.18146,6.07992,-1.26097,50,5.86078,4.0039,-131.5474,-4.2484,-12.55454,28.5141,-21.54518,88.14773,,7.97783,,,,1000070017,Right,55.5815,-132.75172,14.25705,6.021,-3.33841,-10.77259,-1.44127,4.53416,-6.27727,,,,,,,,,,,,,,,,,,,,,,,,,,,,,,,,,,,,,,,,,,,,,,,,,,,High,High,High,,,,,,v3
12,11/9/2022,2,2,1000094020,Right,T_B,1000079407,Left,T_A,1,Bottom,1,0,1,0-1,Fastball,Sinker,InPlay,Undefined,LineDrive,LineDrive,Single,0,0,91.52436,-1.401219,-2.757293,1903.183398,234.820368,1:45,5.98134,1.52046,5.03372,-23.80446,10.49473,13.41938,2.67384,0.03533,84.14062,-5.762537,-0.388647,0.421515,94.16862,13.661515,-18.705545,2127.992465,101.49093,17.41526,-42.42102,217.92662,216.30996,-26.761595,2.00757,-7.42508,5.88063,-1.26834,50,5.82844,5.76393,-132.74617,-4.17977,-13.3338,26.71437,-21.61376,89.42131,17.43044,7.38375,1.82025,2.62799,0.0209,1000070017,Right,55.46682,-133.84181,13.35719,5.98169,-3.29332,-10.80688,-1.51595,6.31079,-6.6669,100.870429,1.82023,127.11882,-22.1442,4.68411,-0.80549,0.00545,0.05885,-0.0206,0.00255,2.628,32.61914,-19.08452,1.38213,-0.26381,0.13062,-0.06432,0.01848,-0.00217,0.02086,-43.03746,-6.45166,2.83516,-0.61022,-0.07819,0.11654,-0.03887,0.00476,,,,,,,,,,,,,,,,,,,,,,,High,High,High,High,High,,,,v3
13,11/9/2022,3,1,1000094020,Right,T_B,1000069979,Right,T_A,1,Bottom,1,0,0,0-0,Fastball,Four-Seam,BallCalled,Undefined,Undefined,,Undefined,0,0,91.33881,-2.836625,-4.044311,2004.886891,204.849909,12:45,5.97005,1.28609,5.03734,-14.44572,20.37911,8.90394,2.0813,-1.79366,83.29462,-5.563929,-2.477619,0.424733,,,,,,,,,,,,-5.54079,11.23646,-0.90688,50,5.68755,8.91016,-132.04109,-7.03067,-9.78224,28.10911,-12.33617,88.74387,,8.04419,,,,1000070017,Right,55.46061,-133.19848,14.05456,5.96658,-6.52273,-6.16808,-1.28205,9.31294,-4.89112,,,,,,,,,,,,,,,,,,,,,,,,,,,,,,,,,,,,,,,,,,,,,,,,,,,High,High,High,,,,,,v3
14,11/9/2022,3,2,1000094020,Right,T_B,1000069979,Right,T_A,1,Bottom,1,1,0,1-0,ChangeUp,Changeup,StrikeSwinging,Undefined,Undefined,,Undefined,0,0,81.70328,-0.649282,-2.856045,1561.15338,280.656084,3:15,5.73673,1.80123,4.67218,-45.57873,-1.74465,16.57528,1.32104,0.46766,75.18393,-8.821113,0.055815,0.476516,,,,,,,,,,,,-8.92044,-0.28039,-1.52609,50,5.62902,5.17646,-118.42148,-3.12354,-12.67949,22.41142,-32.57259,79.10009,,6.51934,,,,1000070017,Right,55.82887,-119.51951,11.20571,5.74296,-1.52767,-16.28629,-1.79492,5.79768,-6.33974,,,,,,,,,,,,,,,,,,,,,,,,,,,,,,,,,,,,,,,,,,,,,,,,,,,High,High,High,,,,,,v3
15,11/9/2022,3,3,1000094020,Right,T_B,1000069979,Right,T_A,1,Bottom,1,1,1,1-1,Fastball,Sinker,FoulBall,Undefined,Undefined,GroundBall,Undefined,0,0,91.92783,-2.367617,-2.604705,1640.257444,251.002903,2:15,5.94347,1.53337,4.69655,-28.4858,6.13776,14.64765,1.31836,0.27954,84.34499,-7.51404,-0.032235,0.423504,63.67277,-27.116655,-71.804947,,,,,5.03429,3.82244,-35.090489,0.035031,-7.97158,3.95358,-1.28322,50,5.67752,5.34583,-133.15378,-6.71065,-14.33123,28.22512,-25.06632,89.00141,1.49506,7.58284,3.20766,1.49506,-0.12053,1000070017,Right,55.80423,-134.3785,14.11256,5.94511,-5.623,-12.53316,-1.52867,5.96767,-7.16562,,3.20728,26.02306,,,,,,,,1.49569,-42.67765,,,,,,,,-0.11936,-79.17262,,,,,,,,,,,,,,,,,,,,,,,,,,,,,,High,High,High,Low,Low,,,,v3
16,11/9/2022,3,4,1000094020,Right,T_B,1000069979,Right,T_A,1,Bottom,1,1,2,1-2,Slider,Curveball,StrikeSwinging,Strikeout,Undefined,,Undefined,0,0,80.41662,-0.720968,-3.457781,2081.634953,6.072686,6:15,5.68557,1.71239,4.41041,-53.76656,-7.66067,-0.97614,0.51569,-1.67286,73.819,-10.266591,-3.628279,0.488708,,,,,,,,,,,,-0.55823,-3.15532,-1.343,50,5.55525,7.0729,-116.34617,-3.60357,-0.75955,23.33198,-36.46717,77.12668,,6.59762,,,,1000070017,Right,56.09066,-117.56124,11.66599,5.69346,-1.70445,-18.23358,-1.71237,7.11245,-0.37977,,,,,,,,,,,,,,,,,,,,,,,,,,,,,,,,,,,,,,,,,,,,,,,,,,,High,High,High,,,,,,v3
17,11/9/2022,4,1,1000094020,Right,T_B,1000110361,Right,T_A,1,Bottom,2,0,0,0-0,ChangeUp,Changeup,StrikeSwinging,Undefined,Undefined,,Undefined,0,0,80.99281,-1.262542,-3.14108,1549.934761,266.807114,3:00,5.69051,1.82422,4.77809,-41.88187,2.14213,15.94938,1.00156,0.17285,75.2615,-8.773078,-0.335423,0.477547,,,,,,,,,,,,-8.67347,1.70677,-1.52472,50,5.52709,5.77067,-117.48977,-4.17317,-12.26345,19.85466,-29.76082,78.92924,,5.7313,,,,1000070017,Right,55.72402,-118.45312,9.92733,5.69454,-2.72916,-14.88041,-1.81915,6.3657,-6.13173,,,,,,,,,,,,,,,,,,,,,,,,,,,,,,,,,,,,,,,,,,,,,,,,,,,High,High,High,,,,,,v3
18,11/9/2022,4,2,1000094020,Right,T_B,1000110361,Right,T_A,1,Bottom,2,0,1,0-1,ChangeUp,Changeup,StrikeSwinging,Undefined,Undefined,,Undefined,0,0,81.28814,-0.60181,-3.237313,1631.905744,260.33721,2:45,5.75938,1.76185,4.7195,-39.70305,4.35126,17.67249,1.87877,0.15926,74.90843,-7.756264,-0.134615,0.477711,,,,,,,,,,,,-9.52725,2.69024,-1.45122,50,5.6631,5.8916,-117.82255,-2.74597,-13.46827,21.20105,-28.37097,78.90211,,6.3797,,,,1000070017,Right,55.78103,-118.85824,10.60053,5.76339,-1.36003,-14.18549,-1.75511,6.54954,-6.73414,,,,,,,,,,,,,,,,,,,,,,,,,,,,,,,,,,,,,,,,,,,,,,,,,,,High,High,High,,,,,,v3
19,11/9/2022,4,3,1000094020,Right,T_B,1000110361,Right,T_A,1,Bottom,2,0,2,0-2,Fastball,Four-Seam,BallCalled,Undefined,Undefined,,Undefined,0,0,92.06636,-1.726502,-4.956573,1778.596179,214.206106,1:15,5.97279,1.36729,5.00437,-18.19367,16.00469,10.14819,2.82026,-2.47761,84.27125,-5.101649,-3.175556,0.420895,,,,,,,,,,,,-6.33965,8.70709,-0.89875,50,5.79209,11.05317,-133.09424,-4.69276,-11.42551,27.29831,-16.48185,89.55303,,7.79511,,,,1000070017,Right,55.49424,-134.21641,13.64915,5.97108,-4.01523,-8.24093,-1.36277,11.52284,-5.71275,,,,,,,,,,,,,,,,,,,,,,,,,,,,,75.44154,1.530191,0.668058,0.862134,-0.84722,2.61457,2.60173,-3.39985,4.57338,5.19054,65.00321,3.18859,59.77755,-3.31824,87.19594,-9.17467,4.59351,9.14635,-12.48654,5.20701,65.89378,-3.00246,High,High,High,,,High,Medium,Medium,v3
20,11/9/2022,4,4,1000094020,Right,T_B,1000110361,Right,T_A,1,Bottom,2,1,2,1-2,Slider,Curveball,FoulBall,Undefined,Undefined,,Undefined,0,0,76.98829,1.593484,-0.727751,2105.383124,66.424119,8:15,5.76121,1.5733,4.66782,-51.82361,-2.5904,-9.35229,2.95666,0.10265,70.86485,-7.7166,-2.369694,0.505011,,,,,,,,,,,,4.41914,-1.33484,-1.49002,50,5.87616,1.80302,-111.69544,1.20878,5.59456,19.71896,-33.86395,74.63692,,6.12344,,,,1000070017,Right,55.83364,-112.72062,9.85948,5.76755,2.96935,-16.93198,-1.5762,1.51216,2.79728,,,,,,,,,,,,,,,,,,,,,,,,,,,,,,,,,,,,,,,,,,,,,,,,,,,High,High,High,,,,,,v3
21,11/9/2022,4,5,1000094020,Right,T_B,1000110361,Right,T_A,1,Bottom,2,1,2,1-2,ChangeUp,Changeup,BallinDirt,Undefined,Undefined,,Undefined,0,0,81.68033,-1.900625,-4.200074,1441.231096,276.758999,3:15,5.63349,1.72988,5.09856,-44.00695,-0.49516,16.27462,0.16975,-0.87886,74.9723,-9.839935,-1.322916,0.474761,,,,,,,,,,,,-9.40004,0.65228,-1.34636,50,5.41871,8.00617,-118.18778,-5.53742,-13.23954,23.41523,-31.25536,79.39245,,6.70803,,,,1000070017,Right,55.40282,-119.25338,11.70762,5.63834,-4.11503,-15.62768,-1.72442,8.60868,-6.61977,,,,,,,,,,,,,,,,,,,,,,,,,,,,,,,,,,,,,,,,,,,,,,,,,,,High,High,High,,,,,,v3
22,11/9/2022,4,6,1000094020,Right,T_B,1000110361,Right,T_A,1,Bottom,2,2,2,2-2,Slider,Curveball,FoulBall,Undefined,Undefined,,Undefined,0,0,77.74969,0.916366,-1.654296,2004.791124,38.779672,7:15,5.70448,1.55192,4.57083,-54.69755,-6.21099,-6.17063,2.01875,-0.53687,71.71827,-8.856165,-2.736153,0.501167,,,,,,,,,,,,2.58551,-2.94449,-1.37428,50,5.74758,3.5149,-112.78208,-0.25635,3.33433,20.27068,-35.97135,75.20939,,6.03142,,,,1000070017,Right,55.93125,-113.84313,10.13534,5.71172,1.62653,-17.98567,-1.5537,3.34037,1.66717,,,,,,,,,,,,,,,,,,,,,,,,,,,,,,,,,,,,,,,,,,,,,,,,,,,High,High,High,,,,,,v3
23,11/9/2022,4,7,1000094020,Right,T_B,1000110361,Right,T_A,1,Bottom,2,2,2,2-2,ChangeUp,Changeup,BallCalled,Undefined,Undefined,,Undefined,0,0,82.28792,-1.182162,-3.550115,1396.934049,290.799066,3:45,5.71774,1.67754,5.09241,-47.43577,-4.95288,16.42674,0.64835,-0.30362,76.07514,-9.712297,-0.642325,0.469114,,,,,,,,,,,,-9.2017,-1.83776,-1.35536,50,5.56793,6.71811,-119.31169,-4.23816,-13.30414,22.30456,-34.83117,80.34814,,6.21279,,,,1000070017,Right,55.41044,-120.31889,11.15228,5.7238,-2.66531,-17.41558,-1.67229,7.31888,-6.65207,,,,,,,,,,,,,,,,,,,,,,,,,,,,,,,,,,,,,,,,,,,,,,,,,,,High,High,High,,,,,,v3
24,11/9/2022,4,8,1000094020,Right,T_B,1000110361,Right,T_A,1,Bottom,2,3,2,3-2,Fastball,Sinker,StrikeSwinging,Strikeout,Undefined,,Undefined,0,0,92.6758,-3.088734,-3.595189,1687.71342,247.573324,2:15,6.05598,1.47659,5.01592,-25.81553,7.96437,16.6619,0.98105,-0.53242,84.938,-7.788824,-0.655636,0.418312,,,,,,,,,,,,-9.31237,5.11433,-1.14593,50,5.73845,7.63012,-134.08419,-8.28762,-16.96587,28.7907,-22.85647,90.10601,,7.7378,,,,1000070017,Right,55.48454,-135.25671,14.39535,6.05701,-7.35678,-11.42823,-1.47074,8.32106,-8.48293,,,,,,,,,,,,,,,,,,,,,,,,,,,,,,,,,,,,,,,,,,,,,,,,,,,High,High,High,,,,,,v3
25,11/9/2022,1,1,1000013430,Right,T_A,1000126952,Right,T_D,2,Top,0,0,0,0-0,Fastball,Four-Seam,FoulBall,Undefined,Undefined,,Undefined,0,0,90.84537,-2.901074,-2.029196,1990.090282,211.168006,1:00,6.36309,0.59857,5.33686,-19.96489,14.4395,8.11016,1.97361,-0.63011,83.75458,-6.591925,-0.588702,0.422161,100.91038,47.933768,27.722391,3275.591889,,,,,117.18203,,,-4.62547,8.31977,-0.42157,50,6.08683,4.30637,-131.76593,-7.39331,-8.19448,25.98708,-17.43479,89.28446,115.79444,7.0908,2.09535,1.97104,0.52669,1000055344,Right,55.1635,-132.78038,12.99354,6.36215,-6.71271,-8.7174,-0.59592,4.62625,-4.09724,213.29338,2.09535,87.77716,-23.55903,5.60053,-1.37788,0.33314,-0.07749,0.01382,-0.0013,1.97104,109.8721,-27.22027,3.71286,-0.86164,0.19813,-0.0436,0.00775,-0.00073,0.52669,46.12782,-0.32482,-0.95821,0.39436,-0.1232,0.03189,-0.00615,0.00061,,,,,,,,,,,,,,,,,,,,,,,High,High,High,High,Low,,,,v3
26,11/9/2022,1,2,1000013430,Right,T_A,1000126952,Right,T_D,2,Top,0,0,1,0-1,Fastball,Four-Seam,HitByPitch,Undefined,Undefined,,Undefined,0,0,89.87845,-1.256851,0.029784,1873.94758,198.212923,12:30,6.48187,0.92664,5.19231,-19.69099,15.39316,4.73973,3.65845,1.34963,83.0862,-4.899151,0.869674,0.426311,,,,,,,,,,,,-2.38689,8.32107,-0.93324,50,6.35066,-0.27923,-130.61163,-3.57382,-4.17254,24.42605,-17.62787,88.41532,,6.79225,,,,1000055344,Right,55.30858,-131.60066,12.21303,6.48091,-2.86006,-8.81393,-0.92535,-0.11028,-2.08627,,,,,,,,,,,,,,,,,,,,,,,,,,,,,,,,,,,,,,,,,,,,,,,,,,,High,High,High,,,,,,v3
27,11/9/2022,2,1,1000013430,Right,T_A,305,Undefined,T_D,2,Top,0,0,0,0-0,Fastball,Cutter,InPlay,Undefined,LineDrive,LineDrive,Double,0,0,85.40938,-2.29484,-1.670498,2067.420964,176.418417,12:00,6.24037,0.94011,5.20068,-31.67986,7.44319,-0.39307,1.4399,-0.66427,78.96992,-8.050823,-1.740213,0.450182,97.06727,19.399677,22.677957,1537.086698,100.01278,30.82705,45.79635,315.63292,315.63292,28.636266,3.220731,-0.23634,4.64122,-0.78505,50,6.00364,3.63097,-123.93206,-6.12645,-0.36984,23.3436,-24.91133,83.72719,36.61464,6.43945,2.62296,1.62657,0.54839,1000055344,Right,55.3,-124.92638,11.6718,6.24199,-5.06537,-12.45566,-0.94005,3.64673,-0.18492,227.341648,2.62308,123.89596,-20.71948,4.61221,-0.91307,0.1237,-0.00319,-0.00242,0.00033,1.62646,47.29151,-17.30258,1.0831,-0.21414,0.08423,-0.03043,0.00671,-0.0006,0.54844,51.77119,-1.35266,-0.38115,0.23106,-0.08189,0.02136,-0.0035,0.00026,,,,,,,,,,,,,,,,,,,,,,,High,High,High,High,Medium,,,,v3
28,11/9/2022,3,1,1000013430,Right,T_A,1000073506,Right,T_D,2,Top,0,0,0,0-0,Fastball,Four-Seam,BallCalled,Undefined,Undefined,,Undefined,0,0,90.74918,-1.407538,-2.840437,1816.830099,179.341043,12:00,6.40218,0.59652,5.2735,-19.0969,15.79993,-0.16858,3.48681,-2.08767,82.71112,-4.973547,-2.870285,0.425172,,,,,,,,,,,,-0.72642,8.64556,-0.33674,50,6.25983,6.53114,-131.47697,-3.89606,-1.26834,28.52921,-17.07885,88.65225,,8.03806,,,,1000055344,Right,55.2237,-132.60561,14.26461,6.40059,-3.2204,-8.53943,-0.59611,6.58132,-0.63417,,,,,,,,,,,,,,,,,,,,,,,,,,,,,,,,,,,,,,,,,,,,,,,,,,,High,High,High,,,,,,v3
29,11/9/2022,3,2,1000013430,Right,T_A,1000073506,Right,T_D,2,Top,0,1,0,1-0,ChangeUp,Four-Seam,BallCalled,Undefined,Undefined,,Undefined,0,0,87.14584,-3.524392,-0.727546,1776.913307,194.40077,12:30,6.24975,0.9106,5.31298,-26.09931,11.56646,2.6626,0.76242,0.44958,80.14506,-8.302809,-0.254079,0.441718,,,,,,,,,,,,-1.5437,7.12985,-0.84668,50,5.91112,1.48844,-126.28908,-8.70848,-2.49589,25.44388,-20.64626,85.33148,,7.00078,,,,1000055344,Right,55.18612,-127.32966,12.72194,6.25001,-7.86411,-10.32313,-0.90964,1.59051,-1.24795,,,,,,,,,,,,,,,,,,,,,,,,,,,,,,,,,,,,,,,,,,,,,,,,,,,High,High,High,,,,,,v3
30,11/9/2022,3,3,1000013430,Right,T_A,1000073506,Right,T_D,2,Top,0,2,0,2-0,ChangeUp,Changeup,BallCalled,Undefined,Undefined,,Undefined,0,0,81.33573,0.563292,-2.316004,1244.34909,220.975817,1:15,6.15148,1.03452,5.3227,-30.31726,12.96194,10.03827,4.15409,-0.30351,74.13996,-5.049111,-0.53519,0.47349,,,,,,,,,,,,-5.66894,6.75433,-0.83233,50,6.18094,4.35061,-117.93058,0.15699,-7.96867,22.8161,-22.67964,79.60554,,7.19577,,,,1000055344,Right,55.17431,-118.92744,11.40805,6.15244,1.14789,-11.33982,-1.03002,4.69877,-3.98434,,,,,,,,,,,,,,,,,,,,,,,,,,,,,,,,,,,,,,,,,,,,,,,,,,,High,High,High,,,,,,v3
31,11/9/2022,3,4,1000013430,Right,T_A,1000073506,Right,T_D,2,Top,0,3,0,3-0,Fastball,Four-Seam,BallCalled,Walk,Undefined,,Undefined,0,0,90.10717,-3.348529,-0.327606,1728.642892,213.087591,1:00,6.29627,0.81941,5.32856,-22.76678,12.17072,7.26024,1.25343,1.11703,83.33312,-7.52139,0.963453,0.425419,,,,,,,,,,,,-3.73477,7.27638,-0.79524,50,5.97702,0.42123,-130.7162,-8.47878,-6.52051,25.21545,-19.47033,88.60067,,6.77406,,,,1000055344,Right,55.17091,-131.70991,12.60773,6.29604,-7.71148,-9.73517,-0.8169,0.67819,-3.26026,,,,,,,,,,,,,,,,,,,,,,,,,,,,,,,,,,,,,,,,,,,,,,,,,,,High,High,High,,,,,,v3
32,11/9/2022,4,1,1000013430,Right,T_A,1000069917,Right,T_D,2,Top,0,0,0,0-0,Curveball,Curveball,StrikeCalled,Undefined,Undefined,,Undefined,0,0,75.14837,0.736265,-1.112897,2196.200458,34.389726,7:15,6.19278,0.96314,4.60288,-58.01082,-6.38504,-5.40233,2.05889,-0.54553,69.69509,-9.614657,-2.061653,0.517136,,,,,,,,,,,,2.35595,-2.88941,-0.84314,50,6.21437,2.3387,-109.08741,-0.71709,2.85359,18.26064,-35.67383,72.88692,,5.45327,,,,1000055344,Right,55.89922,-110.07047,9.13032,6.20128,1.20343,-17.83691,-0.9649,2.18507,1.42679,,,,,,,,,,,,,,,,,,,,,,,,,,,,,,,,,,,,,,,,,,,,,,,,,,,High,High,High,,,,,,v3
33,11/9/2022,4,2,1000013430,Right,T_A,1000069917,Right,T_D,2,Top,0,0,1,0-1,Fastball,Four-Seam,BallinDirt,Undefined,Undefined,,Undefined,0,0,88.07378,-4.956558,-2.408616,1818.964995,188.500033,12:15,6.29055,0.97871,5.26967,-21.16178,15.74729,2.18473,-0.14461,-1.10308,81.43469,-8.829761,-2.02115,0.437258,,,,,,,,,,,,-1.73106,9.53623,-0.76015,50,5.82068,5.26469,-127.38767,-11.79705,-2.86472,24.42608,-16.39256,86.20181,,6.63909,,,,1000055344,Right,55.23118,-128.38681,12.21304,6.28952,-11.12653,-8.19628,-0.9779,5.38187,-1.43236,,,,,,,,,,,,,,,,,,,,,,,,,,,,,,,,,,,,,,,,,,,,,,,,,,,High,High,High,,,,,,v3
34,11/9/2022,4,3,1000013430,Right,T_A,1000069917,Right,T_D,2,Top,0,1,1,1-1,Curveball,Curveball,BallCalled,Undefined,Undefined,,Undefined,0,0,77.23603,3.22025,-0.478628,2387.791248,23.195143,6:45,6.16709,1.08426,5.14173,-57.71318,-9.69028,-4.7587,4.39307,0.23703,71.07735,-7.212534,-1.320904,0.498765,,,,,,,,,,,,2.23272,-5.2,-1.03564,50,6.42409,1.12816,-112.06015,4.24631,2.85223,19.37095,-38.81692,75.57161,,6.15868,,,,1000055344,Right,55.36051,-112.98298,9.68548,6.17775,6.09554,-19.40846,-1.08615,0.99228,1.42612,,,,,,,,,,,,,,,,,,,,,,,,,,,,,,,,,,,,,,,,,,,,,,,,,,,High,High,High,,,,,,v3
35,11/9/2022,4,4,1000013430,Right,T_A,1000069917,Right,T_D,2,Top,0,2,1,2-1,Fastball,Four-Seam,InPlay,Undefined,LineDrive,LineDrive,Single,0,2,88.69596,-2.942603,-1.138522,1814.206126,206.259289,1:00,6.33734,0.74942,5.4375,-19.21678,16.80489,7.74304,1.97747,0.3284,81.58718,-6.520063,0.240024,0.43197,85.79739,23.420888,-32.573199,2616.532963,89.18756,38.2522,-64.38613,305.89271,301.47164,-42.257408,3.728154,-4.23981,9.60461,-0.65435,50,6.06373,2.22395,-128.67954,-7.25739,-7.14251,25.52074,-15.99382,87.25714,44.42906,7.10877,2.47691,2.08247,-0.26325,1000055344,Right,55.06263,-129.67972,12.76037,6.33587,-6.63058,-7.99691,-0.74699,2.50387,-3.57126,134.282482,2.47688,97.309,-19.13663,4.68059,-1.16305,0.31389,-0.08341,0.01482,-0.0011,2.08297,49.99971,-15.59223,0.17358,0.46349,-0.2976,0.10565,-0.01876,0.00129,-0.26325,-62.16656,1.75752,0.49409,-0.24976,0.05061,-0.00257,-0.00105,0.00015,,,,,,,,,,,,,,,,,,,,,,,High,High,High,High,Medium,,,,v3
36,11/9/2022,5,1,1000036206,Right,T_A,305,Undefined,T_D,2,Top,0,0,0,0-0,Fastball,Four-Seam,StrikeCalled,Undefined,Undefined,,Undefined,0,0,90.86594,-1.297187,-3.737722,2155.483359,219.263494,1:15,5.1546,0.86664,5.33365,-15.96706,18.55946,14.29312,2.60416,-1.45408,83.17846,-4.307656,-1.206371,0.42291,,,,,,,,,,,,-8.14678,9.96808,-0.53935,50,5.0261,7.94429,-131.67883,-3.50717,-14.3751,26.65981,-14.58526,89.1264,,7.68748,,,,1000055344,Right,55.16542,-132.7205,13.32991,5.152,-2.93728,-7.29263,-0.86073,8.50596,-7.18755,,,,,,,,,,,,,,,,,,,,,,,,,,,,,,,,,,,,,,,,,,,,,,,,,,,High,High,High,,,,,,v3
37,11/9/2022,5,2,1000036206,Right,T_A,305,Undefined,T_D,2,Top,0,0,1,0-1,Slider,Curveball,BallCalled,Undefined,Undefined,,Undefined,0,0,79.21752,1.200606,-1.987722,2410.005426,64.458366,8:15,5.17585,0.86492,4.83759,-49.73172,-3.85075,-10.69981,2.16923,-1.90962,73.55737,-7.722834,-3.870146,0.487515,,,,,,,,,,,,4.8024,-1.84189,-0.65846,50,5.25157,4.43687,-115.02475,0.56067,6.49984,19.29027,-34.66696,77.31548,,5.66015,,,,1000055344,Right,55.66469,-115.97085,9.64514,5.18238,2.26094,-17.33348,-0.86826,4.11808,3.24992,,,,,,,,,,,,,,,,,,,,,,,,,,,,,,,,,,,,,,,,,,,,,,,,,,,High,High,High,,,,,,v3
38,11/9/2022,5,3,1000036206,Right,T_A,305,Undefined,T_D,2,Top,0,1,1,1-1,ChangeUp,Changeup,StrikeSwinging,Undefined,Undefined,,Undefined,0,0,84.53503,0.209844,-3.39442,1706.369921,262.652679,2:45,4.86722,0.96386,5.58167,-36.04624,3.36158,16.9017,2.05968,-0.80142,77.77137,-6.400486,-0.381957,0.451817,,,,,,,,,,,,-9.44095,2.00996,-0.68306,50,4.86165,6.57598,-122.67884,-0.81664,-14.47072,22.96026,-29.09325,83.42412,,6.76366,,,,1000055344,Right,54.91907,-123.59605,11.48013,4.87106,0.34557,-14.54662,-0.9573,7.15405,-7.23536,,,,,,,,,,,,,,,,,,,,,,,,,,,,,,,,,,,,,,,,,,,,,,,,,,,High,High,High,,,,,,v3
39,11/9/2022,5,4,1000036206,Right,T_A,305,Undefined,T_D,2,Top,0,1,2,1-2,ChangeUp,Changeup,StrikeSwinging,Strikeout,Undefined,,Undefined,0,0,84.33831,-1.138449,-3.191045,1785.067293,265.7848,2:45,4.88984,1.01693,5.55441,-37.23711,2.53264,17.60702,0.72122,-0.50054,77.57539,-7.946379,-0.050272,0.453887,,,,,,,,,,,,-9.84512,1.92677,-0.75304,50,4.76644,6.10578,-122.36481,-3.74182,-14.95051,23.78989,-29.24809,83.04365,,6.76293,,,,1000055344,Right,54.94708,-123.32286,11.89494,4.89341,-2.56396,-14.62405,-1.01105,6.70786,-7.47525,,,,,,,,,,,,,,,,,,,,,,,,,,,,,,,,,,,,,,,,,,,,,,,,,,,High,High,High,,,,,,v3
40,11/9/2022,6,1,1000036206,Right,T_A,1000052421,Right,T_D,2,Top,1,0,0,0-0,Fastball,Sinker,BallCalled,Undefined,Undefined,,Undefined,0,0,90.47294,0.438296,-2.997545,2149.636002,235.22835,1:45,5.13781,0.8112,5.46228,-20.2984,14.54335,19.30336,3.85709,-0.3884,82.18715,-3.371048,0.433972,0.424836,,,,,,,,,,,,-10.52819,7.52571,-0.5605,50,5.16283,5.98101,-131.16703,0.3157,-18.28879,28.49312,-19.10092,88.72232,,8.28579,,,,1000055344,Right,55.03599,-132.25645,14.24656,5.1368,1.04602,-9.55046,-0.80255,6.68028,-9.14439,,,,,,,,,,,,,,,,,,,,,,,,,,,,,,,,,,,,,,,,,,,,,,,,,,,High,High,High,,,,,,v3
41,11/9/2022,6,2,1000036206,Right,T_A,1000052421,Right,T_D,2,Top,1,1,0,1-0,ChangeUp,Changeup,FoulBall,Undefined,Undefined,,Undefined,0,0,83.13068,0.262312,-2.593528,1744.560583,258.629548,2:30,4.87769,0.96111,5.56588,-35.91817,4.89985,18.15155,2.12981,0.04928,76.33944,-6.337578,0.644093,0.45983,55.89069,58.830053,160.603053,5977.06623,,,,,36.70319,,,-10.0063,2.72658,-0.75005,50,4.87642,4.74975,-120.71534,-0.66877,-14.80061,22.97025,-28.14108,81.97035,48.34686,6.79124,4.00745,2.42702,-0.02916,1000055344,Right,54.93607,-121.65098,11.48513,4.88032,0.47748,-14.07054,-0.95579,5.35262,-7.40031,332.297786,4.00745,-40.01922,-0.67492,0.94115,-0.32866,0.08666,-0.02169,0.0049,-0.0006,2.42702,70.13894,-26.34103,3.04772,-0.55877,0.09185,-0.02198,0.00483,-0.00049,-0.02916,14.0906,-5.76642,2.38163,-0.64357,0.15417,-0.03872,0.00849,-0.001,,,,,,,,,,,,,,,,,,,,,,,High,High,High,High,Low,,,,v3
42,11/9/2022,6,3,1000036206,Right,T_A,1000052421,Right,T_D,2,Top,1,1,1,1-1,ChangeUp,Changeup,InPlay,Undefined,FlyBall,,Out,1,0,84.00019,-0.023041,-2.888258,1731.252708,258.551484,2:30,4.85378,0.95951,5.56285,-35.36112,4.69677,17.03229,1.88547,-0.32171,77.03788,-6.520196,0.148786,0.455529,91.87149,56.612006,-23.973539,4251.361099,101.48486,155.734,-42.43598,,225.15856,,,-9.4889,2.7161,-0.72194,50,4.82831,5.46303,-121.921,-1.26877,-14.29904,23.71499,-28.08108,82.7444,165.83308,6.96231,2.99354,1.8888,0.4779,1000055344,Right,54.93841,-122.87783,11.85749,4.85664,-0.13579,-14.04054,-0.95399,6.03995,-7.14952,182.284986,2.99604,67.70185,-19.13104,5.12975,-0.86402,0.06637,0.00383,-0.00107,5.00E-05,1.87684,112.68137,-23.89209,2.48396,-0.56342,0.11612,-0.01532,0.00102,-3.00E-05,0.4797,-30.15246,9.65751,-3.13374,0.69575,-0.10287,0.00869,-0.00032,0,,,,,,,,,,,,,,,,,,,,,,,High,High,High,Medium,Medium,,,,v3
43,11/9/2022,7,1,1000036206,Right,T_A,1000067025,Left,T_D,2,Top,2,0,0,0-0,Slider,Slider,BallCalled,Undefined,Undefined,,Undefined,0,0,80.09448,-0.694661,-1.792208,2433.436887,85.045541,8:45,5.2628,0.84096,4.67459,-45.33258,0.54472,-11.06111,0.82499,-1.78347,73.4088,-8.8349,-3.7348,0.487495,,,,,,,,,,,,4.93725,0.84862,-0.64774,50,5.15094,4.10326,-116.06444,-3.11515,6.68953,23.08501,-31.02426,77.31859,,6.68568,,,,1000055344,Right,55.82549,-117.2174,11.5425,5.26782,-1.56568,-15.51213,-0.84433,3.76916,3.34476,,,,,,,,,,,,,,,,,,,,,,,,,,,,,,,,,,,,,,,,,,,,,,,,,,,High,High,High,,,,,,v3
44,11/9/2022,7,2,1000036206,Right,T_A,1000067025,Left,T_D,2,Top,2,1,0,1-0,ChangeUp,Changeup,BallCalled,Undefined,Undefined,,Undefined,0,0,83.2424,0.268188,-0.990676,1739.374344,258.650022,2:30,4.85357,1.01651,5.5565,-35.70632,4.99626,18.70698,2.12867,1.6497,76.46334,-6.2927,2.348471,0.459179,,,,,,,,,,,,-9.70875,2.84453,-0.94344,50,4.85325,1.31969,-120.94007,-0.66573,-14.40693,23.1648,-27.953,82.08654,,6.77907,,,,1000055344,Right,54.94349,-121.88326,11.5824,4.85719,0.47243,-13.9765,-1.00911,1.90629,-7.20346,,,,,,,,,,,,,,,,,,,,,,,,,,,,,,,,,,,,,,,,,,,,,,,,,,,High,High,High,,,,,,v3
45,11/9/2022,7,3,1000036206,Right,T_A,1000067025,Left,T_D,2,Top,2,2,0,2-0,ChangeUp,Changeup,BallinDirt,Undefined,Undefined,,Undefined,0,0,83.71697,-2.08703,-2.240707,1702.142279,250.50497,2:15,4.89224,0.87184,5.44518,-33.39907,6.90248,16.13493,0.15259,0.11742,77.47757,-8.180854,0.634546,0.456912,,,,,,,,,,,,-8.75394,4.36697,-0.68543,50,4.68451,4.09573,-121.52744,-5.59605,-13.18912,22.15589,-25.59456,82.49393,,6.2394,,,,1000055344,Right,55.0559,-122.44573,11.07794,4.89446,-4.53525,-12.79728,-0.86651,4.64237,-6.59456,,,,,,,,,,,,,,,,,,,,,,,,,,,,,,,,,,,,,,,,,,,,,,,,,,,High,High,High,,,,,,v3
46,11/9/2022,7,4,1000036206,Right,T_A,1000067025,Left,T_D,2,Top,2,3,0,3-0,Fastball,Sinker,StrikeCalled,Undefined,Undefined,,Undefined,0,0,88.94762,-0.469419,-3.96434,2097.108762,249.369295,2:15,5.03265,0.96354,5.2322,-27.90391,8.12264,18.73615,2.26501,-1.20754,81.85247,-5.57983,-0.650561,0.431999,,,,,,,,,,,,-10.37461,4.50083,-0.61264,50,4.96854,8.08972,-128.96291,-2.11257,-17.626,24.60446,-24.52731,87.25119,,7.09515,,,,1000055344,Right,55.26864,-129.96421,12.30223,5.0342,-1.11441,-12.26366,-0.95646,8.80702,-8.813,,,,,,,,,,,,,,,,,,,,,,,,,,,,,,,,,,,,,,,,,,,,,,,,,,,High,High,High,,,,,,v3
47,11/9/2022,7,5,1000036206,Right,T_A,1000067025,Left,T_D,2,Top,2,3,1,3-1,Fastball,Sinker,BallCalled,Walk,Undefined,,Undefined,0,0,89.04761,-1.53309,-1.911407,2078.656969,256.906935,2:30,5.13783,0.80616,5.1566,-30.34777,5.76154,20.03076,1.16458,0.67549,81.92671,-7.060298,1.638715,0.432495,,,,,,,,,,,,-10.47729,3.62492,-0.64354,50,4.97138,3.39062,-129.22767,-4.63959,-17.7854,25.96148,-26.02065,87.15116,,7.1209,,,,1000055344,Right,55.34372,-130.29679,12.98074,5.14038,-3.56804,-13.01033,-0.79825,4.12304,-8.8927,,,,,,,,,,,,,,,,,,,,,,,,,,,,,,,,,,,,,,,,,,,,,,,,,,,High,High,High,,,,,,v3
48,11/9/2022,8,1,1000036206,Right,T_A,305,Undefined,T_D,2,Top,2,0,0,0-0,Fastball,Sinker,InPlay,Undefined,GroundBall,GroundBall,FieldersChoice,1,0,90.1456,-0.423577,-3.125447,2127.214728,243.644665,2:00,5.2172,0.80217,5.35942,-25.59049,9.2902,16.6619,2.68684,-0.74323,82.89561,-5.134899,-0.168308,0.425073,97.63805,-44.519445,-61.554485,,,,,3.87538,2.82726,-22.306346,0.027704,-9.24508,5.07748,-0.53372,50,5.16088,6.40546,-130.83359,-1.9159,-16.14131,25.72144,-23.30905,88.67277,2.78748,7.24998,2.23517,2.78748,1.02148,1000055344,Right,55.14195,-131.84061,12.86072,5.21802,-1.00333,-11.65452,-0.79687,7.0374,-8.07066,,2.23472,48.73621,,,,,,,,2.78841,-100.61551,,,,,,,,1.02231,-89.96484,,,,,,,,,,,,,,,,,,,,,,,,,,,,,,High,High,High,Low,Low,,,,v3
49,11/9/2022,1,1,1000094020,Right,T_B,1000055244,Left,T_A,2,Bottom,0,0,0,0-0,Fastball,Sinker,StrikeCalled,Undefined,Undefined,,Undefined,0,0,91.39463,-2.778454,-3.320145,1903.173315,223.465192,1:30,6.07856,1.20393,5.12725,-20.32107,13.97111,12.26796,1.76186,-0.90426,84.24445,-6.519124,-1.152909,0.421472,,,,,,,,,,,,-6.96536,7.9765,-0.90187,50,5.80158,7.10905,-132.40944,-7.19256,-12.47892,25.8494,-17.88361,89.43046,,7.15018,,,,1000070017,Right,55.37273,-133.4542,12.9247,6.07768,-6.46976,-8.9418,-1.19939,7.61341,-6.23946,,,,,,,,,,,,,,,,,,,,,,,,,,,,,,,,,,,,,,,,,,,,,,,,,,,High,High,High,,,,,,v3
50,11/9/2022,1,2,1000094020,Right,T_B,1000055244,Left,T_A,2,Bottom,0,0,1,0-1,ChangeUp,Changeup,InPlay,Undefined,GroundBall,GroundBall,Out,1,0,79.51848,-0.573624,-2.989278,1623.300794,266.262252,3:00,5.79508,1.66946,4.64721,-43.59656,2.59162,17.97497,1.61621,0.32436,73.32221,-8.403933,0.164993,0.489144,73.02306,-26.731972,33.657489,,,,,5.31095,2.59807,17.054131,0.035476,-9.66583,1.79146,-1.38108,50,5.69633,5.2574,-115.27738,-2.78989,-13.05994,20.60757,-29.75355,77.05796,1.71296,6.19627,2.24645,1.71296,-0.32742,1000070017,Right,55.85437,-116.31923,10.30379,5.79935,-1.28565,-14.87678,-1.66357,5.91766,-6.52997,,2.24542,79.79932,,,,,,,,1.71359,-48.2849,,,,,,,,-0.32811,53.13403,,,,,,,,,,,,,,,,,,,,,,,,,,,,,,High,High,High,Low,Low,,,,v3
51,11/9/2022,2,1,1000094020,Right,T_B,1000064785,Right,T_A,2,Bottom,1,0,0,0-0,Slider,Slider,BallinDirt,Undefined,Undefined,,Undefined,0,0,81.9585,-3.085746,-2.738228,2140.56232,74.645792,8:30,5.9524,1.407,4.60067,-43.91624,-0.06008,-5.1841,-0.64809,-1.6311,75.86212,-10.880041,-3.648108,0.476636,,,,,,,,,,,,1.8076,1.13516,-1.11937,50,5.59263,5.89521,-118.60201,-8.10366,2.57264,22.85077,-30.55846,79.08016,,6.09638,,,,1000070017,Right,55.90069,-119.73349,11.42538,5.95643,-6.59054,-15.27923,-1.40813,5.76782,1.28632,,,,,,,,,,,,,,,,,,,,,,,,,,,,,,,,,,,,,,,,,,,,,,,,,,,High,High,High,,,,,,v3
52,11/9/2022,2,2,1000094020,Right,T_B,1000064785,Right,T_A,2,Bottom,1,1,0,1-0,Fastball,Four-Seam,StrikeCalled,Undefined,Undefined,,Undefined,0,0,91.33959,-3.084692,-3.126149,2019.362732,215.189552,1:15,6.06108,1.33429,4.94823,-16.71682,18.0671,11.95142,1.74596,-0.62676,83.6189,-6.197109,-1.021946,0.424483,,,,,,,,,,,,-6.7789,10.11308,-1.0412,50,5.74798,6.64959,-132.19003,-7.73021,-12.02857,27.4377,-14.22921,88.79603,,7.72069,,,,1000070017,Right,55.551,-133.33723,13.71885,6.05875,-7.13527,-7.11461,-1.32974,7.15251,-6.01429,,,,,,,,,,,,,,,,,,,,,,,,,,,,,,,,,,,,,,,,,,,,,,,,,,,High,High,High,,,,,,v3
53,11/9/2022,2,3,1000094020,Right,T_B,1000064785,Right,T_A,2,Bottom,1,1,1,1-1,Fastball,Sinker,InPlay,Undefined,GroundBall,GroundBall,Out,1,0,91.63438,-3.352513,-3.196949,1879.237767,226.259226,1:30,6.08389,1.27508,5.14686,-19.48241,14.70363,14.26394,1.29548,-0.54927,84.31688,-6.946472,-0.675233,0.42082,97.51032,-2.983673,11.328942,,,,,20.15498,20.15498,12.044474,0.12879,-7.9989,8.52957,-0.98741,50,5.75479,6.75354,-132.69216,-8.50188,-14.35418,26.66253,-16.8676,89.56912,1.14758,7.3175,2.00612,1.14758,0.55025,1000070017,Right,55.35386,-133.76362,13.33126,6.08282,-7.82404,-8.4338,-1.2704,7.33037,-7.17709,242.189262,2.00646,140.00292,-19.68648,,,,,,,1.14761,-7.44727,-11.36497,,,,,,,0.55016,28.06565,2.47828,,,,,,,,,,,,,,,,,,,,,,,,,,,,,High,High,High,High,High,,,,v3
54,11/9/2022,3,1,1000094020,Right,T_B,1000187798,Right,T_A,2,Bottom,2,0,0,0-0,Slider,Curveball,BallCalled,Undefined,Undefined,,Undefined,0,0,80.8228,-0.06747,-1.72739,2142.913599,52.070288,7:45,5.9363,1.31616,4.28504,-52.72684,-6.67949,-10.63012,1.47783,-1.22248,73.58996,-9.454186,-3.582379,0.488398,,,,,,,,,,,,4.58705,-2.75272,-1.11692,50,5.87493,4.01329,-116.96507,-2.2849,6.26492,24.96608,-35.93367,77.1757,,7.23284,,,,1000070017,Right,56.21419,-118.28404,12.48304,5.9455,-0.3865,-17.96683,-1.3202,3.68231,3.13246,,,,,,,,,,,,,,,,,,,,,,,,,,,,,,,,,,,,,,,,,,,,,,,,,,,High,High,High,,,,,,v3
55,11/9/2022,3,2,1000094020,Right,T_B,1000187798,Right,T_A,2,Bottom,2,1,0,1-0,Fastball,Changeup,BallCalled,Undefined,Undefined,,Undefined,0,0,91.16472,-3.08082,-2.006746,1734.013819,227.437312,1:30,6.01755,1.35272,4.79194,-22.93234,12.04894,11.9428,1.18228,0.44542,83.87328,-7.257157,0.09441,0.425686,,,,,,,,,,,,-6.41359,7.06398,-1.16348,50,5.69024,4.04802,-132.05743,-8.02443,-11.38755,26.68538,-19.63172,88.54519,,7.29144,,,,1000070017,Right,55.70732,-133.20574,13.34269,6.01736,-7.17965,-9.81586,-1.34822,4.53803,-5.69378,,,,,,,,,,,,,,,,,,,,,,,,,,,,,,,,,,,,,,,,,,,,,,,,,,,High,High,High,,,,,,v3
56,11/9/2022,3,3,1000094020,Right,T_B,1000187798,Right,T_A,2,Bottom,2,2,0,2-0,Fastball,Sinker,BallCalled,Undefined,Undefined,,Undefined,0,0,91.57935,-3.49128,-3.461252,1839.083653,228.144276,1:30,6.02053,1.32025,5.04769,-20.64005,13.63414,14.07713,0.99738,-0.77534,84.55749,-7.273087,-0.977752,0.421362,,,,,,,,,,,,-7.9078,7.96331,-1.00203,50,5.6707,7.36341,-132.58514,-8.88727,-14.2178,25.67608,-17.85646,89.4539,,7.02185,,,,1000070017,Right,55.45323,-133.63703,12.83804,6.0198,-8.15574,-8.92823,-1.31562,7.94587,-7.1089,,,,,,,,,,,,,,,,,,,,,,,,,,,,,,,,,,,,,,,,,,,,,,,,,,,High,High,High,,,,,,v3
57,11/9/2022,3,4,1000094020,Right,T_B,1000187798,Right,T_A,2,Bottom,2,3,0,3-0,Fastball,Four-Seam,StrikeCalled,Undefined,Undefined,,Undefined,0,0,91.70085,-3.269194,-3.394798,2097.446075,216.10421,1:15,5.99959,1.25144,4.97503,-16.07253,18.44111,12.63505,1.56372,-0.90573,83.90972,-6.269141,-1.170087,0.422831,,,,,,,,,,,,-7.18587,10.35166,-0.93424,50,5.6706,7.26288,-132.65337,-8.15526,-12.83827,27.67121,-13.67977,89.14306,,7.79113,,,,1000070017,Right,55.52397,-133.80069,13.8356,5.99698,-7.58805,-6.83989,-1.24642,7.79519,-6.41913,,,,,,,,,,,,,,,,,,,,,,,,,,,,,,,,,,,,,,,,,,,,,,,,,,,High,High,High,,,,,,v3
58,11/9/2022,3,5,1000094020,Right,T_B,1000187798,Right,T_A,2,Bottom,2,3,1,3-1,Fastball,Changeup,StrikeCalled,Undefined,Undefined,,Undefined,0,0,91.28842,-2.615364,-3.19848,1581.782305,220.998928,1:15,6.03834,1.21997,4.99267,-22.46407,11.98079,9.54705,1.69139,-1.00752,84.4139,-6.716144,-1.515732,0.42241,,,,,,,,,,,,-5.54366,6.88819,-0.92007,50,5.76803,6.94597,-132.30362,-6.9258,-9.94171,25.11699,-19.82117,89.23196,,6.87452,,,,1000070017,Right,55.50779,-133.34514,12.55849,6.03818,-6.10388,-9.91058,-1.21664,7.35822,-4.97086,,,,,,,,,,,,,,,,,,,,,,,,,,,,,,,,,,,,,,,,,,,,,,,,,,,High,High,High,,,,,,v3
59,11/9/2022,3,6,1000094020,Right,T_B,1000187798,Right,T_A,2,Bottom,2,3,2,3-2,Slider,Curveball,StrikeSwinging,Strikeout,Undefined,,Undefined,0,0,80.17145,-0.392587,-2.665392,2263.268323,49.817364,7:45,5.81304,1.34551,4.67129,-51.04196,-5.38055,-8.06103,1.18627,-1.85963,73.86923,-9.507957,-4.080434,0.486347,,,,,,,,,,,,3.24225,-2.24547,-1.06598,50,5.72613,5.74849,-116.1974,-2.74094,4.41871,22.41982,-35.23428,77.50116,,6.30222,,,,1000070017,Right,55.83075,-117.31702,11.20991,5.81907,-0.98137,-17.61714,-1.34755,5.52783,2.20935,,,,,,,,,,,,,,,,,,,,,,,,,,,,,,,,,,,,,,,,,,,,,,,,,,,High,High,High,,,,,,v3
60,11/9/2022,1,1,1000036206,Right,T_A,1000052539,Left,T_D,3,Top,0,0,0,0-0,Fastball,Sinker,BallCalled,Undefined,Undefined,,Undefined,0,0,90.64383,0.861133,-2.016549,2204.735088,242.840333,2:00,5.21346,0.51064,5.47258,-24.79253,9.68796,16.81202,3.95383,0.02377,82.84257,-3.735097,0.975595,0.422628,,,,,,,,,,,,-8.98752,4.97181,-0.34506,50,5.27241,3.86533,-131.57656,1.07733,-15.79132,27.32609,-23.43844,89.18588,,7.80126,,,,1000055344,Right,55.02641,-132.61634,13.66305,5.21445,1.96919,-11.71922,-0.50358,4.46621,-7.89566,,,,,,,,,,,,,,,,,,,,,,,,,,,,,,,,,,,,,,,,,,,,,,,,,,,High,High,High,,,,,,v3
61,11/9/2022,1,2,1000036206,Right,T_A,1000052539,Left,T_D,3,Top,0,1,0,1-0,ChangeUp,Changeup,StrikeSwinging,Undefined,Undefined,,Undefined,0,0,84.81653,-0.163815,-2.844573,1752.79598,253.800507,2:30,4.87351,0.74387,5.45585,-32.81931,6.55445,18.4095,1.98504,-0.38698,77.88184,-6.191353,0.431223,0.451622,,,,,,,,,,,,-10.04127,3.70969,-0.50598,50,4.83653,5.33984,-123.09857,-1.51022,-15.46519,23.58052,-26.46052,83.4602,,6.93469,,,,1000055344,Right,55.04451,-124.06112,11.79026,4.87613,-0.43011,-13.23026,-0.73684,5.97113,-7.73259,,,,,,,,,,,,,,,,,,,,,,,,,,,,,,,,,,,,,,,,,,,,,,,,,,,High,High,High,,,,,,v3
62,11/9/2022,1,3,1000036206,Right,T_A,1000052539,Left,T_D,3,Top,0,1,1,1-1,ChangeUp,Changeup,StrikeSwinging,Undefined,Undefined,,Undefined,0,0,83.91898,-0.205461,-2.526493,1808.841122,256.227926,2:30,4.80466,0.83825,5.6325,-34.6186,5.11445,16.18237,1.72789,-0.17199,77.52314,-6.559869,0.363994,0.453678,,,,,,,,,,,,-8.86721,2.99532,-0.63384,50,4.76484,4.72491,-121.92387,-1.62526,-13.46564,21.98685,-27.62542,83.08197,,6.39584,,,,1000055344,Right,54.86856,-122.79869,10.99343,4.80764,-0.52609,-13.81271,-0.8325,5.26068,-6.73282,,,,,,,,,,,,,,,,,,,,,,,,,,,,,,,,,,,,,,,,,,,,,,,,,,,High,High,High,,,,,,v3
63,11/9/2022,1,4,1000036206,Right,T_A,1000052539,Left,T_D,3,Top,0,1,2,1-2,Slider,Slider,BallinDirt,Undefined,Undefined,,Undefined,0,0,81.01143,-1.078323,-0.557275,2654.733343,90.224305,9:00,5.10684,0.72511,5.01259,-42.38156,1.31532,-11.95607,0.55713,-0.79722,75.1188,-8.713477,-2.672795,0.47577,,,,,,,,,,,,5.84087,1.26973,-0.66141,50,4.96888,1.6379,-117.66462,-3.76531,8.23958,21.02399,-30.38285,79.22415,,5.89263,,,,1000055344,Right,55.48891,-118.64131,10.512,5.11101,-2.35385,-15.19143,-0.72861,1.25512,4.11979,,,,,,,,,,,,,,,,,,,,,,,,,,,,,,,,,,,,,,,,,,,,,,,,,,,High,High,High,,,,,,v3
64,11/9/2022,1,5,1000036206,Right,T_A,1000052539,Left,T_D,3,Top,0,2,2,2-2,ChangeUp,Changeup,BallCalled,Undefined,Undefined,,Undefined,0,0,86.06382,-1.060584,-2.500213,1821.156525,268.388168,3:00,4.82648,0.87055,5.44673,-36.50364,1.6002,17.31702,0.79048,-0.02868,79.56383,-7.708521,0.585036,0.444279,,,,,,,,,,,,-9.42182,1.39248,-0.66211,50,4.7073,4.72963,-124.99502,-3.65301,-15.01311,23.49918,-29.95522,84.83956,,6.49999,,,,1000055344,Right,55.05522,-125.94182,11.74959,4.83016,-2.44609,-14.97761,-0.86485,5.33452,-7.50656,,,,,,,,,,,,,,,,,,,,,,,,,,,,,,,,,,,,,,,,,,,,,,,,,,,High,High,High,,,,,,v3
65,11/9/2022,1,6,1000036206,Right,T_A,1000052539,Left,T_D,3,Top,0,3,2,3-2,ChangeUp,Changeup,StrikeSwinging,Strikeout,Undefined,,Undefined,0,0,84.38422,-0.784742,-2.582307,1907.736607,249.996065,2:15,4.8191,0.79677,5.45722,-32.62277,7.04985,16.10926,1.36517,-0.27966,77.77233,-6.765508,0.285739,0.453333,,,,,,,,,,,,-8.81461,4.11272,-0.58052,50,4.72743,4.85552,-122.5139,-2.82221,-13.48136,22.78043,-25.88394,83.14523,,6.61189,,,,1000055344,Right,55.04333,-123.4481,11.39021,4.8214,-1.76073,-12.94197,-0.79098,5.40838,-6.74068,,,,,,,,,,,,,,,,,,,,,,,,,,,,,55.6611,2.631753,1.312563,1.319189,-0.07688,1.18558,0.27116,-2.61524,5.89227,0.13256,77.77699,9.00205,-47.01236,-2.52011,65.55553,-3.53025,6.03637,21.67834,-14.68824,-0.00424,-40.63773,3.75983,High,High,High,,,High,High,High,v3
66,11/9/2022,2,1,1000036206,Right,T_A,1000126952,Right,T_D,3,Top,1,0,0,0-0,Fastball,Sinker,StrikeCalled,Undefined,Undefined,,Undefined,0,0,91.02777,-1.073672,-3.080397,2087.330965,246.20548,2:15,5.12113,0.68757,5.48825,-25.5384,8.63508,17.19032,1.98691,-0.76448,83.48695,-5.785449,-0.02087,0.420742,,,,,,,,,,,,-9.49796,4.96284,-0.42952,50,5.00969,6.331,-132.05845,-3.41933,-16.8344,27.15288,-23.37779,89.58558,,7.54082,,,,1000055344,Right,55.01176,-133.08495,13.57644,5.12225,-2.53555,-11.68889,-0.68089,6.96741,-8.4172,,,,,,,,,,,,,,,,,,,,,,,,,,,,,,,,,,,,,,,,,,,,,,,,,,,High,High,High,,,,,,v3
67,11/9/2022,2,2,1000036206,Right,T_A,1000126952,Right,T_D,3,Top,1,0,1,0-1,Slider,Slider,BallCalled,Undefined,Undefined,,Undefined,0,0,79.55283,-0.787317,-0.828335,2493.194587,87.571147,9:00,5.217,0.70548,5.14815,-44.64215,0.75606,-15.32753,0.75547,-1.35172,73.33957,-8.861164,-3.546318,0.484943,,,,,,,,,,,,7.45713,0.98268,-0.61556,50,5.10882,2.28795,-115.48703,-3.16439,10.05702,21.78778,-30.84878,77.72549,,6.21327,,,,1000055344,Right,55.35274,-116.49251,10.89389,5.222,-1.74077,-15.42439,-0.71043,1.82383,5.02851,,,,,,,,,,,,,,,,,,,,,,,,,,,,,,,,,,,,,,,,,,,,,,,,,,,High,High,High,,,,,,v3
68,11/9/2022,2,3,1000036206,Right,T_A,1000126952,Right,T_D,3,Top,1,1,1,1-1,Fastball,Sinker,InPlay,Undefined,LineDrive,LineDrive,HomeRun,0,1,91.40935,-1.144853,-2.238052,2228.12433,245.724802,2:15,5.16297,0.90601,5.40085,-24.67757,9.37528,18.40458,2.03276,0.34148,83.64988,-5.700722,1.03529,0.419999,104.7109,22.70142,5.526545,2213.478458,108.91899,42.1561,15.37897,388.48064,375.23474,14.47449,4.37027,-9.93308,5.3465,-0.72007,50,5.04367,4.35254,-132.65695,-3.56856,-17.70663,28.28334,-22.6434,89.74411,61.09461,7.75946,1.74029,2.08339,-0.33321,1000055344,Right,55.09972,-133.73982,14.14167,5.1637,-2.70162,-11.3217,-0.89969,5.03047,-8.85332,220.040739,1.73989,141.03334,-25.69899,5.99517,-1.43332,0.36581,-0.08277,0.01176,-0.0007,2.08431,59.24228,-15.69828,0.10097,0.40839,-0.22627,0.06674,-0.00969,0.00054,-0.33395,13.66029,6.70605,-2.58729,0.67856,-0.13869,0.02264,-0.00244,0.00012,,,,,,,,,,,,,,,,,,,,,,,High,High,High,High,High,,,,v3
69,11/9/2022,3,1,1000036206,Right,T_A,305,Undefined,T_D,3,Top,1,0,0,0-0,Slider,Slider,StrikeCalled,Undefined,Undefined,,Undefined,0,0,79.47875,1.649224,0.284703,2576.167957,82.144004,8:45,5.22643,0.83119,4.8406,-46.5177,-0.64972,-14.7467,2.91195,-0.12813,73.05155,-6.751986,-2.31238,0.487446,,,,,,,,,,,,7.32961,-0.33595,-0.84606,50,5.34963,0.05503,-115.33584,1.59073,9.90308,20.83949,-32.62792,77.32645,,6.4272,,,,1000055344,Right,55.65982,-116.354,10.41975,5.23297,3.18483,-16.31396,-0.83693,-0.4288,4.95154,,,,,,,,,,,,,,,,,,,,,,,,,,,,,,,,,,,,,,,,,,,,,,,,,,,High,High,High,,,,,,v3
70,11/9/2022,3,2,1000036206,Right,T_A,305,Undefined,T_D,3,Top,1,0,1,0-1,ChangeUp,Changeup,FoulBall,Undefined,Undefined,,Undefined,0,0,85.63629,0.444439,-2.524136,1961.494273,260.223765,2:45,4.964,0.77819,5.56263,-34.76451,4.0813,16.11619,2.48258,-0.23844,77.83353,-5.965516,0.349763,0.448584,,,,,,,,,,,,-9.01134,2.25303,-0.57157,50,4.97935,4.81207,-124.22254,-0.25353,-13.9689,26.7316,-28.68151,84.02545,,7.80276,,,,1000055344,Right,54.93803,-125.28065,13.3658,4.96691,0.88177,-14.34076,-0.77299,5.365,-6.98445,,,,,,,,,,,,,,,,,,,,,,,,,,,,,,,,,,,,,,,,,,,,,,,,,,,High,High,High,,,,,,v3
71,11/9/2022,3,3,1000036206,Right,T_A,305,Undefined,T_D,3,Top,1,0,2,0-2,ChangeUp,Changeup,FoulBall,Undefined,Undefined,,Undefined,0,0,83.50855,0.408219,-0.911982,1810.752929,260.568142,2:45,4.82178,0.89584,5.66004,-36.96758,3.33973,12.66284,2.12187,1.10055,76.65754,-6.391007,1.35292,0.456944,64.16477,36.112562,-146.276911,3229.41811,,,,,48.56058,,,-6.71992,1.92795,-0.82704,50,4.83273,1.42549,-121.34256,-0.39551,-10.02853,23.53459,-29.29686,82.48803,27.35502,6.85101,1.67244,1.95768,-1.02946,1000055344,Right,54.8405,-122.27778,11.7673,4.82532,0.76869,-14.64843,-0.8916,1.824,-5.01427,13.447728,1.67244,-63.23339,1.32809,0.72524,-0.18753,-0.10999,0.36074,-0.37604,0.14803,1.95768,55.46485,-28.15595,3.41376,-0.6681,-0.10228,0.47064,-0.48852,0.19022,-1.02946,-42.20825,3.49336,-0.17762,0.00105,-0.01671,0.06659,-0.07182,0.02891,,,,,,,,,,,,,,,,,,,,,,,High,High,High,High,Low,,,,v3
72,11/9/2022,3,4,1000036206,Right,T_A,305,Undefined,T_D,3,Top,1,0,2,0-2,Fastball,Sinker,StrikeCalled,Strikeout,Undefined,,Undefined,0,0,91.61081,-0.875944,-3.452833,2175.137614,245.133507,2:15,5.10657,0.49121,5.23116,-25.20651,8.89741,16.90777,2.18107,-1.34946,83.91671,-5.50955,-0.460185,0.420314,,,,,,,,,,,,-9.37063,4.99843,-0.18608,50,5.0071,7.22017,-132.8035,-3.00264,-16.79532,27.48233,-23.21517,89.67696,,7.6941,,,,1000055344,Right,55.2686,-133.88934,13.74117,5.10761,-2.0854,-11.60759,-0.48446,7.88376,-8.39766,,,,,,,,,,,,,,,,,,,,,,,,,,,,,59.07918,2.881645,1.686528,1.195117,-0.10398,2.03243,1.36055,-1.92243,5.10612,0.23333,73.95096,8.55463,-50.83583,-1.83174,67.96926,-3.78523,5.2178,20.1085,-14.44857,0.12052,-47.37727,3.92952,High,High,High,,,High,High,High,v3
73,11/9/2022,4,1,1000036206,Right,T_A,1000073506,Right,T_D,3,Top,2,0,0,0-0,Fastball,Sinker,StrikeCalled,Undefined,Undefined,,Undefined,0,0,90.87342,-1.810118,-3.625647,2089.972322,248.527826,2:15,5.12089,0.57334,5.30838,-26.26852,8.28394,18.34627,1.22877,-1.30563,83.46838,-6.627931,-0.372688,0.423069,,,,,,,,,,,,-10.18292,4.94929,-0.25791,50,4.93727,7.50855,-131.70805,-5.16679,-17.96942,26.76568,-23.44019,89.09296,,7.40504,,,,1000055344,Right,55.19226,-132.75902,13.38284,5.12208,-4.24639,-11.7201,-0.5666,8.21413,-8.98471,,,,,,,,,,,,,,,,,,,,,,,,,,,,,,,,,,,,,,,,,,,,,,,,,,,High,High,High,,,,,,v3
74,11/9/2022,4,2,1000036206,Right,T_A,1000073506,Right,T_D,3,Top,2,0,1,0-1,Slider,Slider,BallinDirt,Undefined,Undefined,,Undefined,0,0,80.36177,-1.722866,-0.756288,2579.394924,79.655776,8:45,5.24845,0.7055,4.93384,-45.41837,-0.94256,-12.03871,-0.16551,-1.01261,74.87897,-9.852055,-2.885065,0.479991,,,,,,,,,,,,5.85918,0.24583,-0.62123,50,5.04251,2.02874,-116.71836,-5.17691,8.14684,20.33495,-31.83225,78.52733,,5.4828,,,,1000055344,Right,55.56898,-117.6846,10.16747,5.25256,-3.66435,-15.91613,-0.70843,1.64163,4.07342,,,,,,,,,,,,,,,,,,,,,,,,,,,,,,,,,,,,,,,,,,,,,,,,,,,High,High,High,,,,,,v3
75,11/9/2022,4,3,1000036206,Right,T_A,1000073506,Right,T_D,3,Top,2,1,1,1-1,Slider,Curveball,StrikeCalled,Undefined,Undefined,,Undefined,0,0,79.92425,0.771677,0.208299,2507.774259,63.681282,8:00,5.29461,0.77232,4.79782,-49.68814,-4.52095,-11.7382,1.8852,-0.00848,74.05514,-8.144929,-1.85977,0.483708,,,,,,,,,,,,5.8504,-2.05878,-0.78227,50,5.32781,0.07459,-116.10493,-0.31805,8.05006,20.10312,-35.00692,77.924,,5.86911,,,,1000055344,Right,55.70438,-117.08846,10.05156,5.30148,1.39463,-17.50346,-0.77629,-0.31926,4.02503,,,,,,,,,,,,,,,,,,,,,,,,,,,,,,,,,,,,,,,,,,,,,,,,,,,High,High,High,,,,,,v3
76,11/9/2022,4,4,1000036206,Right,T_A,1000073506,Right,T_D,3,Top,2,1,2,1-2,ChangeUp,Changeup,StrikeSwinging,Strikeout,Undefined,,Undefined,0,0,84.90483,-0.280459,-2.757155,1845.122042,261.734349,2:45,4.81101,0.79105,5.70675,-35.29077,3.70083,17.12867,1.6085,-0.35242,77.90848,-6.77427,0.306492,0.449425,,,,,,,,,,,,-9.50355,2.30803,-0.57088,50,4.76544,5.24047,-123.26639,-1.81806,-14.63818,24.25272,-28.61899,83.8682,,6.99635,,,,1000055344,Right,54.79406,-124.20604,12.12636,4.8144,-0.70924,-14.3095,-0.7849,5.80761,-7.31909,,,,,,,,,,,,,,,,,,,,,,,,,,,,,,,,,,,,,,,,,,,,,,,,,,,High,High,High,,,,,,v3
77,11/9/2022,1,1,205,Undefined,T_B,1000102964,Right,T_A,3,Bottom,0,0,0,0-0,Fastball,Sinker,StrikeSwinging,Undefined,Undefined,,Undefined,0,0,89.03781,-1.219905,2.955295,2416.98878,116.875263,10:00,5.28933,-2.5745,5.33721,-24.83824,11.53142,-20.24722,2.07331,-1.48676,80.66709,-5.83163,-0.638874,0.434051,,,,,,,,,,,,11.01115,6.52213,2.32261,50,5.16164,-5.72999,-128.96551,-3.63835,18.37561,29.10364,-21.28979,86.83871,,8.37072,,,,1000070017,Right,55.16072,-130.12492,14.55182,5.28969,-2.79023,-10.6449,2.56546,-6.46202,9.18781,,,,,,,,,,,,,,,,,,,,,,,,,,,,,,,,,,,,,,,,,,,,,,,,,,,High,High,High,,,,,,v3
78,11/9/2022,1,2,205,Undefined,T_B,1000102964,Right,T_A,3,Bottom,0,0,1,0-1,Fastball,Sinker,BallCalled,Undefined,Undefined,,Undefined,0,0,88.76384,-1.605883,1.473221,2492.642899,126.113654,10:15,5.75931,-2.01294,5.4182,-21.45269,14.90847,-18.73442,2.46639,-2.1938,80.64037,-5.615965,-1.860718,0.434001,,,,,,,,,,,,9.82335,8.33811,1.89539,50,5.60204,-2.46294,-128.7059,-4.33362,16.35815,28.52276,-18.28918,86.84882,,8.12347,,,,1000070017,Right,55.07947,-129.82669,14.26138,5.75821,-3.61495,-9.14459,2.0048,-3.10573,8.17908,,,,,,,,,,,,,,,,,,,,,,,,,,,,,,,,,,,,,,,,,,,,,,,,,,,High,High,High,,,,,,v3
79,11/9/2022,1,3,205,Undefined,T_B,1000102964,Right,T_A,3,Bottom,0,1,1,1-1,ChangeUp,Changeup,StrikeCalled,Undefined,Undefined,,Undefined,0,0,81.21995,0.543544,4.851253,1858.697133,108.448531,9:30,5.00313,-2.70556,5.06027,-37.99652,6.13115,-13.95942,2.35117,0.71683,73.93739,-6.38729,2.396184,0.478109,,,,,,,,,,,,8.27626,3.34276,2.25481,50,5.02512,-9.3607,-117.39476,-0.24771,11.51371,22.87043,-27.52366,78.83651,,7.28255,,,,1000070017,Right,55.43731,-118.4493,11.43521,5.00729,1.02139,-13.76183,2.69866,-9.89158,5.75686,,,,,,,,,,,,,,,,,,,,,,,,,,,,,,,,,,,,,,,,,,,,,,,,,,,High,High,High,,,,,,v3
80,11/9/2022,1,4,205,Undefined,T_B,1000102964,Right,T_A,3,Bottom,0,1,2,1-2,Fastball,Four-Seam,InPlay,Undefined,GroundBall,GroundBall,Single,0,0,88.78216,-1.479875,1.931821,2478.016256,131.179826,10:15,5.70854,-1.97225,5.26205,-20.68977,15.75895,-16.6306,2.59299,-1.54255,80.85377,-5.34084,-1.017923,0.434523,70.46825,-11.922639,25.492336,,,,,14.39288,12.91442,26.472534,0.111649,8.94642,8.6804,1.80842,50,5.55819,-3.60085,-128.74722,-4.04164,14.95402,27.76633,-17.66472,86.74448,2.69395,7.92839,2.86701,2.69395,1.49943,1000070017,Right,55.23759,-129.87188,13.88317,5.7074,-3.32615,-8.83236,1.96654,-4.20655,7.47701,317.213203,2.86696,91.28485,-14.04099,,,,,,,2.6941,-21.37021,-24.73138,,,,,,,1.49932,43.53541,4.49146,,,,,,,,,,,,,,,,,,,,,,,,,,,,,High,High,High,Low,Low,,,,v3
81,11/9/2022,2,1,205,Undefined,T_B,1000194300,Left,T_A,3,Bottom,0,0,0,0-0,Fastball,Sinker,InPlay,Undefined,Bunt,,FieldersChoice,1,0,89.26657,-0.656386,3.141184,2526.900633,120.373326,10:00,5.70768,-2.18298,5.38151,-23.62938,12.48729,-19.16076,3.12233,-0.83223,80.79205,-5.061862,-0.260908,0.432539,,,,,,,,,,,,10.63693,6.83363,1.91602,50,5.63256,-6.2406,-129.32366,-2.31393,17.84299,29.36168,-20.71094,87.14228,,8.47452,,,,1000070017,Right,55.11767,-130.48041,14.68084,5.70764,-1.49799,-10.35547,2.17573,-6.94355,8.92149,,,,,,,,,,,,,,,,,,,,,,,,,,,,,,,,,,,,,,,,,,,,,,,,,,,High,High,High,,,,,,v3
82,11/9/2022,3,1,205,Undefined,T_B,1000094105,Right,T_A,3,Bottom,1,0,0,0-0,Fastball,Changeup,StrikeCalled,Undefined,Undefined,,Undefined,0,0,88.21953,-1.9566,4.190691,2462.357659,113.288165,9:45,5.57333,-2.2679,5.8163,-27.05427,9.36938,-18.84162,1.49397,0.06544,80.17089,-6.989937,0.821204,0.434373,,,,,,,,,,,,10.88776,5.73859,1.93561,50,5.3967,-8.56183,-127.70585,-5.28248,17.84171,28.19504,-22.77029,86.77434,,8.04864,,,,1000070017,Right,54.68284,-128.73558,14.09752,5.57444,-4.45087,-11.38515,2.2602,-9.21344,8.92086,,,,,,,,,,,,,,,,,,,,,,,,,,,,,81.02694,1.4592,0.684493,0.774707,1.48158,1.50192,-0.06451,-0.55933,5.22006,-4.13855,63.95262,-0.27415,-60.82314,-0.5538,86.15257,-3.73833,5.22405,1.83299,-11.53628,-4.16893,-81.19138,10.46794,High,High,High,,,High,Medium,Medium,v3
83,11/9/2022,3,2,205,Undefined,T_B,1000094105,Right,T_A,3,Bottom,1,0,1,0-1,ChangeUp,Changeup,InPlay,Undefined,GroundBall,GroundBall,FieldersChoice,1,0,81.29903,1.365157,2.373112,1634.718744,57.482682,8:00,4.92323,-2.78271,5.27843,-49.03503,-5.87122,-11.26123,2.12046,-1.49106,74.76914,-7.528652,0.374346,0.472859,49.28731,-51.879296,-29.786117,,,,,3.63253,2.80968,10.901129,0.037965,6.35099,-3.0411,2.5749,50,5.01114,-4.43817,-118.01229,1.05247,8.97526,22.0166,-36.47174,79.71186,2.1731,6.52989,2.08707,2.1731,1.53405,1000070017,Right,55.2243,-118.98295,11.0083,4.92929,2.66043,-18.23587,2.77929,-4.83387,4.48763,,2.08553,38.98133,,,,,,,,2.17536,-57.23997,,,,,,,,1.53493,-22.31228,,,,,,,,,,,,,,,,,,,,,,,,,,,,,,High,High,High,Low,Low,,,,v3
84,11/9/2022,4,1,205,Undefined,T_B,1000051953,Right,T_A,3,Bottom,2,0,0,0-0,ChangeUp,Changeup,StrikeCalled,Undefined,Undefined,,Undefined,0,0,81.54826,0.40837,4.521596,1691.16768,82.206469,8:45,4.90861,-2.61001,5.15145,-43.92117,-0.65921,-14.57442,1.63417,0.44097,74.94122,-7.548199,1.94964,0.473396,,,,,,,,,,,,8.47713,-0.04118,2.19827,50,4.91292,-8.72637,-118.08671,-0.76166,12.01183,21.74933,-32.23237,79.6214,,6.60704,,,,1000070017,Right,55.34941,-119.06789,10.87467,4.91448,0.69245,-16.11619,2.60416,-9.26826,6.00592,,,,,,,,,,,,,,,,,,,,,,,,,,,,,,,,,,,,,,,,,,,,,,,,,,,High,High,High,,,,,,v3
85,11/9/2022,4,2,205,Undefined,T_B,1000051953,Right,T_A,3,Bottom,2,0,1,0-1,Fastball,Four-Seam,BallCalled,Undefined,Undefined,,Undefined,0,0,88.78786,-0.930023,2.294687,2516.760071,129.555014,10:15,5.81122,-2.12172,5.40455,-20.34509,16.02269,-17.89513,3.2436,-1.46173,80.52624,-4.752013,-0.886371,0.43404,,,,,,,,,,,,9.66327,8.68957,1.9302,50,5.7145,-4.35098,-128.71495,-2.76636,16.09625,28.48946,-17.69969,86.84095,,8.26162,,,,1000070017,Right,55.09337,-129.83742,14.24473,5.80976,-2.06901,-8.84984,2.11412,-4.98516,8.04813,,,,,,,,,,,,,,,,,,,,,,,,,,,,,,,,,,,,,,,,,,,,,,,,,,,High,High,High,,,,,,v3
86,11/9/2022,4,3,205,Undefined,T_B,1000051953,Right,T_A,3,Bottom,2,1,1,1-1,Fastball,Sinker,FoulBall,Undefined,Undefined,,Undefined,0,0,89.05361,-2.163594,2.668291,2498.39403,126.727218,10:15,5.73456,-1.95992,5.48386,-20.62966,15.47643,-19.06977,1.98799,-1.05079,80.85744,-6.030249,-0.726645,0.432476,,,,,,,,,,,,10.43898,8.82024,1.73932,50,5.53095,-5.16849,-129.0217,-5.56478,17.46203,28.75761,-17.41979,87.15507,,8.19617,,,,1000070017,Right,55.01501,-130.1347,14.37881,5.73327,-4.89059,-8.70989,1.95244,-5.84431,8.73101,,,,,,,,,,,,,,,,,,,,,,,,,,,,,,,,,,,,,,,,,,,,,,,,,,,High,High,High,,,,,,v3
87,11/9/2022,4,4,205,Undefined,T_B,1000051953,Right,T_A,3,Bottom,2,1,2,1-2,Fastball,Sinker,BallinDirt,Undefined,Undefined,,Undefined,0,1,87.93067,4.063455,1.562483,,119.918006,10:00,5.57011,-2.51566,5.40739,-26.17068,11.04776,-17.06973,7.20425,-2.47382,79.35472,-0.807998,-1.468671,0.439087,,,,,,,,,,,,8.83898,4.71736,2.3879,50,5.91462,-2.66352,-127.16903,8.12038,14.39346,27.44244,-24.49222,85.84276,,8.57596,,,,1000070017,Right,55.08675,-128.26203,13.72122,5.57177,9.09588,-12.24611,2.5054,-3.2368,7.19673,,,,,,,,,,,,,,,,,,,,,,,,,,,,,,,,,,,,,,,,,,,,,,,,,,,High,High,High,,,,,,v3
88,11/9/2022,4,5,205,Undefined,T_B,1000051953,Right,T_A,3,Bottom,2,2,2,2-2,ChangeUp,Changeup,BallCalled,Undefined,Undefined,,Undefined,0,0,81.11477,1.17942,0.703792,1422.210048,64.686626,8:15,4.92581,-2.55671,5.23586,-47.14156,-2.80398,-9.40012,2.10616,-2.6785,73.04702,-7.436323,-0.964954,0.479245,,,,,,,,,,,,4.89831,-1.27032,2.49917,50,4.99958,-1.04098,-117.48646,0.7051,6.71063,26.37457,-33.91434,78.64966,,8.06775,,,,1000070017,Right,55.26072,-118.66156,13.18729,4.93451,2.21614,-16.95717,2.55221,-1.33997,3.35532,,,,,,,,,,,,,,,,,,,,,,,,,,,,,,,,,,,,,,,,,,,,,,,,,,,High,High,High,,,,,,v3
89,11/9/2022,4,6,205,Undefined,T_B,1000051953,Right,T_A,3,Bottom,2,3,2,3-2,ChangeUp,Changeup,BallCalled,Walk,Undefined,,Undefined,0,0,79.78225,3.132395,3.211577,1570.225831,61.275469,8:00,4.84478,-2.6438,5.06722,-47.97837,-2.04024,-6.61264,3.80764,-0.16356,72.10669,-5.598744,2.04656,0.487818,,,,,,,,,,,,4.25292,-1.49449,2.34408,50,5.10497,-6.19098,-115.32794,4.57977,5.67179,23.4095,-34.16714,77.26735,,7.67556,,,,1000070017,Right,55.43088,-116.42509,11.70475,4.8528,6.18111,-17.08357,2.64047,-6.4568,2.8359,,,,,,,,,,,,,,,,,,,,,,,,,,,,,,,,,,,,,,,,,,,,,,,,,,,High,High,High,,,,,,v3
90,11/9/2022,5,1,205,Undefined,T_B,1000079407,Left,T_A,3,Bottom,2,0,0,0-0,Slider,Curveball,StrikeSwinging,Undefined,Undefined,,Undefined,0,0,73.88951,1.094937,2.611966,2080.666543,287.990042,3:30,4.99005,-2.60608,5.11454,-53.93306,-0.48571,7.22221,1.52832,0.45808,67.24045,-8.699852,3.888281,0.52618,,,,,,,,,,,,-2.75398,-0.0228,2.35423,50,5.0515,-5.16057,-106.97527,0.25523,-3.14856,20.7608,-32.2001,71.63411,,6.64906,,,,1000070017,Right,55.38312,-108.01492,10.3804,4.99834,1.86774,-16.10005,2.60871,-5.0029,-1.57428,,,,,,,,,,,,,,,,,,,,,,,,,,,,,,,,,,,,,,,,,,,,,,,,,,,High,High,High,,,,,,v3
91,11/9/2022,1,1,1000093990,Right,T_A,1000069917,Right,T_D,4,Top,0,0,0,0-0,Fastball,Four-Seam,BallCalled,Undefined,Undefined,,Undefined,0,0,94.64684,-0.926531,-1.547491,2339.864895,212.381369,1:00,6.36782,1.31125,5.30746,-15.16627,16.59257,9.90579,4.23386,0.68378,86.66844,-3.780755,0.210572,0.405605,,,,,,,,,,,,-5.35,8.84044,-1.17815,50,6.27299,3.23035,-137.38271,-2.74309,-10.27174,29.13004,-15.20086,92.92888,,7.9784,,,,1000055344,Right,55.19054,-138.47892,14.56502,6.36545,-2.17106,-7.60043,-1.30698,3.61689,-5.13587,,,,,,,,,,,,,,,,,,,,,,,,,,,,,,,,,,,,,,,,,,,,,,,,,,,High,High,High,,,,,,v3
92,11/9/2022,1,2,1000093990,Right,T_A,1000069917,Right,T_D,4,Top,0,1,0,1-0,Fastball,Four-Seam,BallCalled,Undefined,Undefined,,Undefined,0,0,93.36601,-1.080122,-3.970983,2399.469901,208.914495,1:00,6.25231,1.34181,5.12649,-17.16147,15.62627,8.10607,3.80231,-1.72872,85.98717,-4.266546,-2.54216,0.412123,,,,,,,,,,,,-5.00343,8.33323,-0.97486,50,6.13763,9.00116,-135.30544,-3.18386,-9.38143,26.36438,-16.54925,91.45913,,7.37884,,,,1000055344,Right,55.37249,-136.34826,13.18219,6.25062,-2.52927,-8.27463,-1.33823,9.37223,-4.69072,,,,,,,,,,,,,,,,,,,,,,,,,,,,,,,,,,,,,,,,,,,,,,,,,,,High,High,High,,,,,,v3
93,11/9/2022,1,3,1000093990,Right,T_A,1000069917,Right,T_D,4,Top,0,2,0,2-0,Fastball,Four-Seam,FoulBall,Undefined,Undefined,,Undefined,0,0,93.10469,-2.202846,-2.775637,2405.166596,195.221655,12:30,6.20847,1.51089,5.14771,-14.72414,18.26426,4.70095,2.90408,-0.7126,85.63631,-4.961158,-1.945067,0.413383,74.74499,35.940245,164.898554,3321.088567,,,,,60.56611,,,-3.07016,9.99339,-1.25492,50,5.9913,6.32444,-135.00118,-5.71056,-5.71129,27.18985,-13.58382,91.18051,36.98752,7.46838,2.03775,2.79516,0.67056,1000055344,Right,55.35237,-136.07491,13.59492,6.20621,-5.17413,-6.79191,-1.50913,6.54998,-2.85564,317.473744,2.03775,-85.69118,5.16138,-0.13616,-0.01784,0.02476,-0.0057,0.00183,-0.00039,2.79516,64.3439,-26.68542,3.12115,-0.67969,0.13908,-0.02675,0.00495,-0.00044,0.67056,23.12358,-7.55705,1.42065,-0.30529,0.05812,-0.01236,0.0024,-0.00025,,,,,,,,,,,,,,,,,,,,,,,High,High,High,High,Low,,,,v3
94,11/9/2022,1,4,1000093990,Right,T_A,1000069917,Right,T_D,4,Top,0,2,1,2-1,Fastball,Four-Seam,BallCalled,Undefined,Undefined,,Undefined,0,0,93.15205,-1.145701,-0.321332,2282.060606,206.471575,1:00,6.27235,1.42316,5.18346,-15.80564,17.24847,8.06556,3.87713,1.79296,85.03619,-4.117666,1.107391,0.413794,,,,,,,,,,,,-4.15799,9.27056,-1.39987,50,6.1545,0.38084,-135.19955,-3.25661,-7.69194,29.62746,-15.02437,91.08989,,8.11586,,,,1000055344,Right,55.31634,-136.35958,14.81373,6.27049,-2.66834,-7.51219,-1.42067,0.68201,-3.84597,,,,,,,,,,,,,,,,,,,,,,,,,,,,,,,,,,,,,,,,,,,,,,,,,,,High,High,High,,,,,,v3
95,11/9/2022,1,5,1000093990,Right,T_A,1000069917,Right,T_D,4,Top,0,3,1,3-1,Fastball,Four-Seam,InPlay,Undefined,FlyBall,FlyBall,HomeRun,0,1,92.13266,-1.364924,-2.050658,2219.785453,205.154888,12:45,6.22574,1.51877,5.10225,-17.65544,16.18091,7.10418,3.46727,0.1777,84.3549,-4.655542,-0.795103,0.418662,99.68017,31.846582,-20.097276,3533.789298,102.66479,66.5589,-39.49563,389.95586,384.75802,-23.0241,5.584141,-4.11063,8.74737,-1.33118,50,6.08361,4.45132,-133.64393,-3.82365,-7.45768,27.95833,-16.30427,90.03079,101.60691,7.77776,2.19484,3.49665,-0.18489,1000055344,Right,55.39722,-134.7683,13.97917,6.2242,-3.16796,-8.15213,-1.51622,4.75123,-3.72884,167.76278,2.20112,116.50609,-24.10039,5.43468,-0.80074,0.0443,0.0064,-0.00112,5.00E-05,3.49301,77.20092,-16.68611,0.7339,-0.04334,-0.03221,0.01554,-0.00254,0.00014,-0.1863,-42.64915,5.4703,-0.76753,0.01972,0.02388,-0.00579,0.00055,-2.00E-05,,,,,,,,,,,,,,,,,,,,,,,High,High,High,High,Medium,,,,v3
96,11/9/2022,2,1,1000093990,Right,T_A,305,Undefined,T_D,4,Top,0,0,0,0-0,Slider,Slider,StrikeCalled,Undefined,Undefined,,Undefined,0,0,82.44715,-0.46905,-2.618095,2328.605856,121.710354,10:00,6.04797,1.8874,4.82767,-37.27829,5.75788,-7.04563,2.49675,-1.18095,75.38188,-7.22254,-3.856264,0.472159,,,,,,,,,,,,2.70894,3.38815,-1.62133,50,5.96966,5.77104,-119.41416,-2.37805,3.89432,23.94088,-27.30329,79.83001,,7.06527,,,,1000055344,Right,55.67009,-120.54558,11.97044,6.05156,-1.08774,-13.65165,-1.88971,5.587,1.94716,,,,,,,,,,,,,,,,,,,,,,,,,,,,,,,,,,,,,,,,,,,,,,,,,,,High,High,High,,,,,,v3
97,11/9/2022,2,2,1000093990,Right,T_A,305,Undefined,T_D,4,Top,0,0,1,0-1,Slider,Slider,StrikeCalled,Undefined,Undefined,,Undefined,0,0,81.97801,-0.455054,-1.670571,2351.092076,90.465843,9:00,6.07867,1.82528,4.88674,-41.68872,1.36386,-8.08493,2.17392,-0.42932,75.61111,-7.96937,-3.095689,0.472249,,,,,,,,,,,,3.56162,1.15961,-1.65414,50,5.99871,3.81596,-118.95337,-2.51609,5.11759,22.21687,-30.50783,79.81476,,6.3669,,,,1000055344,Right,55.6135,-119.99722,11.10844,6.08325,-1.08269,-15.25392,-1.82779,3.57552,2.5588,,,,,,,,,,,,,,,,,,,,,,,,,,,,,,,,,,,,,,,,,,,,,,,,,,,High,High,High,,,,,,v3
98,11/9/2022,2,3,1000093990,Right,T_A,305,Undefined,T_D,4,Top,0,0,2,0-2,Fastball,Four-Seam,FoulBall,Undefined,Undefined,,Undefined,0,0,92.57985,-1.820645,-2.759799,2337.489899,203.690842,12:45,6.25171,1.2909,5.27646,-15.08095,18.08859,7.50382,3.2824,-0.67786,85.15693,-4.652139,-1.430627,0.414516,80.64027,62.158659,117.742629,4427.333391,,,,,15.46438,,,-4.48961,9.84882,-1.04463,50,6.07463,6.12926,-134.30823,-4.78713,-8.26899,26.82094,-14.03434,90.93127,34.85381,7.42292,1.61016,3.59055,0.4095,1000055344,Right,55.22384,-135.3474,13.41047,6.24957,-4.24337,-7.01717,-1.28831,6.44964,-4.13449,,1.61468,-25.89887,-1.71975,,,,,,,3.59841,104.2679,-30.32397,,,,,,,0.42968,48.06552,-24.39985,,,,,,,,,,,,,,,,,,,,,,,,,,,,,High,High,High,Medium,Low,,,,v3
99,11/9/2022,2,4,1000093990,Right,T_A,305,Undefined,T_D,4,Top,0,0,2,0-2,Slider,Slider,BallCalled,Undefined,Undefined,,Undefined,0,0,79.82941,-0.094664,-2.593691,2647.547484,69.665127,8:15,6.00101,1.63117,4.7506,-48.72798,-3.15343,-12.05662,1.85048,-1.83509,74.02133,-8.806983,-4.711272,0.485884,,,,,,,,,,,,5.2678,-1.15406,-1.35917,50,5.94814,5.75566,-115.80682,-2.03385,7.18972,20.60968,-33.74917,77.57497,,5.80808,,,,1000055344,Right,55.75103,-116.82583,10.30484,6.00745,-0.36519,-16.87459,-1.63496,5.40018,3.59486,,,,,,,,,,,,,,,,,,,,,,,,,,,,,,,,,,,,,,,,,,,,,,,,,,,High,High,High,,,,,,v3
100,11/9/2022,2,5,1000093990,Right,T_A,305,Undefined,T_D,4,Top,0,1,2,1-2,Slider,Slider,BallinDirt,Undefined,Undefined,,Undefined,0,0,82.34148,-2.050851,-1.12741,2700.106078,65.715502,8:15,6.02529,1.53243,4.78889,-46.15353,-3.12362,-9.88713,0.23429,-0.36012,76.06553,-10.293691,-2.871615,0.472125,,,,,,,,,,,,4.59473,-0.63205,-1.41073,50,5.77989,2.7749,-119.39525,-6.05779,6.62016,23.38387,-33.0847,79.83578,,6.27596,,,,1000055344,Right,55.71239,-120.50884,11.69194,6.03086,-4.48222,-16.54235,-1.53536,2.45963,3.31008,,,,,,,,,,,,,,,,,,,,,,,,,,,,,,,,,,,,,,,,,,,,,,,,,,,High,High,High,,,,,,v3
101,11/9/2022,2,6,1000093990,Right,T_A,305,Undefined,T_D,4,Top,0,2,2,2-2,Fastball,Four-Seam,BallCalled,Undefined,Undefined,,Undefined,0,0,92.94189,-0.755619,-3.092346,2349.692395,211.930136,1:00,6.20145,1.46445,5.29289,-15.98631,16.88099,9.91776,4.1587,-0.61541,85.4349,-3.751653,-1.335834,0.412623,,,,,,,,,,,,-5.73488,8.93532,-1.19026,50,6.12119,6.81578,-134.83989,-2.33051,-10.65796,26.73229,-15.56823,91.34839,,7.50699,,,,1000055344,Right,55.2061,-135.86809,13.36614,6.19931,-1.73171,-7.78411,-1.4603,7.22572,-5.32898,,,,,,,,,,,,,,,,,,,,,,,,,,,,,,,,,,,,,,,,,,,,,,,,,,,High,High,High,,,,,,v3
102,11/9/2022,2,7,1000093990,Right,T_A,305,Undefined,T_D,4,Top,0,3,2,3-2,Slider,Slider,BallinDirt,Walk,Undefined,,Undefined,0,0,80.95037,-1.593823,-4.129234,2693.298099,67.428013,8:15,6.03133,1.6237,4.82585,-47.48416,-2.53606,-9.63875,0.56051,-3.09707,74.37712,-10.076807,-5.820765,0.482533,,,,,,,,,,,,3.54532,-0.41642,-1.20472,50,5.83173,8.85537,-117.04086,-5.04587,4.87442,23.90949,-32.74659,78.11369,,6.57325,,,,1000055344,Right,55.67465,-118.19441,11.95475,6.03707,-3.46596,-16.3733,-1.62629,8.6202,2.43721,,,,,,,,,,,,,,,,,,,,,,,,,,,,,,,,,,,,,,,,,,,,,,,,,,,High,High,High,,,,,,v3
103,11/9/2022,3,1,1000093990,Right,T_A,1000052421,Right,T_D,4,Top,0,0,0,0-0,Fastball,Four-Seam,FoulBall,Undefined,Undefined,,Undefined,0,0,92.5452,-3.538389,-1.609775,2355.982751,199.270224,12:45,6.21346,1.54629,5.23822,-14.73076,19.05068,6.24953,1.65465,0.55366,84.04986,-6.324124,-0.501981,0.418322,72.04821,17.822525,167.45929,2822.748942,,,,,47.82611,,,-3.63047,10.95209,-1.40318,50,5.87731,3.47275,-133.94214,-8.76886,-6.54695,30.91124,-12.42368,90.10397,13.00904,8.49535,2.74289,1.77203,-0.48041,1000055344,Right,55.26034,-135.15067,15.45562,6.21065,-8.28313,-6.21184,-1.54396,3.72871,-3.27348,302.406109,2.74289,-98.19921,9.02723,-0.91762,0.17192,-0.01726,0.00693,-0.00531,0.00226,1.77203,32.34254,-22.04023,2.12572,-0.4304,0.08966,-0.0153,0.00257,-0.00016,-0.48041,21.84346,-6.69971,1.29352,-0.28842,0.05545,-0.01076,0.00216,-0.00024,,,,,,,,,,,,,,,,,,,,,,,High,High,High,Medium,Low,,,,v3
104,11/9/2022,3,2,1000093990,Right,T_A,1000052421,Right,T_D,4,Top,0,0,1,0-1,Slider,Slider,StrikeCalled,Undefined,Undefined,,Undefined,0,0,81.70681,-0.175129,-2.509839,2491.259899,79.657588,8:45,6.10724,1.65495,4.79231,-43.98491,-0.11587,-8.41134,2.27571,-1.42602,74.8419,-8.095782,-3.988201,0.476706,,,,,,,,,,,,3.39803,0.43087,-1.39679,50,6.05159,5.55875,-118.36889,-2.04724,4.79819,23.59455,-31.56567,79.06856,,6.86491,,,,1000055344,Right,55.70622,-119.5009,11.79728,6.11348,-0.53279,-15.78283,-1.65796,5.32854,2.39909,,,,,,,,,,,,,,,,,,,,,,,,,,,,,,,,,,,,,,,,,,,,,,,,,,,High,High,High,,,,,,v3
105,11/9/2022,3,3,1000093990,Right,T_A,1000052421,Right,T_D,4,Top,0,0,2,0-2,Slider,Slider,StrikeSwinging,Strikeout,Undefined,,Undefined,0,0,81.39786,-1.258999,-2.488817,2496.702516,63.778371,8:15,6.12058,1.76205,4.84587,-46.704,-2.84126,-8.45949,1.03532,-1.30065,75.2886,-9.615851,-3.979075,0.476672,,,,,,,,,,,,3.51996,-0.7163,-1.50832,50,5.95574,5.4883,-118.02368,-4.36678,4.96903,22.29102,-33.18522,79.07423,,6.10926,,,,1000055344,Right,55.65538,-119.08701,11.14551,6.12629,-2.78377,-16.59261,-1.76447,5.25126,2.48451,,,,,,,,,,,,,,,,,,,,,,,,,,,,,,,,,,,,,,,,,,,,,,,,,,,High,High,High,,,,,,v3
106,11/9/2022,4,1,1000093990,Right,T_A,1000067025,Left,T_D,4,Top,1,0,0,0-0,Fastball,Four-Seam,BallCalled,Undefined,Undefined,,Undefined,0,0,91.69379,-2.091915,-0.578095,2336.81638,196.932695,12:30,6.16369,1.59656,5.22335,-15.09528,18.72194,5.3952,2.93806,1.50264,84.43225,-4.923049,0.378345,0.418543,,,,,,,,,,,,-2.84291,10.19367,-1.54745,50,5.95978,1.0912,-133.11604,-5.36798,-5.147,26.16891,-13.71889,90.05625,,7.26154,,,,1000055344,Right,55.27555,-134.14914,13.08446,6.161,-4.82638,-6.85945,-1.59454,1.29439,-2.5735,,,,,,,,,,,,,,,,,,,,,,,,,,,,,,,,,,,,,,,,,,,,,,,,,,,High,High,High,,,,,,v3
107,11/9/2022,4,2,1000093990,Right,T_A,1000067025,Left,T_D,4,Top,1,1,0,1-0,Slider,Slider,BallCalled,Undefined,Undefined,,Undefined,0,0,80.37027,-0.913807,-1.84678,2487.641453,64.003661,8:15,6.04896,1.70429,4.87167,-47.73042,-2.54327,-8.21205,1.20618,-0.72824,73.83037,-9.488847,-3.295335,0.483814,,,,,,,,,,,,3.53252,-0.60008,-1.51521,50,5.91836,4.10282,-116.50877,-3.64061,4.8276,23.06881,-32.99411,77.90681,,6.5399,,,,1000055344,Right,55.6285,-117.61794,11.53441,6.05527,-2.05423,-16.49706,-1.70689,3.87071,2.4138,,,,,,,,,,,,,,,,,,,,,,,,,,,,,,,,,,,,,,,,,,,,,,,,,,,High,High,High,,,,,,v3
108,11/9/2022,4,3,1000093990,Right,T_A,1000067025,Left,T_D,4,Top,1,2,0,2-0,Fastball,Four-Seam,StrikeCalled,Undefined,Undefined,,Undefined,0,0,92.13299,-2.666001,-0.903774,2315.332949,196.055236,12:30,6.11735,1.62423,5.20841,-14.01705,19.76348,5.37646,2.44,1.22227,84.26651,-5.316398,0.048954,0.418316,,,,,,,,,,,,-2.92398,10.90898,-1.54484,50,5.86055,1.85145,-133.57423,-6.6697,-5.29247,28.27648,-12.42863,90.10511,,7.86648,,,,1000055344,Right,55.28922,-134.68926,14.13824,6.1139,-6.1796,-6.21431,-1.62196,2.06015,-2.64624,,,,,,,,,,,,,,,,,,,,,,,,,,,,,,,,,,,,,,,,,,,,,,,,,,,High,High,High,,,,,,v3
109,11/9/2022,4,4,1000093990,Right,T_A,1000067025,Left,T_D,4,Top,1,2,1,2-1,Fastball,Four-Seam,BallCalled,Undefined,Undefined,,Undefined,1,0,92.07348,-2.086351,-0.720947,2417.715418,197.705461,12:30,6.16385,1.68893,5.27502,-14.73981,18.96749,5.71355,2.9749,1.48787,84.19894,-4.870713,0.29285,0.417862,,,,,,,,,,,,-3.05347,10.38083,-1.62745,50,5.96286,1.41209,-133.56752,-5.34473,-5.52541,28.31385,-13.38925,90.203,,7.87454,,,,1000055344,Right,55.22288,-134.67012,14.15693,6.16085,-4.82332,-6.69463,-1.68663,1.62726,-2.76271,,,,,,,,,,,,,,,,,,,,,,,,,,,,,77.4292,,0.72279,,-0.87597,2.77667,-1.50045,-0.47966,5.87372,0.19745,,,,-0.38,111.83393,-9.52839,5.91627,10.6854,-13.55236,0.17038,-0.04289,1.7633,High,High,High,,,High,High,High,v3
110,11/9/2022,4,5,1000093990,Right,T_A,1000067025,Left,T_D,4,Top,2,3,1,3-1,Fastball,Four-Seam,FoulBall,Undefined,Undefined,,Undefined,0,0,92.40087,-2.782436,-1.213577,2251.886789,193.49579,12:30,6.24627,1.55382,5.20379,-15.29536,18.21899,4.12193,2.35215,0.75578,84.76867,-5.649415,-0.483245,0.416665,72.56099,21.00957,-161.993492,2143.298146,,,,,47.53549,,,-2.38795,10.16461,-1.44476,50,5.97744,2.64513,-133.99079,-7.03433,-4.35972,27.7973,-13.61631,90.46225,15.34669,7.6322,0.98612,2.19897,-0.71323,1000055344,Right,55.29515,-135.08484,13.89865,6.24375,-6.49842,-6.80816,-1.55224,2.81672,-2.17986,23.597238,0.98612,-94.48178,6.41819,-0.5367,0.04281,0.01575,-0.00412,0.00222,-0.00072,2.19897,38.15504,-25.19244,2.73937,-0.58216,0.10774,-0.01806,0.00133,0.0009,-0.71323,-30.71086,4.93069,-1.47332,0.36163,-0.0786,0.01675,-0.00375,0.00054,,,,,,,,,,,,,,,,,,,,,,,High,High,High,High,Medium,,,,v3
111,11/9/2022,4,6,1000093990,Right,T_A,1000067025,Left,T_D,4,Top,2,3,2,3-2,Fastball,Four-Seam,BallCalled,Walk,Undefined,,Undefined,0,0,92.92335,-1.415818,-1.115474,2435.23643,200.38739,12:45,6.1842,1.55337,5.21223,-14.25548,18.97162,6.65205,3.66437,1.05865,84.72369,-4.118145,0.063179,0.414875,,,,,,,,,,,,-3.62024,10.17166,-1.45545,50,6.04311,2.30372,-134.7828,-3.79478,-6.65713,29.39383,-13.46976,90.85246,,8.19967,,,,1000055344,Right,55.28501,-135.93048,14.69692,6.18101,-3.26886,-6.73488,-1.55048,2.56365,-3.32857,,,,,,,,,,,,,,,,,,,,,,,,,,,,,,,,,,,,,,,,,,,,,,,,,,,High,High,High,,,,,,v3
112,11/9/2022,5,1,1000093990,Right,T_A,305,Undefined,T_D,4,Top,2,0,0,0-0,Slider,Slider,BallCalled,Undefined,Undefined,,Undefined,0,0,81.26727,0.871689,-1.638679,2550.59446,120.032304,10:00,6.0689,1.70934,4.76851,-39.28356,4.77288,-5.9202,3.62211,-0.33805,74.58226,-6.239516,-2.678753,0.477723,,,,,,,,,,,,2.46079,2.52193,-1.53971,50,6.12196,3.63106,-117.84788,0.3162,3.46946,21.86047,-28.61837,78.90019,,6.68501,,,,1000055344,Right,55.72984,-118.906,10.93024,6.07313,1.70143,-14.30919,-1.7114,3.46313,1.73473,,,,,,,,,,,,,,,,,,,,,,,,,,,,,,,,,,,,,,,,,,,,,,,,,,,High,High,High,,,,,,v3
113,11/9/2022,5,2,1000093990,Right,T_A,305,Undefined,T_D,4,Top,2,1,0,1-0,Fastball,Four-Seam,InPlay,Undefined,GroundBall,,FieldersChoice,1,0,92.89836,-3.896202,-1.974034,2393.546281,200.038107,12:45,6.21747,1.42559,5.24686,-14.28517,19.04552,6.54717,1.35779,0.11537,84.9256,-6.586251,-0.813649,0.415522,,,,,,,,,,,,-3.84315,10.95768,-1.24945,50,5.84901,4.32885,-134.47069,-9.63549,-7.03598,29.19534,-12.11296,90.71114,,7.97276,,,,1000055344,Right,55.2522,-135.60621,14.59767,6.21461,-9.16437,-6.05648,-1.42313,4.60251,-3.51799,,,,,,,,,,,,,,,,,,,,,,,,,,,,,,,,,,,,,,,,,,,,,,,,,,,High,High,High,,,,,,v3
114,11/9/2022,1,1,1000052263,Right,T_B,1000079407,Left,T_A,4,Bottom,0,0,0,0-0,Fastball,Sinker,BallCalled,Undefined,Undefined,,Undefined,0,0,91.35061,-1.125566,-2.30725,2164.049266,225.841252,1:30,5.15875,3.08295,5.81967,-18.14245,15.48961,14.83225,2.59941,2.17265,83.30469,-4.556346,0.349535,0.417396,,,,,,,,,,,,-8.16146,8.53465,-2.90265,50,5.05584,4.67881,-132.56795,-3.17579,-14.50787,28.632,-17.0028,90.30381,,8.04592,,,,1000070017,Right,54.67788,-133.57445,14.316,5.15697,-2.57808,-8.5014,-3.07609,5.18881,-7.25394,,,,,,,,,,,,,,,,,,,,,,,,,,,,,,,,,,,,,,,,,,,,,,,,,,,High,High,High,,,,,,v3
115,11/9/2022,1,2,1000052263,Right,T_B,1000079407,Left,T_A,4,Bottom,0,1,0,1-0,ChangeUp,Changeup,StrikeCalled,Undefined,Undefined,,Undefined,0,0,81.60007,0.455218,-3.223893,1960.313531,263.741276,2:45,4.98075,3.15697,6.05199,-38.66971,3.33095,17.58859,2.18034,1.63521,74.31465,-6.723355,-0.06033,0.466444,,,,,,,,,,,,-9.978,2.01752,-2.9152,50,4.99567,5.9916,-118.37931,-0.27642,-14.06583,23.98815,-29.32996,80.80805,,7.28542,,,,1000070017,Right,54.44713,-119.27706,11.99408,4.98547,0.82125,-14.66498,-3.14929,6.51802,-7.03291,,,,,,,,,,,,,,,,,,,,,,,,,,,,,,,,,,,,,,,,,,,,,,,,,,,High,High,High,,,,,,v3
116,11/9/2022,1,3,1000052263,Right,T_B,1000079407,Left,T_A,4,Bottom,0,1,1,1-1,Fastball,Sinker,StrikeCalled,Undefined,Undefined,,Undefined,0,0,90.76516,-2.031713,-5.125624,2135.682631,238.03317,2:00,5.07604,2.83849,6.18256,-22.4471,11.6552,16.73536,1.32102,-0.51262,82.14467,-6.267791,-2.120508,0.420304,,,,,,,,,,,,-10.1878,7.00843,-2.45864,50,4.9107,11.06409,-131.23312,-5.37258,-17.5888,30.36843,-20.07433,89.67906,,8.62048,,,,1000070017,Right,54.31506,-132.22789,15.18422,5.07592,-4.71501,-10.03717,-2.8305,11.64024,-8.7944,,,,,,,,,,,,,,,,,,,,,,,,,,,,,,,,,,,,,,,,,,,,,,,,,,,High,High,High,,,,,,v3
117,11/9/2022,1,4,1000052263,Right,T_B,1000079407,Left,T_A,4,Bottom,0,1,2,1-2,Slider,Curveball,StrikeSwinging,Strikeout,Undefined,,Undefined,0,0,76.27586,-0.952155,-3.070222,2525.483259,74.255586,8:30,5.19564,2.9055,5.59783,-52.2318,-3.15811,-16.84647,-0.04731,-1.36753,70.23397,-10.420191,-6.075322,0.504192,,,,,,,,,,,,7.67894,-0.92248,-2.63076,50,5.07978,6.54311,-110.5924,-3.50446,9.40565,21.7478,-33.30398,74.75815,,6.04189,,,,1000070017,Right,54.90372,-111.55254,10.8739,5.20204,-2.03412,-16.65199,-2.91047,6.12786,4.70282,,,,,,,,,,,,,,,,,,,,,,,,,,,,,,,,,,,,,,,,,,,,,,,,,,,High,High,High,,,,,,v3
118,11/9/2022,2,1,1000052263,Right,T_B,1000069979,Right,T_A,4,Bottom,1,0,0,0-0,Slider,Curveball,StrikeCalled,Undefined,Undefined,,Undefined,0,0,76.50499,1.637525,-1.696299,2542.919149,51.792588,7:45,5.31153,2.83527,4.78151,-60.65106,-10.30871,-15.24918,1.81053,-0.04383,69.8326,-9.25242,-4.378802,0.510667,,,,,,,,,,,,6.95788,-5.08024,-2.65164,50,5.42202,3.91348,-110.84097,0.944,8.54849,22.10825,-38.41568,73.81014,,6.67239,,,,1000070017,Right,55.7199,-111.97604,11.05413,5.32292,2.91632,-19.20784,-2.8413,3.47459,4.27425,,,,,,,,,,,,,,,,,,,,,,,,,,,,,,,,,,,,,,,,,,,,,,,,,,,High,High,High,,,,,,v3
119,11/9/2022,2,2,1000052263,Right,T_B,1000069979,Right,T_A,4,Bottom,1,0,1,0-1,Fastball,Sinker,FoulBall,Undefined,Undefined,GroundBall,Undefined,0,0,90.86252,-0.03238,-3.336917,2214.288998,237.961684,2:00,5.21381,2.72715,6.47384,-21.54588,11.66961,16.92914,3.38854,1.07006,82.73,-4.124677,-0.270597,0.414803,69.48717,8.030869,157.450997,4065.46494,,,,102.49097,45.38661,164.992772,1.235743,-9.85501,6.4378,-2.4992,50,5.20189,7.02711,-131.93942,-0.70735,-17.31225,28.97139,-20.86484,90.86835,7.06255,8.13252,1.40943,3.53994,-1.40121,1000070017,Right,54.02619,-132.82055,14.4857,5.21375,-0.07277,-10.43242,-2.72093,7.55364,-8.65612,,1.40943,-93.20012,11.06703,-1.21111,0.02531,0.05161,-0.02086,0.00515,-0.00075,3.53994,14.23811,-14.75883,0.76327,-0.01052,-0.01042,0.00589,-0.00078,-6.00E-05,-1.40121,38.69817,-17.19809,4.47672,-1.12191,0.23987,-0.04833,0.00782,-0.00061,,,,,,,,,,,,,,,,,,,,,,,High,High,High,Medium,Low,,,,v3
120,11/9/2022,2,3,1000052263,Right,T_B,1000069979,Right,T_A,4,Bottom,1,0,2,0-2,Fastball,Sinker,BallCalled,Undefined,Undefined,,Undefined,0,0,89.69232,2.142854,-3.447489,2216.284302,223.03331,1:30,5.35699,2.28589,6.32608,-20.29383,13.99414,12.06154,5.6437,0.11238,81.58054,-1.717769,-1.271665,0.421446,,,,,,,,,,,,-7.16678,6.98752,-2.03908,50,5.50385,7.33503,-130.06141,4.29475,-12.27243,27.35327,-20.20852,89.43592,,8.11178,,,,1000070017,Right,54.17088,-130.93565,13.67663,5.35627,4.94064,-10.10426,-2.27978,7.72727,-6.13621,,,,,,,,,,,,,,,,,,,,,,,,,,,,,,,,,,,,,,,,,,,,,,,,,,,High,High,High,,,,,,v3
121,11/9/2022,2,4,1000052263,Right,T_B,1000069979,Right,T_A,4,Bottom,1,1,2,1-2,Slider,Changeup,FoulBall,Undefined,Undefined,GroundBall,Undefined,0,0,83.08809,-0.435606,-4.654159,2164.290493,252.276737,2:30,4.96047,2.76218,6.28828,-32.66931,7.37304,19.03981,1.83525,0.05026,75.99574,-6.535462,-1.223054,0.45544,67.70643,-2.326818,-178.862319,1146.075575,,,,14.45005,14.45005,-176.537672,0.160801,-11.26079,4.32075,-2.42793,50,4.91241,9.10946,-120.46087,-1.89073,-16.53027,23.61102,-25.83141,82.76053,0.85536,7.09235,1.22834,0.85536,-0.20513,1000070017,Right,54.21266,-121.28377,11.80551,4.96262,-0.99045,-12.91571,-2.75545,9.68557,-8.26513,,1.22817,-99.1879,11.51886,,,,,,,0.85527,-4.02434,-8.04942,,,,,,,-0.20456,-2.01702,-13.31697,,,,,,,,,,,,,,,,,,,,,,,,,,,,,High,High,High,Low,High,,,,v3
122,11/9/2022,2,5,1000052263,Right,T_B,1000069979,Right,T_A,4,Bottom,1,1,2,1-2,Slider,Slider,InPlay,Undefined,LineDrive,LineDrive,Single,0,0,82.91555,0.184754,-3.824503,2346.119702,115.817798,9:45,5.2732,2.60013,5.60688,-37.86809,3.23232,-4.12744,2.29037,-1.31914,76.31365,-6.745301,-4.558554,0.461418,84.85956,12.589278,-23.759801,2015.930146,98.70457,10.11571,-48.55273,160.85321,158.4021,-28.352629,1.516963,1.07154,1.91059,-2.26976,50,5.26426,8.19949,-120.22909,-0.89698,1.57153,22.88108,-29.37201,81.68827,11.5675,6.6019,3.30584,2.46436,1.19989,1000070017,Right,54.89384,-121.15687,11.44054,5.27648,0.29399,-14.686,-2.60094,8.13576,0.78576,81.677233,3.30584,111.1728,-16.18576,2.60734,-0.53015,0.09656,-0.02653,0.00727,-0.00101,2.46436,27.12747,-21.52664,2.20795,-0.45011,0.09687,-0.02023,0.00436,-0.00055,1.19989,-48.93999,-3.04737,1.51878,-0.4396,0.12683,-0.04187,0.01265,-0.00186,,,,,,,,,,,,,,,,,,,,,,,High,High,High,High,High,,,,v3
123,11/9/2022,3,1,1000052263,Right,T_B,1000110361,Right,T_A,4,Bottom,1,0,0,0-0,Fastball,Sinker,FoulBall,Undefined,Undefined,,Undefined,0,0,89.45419,-1.689204,-4.190986,2042.885127,230.068628,1:45,5.19207,3.02252,6.13789,-20.54352,14.41639,15.78745,1.91433,0.45795,81.18922,-5.58402,-1.353477,0.425556,,,,,,,,,,,,-9.4815,8.31756,-2.71071,50,5.0523,8.85982,-129.58871,-4.44589,-15.99985,29.01545,-18.13836,88.57224,,8.26497,,,,1000070017,Right,54.36181,-130.56168,14.50773,5.19118,-3.83766,-9.06918,-3.0168,9.39634,-7.99992,,,,,,,,,,,,,,,,,,,,,,,,,,,,,,,,,,,,,,,,,,,,,,,,,,,High,High,High,,,,,,v3
124,11/9/2022,3,2,1000052263,Right,T_B,1000110361,Right,T_A,4,Bottom,1,0,1,0-1,Slider,Changeup,FoulBall,Undefined,Undefined,,Undefined,0,0,81.83008,0.712206,-3.918257,2170.462088,248.820318,2:15,5.09268,3.15329,6.38271,-33.3977,8.1439,17.22564,2.96628,0.97865,73.93048,-5.57702,-0.806192,0.463888,,,,,,,,,,,,-10.31607,4.41047,-2.87881,50,5.12862,7.51108,-118.62918,0.52912,-14.49904,25.59853,-25.9752,81.25334,,7.8996,,,,1000070017,Right,54.11708,-119.51429,12.79927,5.0948,1.42725,-12.9876,-3.14719,8.01241,-7.24952,,,,,,,,,,,,,,,,,,,,,,,,,,,,,,,,,,,,,,,,,,,,,,,,,,,High,High,High,,,,,,v3
125,11/9/2022,3,3,1000052263,Right,T_B,1000110361,Right,T_A,4,Bottom,1,0,2,0-2,Fastball,Sinker,InPlay,Undefined,GroundBall,Popup,FieldersChoice,1,0,90.81347,-1.420674,-5.88398,2265.115888,242.528611,2:00,5.14792,2.86204,6.16862,-23.713,9.65882,16.75654,1.85241,-1.19552,83.97263,-5.835269,-2.882712,0.415778,85.05713,65.074617,-47.930871,4097.613437,,,,111.05652,110.63811,-43.52862,2.878525,-10.12882,5.63087,-2.42362,50,5.02745,12.88021,-131.50264,-4.04711,-17.98413,24.23777,-22.17618,90.65519,64.68725,6.84084,1.54615,1.86564,1.189,1000070017,Right,54.33338,-132.29893,12.11888,5.14845,-3.31855,-11.08809,-2.85648,13.47105,-8.99206,,1.54616,35.22546,-5.60026,1.94844,-0.62017,0.1763,-0.03857,0.00538,-0.00034,1.86579,113.12268,-66.43279,18.20344,-5.86274,1.69203,-0.3753,0.05283,-0.00342,1.18898,-39.02679,8.22731,-2.70158,0.85892,-0.24718,0.05451,-0.00765,0.00049,,,,,,,,,,,,,,,,,,,,,,,High,High,High,Low,Low,,,,v3
126,11/9/2022,4,1,1000052263,Right,T_B,1000055244,Left,T_A,4,Bottom,2,0,0,0-0,Slider,Slider,BallinDirt,Undefined,Undefined,,Undefined,0,0,82.68279,-1.884921,-4.356671,2514.273997,136.485413,10:30,5.30268,3.02532,5.61719,-37.8201,3.52717,-2.17996,0.38612,-1.23018,76.51677,-8.763583,-4.744544,0.462801,,,,,,,,,,,,-0.0487,2.62567,-2.65133,50,5.11665,9.20953,-119.76945,-5.23155,-0.071,22.31754,-28.34577,81.44408,,6.16602,,,,1000070017,Right,54.88361,-120.67602,11.15877,5.30578,-4.08011,-14.17288,-3.0255,9.21241,-0.0355,,,,,,,,,,,,,,,,,,,,,,,,,,,,,,,,,,,,,,,,,,,,,,,,,,,High,High,High,,,,,,v3
127,11/9/2022,4,2,1000052263,Right,T_B,1000055244,Left,T_A,4,Bottom,2,1,0,1-0,Fastball,Sinker,BallCalled,Undefined,Undefined,,Undefined,0,0,90.63608,-2.028016,-3.089859,2367.146705,245.810608,2:15,5.0994,3.25715,6.0358,-24.38757,9.38308,18.57253,1.1857,1.94096,83.27791,-6.56987,0.2509,0.418255,,,,,,,,,,,,-10.37351,5.69717,-3.02564,50,4.92763,6.31948,-131.54623,-5.47613,-18.24419,26.93846,-22.15424,90.11834,,7.35817,,,,1000070017,Right,54.46438,-132.45731,13.46923,5.10016,-4.72686,-11.07712,-3.2498,6.93651,-9.12209,,,,,,,,,,,,,,,,,,,,,,,,,,,,,,,,,,,,,,,,,,,,,,,,,,,High,High,High,,,,,,v3
128,11/9/2022,4,3,1000052263,Right,T_B,1000055244,Left,T_A,4,Bottom,2,2,0,2-0,Slider,Changeup,BallCalled,Undefined,Undefined,,Undefined,0,0,82.03713,-0.904937,-3.518646,2081.331284,246.533732,2:15,4.92895,3.40532,6.12374,-32.27399,8.53874,16.9693,1.40124,1.56257,75.92973,-6.890377,-0.463438,0.4598,,,,,,,,,,,,-9.61091,5.01744,-3.14429,50,4.84273,6.68879,-119.15446,-2.86867,-13.96657,20.57877,-24.88271,81.97568,,6.1074,,,,1000070017,Right,54.37666,-119.90796,10.28938,4.93109,-1.95758,-12.44136,-3.39857,7.20017,-6.98328,,,,,,,,,,,,,,,,,,,,,,,,,,,,,,,,,,,,,,,,,,,,,,,,,,,High,High,High,,,,,,v3
129,11/9/2022,4,4,1000052263,Right,T_B,1000055244,Left,T_A,4,Bottom,2,3,0,3-0,Fastball,Sinker,BallCalled,Walk,Undefined,,Undefined,0,0,90.82282,-2.355142,-4.96372,2264.819147,240.398868,2:00,5.1414,3.03761,6.23737,-23.2171,10.21804,16.20024,1.02472,-0.20266,83.59878,-6.693632,-2.049935,0.416172,,,,,,,,,,,,-9.66918,6.22674,-2.67447,50,4.95356,10.76303,-131.55454,-6.16918,-17.06524,26.05334,-21.1844,90.56938,,7.22404,,,,1000070017,Right,54.26283,-132.39606,13.02667,5.14178,-5.48492,-10.5922,-3.03102,11.31424,-8.53262,,,,,,,,,,,,,,,,,,,,,,,,,,,,,,,,,,,,,,,,,,,,,,,,,,,High,High,High,,,,,,v3
130,11/9/2022,5,1,1000052263,Right,T_B,1000064785,Right,T_A,4,Bottom,2,0,0,0-0,Slider,Curveball,BallCalled,Undefined,Undefined,,Undefined,0,0,74.80505,1.17987,-3.421741,2469.714041,63.856664,8:15,5.2285,3.14598,5.29292,-56.10664,-5.13937,-13.43288,1.6629,-1.19005,69.4235,-8.944074,-5.799126,0.513827,,,,,,,,,,,,5.83174,-2.45162,-2.82408,50,5.29484,6.99211,-108.51005,0.378,6.98042,18.28813,-35.10857,73.35624,,5.38155,,,,1000070017,Right,55.2094,-109.38451,9.14407,5.23663,2.05675,-17.55429,-3.15044,6.65833,3.49021,,,,,,,,,,,,,,,,,,,,,,,,,,,,,,,,,,,,,,,,,,,,,,,,,,,High,High,High,,,,,,v3
131,11/9/2022,5,2,1000052263,Right,T_B,1000064785,Right,T_A,4,Bottom,2,1,0,1-0,Fastball,Sinker,InPlay,Undefined,GroundBall,GroundBall,Single,0,2,90.09813,-1.39705,-4.919698,2253.441993,239.49187,2:00,5.21517,2.91924,6.37566,-23.50064,10.26099,15.68347,1.96643,-0.31128,82.83492,-5.80753,-2.092285,0.418199,104.00059,3.933366,12.23426,1948.798594,,,,119.90269,115.8272,15.205766,0.869722,-9.51371,6.02575,-2.57086,50,5.10299,10.63474,-130.62374,-3.91659,-16.53996,25.90808,-21.69802,90.13034,3.83533,7.26321,1.83152,2.04368,0.11879,1000070017,Right,54.12556,-131.43946,12.95404,5.21554,-3.23343,-10.84901,-2.9139,11.15551,-8.26998,259.314951,1.92926,147.18733,-18.93893,,,,,,,2.07177,10.02642,-14.30183,,,,,,,0.07396,32.95892,3.63488,,,,,,,,,,,,,,,,,,,,,,,,,,,,,High,High,High,High,High,,,,v3
132,11/9/2022,6,1,1000052263,Right,T_B,1000187798,Right,T_A,4,Bottom,2,0,0,0-0,Fastball,Sinker,BallCalled,Undefined,Undefined,,Undefined,0,0,89.23197,-0.044643,-3.272882,2129.069401,248.109571,2:15,5.20778,2.95697,6.4408,-26.49057,7.89174,16.95158,2.95915,1.35886,81.56995,-5.026202,-0.203328,0.422026,,,,,,,,,,,,-9.72564,4.47473,-2.73134,50,5.19276,6.73699,-129.5942,-0.91716,-16.54135,27.05704,-24.56342,89.31314,,7.66202,,,,1000070017,Right,54.05855,-130.4388,13.52852,5.20942,-0.1504,-12.28171,-2.9497,7.25334,-8.27068,,,,,,,,,,,,,,,,,,,,,,,,,,,,,,,,,,,,,,,,,,,,,,,,,,,High,High,High,,,,,,v3
133,11/9/2022,6,2,1000052263,Right,T_B,1000187798,Right,T_A,4,Bottom,2,1,0,1-0,ChangeUp,Changeup,FoulBall,Undefined,Undefined,GroundBall,Undefined,0,0,79.85244,0.661944,-3.034563,1905.63952,248.714151,2:15,4.99741,3.17476,6.40628,-36.59691,6.29591,12.79064,2.5572,1.44773,73.30964,-6.176337,-0.719394,0.471372,58.69096,-11.184055,-80.976809,,,,,18.44756,6.8152,-61.299383,0.17888,-7.64166,3.42335,-2.96351,50,5.02775,5.7268,-116.04103,0.31904,-10.42983,21.51396,-27.50165,79.96326,3.00405,6.5428,,,,1000070017,Right,54.09584,-116.79793,10.75698,4.9995,1.2866,-13.75082,-3.17144,6.09374,-5.21492,,6.474,13.32119,,,,,,,,3.00685,-16.79362,,,,,,,,-1.16138,-83.88694,,,,,,,,,,,,,,,,,,,,,,,,,,,,,,High,High,High,Low,Low,,,,v3
134,11/9/2022,6,3,1000052263,Right,T_B,1000187798,Right,T_A,4,Bottom,2,1,1,1-1,Slider,Curveball,InPlay,Undefined,GroundBall,GroundBall,FieldersChoice,1,0,75.30836,1.455059,-2.327098,2456.295912,68.799867,8:15,5.25387,3.0728,5.47022,-55.19999,-4.97205,-16.80899,2.017,-0.50695,69.32649,-8.577309,-5.316893,0.510087,37.58679,-47.235729,-29.77998,,,,,5.60329,4.10074,-7.909612,0.057181,7.89654,-2.58457,-2.85596,50,5.34367,5.05331,-109.29424,1.00119,9.5093,20.05687,-35.28647,73.89415,2.34208,5.98187,3.66996,2.34208,0.30475,1000070017,Right,55.03245,-110.21388,10.02844,5.26067,2.61915,-17.64324,-3.07767,4.61729,4.75465,,3.66636,32.87857,,,,,,,,2.34656,-40.95918,,,,,,,,0.30681,-18.81448,,,,,,,,,,,,,,,,,,,,,,,,,,,,,,High,High,High,Estimated,Estimated,,,,v3
135,11/9/2022,1,1,1000036180,Right,T_A,1000065546,Left,T_D,5,Top,0,0,0,0-0,Fastball,Four-Seam,BallCalled,Undefined,Undefined,,Undefined,0,0,94.21675,-1.273279,-2.006445,2109.311818,215.635439,1:15,5.56042,2.29219,6.39873,-14.69847,16.40666,11.00225,3.16367,1.36308,85.39775,-4.116578,-0.013949,0.401409,,,,,,,,,,,,-6.30433,9.23611,-2.15277,50,5.46201,4.32077,-136.78362,-3.42989,-11.84541,32.49526,-14.82005,93.90025,,8.819,,,,1000055344,Right,54.09809,-137.75374,16.24763,5.55781,-2.98744,-7.41003,-2.28705,4.67441,-5.92271,,,,,,,,,,,,,,,,,,,,,,,,,,,,,,,,,,,,,,,,,,,,,,,,,,,High,High,High,,,,,,v3
136,11/9/2022,1,2,1000036180,Right,T_A,1000065546,Left,T_D,5,Top,0,1,0,1-0,Fastball,Four-Seam,InPlay,Undefined,GroundBall,GroundBall,Out,1,0,94.90628,-2.64856,-2.934408,2201.578989,217.407138,1:15,5.42623,2.33962,6.49832,-13.78839,16.85111,12.07383,1.84116,0.64993,86.02335,-5.324373,-0.745652,0.398394,81.64206,-6.821064,-12.537862,,,,,16.75001,1.7351,-13.748617,0.128732,-7.22843,9.95327,-2.13909,50,5.23431,6.5546,-137.62437,-6.72796,-13.73302,33.22706,-13.26415,94.61107,1.83368,8.88294,1.30591,1.83368,-0.65299,1000055344,Right,54.00012,-138.58676,16.61353,5.42362,-6.34377,-6.63208,-2.3347,6.95236,-6.86651,,1.30208,116.24317,,,,,,,,1.83415,-14.24419,,,,,,,,-0.65214,-25.85109,,,,,,,,,,,,,,,,,,,,,,,,,,,,,,High,High,High,Low,Low,,,,v3
137,11/9/2022,2,1,1000036180,Right,T_A,1000126952,Right,T_D,5,Top,1,0,0,0-0,ChangeUp,Curveball,StrikeCalled,Undefined,Undefined,,Undefined,0,0,78.60993,2.013472,-2.649368,1834.178372,22.160074,6:45,5.53398,2.32467,4.88382,-57.9407,-10.29532,-4.86418,2.61331,-0.58897,71.39786,-8.426342,-3.505446,0.4968,,,,,,,,,,,,1.55165,-5.20729,-2.06015,50,5.68275,5.47058,-113.76858,1.83755,2.00642,23.48205,-38.90751,75.87039,,7.21207,,,,1000055344,Right,55.61611,-114.92191,11.74103,5.54557,3.74851,-19.45376,-2.32642,5.37203,1.00321,,,,,,,,,,,,,,,,,,,,,,,,,,,,,,,,,,,,,,,,,,,,,,,,,,,High,High,High,,,,,,v3
138,11/9/2022,2,2,1000036180,Right,T_A,1000126952,Right,T_D,5,Top,1,0,1,0-1,Slider,Slider,StrikeCalled,Undefined,Undefined,,Undefined,0,0,81.87753,0.948008,-3.128501,2295.033,99.089355,9:15,5.49037,2.27979,5.22693,-40.55254,2.81122,-8.18638,3.00361,-1.3464,74.21507,-6.465427,-4.575362,0.473953,,,,,,,,,,,,3.08634,1.56378,-1.98489,50,5.54788,6.82553,-118.49808,0.51305,4.33238,25.34047,-29.9789,79.52785,,7.66247,,,,1000055344,Right,55.2698,-119.61971,12.67023,5.4958,1.83998,-14.98945,-2.28276,6.63377,2.16619,,,,,,,,,,,,,,,,,,,,,,,,,,,,,,,,,,,,,,,,,,,,,,,,,,,High,High,High,,,,,,v3
139,11/9/2022,2,3,1000036180,Right,T_A,1000126952,Right,T_D,5,Top,1,0,2,0-2,Curveball,Curveball,BallCalled,Undefined,Undefined,,Undefined,0,0,79.52875,2.9327,-1.01714,1957.31065,35.951306,7:15,5.53754,2.10588,4.80436,-58.84987,-12.26351,-10.05048,3.41488,0.30453,72.16557,-7.662755,-2.78522,0.491248,,,,,,,,,,,,4.58567,-6.38426,-1.99551,50,5.77855,2.48407,-115.1433,3.62591,6.08473,23.69896,-40.64533,76.72792,,7.36318,,,,1000055344,Right,55.69611,-116.30978,11.84948,5.55084,5.62649,-20.32266,-2.11041,2.18458,3.04237,,,,,,,,,,,,,,,,,,,,,,,,,,,,,,,,,,,,,,,,,,,,,,,,,,,High,High,High,,,,,,v3
140,11/9/2022,2,4,1000036180,Right,T_A,1000126952,Right,T_D,5,Top,1,1,2,1-2,Slider,Slider,StrikeSwinging,Strikeout,Undefined,,Undefined,0,0,80.62701,0.854395,-1.997899,2206.460668,80.372081,8:45,5.45453,2.41167,5.33628,-44.41392,-0.13882,-9.52638,2.5555,-0.25735,73.46383,-7.253298,-3.688964,0.478907,,,,,,,,,,,,4.15855,0.12406,-2.22426,50,5.49995,4.47025,-116.88873,0.18201,5.70103,23.90571,-32.00399,78.70515,,7.16318,,,,1000055344,Right,55.162,-117.93972,11.95285,5.46102,1.58904,-16.00199,-2.41528,4.21961,2.85052,,,,,,,,,,,,,,,,,,,,,,,,,,,,,,,,,,,,,,,,,,,,,,,,,,,High,High,High,,,,,,v3
141,11/9/2022,3,1,1000036180,Right,T_A,305,Undefined,T_D,5,Top,2,0,0,0-0,Fastball,Four-Seam,FoulBall,Undefined,Undefined,,Undefined,0,0,95.43663,-2.348042,-3.378459,2140.682109,215.084106,1:15,5.44016,2.23242,6.36784,-12.93627,17.53631,11.57225,2.19655,0.08439,86.41394,-4.866029,-1.287622,0.397307,86.00688,17.405827,-114.794548,3332.847182,,,,,38.56242,,,-7.03701,10.15174,-1.99307,50,5.26388,7.66647,-138.31622,-6.00834,-13.50804,33.47983,-12.68709,94.8699,11.48364,9.02268,0.41257,1.96512,-0.18507,1000055344,Right,54.12966,-139.31224,16.73992,5.43701,-5.6309,-6.34354,-2.22712,8.06832,-6.75402,,0.42102,-50.81396,-4.76468,,,,,,,1.97534,37.33136,-27.74302,,,,,,,-0.19572,-108.8532,24.96589,,,,,,,,,,,,,,,,,,,,,,,,,,,,,High,High,High,Medium,Low,,,,v3
142,11/9/2022,3,2,1000036180,Right,T_A,305,Undefined,T_D,5,Top,2,0,1,0-1,Fastball,Four-Seam,StrikeSwinging,Undefined,Undefined,,Undefined,0,0,95.60579,-0.914448,-3.768531,2087.255179,217.949502,1:15,5.47591,2.3462,6.22198,-13.52245,16.60276,12.23186,3.50336,-0.11681,87.55447,-3.511936,-1.566378,0.395036,,,,,,,,,,,,-7.29662,9.10934,-2.06965,50,5.40033,8.60156,-138.73985,-2.59505,-14.29348,29.58132,-14.32959,95.41529,,8.05132,,,,1000055344,Right,54.27672,-139.64873,14.79066,5.4733,-2.15477,-7.16479,-2.34067,9.04072,-7.14674,,,,,,,,,,,,,,,,,,,,,,,,,,,,,,,,,,,,,,,,,,,,,,,,,,,High,High,High,,,,,,v3
143,11/9/2022,3,3,1000036180,Right,T_A,305,Undefined,T_D,5,Top,2,0,2,0-2,Fastball,Four-Seam,BallCalled,Undefined,Undefined,,Undefined,0,0,95.67211,0.234944,-1.821476,2289.463453,215.343471,1:15,5.75133,2.27561,6.04851,-12.05205,18.24962,12.27485,4.96461,1.61172,87.26909,-2.101223,0.386756,0.396191,,,,,,,,,,,,-6.76394,9.58028,-2.14001,50,5.76284,3.86039,-138.97956,0.25385,-13.24298,30.84874,-13.41703,95.137,,8.40302,,,,1000055344,Right,54.44902,-139.96361,15.42437,5.74792,0.68184,-6.70851,-2.26989,4.28282,-6.62149,,,,,,,,,,,,,,,,,,,,,,,,,,,,,,,,,,,,,,,,,,,,,,,,,,,High,High,High,,,,,,v3
144,11/9/2022,3,4,1000036180,Right,T_A,305,Undefined,T_D,5,Top,2,1,2,1-2,Fastball,Sinker,InPlay,Undefined,GroundBall,GroundBall,Out,1,0,94.87801,-2.367444,-4.1208,2030.695993,240.270547,2:00,5.54727,2.53202,6.34692,-20.966,9.56445,15.09442,1.61388,-0.01004,87.0812,-6.303456,-1.395515,0.397684,116.36989,-33.83602,71.229271,,,,,3.29042,2.00625,40.552026,0.017215,-9.02024,5.90772,-2.23934,50,5.36487,9.29121,-137.58842,-6.37968,-17.34739,29.59608,-20.81253,94.77987,1.6374,7.79681,1.71413,1.6374,-0.17345,1000055344,Right,54.15402,-138.47909,14.79804,5.54743,-5.75335,-10.40626,-2.52681,9.81326,-8.6737,,1.71403,45.65711,,,,,,,,1.63762,-95.11518,,,,,,,,-0.17376,134.34181,,,,,,,,,,,,,,,,,,,,,,,,,,,,,,High,High,High,Low,Low,,,,v3
145,11/9/2022,1,1,205,Undefined,T_B,1000102964,Right,T_A,5,Bottom,0,0,0,0-0,Curveball,Curveball,BallCalled,Undefined,Undefined,,Undefined,0,0,77.78334,2.747822,-0.619369,2487.648015,50.683274,7:45,5.96487,1.14879,4.16479,-55.16645,-6.1024,-9.21823,4.00398,-0.21316,71.60689,-7.061465,-2.221903,0.504142,,,,,,,,,,,,4.25855,-3.19693,-1.06981,50,6.21036,1.62988,-112.72681,3.20773,5.51257,19.34041,-36.31238,74.7655,,6.17645,,,,1000070017,Right,56.33654,-113.80878,9.6702,5.97409,5.23915,-18.15619,-1.15237,1.32149,2.75629,,,,,,,,,,,,,,,,,,,,,,,,,,,,,,,,,,,,,,,,,,,,,,,,,,,High,High,High,,,,,,v3
146,11/9/2022,1,2,205,Undefined,T_B,1000102964,Right,T_A,5,Bottom,0,1,0,1-0,Fastball,Four-Seam,StrikeSwinging,Undefined,Undefined,,Undefined,0,0,88.47103,-3.070451,-2.005596,1989.740721,194.23137,12:30,5.89489,0.76778,4.99724,-19.08332,17.73745,4.21146,1.40125,-0.77552,81.41871,-6.596396,-1.262537,0.436735,,,,,,,,,,,,-2.61748,9.94453,-0.57847,50,5.58424,4.29668,-128.19654,-7.55611,-4.3842,24.89353,-15.51743,86.30508,,7.05232,,,,1000070017,Right,55.50184,-129.26049,12.44677,5.89302,-6.8929,-7.75871,-0.76612,4.48407,-2.1921,,,,,,,,,,,,,,,,,,,,,,,,,,,,,,,,,,,,,,,,,,,,,,,,,,,High,High,High,,,,,,v3
147,11/9/2022,1,3,205,Undefined,T_B,1000102964,Right,T_A,5,Bottom,0,1,1,1-1,ChangeUp,Changeup,StrikeSwinging,Undefined,Undefined,,Undefined,0,0,81.08405,-1.269959,-1.303512,1820.388953,270.252875,3:00,5.88725,1.08295,4.92049,-42.99928,1.39913,20.94525,1.10281,1.59578,74.16626,-9.036734,2.397716,0.479574,,,,,,,,,,,,-10.68989,1.55051,-0.97397,50,5.72784,1.76222,-117.53532,-4.21243,-14.83681,23.90315,-30.02205,78.59573,,6.91779,,,,1000070017,Right,55.57866,-118.66442,11.95158,5.89333,-2.79429,-15.01102,-1.07376,2.46307,-7.41841,,,,,,,,,,,,,,,,,,,,,,,,,,,,,,,,,,,,,,,,,,,,,,,,,,,High,High,High,,,,,,v3
148,11/9/2022,1,4,205,Undefined,T_B,1000102964,Right,T_A,5,Bottom,0,1,2,1-2,ChangeUp,Changeup,StrikeSwinging,Strikeout,Undefined,,Undefined,0,0,80.36241,-2.62083,-2.162949,1746.839147,228.17656,1:30,5.82871,1.10609,4.97301,-33.1836,11.91772,11.61446,0.58449,0.03004,73.55341,-8.664985,-0.11173,0.483355,,,,,,,,,,,,-6.39489,7.10863,-0.90714,50,5.54851,3.90561,-116.34398,-6.48566,-8.72708,22.71694,-22.47293,77.98087,,6.809,,,,1000070017,Right,55.52496,-117.41781,11.35847,5.82998,-5.42337,-11.23646,-1.10151,4.31814,-4.36354,,,,,,,,,,,,,,,,,,,,,,,,,,,,,,,,,,,,,,,,,,,,,,,,,,,High,High,High,,,,,,v3
149,11/9/2022,2,1,205,Undefined,T_B,1000194300,Left,T_A,5,Bottom,1,0,0,0-0,Curveball,Curveball,BallCalled,Undefined,Undefined,,Undefined,0,0,78.08349,0.491966,0.832996,2436.04373,48.723081,7:30,5.94945,1.28791,4.2003,-60.51299,-11.30583,-14.76064,1.37807,0.85593,71.4851,-10.239233,-1.744271,0.504877,,,,,,,,,,,,7.34209,-5.07729,-1.36314,50,5.93974,-0.98367,-113.1301,-1.46496,9.42516,22.4608,-38.69184,74.6567,,6.59839,,,,1000070017,Right,56.30124,-114.3743,11.2304,5.96153,0.67836,-19.34592,-1.29419,-1.50577,4.71258,,,,,,,,,,,,,,,,,,,,,,,,,,,,,,,,,,,,,,,,,,,,,,,,,,,High,High,High,,,,,,v3
150,11/9/2022,2,2,205,Undefined,T_B,1000194300,Left,T_A,5,Bottom,1,1,0,1-0,Fastball,Four-Seam,InPlay,Undefined,LineDrive,LineDrive,Double,0,0,88.29244,-3.033895,-1.622309,1947.042957,216.555406,1:15,5.86542,1.17519,5.03747,-20.35552,16.80954,11.55316,1.30314,0.60707,80.69843,-6.803205,0.419117,0.438772,68.78884,22.985456,-31.495271,4682.296822,88.0168,25.23836,-65.97728,192.88856,163.64084,-41.096162,2.640549,-6.24319,9.58071,-1.03019,50,5.55978,3.09928,-127.89159,-7.50107,-10.32218,26.80622,-16.3338,85.90443,25.34454,7.59402,1.48741,1.31397,-0.61014,1000070017,Right,55.4619,-129.03133,13.40311,5.86394,-6.80659,-8.1669,-1.17129,3.53816,-5.16109,121.856836,1.48725,79.20566,-14.19506,3.09326,-0.86859,0.30964,-0.10662,0.02163,-0.00169,1.31406,39.39265,-17.20765,0.90728,0.01504,-0.08008,0.03679,-0.00619,0.00024,-0.61013,-48.52231,-0.80008,0.90106,-0.28973,0.04845,-0.00154,-0.00113,0.00014,,,,,,,,,,,,,,,,,,,,,,,High,High,High,High,Medium,,,,v3
151,11/9/2022,3,1,205,Undefined,T_B,1000094105,Right,T_A,5,Bottom,1,0,0,0-0,Curveball,Curveball,BallCalled,Undefined,Undefined,,Undefined,0,0,77.03203,1.761137,-0.090393,2197.578985,51.516262,7:45,5.92888,1.13816,4.22387,-53.3605,-3.34181,-6.13162,3.16917,0.54063,70.81628,-7.750497,-1.158515,0.509023,,,,,,,,,,,,2.92189,-1.6102,-1.12144,50,6.06633,0.4459,-111.66157,1.34961,3.69891,19.60169,-34.21242,74.04857,,6.21575,,,,1000070017,Right,56.27609,-112.75792,9.80085,5.93732,3.26317,-17.10621,-1.1406,0.23901,1.84946,,,,,,,,,,,,,,,,,,,,,,,,,,,,,,,,,,,,,,,,,,,,,,,,,,,High,High,High,,,,,,v3
152,11/9/2022,3,2,205,Undefined,T_B,1000094105,Right,T_A,5,Bottom,1,1,0,1-0,Curveball,Curveball,BallCalled,Undefined,Undefined,,Undefined,0,0,76.84846,-1.001331,-0.316071,2393.447829,30.634749,7:00,5.91916,1.12146,4.32819,-63.21377,-12.67335,-8.48642,-0.30581,0.11216,70.85705,-12.168465,-1.804445,0.511671,,,,,,,,,,,,4.05307,-5.48284,-1.0782,50,5.74655,0.97279,-111.38399,-4.38473,5.04274,21.80433,-38.99571,73.6654,,5.9914,,,,1000070017,Right,56.17463,-112.58624,10.90217,5.92904,-2.23459,-19.49785,-1.12417,0.69474,2.52137,,,,,,,,,,,,,,,,,,,,,,,,,,,,,,,,,,,,,,,,,,,,,,,,,,,High,High,High,,,,,,v3
153,11/9/2022,3,3,205,Undefined,T_B,1000094105,Right,T_A,5,Bottom,1,2,0,2-0,Fastball,Changeup,StrikeSwinging,Undefined,Undefined,,Undefined,0,0,86.48741,-3.167685,-2.043793,1938.94635,219.048269,1:15,5.91669,1.00736,5.07475,-22.11088,16.36572,12.29859,1.08285,0.10465,79.55838,-7.237993,0.130545,0.446447,,,,,,,,,,,,-6.69473,9.34776,-0.82384,50,5.59887,3.9292,-125.31942,-7.7172,-10.69618,24.22048,-17.23913,84.4276,,6.92904,,,,1000070017,Right,55.425,-126.36356,12.11024,5.91554,-6.97402,-8.61957,-1.00317,4.39031,-5.34809,,,,,,,,,,,,,,,,,,,,,,,,,,,,,,,,,,,,,,,,,,,,,,,,,,,High,High,High,,,,,,v3
154,11/9/2022,3,4,205,Undefined,T_B,1000094105,Right,T_A,5,Bottom,1,2,1,2-1,ChangeUp,Changeup,FoulBall,Undefined,Undefined,,Undefined,0,0,79.95317,0.133907,-1.955735,1655.944024,244.292738,2:15,5.81368,1.23613,4.96418,-36.56785,8.74953,15.14898,2.89293,0.6503,73.13883,-6.538823,0.717293,0.484511,,,,,,,,,,,,-8.16512,4.66945,-1.06034,50,5.79673,3.34132,-115.96987,-1.01248,-11.09898,22.06475,-25.82681,77.79477,,6.81434,,,,1000070017,Right,55.5366,-117.01853,11.03237,5.81568,0.21499,-12.91341,-1.23168,3.86882,-5.54949,,,,,,,,,,,,,,,,,,,,,,,,,,,,,,,,,,,,,,,,,,,,,,,,,,,High,High,High,,,,,,v3
155,11/9/2022,3,5,205,Undefined,T_B,1000094105,Right,T_A,5,Bottom,1,2,2,2-2,ChangeUp,Changeup,BallCalled,Undefined,Undefined,,Undefined,0,0,80.06987,2.336989,-1.283752,1741.106331,240.248208,2:00,5.859,1.11004,4.85904,-34.67348,10.77284,16.31044,5.18331,1.25396,72.87827,-4.014663,1.585532,0.4852,,,,,,,,,,,,-8.33619,5.08717,-0.99796,50,6.06058,1.88818,-116.00139,3.50504,-11.34696,21.91086,-25.24955,77.68436,,7.19159,,,,1000070017,Right,55.63806,-117.06149,10.95543,5.86145,4.72667,-12.62477,-1.1026,2.43717,-5.67348,,,,,,,,,,,,,,,,,,,,,,,,,,,,,,,,,,,,,,,,,,,,,,,,,,,High,High,High,,,,,,v3
156,11/9/2022,3,6,205,Undefined,T_B,1000094105,Right,T_A,5,Bottom,1,3,2,3-2,ChangeUp,Changeup,StrikeSwinging,Strikeout,Undefined,,Undefined,0,0,77.509,-1.073068,-4.121606,1451.006104,253.104507,2:30,5.82646,1.29848,5.09629,-41.73557,6.33044,15.78599,1.33453,-1.27681,71.28501,-8.645669,-1.334256,0.498988,,,,,,,,,,,,-9.03201,3.87166,-0.92176,50,5.69209,7.46199,-112.22865,-3.52852,-11.53291,20.08858,-27.23038,75.53769,,6.22399,,,,1000070017,Right,55.404,-113.19181,10.04429,5.82997,-2.22294,-13.61519,-1.29279,8.01494,-5.76646,,,,,,,,,,,,,,,,,,,,,,,,,,,,,,,,,,,,,,,,,,,,,,,,,,,High,High,High,,,,,,v3
157,11/9/2022,4,1,205,Undefined,T_B,1000051953,Right,T_A,5,Bottom,2,0,0,0-0,Curveball,Curveball,StrikeCalled,Undefined,Undefined,,Undefined,0,0,75.13263,2.150001,-0.751807,2394.54325,34.028264,7:15,5.89611,1.2168,4.28603,-67.3761,-14.08288,-10.76501,2.33908,-0.39943,68.36871,-9.842005,-2.631373,0.525421,,,,,,,,,,,,4.95233,-6.95382,-1.12338,50,6.06014,1.88727,-108.75172,1.49879,5.84409,21.67689,-40.38006,71.73759,,6.76392,,,,1000070017,Right,56.21578,-109.9837,10.83845,5.90974,3.79374,-20.19003,-1.2212,1.55513,2.92205,,,,,,,,,,,,,,,,,,,,,,,,,,,,,,,,,,,,,,,,,,,,,,,,,,,High,High,High,,,,,,v3
158,11/9/2022,4,2,205,Undefined,T_B,1000051953,Right,T_A,5,Bottom,2,0,1,0-1,Fastball,Changeup,InPlay,Undefined,GroundBall,GroundBall,Out,1,0,87.71462,-2.143891,-1.974725,1764.618624,237.409319,2:00,5.85899,0.99651,4.78975,-25.90364,11.97453,16.83556,1.66639,0.52724,80.38511,-6.869939,0.987212,0.442961,56.74651,-23.616924,-53.762598,,,,,6.42869,3.37752,-34.442459,0.05296,-8.91485,6.83485,-0.81518,50,5.62274,3.60945,-127.12801,-5.75771,-14.59868,25.90527,-20.98155,85.09192,1.77274,7.32951,2.90503,1.77274,-0.36577,1000070017,Right,55.71076,-128.28643,12.95263,5.85923,-4.81947,-10.49077,-0.99118,4.26226,-7.29934,,2.90353,45.25436,,,,,,,,1.77385,-33.47316,,,,,,,,-0.36372,-61.74763,,,,,,,,,,,,,,,,,,,,,,,,,,,,,,High,High,High,Low,Low,,,,v3
159,11/9/2022,1,1,1000049559,Left,T_A,1000073506,Right,T_D,6,Top,0,0,0,0-0,Fastball,Four-Seam,BallCalled,Undefined,Undefined,,Undefined,0,0,90.68997,-0.656113,2.361984,2240.20235,155.491016,11:15,5.85185,-1.87194,5.16679,-13.50859,21.43438,-9.26213,4.10809,-0.41957,82.64438,-3.236776,0.724061,0.425453,,,,,,,,,,,,5.25331,11.17831,1.65902,50,5.78093,-4.98611,-131.49419,-1.91548,9.20276,27.74341,-12.59193,88.59373,,8.04559,,,,1000055344,Right,55.33067,-132.61412,13.87171,5.848,-1.40718,-6.29596,1.8678,-5.3576,4.60138,,,,,,,,,,,,,,,,,,,,,,,,,,,,,,,,,,,,,,,,,,,,,,,,,,,High,High,High,,,,,,v3
160,11/9/2022,1,2,1000049559,Left,T_A,1000073506,Right,T_D,6,Top,0,1,0,1-0,Fastball,Four-Seam,BallCalled,Undefined,Undefined,,Undefined,0,0,90.33006,-0.047624,3.199145,2145.983029,155.653134,11:15,5.90885,-1.93157,5.23133,-14.03977,21.12915,-9.05489,4.69404,0.32422,82.28553,-2.726999,1.597966,0.426826,,,,,,,,,,,,5.38425,10.87764,1.64368,50,5.8945,-6.89247,-130.902,-0.53189,9.35115,27.38855,-13.28219,88.30868,,8.04453,,,,1000055344,Right,55.26597,-131.9992,13.69428,5.90515,0.0002,-6.6411,1.9273,-7.26708,4.67558,,,,,,,,,,,,,,,,,,,,,,,,,,,,,,,,,,,,,,,,,,,,,,,,,,,High,High,High,,,,,,v3
161,11/9/2022,1,3,1000049559,Left,T_A,1000073506,Right,T_D,6,Top,0,2,0,2-0,Fastball,Four-Seam,FoulBall,Undefined,Undefined,,Undefined,0,0,89.83692,-1.746998,3.006366,2210.969195,153.869802,11:15,5.77647,-1.95976,5.404,-17.89414,17.32056,-7.96004,2.64559,0.19646,82.35179,-5.099961,1.593345,0.427104,71.26632,29.839231,-147.086636,4309.008352,,,,,47.99223,,,4.81988,9.51749,1.6976,50,5.60842,-6.48655,-130.25812,-4.57172,8.31504,26.31177,-15.75494,88.25124,24.64735,7.48513,1.266,2.57077,-0.19933,1000055344,Right,55.09516,-131.28329,13.15589,5.77459,-3.95786,-7.87747,1.95665,-6.81053,4.15752,51.897321,1.266,-76.11393,2.60214,0.44151,-0.11655,0.04616,-0.01588,0.00756,-0.00279,2.57077,52.00768,-24.73774,3.13941,-0.60304,0.13833,-0.01991,0.001,0.00053,-0.19933,-49.26549,10.4461,-0.33983,0.03107,0.03207,-0.01463,0.0048,-0.0015,,,,,,,,,,,,,,,,,,,,,,,High,High,High,High,Low,,,,v3
162,11/9/2022,1,4,1000049559,Left,T_A,1000073506,Right,T_D,6,Top,0,2,1,2-1,Fastball,Four-Seam,BallCalled,Undefined,Undefined,,Undefined,0,0,90.77053,0.2896,2.170173,2107.241103,158.002983,11:15,5.92154,-1.90465,5.07642,-13.35694,21.73627,-8.31855,5.08167,-0.55103,82.41773,-2.269718,0.70144,0.426366,,,,,,,,,,,,4.72595,11.01898,1.70568,50,5.93919,-4.58513,-131.5621,0.265,8.26362,28.52167,-12.90658,88.40386,,8.3528,,,,1000055344,Right,55.42009,-132.73194,14.26084,5.91746,0.79437,-6.45329,1.90069,-4.92407,4.13181,,,,,,,,,,,,,,,,,,,,,,,,,,,,,,,,,,,,,,,,,,,,,,,,,,,High,High,High,,,,,,v3
163,11/9/2022,1,5,1000049559,Left,T_A,1000073506,Right,T_D,6,Top,0,3,1,3-1,Fastball,Four-Seam,BallCalled,Walk,Undefined,,Undefined,0,0,89.59756,0.878973,0.856655,2156.143771,152.911609,11:00,5.81017,-2.02148,5.51055,-16.33599,18.98072,-9.13926,5.27096,-1.98193,81.59463,-2.228171,-0.771437,0.427722,,,,,,,,,,,,4.82107,9.6426,1.95294,50,5.87609,-1.53039,-130.04502,1.49978,8.25301,27.36337,-15.66725,88.12369,,8.00292,,,,1000055344,Right,54.98622,-131.09,13.68168,5.80739,2.09809,-7.83363,2.0174,-1.84556,4.12651,,,,,,,,,,,,,,,,,,,,,,,,,,,,,,,,,,,,,,,,,,,,,,,,,,,High,High,High,,,,,,v3
164,11/9/2022,2,1,1000049559,Left,T_A,1000069917,Right,T_D,6,Top,0,0,0,0-0,Slider,Slider,StrikeCalled,Undefined,Undefined,,Undefined,0,0,79.15584,0.869411,0.752934,2290.201496,286.595483,3:30,5.32674,-2.58958,5.12116,-46.56688,-0.69138,7.1,2.26523,-1.28866,72.70093,-7.578506,2.010382,0.487486,,,,,,,,,,,,-3.32622,-0.1611,2.51303,50,5.37219,-1.80075,-114.89052,0.08394,-4.4449,21.32951,-32.38935,77.32011,,6.45491,,,,1000055344,Right,55.37855,-115.88475,10.66476,5.33309,1.5937,-16.19468,2.59214,-1.59356,-2.22245,,,,,,,,,,,,,,,,,,,,,,,,,,,,,,,,,,,,,,,,,,,,,,,,,,,High,High,High,,,,,,v3
165,11/9/2022,2,2,1000049559,Left,T_A,1000069917,Right,T_D,6,Top,0,0,1,0-1,Fastball,Four-Seam,BallinDirt,Undefined,Undefined,GroundBall,Undefined,0,0,89.16448,0.131795,1.768531,2149.975419,157.537609,11:15,5.86838,-1.97274,5.27275,-16.88544,19.15186,-7.43843,4.58511,-0.93092,81.14218,-3.062659,0.449863,0.432064,72.64858,-0.145317,175.546619,1041.491551,,,,40.80902,38.86737,177.507058,0.386647,4.18347,9.85556,1.81667,50,5.86841,-3.64571,-129.31086,-0.23686,7.07705,27.19206,-15.5017,87.23819,4.22032,8.0223,-0.18548,4.22032,0.73465,1000055344,Right,55.22315,-130.40458,13.59603,5.8654,0.38665,-7.75085,1.96903,-3.93036,3.53853,309.256975,-0.17718,-106.51182,3.88643,,,,,,,4.22294,-0.35915,-27.33648,,,,,,,0.73614,8.22294,-14.32795,,,,,,,,,,,,,,,,,,,,,,,,,,,,,High,High,High,Medium,Medium,,,,v3
166,11/9/2022,2,3,1000049559,Left,T_A,1000069917,Right,T_D,6,Top,0,1,1,1-1,Slider,Slider,StrikeCalled,Undefined,Undefined,,Undefined,0,0,78.67761,-0.276058,0.904126,2471.290102,256.332132,2:30,5.32707,-2.61353,5.24088,-42.70774,3.05579,7.28898,1.50861,-1.1563,73.08697,-8.017999,2.198176,0.48689,,,,,,,,,,,,-3.44276,1.96795,2.52472,50,5.26963,-2.09098,-114.34648,-2.01963,-4.60458,19.07531,-29.54199,77.41462,,5.59064,,,,1000055344,Right,55.26005,-115.22062,9.53766,5.33116,-0.66585,-14.771,2.61571,-1.87997,-2.30229,,,,,,,,,,,,,,,,,,,,,,,,,,,,,,,,,,,,,,,,,,,,,,,,,,,High,High,High,,,,,,v3
167,11/9/2022,2,4,1000049559,Left,T_A,1000069917,Right,T_D,6,Top,0,1,2,1-2,Slider,Slider,BallinDirt,Undefined,Undefined,,Undefined,0,0,81.70789,-2.517847,1.53052,2653.698773,277.394436,3:15,5.44279,-2.42454,5.22558,-42.47687,0.23224,7.73056,-0.46638,-0.34113,76.01775,-10.154756,2.904435,0.470361,,,,,,,,,,,,-3.52453,1.06035,2.27726,50,5.17818,-3.47688,-118.58954,-6.73424,-5.04756,21.47866,-30.65551,80.13505,,5.69014,,,,1000055344,Right,55.27655,-119.5414,10.73933,5.44651,-5.3757,-15.32775,2.42639,-3.25319,-2.52378,,,,,,,,,,,,,,,,,,,,,,,,,,,,,,,,,,,,,,,,,,,,,,,,,,,High,High,High,,,,,,v3
168,11/9/2022,2,5,1000049559,Left,T_A,1000069917,Right,T_D,6,Top,0,2,2,2-2,Slider,Slider,StrikeSwinging,Strikeout,Undefined,,Undefined,0,0,80.26561,-1.090986,1.949614,2570.193034,269.504332,3:00,5.38168,-2.52159,5.27977,-42.72018,1.32071,8.26347,0.79634,-0.00125,74.60118,-8.813059,3.417253,0.477639,,,,,,,,,,,,-3.67488,1.28685,2.33729,50,5.25041,-4.29604,-116.57645,-3.71578,-5.09733,20.2851,-30.38909,78.91412,,5.66444,,,,1000055344,Right,55.22153,-117.48152,10.14255,5.38595,-2.3599,-15.19455,2.52389,-4.06861,-2.54866,,,,,,,,,,,,,,,,,,,,,,,,,,,,,,,,,,,,,,,,,,,,,,,,,,,High,High,High,,,,,,v3
169,11/9/2022,3,1,1000049559,Left,T_A,305,Undefined,T_D,6,Top,1,0,0,0-0,Fastball,Four-Seam,FoulBall,Undefined,Undefined,,Undefined,0,0,89.86446,-1.494785,3.028133,2207.997049,144.468756,10:45,5.90812,-1.86796,5.51043,-17.59769,17.56091,-11.73414,3.04155,-0.01143,82.06158,-4.811949,0.940678,0.426763,70.62822,37.879198,154.572947,3263.325754,,,,,56.90025,,,6.82,9.64256,1.61201,50,5.76611,-6.38189,-130.30639,-3.97395,11.72633,27.37597,-15.59456,88.32165,35.88457,7.80289,1.84549,2.85777,-0.01861,1000055344,Right,54.98946,-131.35044,13.68798,5.90633,-3.37922,-7.79728,1.86393,-6.8291,5.86316,334.86992,1.84549,-73.84252,3.46459,-0.38295,0.0183,0.0045,-0.00115,-8.00E-05,0.00018,2.85777,63.60282,-28.51136,3.71894,-0.80883,0.16509,-0.03694,0.0078,-0.00113,-0.01861,35.10574,-6.07438,1.88387,-0.47104,0.11251,-0.02742,0.00623,-0.00095,,,,,,,,,,,,,,,,,,,,,,,High,High,High,High,Low,,,,v3
170,11/9/2022,3,2,1000049559,Left,T_A,305,Undefined,T_D,6,Top,1,0,1,0-1,Slider,Curveball,StrikeCalled,Undefined,Undefined,,Undefined,0,0,78.08977,0.08029,0.805208,2350.035597,296.284603,4:00,5.49268,-2.4994,4.99352,-49.89463,-2.67925,8.29296,1.41061,-1.04802,72.16745,-8.908406,2.271884,0.494553,,,,,,,,,,,,-3.92142,-0.98083,2.41476,50,5.45941,-1.92712,-113.39476,-1.62493,-5.11811,20.26906,-33.45417,76.2151,,5.92232,,,,1000055344,Right,55.50788,-114.37504,10.13453,5.49887,-0.00697,-16.72709,2.50197,-1.67959,-2.55906,,,,,,,,,,,,,,,,,,,,,,,,,,,,,,,,,,,,,,,,,,,,,,,,,,,High,High,High,,,,,,v3
171,11/9/2022,3,3,1000049559,Left,T_A,305,Undefined,T_D,6,Top,1,0,2,0-2,Slider,Slider,FoulBall,Undefined,Undefined,,Undefined,0,0,81.00353,-0.621744,1.50794,2358.054244,286.379487,3:30,5.44149,-2.342,5.19563,-44.26093,-0.59185,6.57599,1.16802,-0.37526,74.67051,-8.633287,2.674663,0.475618,,,,,,,,,,,,-2.90248,0.19709,2.19688,50,5.34993,-3.36085,-117.59147,-2.85759,-4.06346,22.32761,-31.8981,79.24937,,6.33302,,,,1000055344,Right,55.30557,-118.59458,11.16381,5.44613,-1.4245,-15.94905,2.34378,-3.17829,-2.03173,,,,,,,,,,,,,,,,,,,,,,,,,,,,,,,,,,,,,,,,,,,,,,,,,,,High,High,High,,,,,,v3
172,11/9/2022,3,4,1000049559,Left,T_A,305,Undefined,T_D,6,Top,1,0,2,0-2,ChangeUp,Slider,FoulBall,Undefined,Undefined,,Undefined,0,0,81.46944,-0.203899,1.567583,1243.957527,295.039633,3:45,5.50662,-2.29088,5.0868,-44.7477,-1.93197,6.59154,1.58539,-0.26371,75.94051,-8.259257,2.734286,0.470948,,,,,,,,,,,,-2.94433,-0.65016,2.13701,50,5.45142,-3.5085,-118.42169,-2.06166,-4.23525,19.86839,-33.10927,80.0352,,5.52893,,,,1000055344,Right,55.416,-119.3269,9.93419,5.51099,-0.55318,-16.55464,2.29246,-3.31554,-2.11762,,,,,,,,,,,,,,,,,,,,,,,,,,,,,,,,,,,,,,,,,,,,,,,,,,,High,High,High,,,,,,v3
173,11/9/2022,3,5,1000049559,Left,T_A,305,Undefined,T_D,6,Top,1,0,2,0-2,Fastball,Four-Seam,StrikeCalled,Strikeout,Undefined,,Undefined,0,0,90.4401,-1.649466,3.403228,2221.481527,175.229566,11:45,5.89145,-1.79206,5.6429,-18.87568,15.60922,-1.21366,2.77666,1.28517,82.93298,-5.183505,3.18707,0.422655,,,,,,,,,,,,1.55382,8.72973,1.50365,50,5.73934,-7.74827,-131.1522,-4.40677,2.71197,27.20553,-16.93771,89.18016,,7.50713,,,,1000055344,Right,54.85806,-132.15609,13.60277,5.89042,-3.78176,-8.46886,1.79141,-7.84834,1.35598,,,,,,,,,,,,,,,,,,,,,,,,,,,,,,,,,,,,,,,,,,,,,,,,,,,High,High,High,,,,,,v3
174,11/9/2022,4,1,1000049559,Left,T_A,1000052421,Right,T_D,6,Top,2,0,0,0-0,Slider,Slider,StrikeCalled,Undefined,Undefined,,Undefined,0,0,79.90168,0.916552,0.992316,2125.221894,304.623004,4:15,5.51614,-2.40609,4.83629,-49.13467,-3.7354,7.39465,2.28968,-0.85014,73.60651,-7.925366,2.295185,0.484949,,,,,,,,,,,,-3.38236,-1.69543,2.30116,50,5.56438,-2.32216,-115.96643,0.00799,-4.61686,21.20865,-34.48824,77.72459,,6.29518,,,,1000055344,Right,55.66455,-116.99781,10.60432,5.52322,1.68516,-17.24412,2.40863,-2.09764,-2.30843,,,,,,,,,,,,,,,,,,,,,,,,,,,,,,,,,,,,,,,,,,,,,,,,,,,High,High,High,,,,,,v3
175,11/9/2022,4,2,1000049559,Left,T_A,1000052421,Right,T_D,6,Top,2,0,1,0-1,Fastball,Four-Seam,BallCalled,Undefined,Undefined,,Undefined,0,0,89.84497,-0.719665,2.060555,2213.058016,164.903692,11:30,5.83022,-1.93029,5.27009,-17.13505,18.40781,-4.65244,3.72582,-0.3816,81.77329,-3.951972,1.236007,0.429089,,,,,,,,,,,,2.90347,9.74371,1.74541,50,5.75227,-4.47098,-130.26578,-2.1956,4.97866,27.89574,-15.46626,87.8429,,8.07168,,,,1000055344,Right,55.22661,-131.38026,13.94787,5.82764,-1.5777,-7.73313,1.92801,-4.66988,2.48933,,,,,,,,,,,,,,,,,,,,,,,,,,,,,,,,,,,,,,,,,,,,,,,,,,,High,High,High,,,,,,v3
176,11/9/2022,4,3,1000049559,Left,T_A,1000052421,Right,T_D,6,Top,2,1,1,1-1,Fastball,Four-Seam,StrikeSwinging,Undefined,Undefined,,Undefined,0,0,89.72977,-1.637835,2.971509,2336.323922,156.286887,11:15,5.80293,-1.90196,5.58515,-17.8332,17.18603,-7.07717,2.78489,0.28567,82.33587,-4.988536,1.710956,0.425917,,,,,,,,,,,,4.36721,9.46193,1.65122,50,5.65054,-6.44553,-130.15153,-4.29772,7.52966,25.99704,-15.86038,88.49717,,7.3939,,,,1000055344,Right,54.91353,-131.1293,12.99852,5.80097,-3.70119,-7.93019,1.89897,-6.72873,3.76483,,,,,,,,,,,,,,,,,,,,,,,,,,,,,,,,,,,,,,,,,,,,,,,,,,,High,High,High,,,,,,v3
177,11/9/2022,4,4,1000049559,Left,T_A,1000052421,Right,T_D,6,Top,2,1,2,1-2,Slider,Slider,FoulBall,Undefined,Undefined,,Undefined,0,0,81.79709,-0.337596,2.362455,2548.643135,264.43087,2:45,5.5393,-2.33497,4.94843,-41.21845,1.78488,5.55095,1.78515,0.36128,75.70894,-7.768265,3.341126,0.471979,89.29582,57.61316,-55.075075,3758.800097,,,,,52.47853,,,-2.16996,1.27764,2.10074,50,5.47212,-5.12916,-118.71706,-2.22763,-3.11769,21.29468,-30.33839,79.86046,85.98094,6.08815,3.7014,1.94697,0.05324,1000055344,Right,55.55302,-119.70898,10.64734,5.54298,-0.81445,-15.1692,2.33628,-4.98393,-1.55885,179.370794,3.7014,40.16143,-11.44452,3.04666,-0.5947,-0.02775,0.16868,-0.11855,0.03147,1.94697,110.59469,-19.56041,0.90201,-0.06765,0.25352,-0.37288,0.24562,-0.06455,0.05324,-57.51686,16.08723,-4.6404,0.95258,0.08238,-0.3345,0.23326,-0.06189,,,,,,,,,,,,,,,,,,,,,,,High,High,High,Low,Low,,,,v3
178,11/9/2022,4,5,1000049559,Left,T_A,1000052421,Right,T_D,6,Top,2,1,2,1-2,Fastball,Four-Seam,BallCalled,Undefined,Undefined,,Undefined,0,0,89.68484,0.205543,1.286413,2145.057883,170.770374,11:45,5.95304,-1.77863,5.37281,-17.96804,17.55292,-2.66484,4.64846,-0.79443,81.54344,-3.186153,0.812983,0.428957,,,,,,,,,,,,1.69622,9.07725,1.66526,50,5.9591,-2.79843,-130.09569,-0.1152,2.89943,27.95659,-16.65777,87.86995,,8.14141,,,,1000055344,Right,55.1232,-131.19201,13.9783,5.95081,0.53804,-8.32888,1.77722,-2.91213,1.44971,,,,,,,,,,,,,,,,,,,,,,,,,,,,,,,,,,,,,,,,,,,,,,,,,,,High,High,High,,,,,,v3
179,11/9/2022,4,6,1000049559,Left,T_A,1000052421,Right,T_D,6,Top,2,2,2,2-2,Slider,Slider,BallCalled,Undefined,Undefined,,Undefined,0,0,78.56229,1.6244,-0.166921,2269.449074,301.639239,4:00,5.42055,-2.41023,5.21142,-49.58963,-3.0528,7.35741,2.81602,-1.95407,71.90986,-7.39092,1.138256,0.490987,,,,,,,,,,,,-3.70689,-1.51295,2.41993,50,5.53344,0.03188,-113.99656,1.48058,-4.86474,21.48362,-34.15957,76.76875,,6.65243,,,,1000055344,Right,55.28802,-114.98882,10.74181,5.42863,3.05829,-17.07979,2.41327,0.25656,-2.43237,,,,,,,,,,,,,,,,,,,,,,,,,,,,,,,,,,,,,,,,,,,,,,,,,,,High,High,High,,,,,,v3
180,11/9/2022,4,7,1000049559,Left,T_A,1000067025,Left,T_D,6,Top,2,3,2,3-2,Slider,Curveball,StrikeCalled,Strikeout,Undefined,,Undefined,0,0,76.59501,2.451333,1.374656,2153.377722,306.768325,4:15,5.37221,-2.46428,4.88444,-53.15007,-3.44492,6.74792,3.26425,-0.60119,69.97006,-7.156016,2.562773,0.507425,,,,,,,,,,,,-2.92083,-1.91047,2.32338,50,5.56804,-2.9411,-110.98366,2.84604,-3.62945,20.55498,-34.548,74.28177,,6.62495,,,,1000055344,Right,55.61497,-112.01876,10.27749,5.38092,4.5858,-17.274,2.46689,-2.75832,-1.81472,,,,,,,,,,,,,,,,,,,,,,,,,,,,,,,,,,,,,,,,,,,,,,,,,,,High,High,High,,,,,,v3
181,11/9/2022,5,1,1000049559,Left,T_A,1000067025,Left,T_D,6,Top,0,0,0,0-0,Slider,Curveball,BallCalled,Undefined,Undefined,,Undefined,0,0,77.6929,-0.68262,1.423707,2140.30261,312.369627,4:30,5.35635,-2.40613,5.05429,-54.51936,-6.57158,8.8739,0.16906,-0.32366,71.63637,-10.478936,2.996533,0.498374,,,,,,,,,,,,-4.04295,-2.73827,2.26308,50,5.24735,-3.15115,-112.73703,-3.27053,-5.17405,21.56794,-35.67841,75.63078,,6.05653,,,,1000055344,Right,55.44775,-113.77447,10.78397,5.3634,-1.55435,-17.8392,2.40867,-2.90227,-2.58702,,,,,,,,,,,,,,,,,,,,,,,,,,,,,,,,,,,,,,,,,,,,,,,,,,,High,High,High,,,,,,v3
182,11/9/2022,5,2,1000049559,Left,T_A,1000067025,Left,T_D,6,Top,0,1,0,1-0,Slider,Slider,StrikeCalled,Undefined,Undefined,,Undefined,0,0,78.30225,0.267006,1.672406,2323.968135,295.766092,3:45,5.44582,-2.35651,4.97833,-49.23156,-1.90925,7.09335,1.59546,-0.18548,71.86855,-8.621809,2.925322,0.495113,,,,,,,,,,,,-3.0337,-0.58051,2.189,50,5.43127,-3.60719,-113.56195,-1.24205,-3.94605,21.56064,-32.92916,76.12896,,6.4337,,,,1000055344,Right,55.5213,-114.60542,10.78032,5.45282,0.35162,-16.46458,2.35896,-3.41621,-1.97303,,,,,,,,,,,,,,,,,,,,,,,,,,,,,,,,,,,,,,,,,,,,,,,,,,,High,High,High,,,,,,v3
183,11/9/2022,5,3,1000049559,Left,T_A,1000067025,Left,T_D,6,Top,0,1,1,1-1,Slider,Curveball,InPlay,Undefined,Popup,,Out,1,0,79.09242,1.414468,1.976859,2564.35525,286.750335,3:30,5.41942,-2.27821,4.97178,-47.6103,-1.36795,9.24926,2.78898,0.36052,72.6606,-7.192652,3.607425,0.489431,83.27188,64.061946,-7.0841,,,,,,157.17743,,,-4.06492,-0.70969,2.07908,50,5.51681,-4.33801,-114.71901,1.11557,-5.41763,21.20104,-33.11992,77.01277,93.49253,6.43183,1.5168,2.48112,-0.334,1000055344,Right,55.52916,-115.73634,10.60052,5.42515,2.70481,-16.55996,2.281,-4.07804,-2.70882,182.081999,1.51679,53.01222,-16.63267,4.91757,0.21957,-2.21832,2.24728,-1.12759,0.23278,2.48112,109.82933,-26.86743,3.02089,-0.99385,1.02265,-0.91807,0.45367,-0.09334,-0.334,-6.588,2.92439,-1.1732,-0.17761,0.83928,-0.84081,0.42169,-0.08705,,,,,,,,,,,,,,,,,,,,,,,High,High,High,High,Low,,,,v3
184,11/9/2022,1,1,205,Undefined,T_B,1000079407,Left,T_A,6,Bottom,0,0,0,0-0,Fastball,Sinker,StrikeSwinging,Undefined,Undefined,,Undefined,0,0,90.74859,-1.668842,-3.551537,1978.628661,251.865491,2:30,5.68631,1.48514,5.45031,-27.70939,7.08973,18.04595,1.81139,-0.34021,82.57456,-6.77537,-0.34266,0.424576,,,,,,,,,,,,-10.13934,4.40965,-1.18416,50,5.5198,7.3365,-131.42533,-4.86882,-17.62746,29.41652,-24.50776,88.77665,,8.17403,,,,1000070017,Right,55.0488,-132.55057,14.70826,5.68811,-3.93135,-12.25388,-1.4777,8.01078,-8.81373,,,,,,,,,,,,,,,,,,,,,,,,,,,,,,,,,,,,,,,,,,,,,,,,,,,High,High,High,,,,,,v3
185,11/9/2022,1,2,205,Undefined,T_B,1000079407,Left,T_A,6,Bottom,0,0,1,0-1,Fastball,Sinker,StrikeSwinging,Undefined,Undefined,,Undefined,0,0,91.47838,-2.048953,-2.880722,2006.661887,266.236944,2:45,5.64192,1.46029,4.92493,-32.4871,2.38555,18.60383,0.99439,0.28499,83.50913,-7.93074,0.401419,0.425024,,,,,,,,,,,,-10.04516,2.1148,-1.19576,50,5.415,5.76551,-132.45902,-6.09758,-17.75974,29.58169,-28.43511,88.68299,,7.96925,,,,1000070017,Right,55.57481,-133.69824,14.79085,5.64549,-4.9064,-14.21756,-1.45287,6.50948,-8.87987,,,,,,,,,,,,,,,,,,,,,,,,,,,,,,,,,,,,,,,,,,,,,,,,,,,High,High,High,,,,,,v3
186,11/9/2022,1,3,205,Undefined,T_B,1000079407,Left,T_A,6,Bottom,0,0,2,0-2,Fastball,Sinker,InPlay,Undefined,GroundBall,GroundBall,Out,1,0,91.55273,-1.000565,-2.872895,2023.808677,249.999495,2:15,5.58426,1.43717,5.36867,-26.6036,7.54378,17.64371,2.42787,0.21155,83.44611,-5.903386,0.261393,0.420582,79.03019,-13.452317,36.926194,,,,,16.27294,9.34131,28.294468,0.116898,-9.76674,4.38973,-1.19263,50,5.47561,5.86184,-132.74879,-3.32589,-17.36222,29.42081,-24.37049,89.61981,3.16274,8.10662,3.75873,3.16274,-0.23029,1000070017,Right,55.13176,-133.8813,14.7104,5.58558,-2.38778,-12.18524,-1.43114,6.53017,-8.68111,180,3.75304,90.42013,,,,,,,,3.16444,-27.05543,,,,,,,,-0.23456,67.95401,,,,,,,,,,,,,,,,,,,,,,,,,,,,,,High,High,High,Low,Low,,,,v3
187,11/9/2022,2,1,205,Undefined,T_B,8886045,Right,T_A,6,Bottom,1,0,0,0-0,Fastball,Sinker,FoulBall,Undefined,Undefined,,Undefined,0,0,91.84208,-1.025807,-3.215729,1976.916864,253.482846,2:30,5.5426,1.45449,5.28944,-27.57899,6.41095,17.91296,2.2795,-0.0755,83.86318,-6.08834,-0.039281,0.419611,,,,,,,,,,,,-9.98662,3.79508,-1.1754,50,5.42887,6.6655,-133.14669,-3.45233,-17.89417,29.08323,-25.37399,89.82717,,7.9789,,,,1000070017,Right,55.2117,-134.28026,14.54161,5.54415,-2.46333,-12.68699,-1.44879,7.36296,-8.94709,,,,,,,,,,,,,,,,,,,,,,,,,,,,,,,,,,,,,,,,,,,,,,,,,,,High,High,High,,,,,,v3
188,11/9/2022,2,2,205,Undefined,T_B,8886045,Right,T_A,6,Bottom,1,0,1,0-1,Fastball,Sinker,BallCalled,Undefined,Undefined,,Undefined,0,0,91.70424,-0.934977,-0.456309,2008.598651,244.395859,2:15,5.50011,1.50649,4.94008,-25.53931,8.80016,16.15584,2.48808,2.42154,84.09518,-5.60033,2.3944,0.421763,,,,,,,,,,,,-8.10874,4.9254,-1.47618,50,5.3884,0.2768,-133.09009,-3.19783,-14.57897,27.92052,-23.31848,89.36878,,7.60905,,,,1000070017,Right,55.55919,-134.25126,13.96026,5.50123,-2.22805,-11.65924,-1.5003,0.88312,-7.28949,,,,,,,,,,,,,,,,,,,,,,,,,,,,,,,,,,,,,,,,,,,,,,,,,,,High,High,High,,,,,,v3
189,11/9/2022,2,3,205,Undefined,T_B,8886045,Right,T_A,6,Bottom,1,1,1,1-1,ChangeUp,Changeup,BallCalled,Undefined,Undefined,,Undefined,0,0,85.4632,-0.421678,-0.152917,1666.856582,256.677306,2:30,5.54143,1.6286,5.09807,-34.54585,4.91209,15.43217,2.26524,2.77052,78.2337,-6.717641,2.579128,0.452104,,,,,,,,,,,,-7.68634,2.95811,-1.62666,50,5.4748,-0.36186,-124.01683,-2.21908,-11.94642,25.27211,-27.57642,83.37113,,7.2295,,,,1000070017,Right,55.4004,-125.11249,12.63605,5.5451,-1.02352,-13.78821,-1.6222,0.15607,-5.97321,,,,,,,,,,,,,,,,,,,,,,,,,,,,,,,,,,,,,,,,,,,,,,,,,,,High,High,High,,,,,,v3
190,11/9/2022,2,4,205,Undefined,T_B,8886045,Right,T_A,6,Bottom,1,2,1,2-1,Fastball,Sinker,FoulBall,Undefined,Undefined,GroundBall,Undefined,0,0,91.4039,-1.898053,-4.0099,2015.729164,270.895998,3:00,5.61806,1.31358,5.45246,-33.4986,0.88614,18.28198,1.04463,-0.92295,83.23173,-8.01833,-0.758305,0.422041,79.15646,-5.743061,49.039423,,,,,14.70549,11.652,38.842573,0.098093,-10.51154,1.30874,-0.97262,50,5.42693,8.45817,-132.31097,-5.68915,-18.48187,30.3773,-29.873,89.30997,1.14073,8.17217,4.01828,1.14073,0.65766,1000070017,Right,55.04847,-133.46501,15.18865,5.62151,-4.55427,-14.9365,-1.30728,9.1603,-9.24094,180,4.01707,75.79971,,,,,,,,1.14092,-11.62913,,,,,,,,0.65628,87.31887,,,,,,,,,,,,,,,,,,,,,,,,,,,,,,High,High,High,Low,Low,,,,v3
191,11/9/2022,2,5,205,Undefined,T_B,8886045,Right,T_A,6,Bottom,1,2,2,2-2,ChangeUp,Changeup,FoulBall,Undefined,Undefined,,Undefined,0,0,86.51218,-0.878925,-1.220824,1528.790071,254.386435,2:30,5.63292,1.49216,5.35351,-33.01553,4.95961,13.58674,2.05705,1.47922,79.54077,-6.914597,1.196303,0.443528,,,,,,,,,,,,-7.21063,3.05047,-1.3926,50,5.53016,2.09753,-125.63947,-3.13726,-11.55073,24.93648,-27.2875,84.98321,,6.97141,,,,1000070017,Right,55.14724,-126.65696,12.46824,5.63546,-2.02385,-13.64375,-1.4878,2.56883,-5.77536,,,,,,,,,,,,,,,,,,,,,,,,,,,,,,,,,,,,,,,,,,,,,,,,,,,High,High,High,,,,,,v3
192,11/9/2022,2,6,205,Undefined,T_B,8886045,Right,T_A,6,Bottom,1,2,2,2-2,Slider,Slider,InPlay,Undefined,FlyBall,Popup,Out,1,0,81.19901,-0.667149,-1.512355,2329.860847,62.982782,8:00,5.55266,1.62223,4.79145,-45.15002,-0.91646,-4.53902,1.15766,-0.1896,74.66068,-8.78356,-2.311847,0.478682,77.3486,52.127859,-16.201723,,99.59978,101.78749,-46.68865,216.54743,108.92085,-30.10542,5.113675,1.8335,0.0474,-1.46708,50,5.44638,3.30095,-117.77065,-3.07425,2.56887,22.8733,-32.10763,78.74205,103.04474,6.53833,3.6706,1.63485,0.06255,1000070017,Right,55.70963,-118.87439,11.43665,5.55734,-1.5249,-16.05382,-1.62338,3.17699,1.28444,154.899014,3.67506,66.77532,-17.43328,4.54398,-0.53324,-0.09057,0.04601,-0.00668,0.00034,1.63083,89.62335,-23.44701,2.18019,-0.33769,0.01879,0.00969,-0.00243,0.00016,0.06319,-19.45093,-2.59915,1.10807,-0.19449,-0.0143,0.01379,-0.00236,0.00013,,,,,,,,,,,,,,,,,,,,,,,High,High,High,High,Low,,,,v3
193,11/9/2022,3,1,205,Undefined,T_B,1000110361,Right,T_A,6,Bottom,2,0,0,0-0,Fastball,Sinker,InPlay,Undefined,GroundBall,,Out,1,0,91.95901,-1.285607,-3.186511,1939.783557,251.925807,2:30,5.69396,1.17221,5.25981,-27.04352,6.92099,17.82036,2.23041,-0.33963,83.94474,-6.249633,-0.027957,0.419454,64.45089,-12.264094,-35.974669,,,,,,6.35729,,,-9.88264,4.13677,-0.89409,50,5.55612,6.59658,-133.28304,-4.04416,-17.73957,29.21188,-24.74843,89.86078,2.74443,8.01426,2.59169,2.74443,0.76121,1000070017,Right,55.24065,-134.42674,14.60594,5.69549,-3.07522,-12.37421,-1.16595,7.29111,-8.86979,180,2.59083,74.86739,,,,,,,,2.74467,-20.11004,,,,,,,,0.76184,-54.34379,,,,,,,,,,,,,,,,,,,,,,,,,,,,,,High,High,High,Low,Low,,,,v3
