PitchNo,Date,PAofInning,PitchofPA,PitcherId,PitcherThrows,PitcherTeam,BatterId,BatterSide,BatterTeam,Inning,Top/Bottom,Outs,Balls,Strikes,Count,TaggedPitchType,AutoPitchType,PitchCall,KorBB,TaggedHitType,AutoHitType,PlayResult,OutsOnPlay,RunsScored,RelSpeed,VertRelAngle,HorzRelAngle,SpinRate,SpinAxis,Tilt,RelHeight,RelSide,Extension,VertBreak,InducedVertBreak,HorzBreak,PlateLocHeight,PlateLocSide,ZoneSpeed,VertApprAngle,HorzApprAngle,ZoneTime,ExitSpeed,Angle,Direction,HitSpinRate,PositionAt110X,PositionAt110Y,PositionAt110Z,Distance,LastTrackedDistance,Bearing,HangTime,pfxx,pfxz,x0,y0,z0,vx0,vy0,vz0,ax0,ay0,az0,EffectiveVelo,MaxHeight,SpeedDrop,ContactPositionX,ContactPositionY,ContactPositionZ,CatcherId,CatcherThrows,PitchTrajectoryXc0,PitchTrajectoryXc1,PitchTrajectoryXc2,PitchTrajectoryYc0,PitchTrajectoryYc1,PitchTrajectoryYc2,PitchTrajectoryZc0,PitchTrajectoryZc1,PitchTrajectoryZc2,HitSpinAxis,HitTrajectoryXc0,HitTrajectoryXc1,HitTrajectoryXc2,HitTrajectoryXc3,HitTrajectoryXc4,HitTrajectoryXc5,HitTrajectoryXc6,HitTrajectoryXc7,HitTrajectoryXc8,HitTrajectoryYc0,HitTrajectoryYc1,HitTrajectoryYc2,HitTrajectoryYc3,HitTrajectoryYc4,HitTrajectoryYc5,HitTrajectoryYc6,HitTrajectoryYc7,HitTrajectoryYc8,HitTrajectoryZc0,HitTrajectoryZc1,HitTrajectoryZc2,HitTrajectoryZc3,HitTrajectoryZc4,HitTrajectoryZc5,HitTrajectoryZc6,HitTrajectoryZc7,HitTrajectoryZc8,ThrowSpeed,PopTime,ExchangeTime,TimeToBase,CatchPositionX,CatchPositionY,CatchPositionZ,ThrowPositionX,ThrowPositionY,ThrowPositionZ,BasePositionX,BasePositionY,BasePositionZ,ThrowTrajectoryXc0,ThrowTrajectoryXc1,ThrowTrajectoryXc2,ThrowTrajectoryYc0,ThrowTrajectoryYc1,ThrowTrajectoryYc2,ThrowTrajectoryZc0,ThrowTrajectoryZc1,ThrowTrajectoryZc2,PitchReleaseConfidence,PitchLocationConfidence,PitchMovementConfidence,HitLaunchConfidence,HitLandingConfidence,CatcherThrowCatchConfidence,CatcherThrowReleaseConfidence,CatcherThrowLocationConfidence,System
1,11/9/2022,1,1,691205,Right,T_A,1000052539,Left,T_D,1,Top,0,0,0,0-0,Fastball,Sinker,InPlay,Undefined,LineDrive,LineDrive,Out,1,0,94.96114,-1.274224,-3.09577,2298.28351,234.73466,1:45,5.37257,1.50293,5.78281,-19.18899,12.29631,15.82245,2.58604,-0.0616,85.82257,-4.893491,-0.265511,0.403855,102.57171,17.860251,18.982817,1343.405855,102.37698,27.04358,40.23397,278.38244,273.01956,25.719267,2.605559,-9.09552,6.99162,-1.2574,50,5.25598,6.73067,-137.62585,-3.72157,-17.24341,33.83569,-18.91921,93.33168,29.42518,9.13856,2.25847,2.57046,0.05461,1000073611,Right,54.71644,-138.78055,16.91785,5.37198,-3.07592,-9.45961,-1.49714,7.31913,-8.6217,257.432706,2.25847,135.4012,-24.09435,5.43404,-1.23805,0.26544,-0.05458,0.00833,-0.00063,2.57046,46.13879,-21.95934,2.1969,-0.40822,0.07208,-0.01043,0.00125,-8.00E-05,0.05461,46.57693,2.20554,-1.79642,0.6219,-0.17127,0.03901,-0.00634,0.0005,,,,,,,,,,,,,,,,,,,,,,,High,High,High,High,Medium,,,,v3
2,11/9/2022,2,1,691205,Right,T_A,1000102997,Left,T_D,1,Top,1,0,0,0-0,Fastball,Sinker,FoulBall,Undefined,Undefined,GroundBall,Undefined,0,0,95.72573,-0.912605,-3.280743,2274.131003,239.087293,2:00,5.32536,1.47671,5.66766,-20.9497,10.3943,15.4067,2.72718,-0.3017,85.90246,-4.850885,-0.531546,0.402948,87.82662,-42.768302,-58.191544,,,,,2.8492,0.74076,-43.604292,0.030829,-8.8754,5.90677,-1.20917,50,5.23522,7.20842,-138.56313,-2.96329,-16.94557,36.14507,-20.89641,93.5418,2.70332,9.82327,0.52274,2.70332,0.51862,1000073611,Right,54.82886,-139.81709,18.07254,5.32545,-2.23835,-10.44821,-1.46945,7.7963,-8.47279,,0.52212,49.96648,,,,,,,,2.70441,-87.68695,,,,,,,,0.51962,-80.56113,,,,,,,,,,,,,,,,,,,,,,,,,,,,,,High,High,High,Low,Low,,,,v3
3,11/9/2022,2,2,691205,Right,T_A,1000102997,Left,T_D,1,Top,1,0,1,0-1,Fastball,Sinker,InPlay,Undefined,FlyBall,LineDrive,Out,1,0,94.86899,-1.817443,-3.146701,2221.06543,241.672742,2:00,5.39631,1.46086,5.53148,-21.65714,9.9528,16.54359,1.88951,-0.10493,86.51652,-5.838288,-0.200382,0.404653,89.71879,24.396905,-24.768668,4771.134716,95.52125,39.68999,-54.54858,284.7297,275.94284,-37.444839,3.464283,-9.29319,5.85154,-1.19886,50,5.2239,6.79109,-137.51079,-5.17452,-17.75033,31.19473,-20.99741,93.1475,44.68472,8.35248,1.55011,1.88594,0.11171,1000073611,Right,54.96837,-138.6333,15.59737,5.39651,-4.41895,-10.49871,-1.45472,7.42982,-8.87516,125.323889,1.55,108.81627,-24.70539,6.41898,-1.49125,0.3071,-0.05266,0.00577,-0.00023,1.88586,54.35662,-18.54083,0.77316,0.0311,0.00483,-0.01664,0.00583,-0.00062,0.11176,-50.20839,-2.57897,1.96245,-0.69352,0.17461,-0.03148,0.00346,-0.00017,,,,,,,,,,,,,,,,,,,,,,,High,High,High,High,Medium,,,,v3
4,11/9/2022,3,1,691205,Right,T_A,305,Undefined,T_D,1,Top,2,0,0,0-0,Cutter,Cutter,StrikeSwinging,Undefined,Undefined,,Undefined,0,0,90.73994,-1.048814,-1.331191,2267.854605,174.506013,11:45,5.41823,1.62994,4.89103,-26.75856,8.41197,-0.70409,2.19584,0.31179,83.19015,-5.927593,-1.455267,0.426836,,,,,,,,,,,,-0.01315,4.76949,-1.49882,50,5.29317,3.09234,-131.60607,-3.48647,-0.02312,27.22796,-23.78666,88.30665,,7.54979,,,,1000073611,Right,55.6067,-132.76098,13.61398,5.41966,-2.47754,-11.89333,-1.63001,3.09332,-0.01156,,,,,,,,,,,,,,,,,,,,,,,,,,,,,,,,,,,,,,,,,,,,,,,,,,,High,High,High,,,,,,v3
5,11/9/2022,3,2,691205,Right,T_A,305,Undefined,T_D,1,Top,2,0,1,0-1,Slider,Curveball,BallCalled,Undefined,Undefined,,Undefined,0,0,81.88945,2.4307,2.088016,2444.66804,75.421485,8:30,5.32939,1.60493,4.07603,-49.1592,-4.10792,-21.7306,3.56964,1.7998,74.19802,-6.345255,-1.682782,0.483086,,,,,,,,,,,,10.92894,-2.17685,-1.81419,50,5.54917,-3.26476,-118.4182,2.94417,15.39563,24.2871,-35.24057,78.02421,,7.69144,,,,1000073611,Right,56.42337,-119.72836,12.14355,5.33907,4.8452,-17.62029,-1.61567,-4.09527,7.69782,,,,,,,,,,,,,,,,,,,,,,,,,,,,,,,,,,,,,,,,,,,,,,,,,,,High,High,High,,,,,,v3
6,11/9/2022,3,3,691205,Right,T_A,305,Undefined,T_D,1,Top,2,1,1,1-1,Slider,Slider,StrikeCalled,Undefined,Undefined,,Undefined,0,0,83.33068,1.049774,0.041458,2517.981603,70.569661,8:15,5.23434,1.63358,4.04391,-47.47522,-3.89382,-15.31772,2.28674,0.39693,75.60049,-7.412215,-2.618728,0.47514,,,,,,,,,,,,7.29733,-1.70725,-1.62031,50,5.30079,0.66312,-120.59423,0.16113,10.62838,25.85325,-34.66062,79.32907,,7.7302,,,,1000073611,Right,56.45427,-121.97007,12.92663,5.24314,2.00567,-17.33031,-1.64055,0.09751,5.31419,,,,,,,,,,,,,,,,,,,,,,,,,,,,,,,,,,,,,,,,,,,,,,,,,,,High,High,High,,,,,,v3
7,11/9/2022,3,4,691205,Right,T_A,305,Undefined,T_D,1,Top,2,1,2,1-2,Fastball,Four-Seam,BallCalled,Undefined,Undefined,,Undefined,0,0,94.79033,0.177067,-1.349676,2246.31842,204.181823,12:45,5.48885,1.31461,5.0101,-22.31604,9.85528,3.96484,3.79636,0.37086,86.38828,-3.934987,-0.649824,0.408231,,,,,,,,,,,,-2.33091,5.14048,-1.18844,50,5.48819,3.03869,-137.47084,-0.47543,-4.45872,30.5866,-22.34094,92.33122,,8.40206,,,,1000073611,Right,55.48685,-138.68626,15.2933,5.48944,0.41234,-11.17047,-1.3127,3.21587,-2.22936,,,,,,,,,,,,,,,,,,,,,,,,,,,,,,,,,,,,,,,,,,,,,,,,,,,High,High,High,,,,,,v3
8,11/9/2022,3,5,691205,Right,T_A,305,Undefined,T_D,1,Top,2,2,2,2-2,Fastball,Sinker,FoulBall,Undefined,Undefined,,Undefined,0,0,96.82867,-2.574029,-2.828345,2257.570536,241.885689,2:00,5.31952,1.59031,5.25999,-20.61989,10.07099,16.9521,1.17829,0.34356,88.29686,-6.3818,0.177401,0.398727,74.9748,22.013676,-125.6817,4300.788639,,,,,49.07242,,,-9.31315,6.07339,-1.34427,50,5.06838,6.09587,-140.24893,-7.12478,-18.49764,32.55052,-20.11118,94.53189,15.47315,8.53181,1.04786,1.02759,-0.39128,1000073611,Right,55.23954,-141.45975,16.27526,5.3195,-6.37668,-10.05559,-1.58382,6.78394,-9.24882,,1.04786,-59.46322,-2.79372,3.22794,-1.1615,0.3595,-0.09839,0.02771,-0.00575,1.02759,41.21715,-28.0985,4.61364,-1.07647,0.24171,-0.05027,0.01014,-0.00123,-0.39128,-82.80763,20.36836,-3.62032,0.69058,-0.0797,-0.00083,0.00865,-0.00411,,,,,,,,,,,,,,,,,,,,,,,High,High,High,High,Low,,,,v3
9,11/9/2022,3,6,691205,Right,T_A,305,Undefined,T_D,1,Top,2,2,2,2-2,Fastball,Sinker,BallCalled,Undefined,Undefined,,Undefined,0,0,95.79377,-2.076737,-4.540486,2407.813673,249.926133,2:15,5.28314,1.54428,5.50522,-23.41336,7.94926,18.72052,1.38283,-1.15099,86.70418,-6.416187,-1.215119,0.403067,,,,,,,,,,,,-10.80839,4.96985,-1.16004,50,5.08566,10.09605,-138.48612,-5.93501,-20.79022,33.67521,-22.61441,93.51402,,9.08959,,,,1000073611,Right,54.99315,-139.69501,16.8376,5.28414,-5.12318,-11.3072,-1.53587,10.84239,-10.39511,,,,,,,,,,,,,,,,,,,,,,,,,,,,,,,,,,,,,,,,,,,,,,,,,,,High,High,High,,,,,,v3
10,11/9/2022,3,7,691205,Right,T_A,305,Undefined,T_D,1,Top,2,3,2,3-2,Slider,Slider,StrikeCalled,Strikeout,Undefined,,Undefined,0,0,82.29589,1.06573,0.441417,2622.385529,73.986389,8:30,5.24814,1.5536,3.76692,-47.48345,-2.64268,-14.32788,2.32038,0.78584,75.11632,-7.347782,-2.034616,0.481957,,,,,,,,,,,,6.90559,-1.12567,-1.58728,50,5.31722,-0.21603,-119.14693,0.14496,9.8888,23.70895,-33.78599,78.20713,,7.17957,,,,1000073611,Right,56.73242,-120.47916,11.85448,5.25574,2.04343,-16.89299,-1.55953,-0.7717,4.9444,,,,,,,,,,,,,,,,,,,,,,,,,,,,,,,,,,,,,,,,,,,,,,,,,,,High,High,High,,,,,,v3
11,11/9/2022,1,1,1000126315,Left,T_B,8886045,Right,T_A,1,Bottom,0,0,0,0-0,Fastball,Sinker,BallCalled,Undefined,Undefined,,Undefined,0,0,90.7878,-2.943394,2.867697,2073.076672,132.438247,10:30,5.27102,-2.67613,6.11618,-20.00788,13.86501,-13.91583,0.87652,-1.18219,82.74139,-6.717809,0.361339,0.418888,,,,,,,,,,,,8.04871,8.36811,2.46344,50,5.03454,-6.01549,-131.5944,-7.3878,14.03822,29.31923,-17.57871,89.98223,,8.04641,,,,1000100247,Right,54.38285,-132.56731,14.65962,5.27001,-6.80448,-8.78935,2.67078,-6.48133,7.01911,,,,,,,,,,,,,,,,,,,,,,,,,,,,,,,,,,,,,,,,,,,,,,,,,,,High,High,High,,,,,,v3
12,11/9/2022,1,2,1000126315,Left,T_B,8886045,Right,T_A,1,Bottom,0,1,0,1-0,Fastball,Four-Seam,InPlay,Undefined,Popup,,Out,1,0,91.13651,-3.624977,4.898879,2347.150734,143.354315,10:45,5.31218,-2.7197,6.41372,-14.74576,18.68757,-13.04426,0.73396,0.7082,82.87526,-6.473127,2.547111,0.416161,72.02706,78.630558,56.47003,,,,,,109.95604,,,8.31922,11.20327,2.37481,50,5.04513,-10.78268,-131.76932,-8.75358,14.53978,29.5558,-12.59367,90.57179,79.66974,8.26126,,,,1000100247,Right,54.08619,-132.68268,14.7779,5.30963,-8.3644,-6.29683,2.71497,-11.232,7.26989,198.362818,4.99821,11.50327,-5.8456,2.03856,-0.55239,0.143,-0.0353,0.00716,-0.00083,0.0951,103.56649,-31.93901,4.74394,-1.05579,0.23087,-0.05178,0.00975,-0.00107,-0.51338,17.35982,3.38658,-1.21596,0.33379,-0.08688,0.02156,-0.0044,0.00051,,,,,,,,,,,,,,,,,,,,,,,High,High,High,High,Low,,,,v3
13,11/9/2022,2,1,1000126315,Left,T_B,691273,Right,T_A,1,Bottom,1,0,0,0-0,Fastball,Four-Seam,StrikeCalled,Undefined,Undefined,,Undefined,0,0,91.68356,-2.526399,2.839746,2271.503128,143.877635,10:45,5.48167,-2.90201,6.21068,-17.13312,15.87442,-10.79056,1.71787,-1.17822,83.61978,-5.789086,0.89379,0.413502,,,,,,,,,,,,6.38776,9.27071,2.69405,50,5.28317,-6.14252,-132.96193,-6.36636,11.40216,29.27738,-15.62585,91.15408,,8.06378,,,,1000100247,Right,54.28731,-133.90265,14.63869,5.47967,-5.86428,-7.81293,2.8973,-6.50888,5.70108,,,,,,,,,,,,,,,,,,,,,,,,,,,,,,,,,,,,,,,,,,,,,,,,,,,High,High,High,,,,,,v3
14,11/9/2022,2,2,1000126315,Left,T_B,691273,Right,T_A,1,Bottom,1,0,1,0-1,ChangeUp,Changeup,StrikeSwinging,Undefined,Undefined,,Undefined,0,0,84.52272,-0.449349,3.614697,1785.824317,94.576928,9:15,5.1785,-2.78539,6.2827,-35.88915,2.55154,-17.31812,1.77275,-0.89261,77.79188,-7.107392,0.486468,0.446238,,,,,,,,,,,,9.96528,1.80906,2.52659,50,5.128,-7.10046,-122.74847,-2.0927,15.26049,23.45396,-29.40371,84.46703,,6.73083,,,,1000100247,Right,54.21834,-123.55185,11.72698,5.18243,-1.08551,-14.70185,2.77876,-7.62319,7.63024,,,,,,,,,,,,,,,,,,,,,,,,,,,,,,,,,,,,,,,,,,,,,,,,,,,High,High,High,,,,,,v3
15,11/9/2022,2,3,1000126315,Left,T_B,691273,Right,T_A,1,Bottom,1,0,2,0-2,Fastball,Four-Seam,BallCalled,Undefined,Undefined,,Undefined,0,0,92.24481,-3.694239,2.899493,2316.793785,146.506758,11:00,5.38905,-2.75725,5.84205,-14.26784,18.83548,-11.73737,0.75764,-1.03841,84.21975,-6.416094,0.797828,0.414102,,,,,,,,,,,,6.7991,10.98658,2.52786,50,5.07914,-6.24636,-133.56531,-9.04421,12.26833,29.07237,-12.34983,91.02217,,8.02506,,,,1000100247,Right,54.65617,-134.57497,14.53618,5.38579,-8.61531,-6.17491,2.75219,-6.67243,6.13417,,,,,,,,,,,,,,,,,,,,,,,,,,,,,,,,,,,,,,,,,,,,,,,,,,,High,High,High,,,,,,v3
16,11/9/2022,2,4,1000126315,Left,T_B,691273,Right,T_A,1,Bottom,1,1,2,1-2,Curveball,Slider,InPlay,Undefined,GroundBall,,Out,1,0,81.39872,0.740071,2.112834,2762.289112,294.009615,3:45,5.39064,-2.73347,5.87125,-47.31235,-5.27158,14.56099,2.13587,0.44333,75.27356,-7.910203,4.723969,0.466667,,,,,,,,,,,,-6.96973,-2.63618,2.55362,50,5.42256,-4.90505,-118.32169,-0.02549,-9.90122,22.13468,-35.919,80.76952,,6.12516,,,,1000100247,Right,54.63185,-119.18503,11.06734,5.39623,1.3755,-17.9595,2.7374,-4.51886,-4.95061,,,,,,,,,,,,,,,,,,,,,,,,,,,,,,,,,,,,,,,,,,,,,,,,,,,High,High,High,,,,,,v3
17,11/9/2022,3,1,1000126315,Left,T_B,1000058463,Right,T_A,1,Bottom,2,0,0,0-0,Curveball,Curveball,BallCalled,Undefined,Undefined,,Undefined,0,0,80.47299,-0.122503,3.016653,2823.870683,303.633947,4:00,5.37416,-2.61735,5.78769,-50.76125,-7.35973,13.02083,1.02993,1.27671,74.37444,-9.35569,5.347237,0.474159,,,,,,,,,,,,-5.82508,-3.37807,2.36066,50,5.33332,-6.64771,-116.83502,-1.94062,-8.03097,22.54135,-36.83135,79.49327,,6.09855,,,,1000100247,Right,54.71471,-117.74114,11.27067,5.38157,-0.46009,-18.41567,2.62139,-6.32488,-4.01549,,,,,,,,,,,,,,,,,,,,,,,,,,,,,,,,,,,,,,,,,,,,,,,,,,,High,High,High,,,,,,v3
18,11/9/2022,3,2,1000126315,Left,T_B,1000058463,Right,T_A,1,Bottom,2,1,0,1-0,ChangeUp,Changeup,BallCalled,Undefined,Undefined,,Undefined,0,0,85.46767,-1.038911,2.492954,1525.597909,100.000342,9:15,4.94541,-2.85639,6.63103,-33.70813,3.26815,-12.35516,1.18418,-1.60204,78.91042,-7.329079,0.243034,0.437656,,,,,,,,,,,,7.17004,2.33854,2.69223,50,4.86142,-4.96676,-124.298,-3.25469,11.27428,23.73064,-28.49691,86.12341,,6.55725,,,,1000100247,Right,53.86965,-125.0346,11.86532,4.94872,-2.37015,-14.24846,2.85183,-5.31671,5.63714,,,,,,,,,,,,,,,,,,,,,,,,,,,,,,,,,,,,,,,,,,,,,,,,,,,High,High,High,,,,,,v3
19,11/9/2022,3,3,1000126315,Left,T_B,1000058463,Right,T_A,1,Bottom,2,2,0,2-0,Fastball,Four-Seam,BallCalled,Undefined,Undefined,,Undefined,0,0,91.98656,-3.283797,3.223762,2298.544794,137.443984,10:30,5.3483,-2.48094,6.2081,-18.89253,13.70249,-11.66418,0.73497,-0.47439,84.65457,-6.83586,1.120673,0.41091,,,,,,,,,,,,6.93784,8.28796,2.2447,50,5.09169,-7.04103,-133.39994,-8.24639,12.56566,27.32618,-17.16313,91.72909,,7.33198,,,,1000100247,Right,54.29249,-134.27635,13.66309,5.34735,-7.69593,-8.58157,2.47699,-7.44404,6.28283,,,,,,,,,,,,,,,,,,,,,,,,,,,,,,,,,,,,,,,,,,,,,,,,,,,High,High,High,,,,,,v3
20,11/9/2022,3,4,1000126315,Left,T_B,1000058463,Right,T_A,1,Bottom,2,3,0,3-0,Fastball,Four-Seam,BallCalled,Walk,Undefined,,Undefined,0,0,91.84836,-3.450796,3.571011,2257.213611,145.0962,10:45,5.21877,-2.64774,6.46924,-15.8328,16.56926,-10.86304,0.72013,-0.2691,84.4507,-6.470081,1.604653,0.409692,,,,,,,,,,,,6.67697,9.92001,2.40053,50,4.96762,-7.8897,-133.17952,-8.47719,12.04888,27.33279,-14.27291,92.00187,,7.39766,,,,1000100247,Right,54.03148,-134.00435,13.66639,5.21694,-8.04647,-7.13646,2.6441,-8.25331,6.02444,,,,,,,,,,,,,,,,,,,,,,,,,,,,,,,,,,,,,,,,,,,,,,,,,,,High,High,High,,,,,,v3
21,11/9/2022,4,1,1000126315,Left,T_B,1000110361,Right,T_A,1,Bottom,2,0,0,0-0,Fastball,Four-Seam,StrikeCalled,Undefined,Undefined,,Undefined,0,0,90.93468,-1.159845,4.30549,2356.760012,147.389804,11:00,5.47828,-2.6155,6.42374,-15.14477,18.10241,-10.89882,3.14693,0.44134,82.94279,-4.082613,2.338236,0.415001,,,,,,,,,,,,6.84559,10.0719,2.31247,50,5.38808,-9.47856,-131.82993,-3.05583,12.04727,28.01836,-14.44894,90.82499,,7.9919,,,,1000100247,Right,54.07382,-132.69293,14.00918,5.47535,-2.61078,-7.22447,2.61014,-9.84963,6.02364,,,,,,,,,,,,,,,,,,,,,,,,,,,,,,,,,,,,,,,,,,,,,,,,,,,High,High,High,,,,,,v3
22,11/9/2022,4,2,1000126315,Left,T_B,1000110361,Right,T_A,1,Bottom,2,0,1,0-1,Curveball,Slider,BallinDirt,Undefined,Undefined,,Undefined,0,0,81.13973,-1.416675,4.353486,2813.963244,304.948605,4:15,5.4162,-2.66967,5.7662,-48.30369,-5.69154,9.85229,0.06835,2.21086,75.62091,-10.146405,6.11232,0.469827,,,,,,,,,,,,-3.90299,-2.19831,2.30268,50,5.26907,-9.32767,-117.64805,-4.53607,-5.49455,21.39083,-35.26881,80.22619,,5.51882,,,,1000100247,Right,54.73627,-118.50608,10.69542,5.42265,-3.12138,-17.6344,2.67241,-9.10728,-2.74727,,,,,,,,,,,,,,,,,,,,,,,,,,,,,77.16053,,,0.893262,,,,0.59901,5.03224,-5.44261,64.53618,5.31127,60.24685,0.7405,80.30526,-9.8598,5.0691,11.73553,-12.80946,-5.41581,76.87618,-3.75228,High,High,High,,,High,Medium,Medium,v3
23,11/9/2022,4,3,1000126315,Left,T_B,1000110361,Right,T_A,1,Bottom,2,1,1,1-1,Fastball,Four-Seam,BallCalled,Undefined,Undefined,,Undefined,0,0,90.41657,-3.127621,5.191996,2291.442931,142.784638,10:45,5.29613,-2.55032,6.42502,-20.03844,13.66009,-9.5663,0.7367,1.43796,82.97847,-6.906794,3.468015,0.417808,,,,,,,,,,,,6.41079,8.31536,2.18354,50,5.06293,-11.50971,-130.80376,-7.75581,11.13673,26.89602,-17.72871,90.21473,,7.4381,,,,1000100247,Right,54.07433,-131.63887,13.44801,5.29519,-7.20535,-8.86435,2.54628,-11.8555,5.56837,,,,,,,,,,,,,,,,,,,,,,,,,,,,,,,,,,,,,,,,,,,,,,,,,,,High,High,High,,,,,,v3
24,11/9/2022,4,4,1000126315,Left,T_B,1000110361,Right,T_A,1,Bottom,2,2,1,2-1,Curveball,Slider,BallinDirt,Undefined,Undefined,,Undefined,0,0,80.57784,-0.603193,3.37244,2783.062975,293.848812,3:45,5.22177,-2.70389,5.75878,-47.79971,-4.25536,12.71375,0.676,1.49831,74.1962,-9.304784,5.644891,0.474938,,,,,,,,,,,,-5.49642,-1.58429,2.4163,50,5.14269,-7.3742,-116.8622,-2.82696,-7.55361,23.3041,-34.35132,79.36278,,6.38164,,,,1000100247,Right,54.74193,-117.80402,11.65205,5.22888,-1.43868,-17.17566,2.70815,-7.06892,-3.7768,,,,,,,,,,,,,,,,,,,,,,,,,,,,,,,,,,,,,,,,,,,,,,,,,,,High,High,High,,,,,,v3
25,11/9/2022,4,5,1000126315,Left,T_B,1000110361,Right,T_A,1,Bottom,2,3,1,3-1,Fastball,Four-Seam,BallCalled,Walk,Undefined,,Undefined,0,0,90.28497,-1.42448,1.471043,2186.990332,143.55889,10:45,5.44436,-2.47757,6.37369,-17.22973,16.61993,-11.43044,2.69722,-2.07634,82.02498,-4.733648,-0.599063,0.418744,,,,,,,,,,,,6.34953,9.4076,2.37616,50,5.33328,-2.89602,-131.10934,-3.72067,10.9769,29.48297,-15.91043,90.01307,,8.25999,,,,1000100247,Right,54.12301,-132.03324,14.74149,5.44206,-3.22209,-7.95521,2.4723,-3.24,5.48845,,,,,,,,,,,,,,,,,,,,,,,,,,,,,,,,,,,,,,,,,,,,,,,,,,,High,High,High,,,,,,v3
26,11/9/2022,5,1,1000126315,Left,T_B,1000073511,Right,T_A,1,Bottom,2,0,0,0-0,Curveball,Slider,BallinDirt,Undefined,Undefined,,Undefined,0,0,81.03334,-1.701473,2.499127,2856.484351,315.999666,4:30,5.22315,-3.02473,6.09627,-47.64479,-5.73926,6.65304,-0.32293,-0.15736,75.69616,-10.379191,3.700101,0.465915,,,,,,,,,,,,-2.84768,-2.30858,2.82858,50,5.06628,-5.37459,-117.80759,-4.99946,-4.03065,20.88189,-35.44164,80.89978,,5.33718,,,,1000100247,Right,54.40729,-118.58623,10.44095,5.22806,-3.67792,-17.72082,3.02619,-5.2243,-2.01532,,,,,,,,,,,,,,,,,,,,,,,,,,,,,,,,,,,,,,,,,,,,,,,,,,,High,High,High,,,,,,v3
27,11/9/2022,5,2,1000126315,Left,T_B,1000073511,Right,T_A,1,Bottom,2,1,0,1-0,Fastball,Four-Seam,StrikeCalled,Undefined,Undefined,,Undefined,0,0,88.37371,-1.62545,2.015265,2267.008476,156.475886,11:15,5.3965,-2.6006,6.3512,-19.67474,15.21316,-6.17784,2.25943,-1.25967,81.48402,-5.346604,0.897395,0.425117,,,,,,,,,,,,3.72709,8.66315,2.4571,50,5.26901,-4.27861,-128.46064,-4.20465,6.27941,24.55471,-17.57834,88.66362,,6.8897,,,,1000100247,Right,54.14774,-129.25104,12.27736,5.39525,-3.63882,-8.78917,2.59807,-4.48074,3.13971,,,,,,,,,,,,,,,,,,,,,,,,,,,,,,,,,,,,,,,,,,,,,,,,,,,High,High,High,,,,,,v3
28,11/9/2022,5,3,1000126315,Left,T_B,1000073511,Right,T_A,1,Bottom,2,1,1,1-1,ChangeUp,Changeup,BallCalled,Undefined,Undefined,,Undefined,0,0,85.17284,-0.764719,2.786691,1787.520806,108.153182,9:30,4.93342,-2.85015,6.48651,-32.11691,5.54811,-13.31202,1.55404,-1.39899,78.09767,-6.772243,0.371006,0.441713,,,,,,,,,,,,7.73839,3.49091,2.65981,50,4.86573,-5.52743,-123.74618,-2.61459,11.99197,24.83234,-26.76429,85.33236,,7.07517,,,,1000100247,Right,54.01293,-124.54886,12.41617,4.93626,-1.74947,-13.38215,2.84475,-5.91506,5.99598,,,,,,,,,,,,,,,,,,,,,,,,,,,,,,,,,,,,,,,,,,,,,,,,,,,High,High,High,,,,,,v3
29,11/9/2022,5,4,1000126315,Left,T_B,1000073511,Right,T_A,1,Bottom,2,2,1,2-1,Fastball,Four-Seam,StrikeCalled,Undefined,Undefined,,Undefined,0,0,89.91904,-2.123601,2.122217,2271.606724,149.470861,11:00,5.41816,-2.70222,6.41716,-18.30863,15.69902,-8.59871,1.93795,-1.4669,82.01772,-5.618301,0.564288,0.41972,,,,,,,,,,,,5.09642,9.14737,2.5543,50,5.25789,-4.49496,-130.54415,-5.34591,8.76174,28.44185,-16.44792,89.80374,,7.90131,,,,1000100247,Right,54.08083,-131.43023,14.22093,5.41646,-4.83348,-8.22396,2.6986,-4.76793,4.38087,,,,,,,,,,,,,,,,,,,,,,,,,,,,,,,,,,,,,,,,,,,,,,,,,,,High,High,High,,,,,,v3
30,11/9/2022,5,5,1000126315,Left,T_B,1000073511,Right,T_A,1,Bottom,2,2,2,2-2,Curveball,Curveball,InPlay,Undefined,GroundBall,GroundBall,Out,1,0,79.96644,0.291105,0.94092,2782.917387,319.840591,4:45,5.29835,-2.78311,5.74064,-51.59247,-7.53059,7.53347,1.27007,-1.27913,73.47019,-9.128087,2.292409,0.477752,49.0807,-62.495979,-39.684744,,,,,2.77997,2.55891,18.532594,0.021216,-3.59158,-3.59067,2.70003,50,5.29055,-2.19247,-116.19,-1.1285,-4.88123,22.95157,-37.05405,78.89533,1.36023,6.49625,2.09079,1.36023,1.33583,1000100247,Right,54.76123,-117.12673,11.47578,5.30575,0.3838,-18.52702,2.78545,-1.99325,-2.44061,,2.09043,25.68875,,,,,,,,1.36113,-64.11268,,,,,,,,1.33613,-21.31566,,,,,,,,,,,,,,,,,,,,,,,,,,,,,,High,High,High,Low,Low,,,,v3
31,11/9/2022,1,1,691205,Right,T_A,1000051064,Left,T_D,2,Top,0,0,0,0-0,Fastball,Sinker,FoulBall,Undefined,Undefined,,Undefined,0,0,94.618,-0.122567,-3.371414,2279.737287,245.196729,2:15,5.30714,1.53736,5.69704,-22.34942,9.30642,17.84655,3.33027,-0.12083,85.85569,-4.296387,-0.185699,0.404947,71.12551,49.857439,-164.136431,5016.30249,,,,,196.59742,,,-10.14272,5.06799,-1.26573,50,5.28297,7.27559,-137.19041,-1.10162,-19.21137,32.0967,-22.57477,93.0799,52.66617,8.76231,2.73123,3.46945,0.10718,1000073611,Right,54.8032,-138.30959,16.04835,5.30766,-0.31446,-11.28739,-1.5311,7.94547,-9.60569,355.076856,2.73123,-64.69117,1.29184,1.18232,-0.47553,0.14278,-0.0276,0.00126,0.00088,3.46945,79.74456,-32.39698,4.84024,-1.03526,0.21342,-0.06639,0.02879,-0.00694,0.10718,-18.3833,-0.90043,1.69597,-0.58603,0.16617,-0.03617,0.00528,-0.00012,,,,,,,,,,,,,,,,,,,,,,,High,High,High,High,Low,,,,v3
32,11/9/2022,1,2,691205,Right,T_A,1000051064,Left,T_D,2,Top,0,0,1,0-1,Slider,Slider,FoulBall,Undefined,Undefined,GroundBall,Undefined,0,0,82.39227,0.067582,-1.194749,2357.73265,77.877901,8:30,5.27553,1.66024,4.09973,-44.86794,-0.85921,-10.39394,1.60141,-0.35276,75.70104,-7.909487,-3.001393,0.477464,73.0088,-18.225388,71.200813,,,,,7.80827,7.73786,41.949792,0.053007,4.72114,-0.1289,-1.5145,50,5.23441,2.96914,-119.42112,-1.72283,6.81493,23.09061,-32.36013,78.94296,1.77926,6.69123,4.06594,1.77926,0.10435,1000073611,Right,56.40149,-120.65252,11.54531,5.28027,0.00291,-16.18007,-1.66315,2.60571,3.40746,180,4.0653,32.85087,,,,,,,,1.77991,-33.56671,,,,,,,,0.10247,96.50327,,,,,,,,,,,,,,,,,,,,,,,,,,,,,,High,High,High,Low,Low,,,,v3
33,11/9/2022,1,3,691205,Right,T_A,1000051064,Left,T_D,2,Top,0,0,2,0-2,Slider,Slider,HitByPitch,Undefined,Undefined,,Undefined,0,0,83.27794,-2.022262,-3.504999,2515.36494,70.155796,8:15,5.18,1.61421,4.18462,-45.79117,-2.61736,-10.9402,-0.57826,-2.66045,76.96243,-10.091061,-5.405622,0.472912,,,,,,,,,,,,4.37473,-0.44102,-1.21457,50,4.90776,7.87413,-120.45183,-6.15953,6.41554,23.78965,-32.82082,79.70265,,6.31551,,,,1000073611,Right,56.31745,-121.69316,11.89482,5.18448,-4.44698,-16.41041,-1.61671,7.53938,3.20777,,,,,,,,,,,,,,,,,,,,,,,,,,,,,,,,,,,,,,,,,,,,,,,,,,,High,High,High,,,,,,v3
34,11/9/2022,2,1,691205,Right,T_A,1000067025,Left,T_D,2,Top,0,0,0,0-0,Fastball,Sinker,InPlay,Undefined,GroundBall,GroundBall,Out,2,0,94.9274,-0.439567,-3.068964,2352.854053,246.614271,2:15,5.342,1.61295,5.57473,-21.79541,9.81119,20.2217,3.11456,0.42888,86.09517,-4.505919,0.534804,0.404632,106.98971,2.295693,-6.870665,1673.905661,,,,101.21322,101.14071,-10.568081,0.705318,-11.15056,5.40319,-1.36222,50,5.29001,6.43041,-137.62821,-1.85987,-21.24585,32.43061,-21.87903,93.15237,3.62583,8.83223,1.18976,2.99095,-0.39315,1000073611,Right,54.92468,-138.7838,16.21531,5.34239,-1.08025,-10.93951,-1.60484,7.18746,-10.62292,94.849926,1.24786,154.55282,-21.73883,,,,,,,3.00865,5.9469,-14.51266,,,,,,,-0.34448,-19.70063,-8.77889,,,,,,,,,,,,,,,,,,,,,,,,,,,,,High,High,High,High,High,,,,v3
35,11/9/2022,3,1,691205,Right,T_A,305,Undefined,T_D,2,Top,2,0,0,0-0,Slider,Curveball,BallCalled,Undefined,Undefined,,Undefined,0,0,83.2954,-0.589499,-1.491093,2260.791432,87.424523,9:00,5.35266,1.42362,4.22651,-42.24199,0.47374,-17.63202,1.26781,-1.47384,76.95612,-8.095957,-4.561097,0.470398,,,,,,,,,,,,8.10847,0.76988,-1.2407,50,5.24413,3.97248,-120.78013,-3.00531,12.0222,22.70364,-31.03258,80.12883,,6.33927,,,,1000073611,Right,56.27411,-121.95381,11.35182,5.35803,-1.40106,-15.51629,-1.42999,3.35099,6.0111,,,,,,,,,,,,,,,,,,,,,,,,,,,,,,,,,,,,,,,,,,,,,,,,,,,High,High,High,,,,,,v3
36,11/9/2022,3,2,691205,Right,T_A,305,Undefined,T_D,2,Top,2,1,0,1-0,Slider,Slider,StrikeSwinging,Undefined,Undefined,,Undefined,0,0,82.84311,-0.340624,-0.981039,2562.250036,79.023902,8:45,5.28384,1.46043,3.96187,-45.86664,-2.08874,-17.78828,1.13384,-0.96594,76.22064,-8.455171,-4.066161,0.47621,,,,,,,,,,,,8.25004,-0.52598,-1.32698,50,5.19333,2.90495,-120.0531,-2.67841,12.02992,23.43118,-32.94103,79.15084,,6.62247,,,,1000073611,Right,56.53901,-121.32263,11.71559,5.2901,-0.89363,-16.47052,-1.46672,2.25316,6.01496,,,,,,,,,,,,,,,,,,,,,,,,,,,,,,,,,,,,,,,,,,,,,,,,,,,High,High,High,,,,,,v3
37,11/9/2022,3,3,691205,Right,T_A,305,Undefined,T_D,2,Top,2,1,1,1-1,Slider,Curveball,BallinDirt,Undefined,Undefined,,Undefined,0,0,82.04801,0.031262,-3.334153,2631.459838,53.484859,7:45,5.31713,1.58207,3.87963,-58.55543,-13.12556,-19.77544,0.46768,-3.28232,75.1245,-10.236973,-6.749929,0.485112,,,,,,,,,,,,8.32957,-5.775,-1.17186,50,5.25315,7.86228,-118.58197,-2.49654,11.69708,25.58918,-40.2838,77.69839,,6.92351,,,,1000073611,Right,56.62208,-120.00246,12.79459,5.32967,-0.26033,-20.1419,-1.59028,7.21296,5.84854,,,,,,,,,,,,,,,,,,,,,,,,,,,,,,,,,,,,,,,,,,,,,,,,,,,High,High,High,,,,,,v3
38,11/9/2022,3,4,691205,Right,T_A,305,Undefined,T_D,2,Top,2,2,1,2-1,Fastball,Sinker,FoulBall,Undefined,Undefined,,Undefined,0,0,94.82042,-1.460091,-3.211847,2378.806937,250.999959,2:15,5.43498,1.28224,5.33492,-24.9747,7.01079,17.22631,1.98144,-0.29876,86.19313,-6.0622,-0.154717,0.40705,,,,,,,,,,,,-9.67008,4.24603,-1.00521,50,5.28511,6.89637,-137.37626,-4.48731,-18.36128,32.25263,-24.11179,92.59903,,8.62729,,,,1000073611,Right,55.16529,-138.58364,16.12632,5.4362,-3.58469,-12.05589,-1.27624,7.58373,-9.18064,,,,,,,,,,,,,,,,,,,,,,,,,,,,,,,,,,,,,,,,,,,,,,,,,,,High,High,High,,,,,,v3
39,11/9/2022,3,5,691205,Right,T_A,305,Undefined,T_D,2,Top,2,2,2,2-2,Fastball,Sinker,StrikeCalled,Strikeout,Undefined,,Undefined,0,0,95.73442,-2.126801,-4.051686,2476.317317,233.518149,1:45,5.55403,1.29201,4.91917,-19.43615,12.1041,15.07997,1.91758,-1.28843,88.00678,-5.695542,-1.401379,0.404207,,,,,,,,,,,,-8.46745,6.80654,-0.90944,50,5.33014,9.05411,-138.6023,-5.94576,-16.61496,28.45123,-18.81816,93.25031,,7.72765,,,,1000073611,Right,55.58054,-139.74313,14.22562,5.55342,-5.19119,-9.40908,-1.28585,9.72034,-8.30748,,,,,,,,,,,,,,,,,,,,,,,,,,,,,,,,,,,,,,,,,,,,,,,,,,,High,High,High,,,,,,v3
40,11/9/2022,1,1,1000126315,Left,T_B,1000066765,Right,T_A,2,Bottom,0,0,0,0-0,Fastball,Four-Seam,BallCalled,Undefined,Undefined,,Undefined,0,0,90.27965,-0.526022,1.805629,2001.925264,155.58373,11:15,5.30494,-2.58879,6.19533,-21.36379,12.2215,-5.10933,3.03875,-1.34708,83.20242,-4.540635,0.883762,0.417105,,,,,,,,,,,,3.09524,6.76914,2.45532,50,5.25441,-3.92854,-131.26928,-1.86962,5.44885,25.47271,-20.25762,90.36669,,7.07723,,,,1000100247,Right,54.3035,-132.10173,12.73636,5.3047,-1.2076,-10.12881,2.58661,-4.1066,2.72443,,,,,,,,,,,,,,,,,,,,,,,,,,,,,,,,,,,,,,,,,,,,,,,,,,,High,High,High,,,,,,v3
41,11/9/2022,1,2,1000126315,Left,T_B,1000066765,Right,T_A,2,Bottom,0,1,0,1-0,Fastball,Four-Seam,StrikeCalled,Undefined,Undefined,,Undefined,0,0,89.97438,-2.659659,1.863254,2165.411901,153.956205,11:15,5.44311,-2.45726,5.98697,-18.98229,15.10111,-6.9004,1.39314,-1.30477,83.22282,-6.214144,0.62271,0.420187,,,,,,,,,,,,4.02358,8.74134,2.31408,50,5.22245,-3.96862,-130.69466,-6.6665,7.03553,24.72096,-16.88923,89.7039,,6.75156,,,,1000100247,Right,54.5132,-131.54557,12.36048,5.44191,-6.08516,-8.44462,2.45485,-4.21078,3.51777,,,,,,,,,,,,,,,,,,,,,,,,,,,,,,,,,,,,,,,,,,,,,,,,,,,High,High,High,,,,,,v3
42,11/9/2022,1,3,1000126315,Left,T_B,1000066765,Right,T_A,2,Bottom,0,1,1,1-1,ChangeUp,Changeup,FoulBall,Undefined,Undefined,,Undefined,0,0,85.57973,-0.355351,3.219067,1612.989308,143.501776,10:45,5.06872,-2.63059,6.31703,-25.63068,11.98965,-7.98441,2.60501,-0.32786,78.19308,-5.184951,1.777539,0.441451,71.62886,35.521585,160.573906,3654.344321,,,,,47.1282,,,5.08193,6.69941,2.39868,50,5.0304,-6.68599,-124.23625,-1.51725,7.93011,25.25638,-21.71994,85.38303,28.07486,7.38665,2.00777,2.66829,0.15688,1000100247,Right,54.18206,-125.08354,12.62819,5.06907,-0.78859,-10.85997,2.62744,-6.95202,3.96506,,2.00777,-80.63666,2.47331,1.45007,-0.58607,0.17365,0.00826,-0.05715,0.02861,2.66829,61.03825,-33.34414,5.58777,-1.25756,0.32573,-0.21073,0.19964,-0.08702,0.15688,28.43794,-3.03946,-0.98211,0.43765,-0.13031,-0.02049,0.0616,-0.02997,,,,,,,,,,,,,,,,,,,,,,,High,High,High,High,Low,,,,v3
43,11/9/2022,1,4,1000126315,Left,T_B,1000066765,Right,T_A,2,Bottom,0,1,2,1-2,Fastball,Four-Seam,InPlay,Undefined,LineDrive,LineDrive,Out,1,0,92.29376,-1.530557,2.969947,2260.624287,143.656674,10:45,5.4099,-2.46042,6.01206,-18.09603,14.39843,-9.87859,2.48177,-0.52986,84.8519,-4.940192,1.195772,0.410276,99.83957,10.43622,1.566071,1924.091587,109.83308,9.2587,6.05739,167.66343,150.67008,3.678182,1.365475,5.90177,8.12241,2.23281,50,5.27971,-6.54202,-134.02202,-4.15817,10.80103,27.27982,-17.30896,91.87095,10.23498,7.44186,2.08895,2.55813,0.50961,1000100247,Right,54.48866,-134.93258,13.63991,5.40887,-3.58043,-8.65448,2.45719,-6.90254,5.40052,316.266889,2.08895,143.95495,-18.77816,1.76836,-0.2459,-0.00509,0.01031,-0.002,0.00019,2.55813,26.52466,-24.97397,3.94521,-0.87586,0.21108,-0.0406,0.00644,-0.00063,0.50961,3.93572,4.67692,-2.05629,0.54874,-0.1418,0.02935,-0.0049,0.00049,,,,,,,,,,,,,,,,,,,,,,,High,High,High,High,High,,,,v3
44,11/9/2022,2,1,1000126315,Left,T_B,1000187798,Right,T_A,2,Bottom,1,0,0,0-0,Curveball,Slider,StrikeCalled,Undefined,Undefined,,Undefined,0,0,80.43568,0.568209,0.877692,2715.36783,298.089025,4:00,5.22513,-2.7846,6.08997,-45.24408,-2.34307,6.91331,1.98048,-1.39654,73.8123,-7.780775,2.124701,0.471417,,,,,,,,,,,,-3.30689,-0.94028,2.7134,50,5.24534,-2.04882,-116.9078,-0.27277,-4.5614,22.72575,-33.47104,79.95565,,6.62338,,,,1000100247,Right,54.40975,-117.76189,11.36288,5.23196,0.98516,-16.73552,2.78718,-1.8774,-2.2807,,,,,,,,,,,,,,,,,,,,,,,,,,,,,,,,,,,,,,,,,,,,,,,,,,,High,High,High,,,,,,v3
45,11/9/2022,2,2,1000126315,Left,T_B,1000187798,Right,T_A,2,Bottom,1,0,1,0-1,Fastball,Four-Seam,InPlay,Undefined,FlyBall,FlyBall,Out,1,0,92.70664,-2.3725,3.27783,2246.581357,140.036455,10:45,5.45834,-2.35001,6.18766,-18.46918,13.73127,-10.65217,1.72382,-0.2079,84.88531,-5.861834,1.358764,0.408416,89.94288,35.867028,13.584545,4332.584747,104.46802,69.34139,34.44336,318.23957,314.6384,24.618475,4.890312,6.43733,8.07981,2.10799,50,5.26968,-7.25825,-134.47368,-6.14786,11.799,28.8934,-17.36461,92.28936,86.05223,7.82134,1.74921,1.65482,0.21168,1000100247,Right,54.31188,-135.39698,14.4467,5.45727,-5.59298,-8.6823,2.34595,-7.63529,5.8995,212.653382,1.7537,103.81369,-23.30062,5.8184,-0.88935,0.01759,0.02076,-0.00324,0.00015,1.65421,77.29481,-19.56481,0.63282,0.34201,-0.21279,0.06216,-0.00896,0.0005,0.21064,25.13322,3.22493,-1.55688,0.39017,-0.05257,0.00204,0.00026,-2.00E-05,,,,,,,,,,,,,,,,,,,,,,,High,High,High,High,High,,,,v3
46,11/9/2022,3,1,1000126315,Left,T_B,1000187793,Left,T_A,2,Bottom,2,0,0,0-0,Fastball,Four-Seam,BallCalled,Undefined,Undefined,,Undefined,0,0,91.41595,-1.085376,2.178737,2192.211084,147.379348,11:00,5.31053,-2.39301,5.82698,-16.68588,17.08855,-10.1991,2.91021,-1.21657,82.85583,-4.269277,0.351881,0.418278,,,,,,,,,,,,5.81032,9.36229,2.2208,50,5.21198,-4.58446,-132.57261,-3.00995,10.26598,30.25247,-15.63227,90.1133,,8.56012,,,,1000100247,Right,54.66892,-133.63379,15.12623,5.30794,-2.46161,-7.81614,2.38793,-4.94456,5.13299,,,,,,,,,,,,,,,,,,,,,,,,,,,,,,,,,,,,,,,,,,,,,,,,,,,High,High,High,,,,,,v3
47,11/9/2022,3,2,1000126315,Left,T_B,1000187793,Left,T_A,2,Bottom,2,1,0,1-0,Fastball,Four-Seam,FoulBall,Undefined,Undefined,,Undefined,0,0,91.37164,-2.614304,2.75704,2255.17511,156.74703,11:15,5.60054,-1.87962,6.22664,-15.75517,17.56099,-7.06008,1.87108,0.07776,83.08741,-5.636744,1.483774,0.415431,,,,,,,,,,,,4.37823,10.13308,1.6763,50,5.39651,-6.06186,-132.40071,-6.46475,7.73635,29.47025,-14.26884,90.7309,,8.28422,,,,1000100247,Right,54.26661,-133.34701,14.73513,5.59674,-6.00658,-7.13442,1.87494,-6.31028,3.86818,,,,,,,,,,,,,,,,,,,,,,,,,,,,,,,,,,,,,,,,,,,,,,,,,,,High,High,High,,,,,,v3
48,11/9/2022,3,3,1000126315,Left,T_B,1000187793,Left,T_A,2,Bottom,2,1,1,1-1,Curveball,Slider,FoulBall,Undefined,Undefined,,Undefined,0,0,82.72951,0.502003,2.228312,2727.687639,306.475787,4:15,5.30263,-2.32533,5.63182,-43.85991,-2.96347,5.56422,2.11638,0.21846,76.64624,-7.490771,3.221896,0.460272,66.28603,43.19475,-137.855024,5050.580118,,,,,61.69481,,,-2.28414,-1.36587,2.13188,50,5.31668,-4.89473,-120.23418,-0.46024,-3.36876,21.67038,-34.18848,81.89173,43.28239,6.08327,2.3689,2.26908,-0.17789,1000100247,Right,54.87056,-121.10884,10.83519,5.30741,0.91969,-17.09424,2.3267,-4.75876,-1.68438,34.9145,2.3689,-52.55145,-1.18426,1.15913,0.56472,-1.69754,1.88797,-1.09572,0.26638,2.26908,66.54438,-27.05335,3.02866,-0.08773,-0.94134,1.12292,-0.67328,0.16877,-0.17789,-47.5582,7.62961,-1.17712,-0.06778,0.51211,-0.58199,0.35039,-0.08861,,,,,,,,,,,,,,,,,,,,,,,High,High,High,High,Low,,,,v3
49,11/9/2022,3,4,1000126315,Left,T_B,1000187793,Left,T_A,2,Bottom,2,1,2,1-2,Curveball,Slider,FoulBall,Undefined,Undefined,,Undefined,0,0,82.41723,0.767495,2.3882,2687.406946,295.216084,3:45,5.3074,-2.50726,5.6988,-43.72865,-1.99539,7.13741,2.3792,0.31426,75.22924,-7.253136,3.663508,0.464957,,,,,,,,,,,,-2.94146,-0.91713,2.30208,50,5.34432,-5.26635,-119.58024,0.11947,-4.22367,24.8527,-33.49093,81.06652,,7.18799,,,,1000100247,Right,54.80165,-120.57405,12.42635,5.31277,1.4587,-16.74547,2.50929,-5.09745,-2.11184,,,,,,,,,,,,,,,,,,,,,,,,,,,,,,,,,,,,,,,,,,,,,,,,,,,High,High,High,,,,,,v3
50,11/9/2022,3,5,1000126315,Left,T_B,1000187793,Left,T_A,2,Bottom,2,1,2,1-2,Fastball,Four-Seam,FoulBall,Undefined,Undefined,,Undefined,0,0,92.39017,-0.529875,2.992079,2328.57066,160.424274,11:15,5.44303,-2.18737,6.26248,-17.26139,14.798,-4.93107,3.51534,0.16296,84.99889,-3.80425,2.102818,0.40752,74.98693,30.856031,-162.929983,3797.895843,,,,,47.84683,,,3.33969,8.12304,1.96792,50,5.39511,-6.8165,-134.24707,-1.75495,6.1416,26.97102,-17.23602,92.49225,26.86668,7.39128,1.89094,3.48634,-0.12913,1000100247,Right,54.23752,-135.09573,13.48551,5.4418,-1.21261,-8.61801,2.18544,-7.00975,3.0708,48.236449,1.89094,-90.25447,5.52981,0.21704,-1.46268,5.50935,-11.46549,12.10842,-5.14894,3.48634,56.4073,-26.9196,3.37381,-1.79106,4.73016,-9.48146,9.83132,-4.12902,-0.12913,-27.71458,9.96348,-3.16451,3.54954,-12.02888,24.70639,-25.84866,10.91962,,,,,,,,,,,,,,,,,,,,,,,High,High,High,High,Low,,,,v3
51,11/9/2022,3,6,1000126315,Left,T_B,1000187793,Left,T_A,2,Bottom,2,1,2,1-2,Curveball,Slider,FoulBall,Undefined,Undefined,,Undefined,0,0,80.16015,-0.044136,0.697822,,292.106014,3:45,5.5537,-2.123,5.37666,-48.56172,-4.25878,13.82894,1.46551,-0.31637,73.88788,-8.851785,3.161,0.479057,,,,,,,,,,,,-6.63874,-1.54004,2.05116,50,5.51636,-2.0005,-116.40914,-1.83988,-9.10462,21.96306,-34.28614,78.68042,,6.27227,,,,1000100247,Right,55.12223,-117.37158,10.98153,5.56406,-0.33743,-17.14307,2.13008,-1.60153,-4.55231,,,,,,,,,,,,,,,,,,,,,,,,,,,,,,,,,,,,,,,,,,,,,,,,,,,High,High,High,,,,,,v3
52,11/9/2022,3,7,1000126315,Left,T_B,1000187793,Left,T_A,2,Bottom,2,1,2,1-2,Curveball,Curveball,FoulBall,Undefined,Undefined,,Undefined,0,0,79.147,1.463005,0.49444,2745.449002,317.270943,4:30,5.40078,-2.14187,5.76061,-60.02964,-15.16548,15.28131,1.76038,-0.4082,72.90482,-9.468873,3.237471,0.482082,63.42015,41.899415,-96.391755,2774.907665,,,,,23.24423,,,-7.71926,-7.88209,2.09121,50,5.48481,-1.55985,-115.06958,0.93804,-10.30156,22.28324,-42.69293,78.18673,21.20111,6.24218,2.16242,2.20261,0.47167,1000100247,Right,54.7442,-115.98465,11.14162,5.41029,2.69126,-21.34646,2.14658,-1.13681,-5.15078,45.551948,2.16475,-7.79688,-5.64806,,,,,,,2.20359,62.08091,-20.17565,,,,,,,0.47279,-68.84643,0.30229,,,,,,,,,,,,,,,,,,,,,,,,,,,,,High,High,High,Low,Low,,,,v3
53,11/9/2022,3,8,1000126315,Left,T_B,1000187793,Left,T_A,2,Bottom,2,1,2,1-2,Fastball,Sinker,StrikeSwinging,Strikeout,Undefined,,Undefined,0,0,91.98157,-0.224185,1.741545,2211.826627,130.222436,10:15,5.38872,-2.42594,6.08443,-21.898,10.41646,-11.28095,3.35639,-1.75438,85.16531,-4.313289,-0.290133,0.409138,,,,,,,,,,,,6.23433,5.71063,2.29734,50,5.35965,-3.5963,-133.8263,-1.24819,11.46789,25.00801,-21.66952,92.12647,,6.81627,,,,1000100247,Right,54.41601,-134.64899,12.504,5.38898,-0.53533,-10.83476,2.42185,-3.97356,5.73394,,,,,,,,,,,,,,,,,,,,,,,,,,,,,,,,,,,,,,,,,,,,,,,,,,,High,High,High,,,,,,v3
54,11/9/2022,1,1,1000051799,Left,T_A,305,Undefined,T_D,3,Top,0,0,0,0-0,Slider,Slider,BallCalled,Undefined,Undefined,,Undefined,0,0,82.24319,1.314536,0.232806,2205.822017,257.152828,2:30,4.79594,-2.319,5.33703,-38.95077,2.88685,7.38394,2.78353,-1.48526,75.83761,-5.796673,1.544774,0.465538,,,,,,,,,,,,-3.63918,1.4948,2.29254,50,4.88655,-0.79274,-119.4822,1.35512,-5.30316,21.28527,-29.99577,80.96539,,6.40559,,,,1000073611,Right,55.16262,-120.39839,10.64264,4.80043,2.64624,-14.99789,2.32175,-0.56448,-2.65158,,,,,,,,,,,,,,,,,,,,,,,,,,,,,,,,,,,,,,,,,,,,,,,,,,,High,High,High,,,,,,v3
55,11/9/2022,1,2,1000051799,Left,T_A,305,Undefined,T_D,3,Top,0,1,0,1-0,Fastball,Sinker,BallCalled,Undefined,Undefined,,Undefined,0,0,89.49155,0.724391,2.786218,2075.484068,129.001783,10:15,4.87101,-2.23126,5.64279,-27.47147,7.5491,-8.05182,3.25829,-0.30112,82.2261,-4.352235,1.350161,0.425925,,,,,,,,,,,,4.80118,3.9604,1.99978,50,4.91504,-5.97235,-129.92118,0.66294,8.26514,25.39285,-25.35629,88.49548,,7.26545,,,,1000073611,Right,54.85657,-130.86695,12.69643,4.87276,1.60735,-12.67815,2.22795,-6.28019,4.13257,,,,,,,,,,,,,,,,,,,,,,,,,,,,,,,,,,,,,,,,,,,,,,,,,,,High,High,High,,,,,,v3
56,11/9/2022,1,3,1000051799,Left,T_A,305,Undefined,T_D,3,Top,0,2,0,2-0,Fastball,Sinker,FoulBall,Undefined,Undefined,,Undefined,0,0,88.93324,-0.645845,2.701302,2048.424932,133.851535,10:30,4.83615,-2.22143,5.85479,-25.47482,9.78378,-9.06945,2.11248,-0.46549,81.64746,-5.383601,1.076336,0.42737,,,,,,,,,,,,5.38083,5.49922,2.00738,50,4.76871,-5.71597,-129.13841,-2.31285,9.12257,25.8942,-22.85077,88.19627,,7.28578,,,,1000073611,Right,54.64502,-130.06647,12.9471,4.83693,-1.49387,-11.42538,2.2181,-6.04293,4.56129,,,,,,,,,,,,,,,,,,,,,,,,,,,,,,,,,,,,,,,,,,,,,,,,,,,High,High,High,,,,,,v3
57,11/9/2022,1,4,1000051799,Left,T_A,305,Undefined,T_D,3,Top,0,2,1,2-1,Slider,Slider,InPlay,Undefined,FlyBall,FlyBall,Out,1,0,82.33172,0.304361,1.928383,2410.210086,285.951722,3:30,4.79204,-2.08778,5.36599,-42.99321,-1.21473,8.45473,1.49483,0.42563,76.15051,-7.502113,3.430991,0.465209,84.2882,47.798046,-12.571718,4914.753599,105.25788,105.06237,-31.94937,265.8022,248.99174,-21.320792,5.583905,-3.78276,-0.38398,1.90835,50,4.78838,-4.36763,-119.60244,-0.89618,-5.51099,21.82087,-32.73345,81.02266,117.39738,6.1812,1.79184,1.72367,-0.42992,1000073611,Right,55.13571,-120.53579,10.91044,4.79677,0.50393,-16.36673,2.09012,-4.13191,-2.7555,166.580694,1.79729,80.95345,-19.57483,4.96511,-0.68606,-0.00344,0.01809,-0.00255,0.00011,1.72117,91.60498,-20.81743,1.29812,-0.05165,-0.0541,0.01964,-0.00283,0.00014,-0.43026,-18.06883,0.16667,0.05094,-0.03603,0.0108,-0.00172,0.00013,0,,,,,,,,,,,,,,,,,,,,,,,High,High,High,High,Low,,,,v3
58,11/9/2022,2,1,1000051799,Left,T_A,1000126952,Right,T_D,3,Top,1,0,0,0-0,Fastball,Sinker,StrikeCalled,Undefined,Undefined,,Undefined,0,0,91.3043,-1.377948,4.725012,2275.694905,128.769716,10:15,4.86061,-2.15023,5.76733,-21.82123,12.01284,-13.60591,1.75516,1.1233,83.41424,-5.45241,2.299933,0.418648,,,,,,,,,,,,8.23217,6.82618,1.76687,50,4.73305,-10.32881,-132.18599,-3.92922,14.58012,27.91114,-20.0841,90.03382,,7.89006,,,,1000073611,Right,54.73172,-133.18134,13.95557,4.8604,-3.21298,-10.04205,2.14448,-10.84876,7.29006,,,,,,,,,,,,,,,,,,,,,,,,,,,,,,,,,,,,,,,,,,,,,,,,,,,High,High,High,,,,,,v3
59,11/9/2022,2,2,1000051799,Left,T_A,1000126952,Right,T_D,3,Top,1,0,1,0-1,ChangeUp,Changeup,InPlay,Undefined,FlyBall,FlyBall,HomeRun,0,1,82.33838,0.312124,3.865814,1600.737116,84.212977,8:45,4.71862,-2.28832,6.19437,-40.91888,-0.44169,-15.83729,1.59753,-0.03374,76.13025,-7.239287,1.011734,0.457906,96.75812,31.699108,3.240109,3167.393893,109.48731,61.85559,10.60489,375.63201,372.71325,10.192647,5.271953,9.24989,0.00094,2.00502,50,4.72123,-7.50792,-119.60221,-0.62615,13.51025,21.26542,-32.17268,82.31476,89.97022,6.20814,2.38845,1.75003,0.03327,1000073611,Right,54.3083,-120.3658,10.63271,4.72298,0.52908,-16.08634,2.28332,-7.99304,6.75512,204.336699,2.39446,120.42752,-22.15852,4.54113,-0.5302,-0.0311,0.02078,-0.00253,0.0001,1.74748,74.61289,-17.722,1.05366,-0.09895,-0.03127,0.01909,-0.00337,0.0002,0.03212,6.85034,4.26852,-1.5122,0.34603,-0.05535,0.00658,-0.00058,3.00E-05,,,,,,,,,,,,,,,,,,,,,,,High,High,High,High,Medium,,,,v3
60,11/9/2022,3,1,1000051799,Left,T_A,1000100147,Right,T_D,3,Top,1,0,0,0-0,Fastball,Four-Seam,FoulBall,Undefined,Undefined,,Undefined,0,0,91.59517,-0.917065,3.30421,2218.24868,143.850073,10:45,4.8675,-2.2676,5.68016,-20.54726,12.7478,-8.61662,2.29886,0.09789,84.49326,-4.740575,1.767266,0.415299,78.51877,27.433206,124.71698,,,,,,21.11505,,,5.20862,7.00544,1.99451,50,4.77719,-7.2997,-132.96632,-2.83937,9.42724,25.58009,-19.4947,90.75968,11.97222,7.10192,0.37591,2.10217,-0.21879,1000073611,Right,54.81992,-133.89037,12.79005,4.86704,-2.13515,-9.74735,2.26436,-7.64025,4.71362,,0.37588,-58.20935,13.5811,,,,,,,2.10235,53.04551,-28.38062,,,,,,,-0.22066,84.13243,10.83317,,,,,,,,,,,,,,,,,,,,,,,,,,,,,High,High,High,Low,Low,,,,v3
61,11/9/2022,3,2,1000051799,Left,T_A,1000100147,Right,T_D,3,Top,1,0,1,0-1,Fastball,Four-Seam,StrikeCalled,Undefined,Undefined,,Undefined,0,0,92.1766,-1.17592,4.241846,2312.770224,135.240263,10:30,4.84488,-2.20812,5.45494,-21.79899,11.72713,-10.57662,1.92433,0.8886,84.28127,-5.220494,2.366215,0.416738,,,,,,,,,,,,6.46622,6.54532,1.84087,50,4.72611,-9.41048,-133.47749,-3.53499,11.69125,28.13801,-20.33977,90.44638,,7.89533,,,,1000073611,Right,55.04336,-134.53647,14.06901,4.84474,-2.76951,-10.16988,2.20331,-9.85048,5.84563,,,,,,,,,,,,,,,,,,,,,,,,,,,,,,,,,,,,,,,,,,,,,,,,,,,High,High,High,,,,,,v3
62,11/9/2022,3,3,1000051799,Left,T_A,1000100147,Right,T_D,3,Top,1,0,2,0-2,Fastball,Sinker,InPlay,Undefined,GroundBall,GroundBall,Out,1,0,91.28151,-1.550324,4.158015,2249.37339,138.250293,10:30,4.71129,-2.27615,5.86407,-20.59694,13.01473,-10.6793,1.55052,0.70338,83.62297,-5.406755,2.249172,0.417269,85.27434,-7.080541,-28.624135,,,,,13.64955,13.64955,-26.052842,0.093667,6.62331,7.40056,1.94506,50,4.57333,-9.16502,-132.29987,-4.26775,11.77131,27.49913,-19.02139,90.3312,1.50534,7.65854,2.14183,1.50534,-0.46433,1000073611,Right,54.63594,-133.25998,13.74957,4.71074,-3.60363,-9.5107,2.27222,-9.57601,5.88565,174.035899,2.14188,108.93889,-9.49813,,,,,,,1.50533,-15.41417,-7.02328,,,,,,,-0.46435,-59.45563,4.3929,,,,,,,,,,,,,,,,,,,,,,,,,,,,,High,High,High,Low,Low,,,,v3
63,11/9/2022,4,1,1000051799,Left,T_A,1000052539,Left,T_D,3,Top,2,0,0,0-0,Slider,Slider,BallCalled,Undefined,Undefined,,Undefined,0,0,83.05481,-0.384989,3.314352,2471.076302,298.141683,4:00,4.8612,-2.11723,5.31472,-45.44235,-3.93036,9.71638,0.7124,1.80665,76.55121,-8.599324,5.036708,0.463723,,,,,,,,,,,,-3.93299,-1.4563,1.80935,50,4.79337,-7.38172,-120.4142,-2.48415,-5.76751,23.64872,-34.30963,81.2823,,6.50359,,,,1000073611,Right,55.18547,-121.42833,11.82436,4.86835,-1.01285,-17.15481,2.12059,-7.13439,-2.88375,,,,,,,,,,,,,,,,,,,,,,,,,,,,,,,,,,,,,,,,,,,,,,,,,,,High,High,High,,,,,,v3
64,11/9/2022,4,2,1000051799,Left,T_A,1000052539,Left,T_D,3,Top,2,1,0,1-0,Slider,Curveball,BallCalled,Undefined,Undefined,,Undefined,0,0,76.88461,2.019011,2.79595,2284.096948,302.981392,4:00,4.96785,-2.15865,5.29667,-59.23881,-10.02371,18.06954,1.92992,1.97427,69.87789,-8.724506,5.996044,0.504918,,,,,,,,,,,,-8.05422,-5.08327,1.89086,50,5.10906,-6.1619,-111.31735,1.86644,-9.92723,23.2832,-38.43945,74.65065,,7.00672,,,,1000073611,Right,55.20368,-112.40048,11.6416,4.98064,3.65464,-19.21973,2.16677,-5.70009,-4.96361,,,,,,,,,,,,,,,,,,,,,,,,,,,,,,,,,,,,,,,,,,,,,,,,,,,High,High,High,,,,,,v3
65,11/9/2022,4,3,1000051799,Left,T_A,1000052539,Left,T_D,3,Top,2,2,0,2-0,Fastball,Four-Seam,FoulBall,Undefined,Undefined,,Undefined,0,0,91.01448,-1.421002,4.095909,2290.300378,143.124554,10:45,4.82328,-2.22655,5.58625,-19.48662,14.91706,-10.32567,1.86877,0.74434,82.7549,-5.080547,2.259964,0.422157,71.25183,39.748244,-59.33773,5640.161192,,,,,117.39387,,,6.43115,8.30603,1.88119,50,4.68846,-8.97566,-131.7628,-3.92574,11.25835,29.10165,-17.63356,89.28542,60.16822,8.25958,1.48414,1.80654,-1.97328,1000073611,Right,54.91218,-132.84329,14.55083,4.82206,-3.27104,-8.81678,2.2222,-9.39366,5.62917,,1.48414,40.97553,-14.88162,3.54333,-0.82493,0.15666,-0.03717,0.00752,-0.00076,1.80654,66.8205,-21.93986,2.31395,-0.39488,0.06384,-0.01145,0.00319,-0.00056,-1.97328,-69.11438,-0.11628,1.51937,-0.60107,0.16726,-0.03536,0.0052,-0.0002,,,,,,,,,,,,,,,,,,,,,,,High,High,High,Low,Low,,,,v3
66,11/9/2022,4,4,1000051799,Left,T_A,1000052539,Left,T_D,3,Top,2,2,1,2-1,Fastball,Cutter,BallCalled,Undefined,Undefined,,Undefined,0,0,89.00289,-1.072084,4.503382,2248.183433,164.057645,11:30,4.9055,-2.06581,5.99545,-23.34993,11.61682,-3.03268,1.963,1.86326,82.19473,-5.416196,3.960871,0.425598,,,,,,,,,,,,2.67217,6.55898,1.71212,50,4.80785,-10.03727,-129.03652,-3.17619,4.55298,24.19128,-20.99853,88.56358,,6.80816,,,,1000073611,Right,54.50325,-129.87803,12.09564,4.90564,-2.44574,-10.49927,2.06402,-10.19565,2.27649,,,,,,,,,,,,,,,,,,,,,,,,,,,,,,,,,,,,,,,,,,,,,,,,,,,High,High,High,,,,,,v3
67,11/9/2022,4,5,1000051799,Left,T_A,1000052539,Left,T_D,3,Top,2,3,1,3-1,Fastball,Cutter,StrikeSwinging,Undefined,Undefined,,Undefined,0,0,89.27489,-0.897976,4.352402,2228.972761,159.104003,11:15,4.78527,-2.19882,5.96097,-23.36363,11.4354,-3.98362,2.00315,1.51288,82.37111,-5.245322,3.639893,0.424575,,,,,,,,,,,,3.12831,6.41437,1.85502,50,4.70067,-9.68669,-129.4552,-2.79701,5.3617,24.49667,-21.18021,88.77678,,6.90378,,,,1000073611,Right,54.53789,-130.31107,12.24833,4.78546,-2.05701,-10.59011,2.19673,-9.87402,2.68085,,,,,,,,,,,,,,,,,,,,,,,,,,,,,,,,,,,,,,,,,,,,,,,,,,,High,High,High,,,,,,v3
68,11/9/2022,4,6,1000051799,Left,T_A,1000052539,Left,T_D,3,Top,2,3,2,3-2,Fastball,Sinker,InPlay,Undefined,GroundBall,GroundBall,Single,0,0,89.564,-1.181204,3.765274,2236.387161,139.09954,10:45,4.83399,-2.23465,5.75347,-24.65446,10.38638,-8.05225,1.67733,0.60448,82.09617,-5.759225,2.327856,0.426048,95.01635,-2.407547,13.900666,,,,,21.13594,21.13594,11.95661,0.136351,5.17524,5.9363,1.92701,50,4.72071,-8.21055,-129.8686,-3.52376,8.8551,26.71843,-22.01674,88.46993,1.54203,7.46783,2.6158,1.54203,-0.4543,1000073611,Right,54.74694,-130.84157,13.35921,4.83443,-2.722,-11.00837,2.23187,-8.53302,4.42755,321.939863,2.6154,135.19507,-19.98583,,,,,,,1.54272,-5.92039,-39.59847,,,,,,,-0.45483,33.5005,14.32304,,,,,,,,,,,,,,,,,,,,,,,,,,,,,High,High,High,High,High,,,,v3
69,11/9/2022,5,1,1000051799,Left,T_A,1000102997,Left,T_D,3,Top,2,0,0,0-0,Fastball,Four-Seam,BallCalled,Undefined,Undefined,,Undefined,0,0,89.51429,-0.964107,4.166968,2107.782478,146.348465,11:00,4.97459,-2.0108,5.77596,-23.29946,11.45339,-6.97268,2.1334,1.29238,82.75435,-5.283029,2.923186,0.424294,,,,,,,,,,,,4.56087,6.38583,1.67037,50,4.88061,-9.16249,-129.83998,-2.97971,7.88532,23.93039,-21.13351,88.83575,,6.75993,,,,1000073611,Right,54.72354,-130.70766,11.96519,4.97476,-2.21344,-10.56676,2.00777,-9.4484,3.94266,,,,,,,,,,,,,,,,,,,,,,,,,,,,,,,,,,,,,,,,,,,,,,,,,,,High,High,High,,,,,,v3
70,11/9/2022,5,2,1000051799,Left,T_A,1000102997,Left,T_D,3,Top,2,1,0,1-0,Slider,Slider,StrikeCalled,Undefined,Undefined,,Undefined,0,0,80.90979,0.668068,1.930194,2282.277149,309.402123,4:15,4.81776,-2.15801,5.34988,-46.5564,-3.61028,5.77032,1.56506,0.13394,75.42393,-7.755197,2.955691,0.471665,,,,,,,,,,,,-2.44862,-1.62669,1.97995,50,4.84425,-4.19567,-117.62842,-0.28719,-3.48053,19.2776,-34.48628,79.91362,,5.48585,,,,1000073611,Right,55.15232,-118.4698,9.6388,4.82393,1.21799,-17.24314,2.15976,-4.04376,-1.74027,,,,,,,,,,,,,,,,,,,,,,,,,,,,,,,,,,,,,,,,,,,,,,,,,,,High,High,High,,,,,,v3
71,11/9/2022,5,3,1000051799,Left,T_A,1000102997,Left,T_D,3,Top,2,1,1,1-1,Fastball,Cutter,StrikeSwinging,Undefined,Undefined,,Undefined,0,0,86.65099,-0.53719,3.551088,2085.670203,159.170849,11:15,4.84898,-2.15092,5.63816,-28.82301,8.8804,-2.92181,1.94494,0.9227,79.24189,-5.866186,3.030641,0.441938,,,,,,,,,,,,2.47705,5.01985,1.85069,50,4.78494,-7.67018,-125.59344,-2.16895,3.95324,25.63011,-24.16265,85.28889,,7.4091,,,,1000073611,Right,54.85976,-126.58129,12.81506,4.85059,-1.23765,-12.08133,2.14925,-7.82255,1.97662,,,,,,,,,,,,,,,,,,,,,,,,,,,,,,,,,,,,,,,,,,,,,,,,,,,High,High,High,,,,,,v3
72,11/9/2022,5,4,1000051799,Left,T_A,1000102997,Left,T_D,3,Top,2,1,2,1-2,Slider,Slider,BallCalled,Undefined,Undefined,,Undefined,0,0,80.27288,-0.313081,3.292026,2468.676597,281.096349,3:15,4.78172,-1.996,5.12073,-44.85609,-0.26736,8.09721,0.74832,1.78308,74.21776,-8.404386,4.721895,0.4806,,,,,,,,,,,,-3.16059,0.33713,1.67961,50,4.7172,-7.02656,-116.39114,-2.25095,-4.34941,21.19208,-31.71009,78.42783,,6.05511,,,,1000073611,Right,55.3797,-117.36657,10.59604,4.78721,-0.79139,-15.85504,1.99843,-6.82637,-2.1747,,,,,,,,,,,,,,,,,,,,,,,,,,,,,,,,,,,,,,,,,,,,,,,,,,,High,High,High,,,,,,v3
73,11/9/2022,5,5,1000051799,Left,T_A,1000102997,Left,T_D,3,Top,2,2,2,2-2,Fastball,Sinker,FoulBall,Undefined,Undefined,,Undefined,0,0,88.52977,-0.724135,4.117404,1963.554261,142.339257,10:45,4.89425,-2.19201,5.77293,-25.8984,9.75749,-6.72618,2.06042,1.08557,81.58699,-5.517402,2.917462,0.429771,,,,,,,,,,,,4.49937,5.47701,1.85546,50,4.8185,-8.96399,-128.39773,-2.50713,7.5736,24.51449,-22.95484,87.70354,,6.94278,,,,1000073611,Right,54.72735,-129.29716,12.25724,4.89503,-1.66492,-11.47742,2.18944,-9.24186,3.7868,,,,,,,,,,,,,,,,,,,,,,,,,,,,,,,,,,,,,,,,,,,,,,,,,,,High,High,High,,,,,,v3
74,11/9/2022,5,6,1000051799,Left,T_A,1000102997,Left,T_D,3,Top,2,2,2,2-2,Fastball,Sinker,BallCalled,Undefined,Undefined,,Undefined,0,0,88.5669,-0.481886,4.272874,1984.040612,143.591305,10:45,4.96074,-2.2729,5.86137,-24.29556,11.12934,-7.46418,2.48718,1.08203,81.7576,-4.993651,2.939766,0.428377,,,,,,,,,,,,4.8774,6.12886,1.93023,50,4.9073,-9.28951,-128.47054,-1.88826,8.24386,23.78885,-21.81495,87.98901,,6.80929,,,,1000073611,Right,54.63853,-129.32661,11.89443,4.96112,-1.10323,-10.90748,2.26986,-9.58617,4.12193,,,,,,,,,,,,,,,,,,,,,,,,,,,,,,,,,,,,,,,,,,,,,,,,,,,High,High,High,,,,,,v3
75,11/9/2022,5,7,1000051799,Left,T_A,1000102997,Left,T_D,3,Top,2,3,2,3-2,Fastball,Sinker,BallCalled,Walk,Undefined,,Undefined,0,0,87.97419,0.251171,1.984304,2085.043213,141.060384,10:45,4.9283,-2.32841,5.57249,-27.4471,8.56693,-6.1391,2.8758,-0.98581,81.53413,-4.80126,0.889622,0.431924,,,,,,,,,,,,3.57016,4.59008,2.16156,50,4.93186,-4.16733,-127.88562,-0.41413,6.0043,22.53449,-24.45443,87.26635,,6.44006,,,,1000073611,Right,54.92736,-128.75093,11.26725,4.92973,0.52491,-12.22722,2.32601,-4.39789,3.00215,,,,,,,,,,,,,,,,,,,,,,,,,,,,,,,,,,,,,,,,,,,,,,,,,,,High,High,High,,,,,,v3
76,11/9/2022,6,1,1000051799,Left,T_A,305,Undefined,T_D,3,Top,2,0,0,0-0,Slider,Slider,FoulBall,Undefined,Undefined,,Undefined,0,0,80.11405,0.96463,0.82289,2341.305679,280.187316,3:15,4.81154,-2.33894,5.07673,-45.28916,-0.56228,10.59331,1.94699,-0.68036,73.77178,-7.239445,2.696677,0.481344,,,,,,,,,,,,-5.08394,-0.19457,2.25205,50,4.86685,-2.1038,-116.32638,0.3269,-6.98388,21.30185,-32.44134,78.30664,,6.34227,,,,1000073611,Right,55.42447,-117.31551,10.65093,4.8167,1.83328,-16.22067,2.3422,-1.77951,-3.49194,,,,,,,,,,,,,,,,,,,,,,,,,,,,,,,,,,,,,,,,,,,,,,,,,,,High,High,High,,,,,,v3
77,11/9/2022,6,2,1000051799,Left,T_A,305,Undefined,T_D,3,Top,2,0,1,0-1,Fastball,Sinker,FoulBall,Undefined,Undefined,,Undefined,0,0,89.38801,-1.406879,2.903234,1993.19766,138.326087,10:30,4.84821,-2.09762,5.71053,-24.6447,10.21532,-8.21878,1.48182,-0.07541,82.72808,-5.959795,1.434813,0.424947,76.91796,10.714223,-115.40762,4575.117653,,,,,28.98633,,,4.90059,5.84989,1.85961,50,4.71488,-6.2346,-129.81312,-4.0465,8.46536,24.03741,-22.06891,88.69907,6.65557,6.65993,0.92815,1.18406,0.05509,1000073611,Right,54.78971,-130.69702,12.01871,4.84876,-3.23499,-11.03446,2.09459,-6.54589,4.23268,,0.92726,-47.51582,15.52977,,,,,,,1.18296,21.02665,-2.5704,,,,,,,0.0561,-100.17448,-0.21978,,,,,,,,,,,,,,,,,,,,,,,,,,,,,High,High,High,Low,Low,,,,v3
78,11/9/2022,6,3,1000051799,Left,T_A,305,Undefined,T_D,3,Top,2,0,2,0-2,Slider,Slider,StrikeSwinging,Strikeout,Undefined,,Undefined,0,0,81.12786,0.13129,2.413696,2199.046527,298.02471,4:00,4.81491,-1.91468,5.2413,-47.35345,-3.65898,9.47709,0.9923,1.1449,74.47478,-8.4443,4.093878,0.475756,,,,,,,,,,,,-4.05016,-1.47677,1.68536,50,4.79158,-5.34973,-117.66752,-1.44023,-5.6519,23.29999,-34.23486,79.22636,,6.65308,,,,1000073611,Right,55.25905,-118.70432,11.65,4.82178,0.08316,-17.11743,1.91782,-5.09824,-2.82595,,,,,,,,,,,,,,,,,,,,,,,,,,,,,,,,,,,,,,,,,,,,,,,,,,,High,High,High,,,,,,v3
79,11/9/2022,1,1,205,Undefined,T_B,1000051953,Right,T_A,3,Bottom,0,0,0,0-0,Fastball,Four-Seam,StrikeCalled,Undefined,Undefined,,Undefined,0,0,90.02668,-1.978484,-3.608305,2401.035229,219.976328,1:15,5.76616,0.93218,5.04931,-18.55761,17.26887,13.47083,2.34916,-1.35307,81.93363,-5.444089,-1.234004,0.430798,,,,,,,,,,,,-7.67878,9.47083,-0.59921,50,5.56307,7.5721,-130.26004,-5.15561,-13.16573,27.89625,-15.93577,87.49449,,8.09305,,,,1000100247,Right,55.44798,-131.42159,13.94812,5.76393,-4.49207,-7.96789,-0.92592,8.1203,-6.58287,,,,,,,,,,,,,,,,,,,,,,,,,,,,,,,,,,,,,,,,,,,,,,,,,,,High,High,High,,,,,,v3
80,11/9/2022,1,2,205,Undefined,T_B,1000051953,Right,T_A,3,Bottom,0,0,1,0-1,Slider,Curveball,BallCalled,Undefined,Undefined,,Undefined,0,0,79.9079,0.292115,-2.106719,2822.564152,51.185275,7:45,5.41254,1.35941,4.45338,-57.53976,-10.97623,-15.52568,0.89631,-1.94425,73.33745,-9.934433,-4.823309,0.491128,,,,,,,,,,,,6.96122,-5.07536,-1.1206,50,5.38688,4.93686,-115.77835,-1.6866,9.36065,23.50008,-38.99882,76.74674,,6.57045,,,,1000100247,Right,56.0491,-116.99972,11.75004,5.42187,0.34029,-19.49941,-1.36454,4.45036,4.68032,,,,,,,,,,,,,,,,,,,,,,,,,,,,,,,,,,,,,,,,,,,,,,,,,,,High,High,High,,,,,,v3
81,11/9/2022,1,3,205,Undefined,T_B,1000051953,Right,T_A,3,Bottom,0,1,1,1-1,Fastball,Four-Seam,InPlay,Undefined,LineDrive,LineDrive,Out,1,0,90.51833,-1.485717,-2.495273,2360.720198,215.331779,1:15,5.69838,1.11243,5.09885,-17.42855,17.84611,11.82371,2.84433,-0.25511,82.40353,-4.755389,-0.406445,0.427467,104.70907,17.132604,-25.994818,1879.820198,96.44414,26.84092,-52.90085,290.63089,273.77173,-34.345753,2.636475,-6.64827,9.66627,-0.88669,50,5.54506,5.17072,-131.1847,-4.00907,-11.55213,28.49716,-15.37779,88.17622,29.67201,8.1148,3.00345,2.97907,0.26628,1000100247,Right,55.40058,-132.35266,14.24858,5.69645,-3.3788,-7.68889,-1.10832,5.64419,-5.77607,105.58001,3.00345,131.91173,-26.28032,6.47843,-1.49507,0.30134,-0.05411,0.00698,-0.00044,2.97907,45.24001,-20.89798,1.61714,-0.14712,-0.00895,0.00712,-0.00099,5.00E-05,0.26629,-64.32252,-2.23523,2.54553,-0.97486,0.27251,-0.05661,0.00765,-0.00049,,,,,,,,,,,,,,,,,,,,,,,High,High,High,High,Medium,,,,v3
82,11/9/2022,2,1,205,Undefined,T_B,8886045,Right,T_A,3,Bottom,1,0,0,0-0,Fastball,Four-Seam,BallCalled,Undefined,Undefined,,Undefined,0,0,91.68065,-0.830164,-1.630109,2420.458257,223.791208,1:30,5.72256,1.04391,4.93142,-18.57851,16.14465,14.33674,3.38927,0.69737,83.05196,-4.301926,0.897008,0.424112,,,,,,,,,,,,-7.51563,8.55028,-0.89762,50,5.62703,3.06797,-132.82385,-2.59886,-13.33417,30.27302,-17.00419,88.8737,,8.62868,,,,1000100247,Right,55.5648,-134.08617,15.13651,5.72062,-1.88982,-8.5021,-1.03714,3.62398,-6.66709,,,,,,,,,,,,,,,,,,,,,,,,,,,,,,,,,,,,,,,,,,,,,,,,,,,High,High,High,,,,,,v3
83,11/9/2022,2,2,205,Undefined,T_B,8886045,Right,T_A,3,Bottom,1,1,0,1-0,Fastball,Four-Seam,BallCalled,Undefined,Undefined,,Undefined,0,0,89.76045,-2.170712,-4.109391,2391.42267,215.921093,1:15,5.75553,0.91243,5.1336,-18.51198,17.42324,11.75623,2.16242,-1.98442,81.79338,-5.629089,-2.036403,0.431451,,,,,,,,,,,,-7.00461,9.63304,-0.53593,50,5.53759,8.77925,-129.82165,-5.56977,-11.94014,27.47454,-15.75344,87.36203,,7.96708,,,,1000100247,Right,55.36434,-130.952,13.73727,5.75341,-4.92165,-7.87672,-0.90723,9.27049,-5.97007,,,,,,,,,,,,,,,,,,,,,,,,,,,,,,,,,,,,,,,,,,,,,,,,,,,High,High,High,,,,,,v3
84,11/9/2022,2,3,205,Undefined,T_B,8886045,Right,T_A,3,Bottom,1,2,0,2-0,Fastball,Four-Seam,BallCalled,Undefined,Undefined,,Undefined,0,0,90.02575,-3.454037,-2.057906,2364.079769,219.4171,1:15,5.72823,1.05839,5.10019,-19.82521,15.81587,12.04607,0.81534,0.12223,82.43767,-7.11943,0.072667,0.429682,,,,,,,,,,,,-6.57457,9.17221,-0.87406,50,5.38667,4.12465,-130.34638,-8.58336,-11.3182,27.23668,-16.38399,87.72181,,7.58807,,,,1000100247,Right,55.39857,-131.4696,13.61834,5.72671,-7.90769,-8.192,-1.05378,4.5914,-5.6591,,,,,,,,,,,,,,,,,,,,,,,,,,,,,,,,,,,,,,,,,,,,,,,,,,,High,High,High,,,,,,v3
85,11/9/2022,2,4,205,Undefined,T_B,8886045,Right,T_A,3,Bottom,1,3,0,3-0,Fastball,Sinker,BallCalled,Walk,Undefined,,Undefined,0,0,89.99028,-3.673545,-3.192242,2472.350778,224.765861,1:30,5.69108,1.14269,5.25225,-18.95596,16.79032,15.42355,0.64947,-0.5747,81.87459,-7.210575,-0.460142,0.430315,,,,,,,,,,,,-8.67815,9.84737,-0.86169,50,5.33969,6.55144,-130.10525,-9.01376,-14.79061,28.74311,-15.39071,87.59262,,8.11569,,,,1000100247,Right,55.24641,-131.25918,14.37156,5.68916,-8.39588,-7.69535,-1.13662,7.14523,-7.39531,,,,,,,,,,,,,,,,,,,,,,,,,,,,,,,,,,,,,,,,,,,,,,,,,,,High,High,High,,,,,,v3
86,11/9/2022,3,1,205,Undefined,T_B,691273,Right,T_A,3,Bottom,1,0,0,0-0,Fastball,Four-Seam,BallCalled,Undefined,Undefined,,Undefined,0,0,89.23208,-1.183551,-3.489271,2400.256493,206.956016,1:00,5.86014,0.75589,5.13604,-16.6956,19.65714,9.37682,3.35209,-1.75254,81.06835,-4.335898,-1.834601,0.43395,,,,,,,,,,,,-5.63693,10.45489,-0.43589,50,5.73668,7.43381,-129.15915,-3.21128,-9.49343,27.6575,-14.56646,86.85889,,8.16373,,,,1000100247,Right,55.36025,-130.30191,13.82875,5.85693,-2.60942,-7.28323,-0.75115,7.82606,-4.74671,,,,,,,,,,,,,,,,,,,,,,,,,,,,,,,,,,,,,,,,,,,,,,,,,,,High,High,High,,,,,,v3
87,11/9/2022,3,2,205,Undefined,T_B,691273,Right,T_A,3,Bottom,1,1,0,1-0,Slider,Curveball,StrikeCalled,Undefined,Undefined,,Undefined,0,0,81.62013,1.4276,-1.742166,2986.113552,32.478135,7:00,5.4257,1.37596,4.90116,-54.54751,-10.78603,-7.76083,2.23117,-0.91899,74.70318,-8.382024,-3.110612,0.476121,,,,,,,,,,,,3.30205,-5.27697,-1.19866,50,5.51948,3.93983,-118.34196,0.82387,4.65571,23.80098,-39.6143,79.16568,,6.91695,,,,1000100247,Right,55.59979,-119.46288,11.90049,5.43675,2.68953,-19.80715,-1.37905,3.72057,2.32785,,,,,,,,,,,,,,,,,,,,,,,,,,,,,,,,,,,,,,,,,,,,,,,,,,,High,High,High,,,,,,v3
88,11/9/2022,3,3,205,Undefined,T_B,691273,Right,T_A,3,Bottom,1,1,1,1-1,Slider,Curveball,FoulBall,Undefined,Undefined,,Undefined,0,0,80.3107,2.204069,-0.9336,2923.250645,42.86898,7:30,5.3791,1.35261,4.42552,-60.86547,-14.53812,-14.96324,2.41115,-0.78513,73.02596,-8.655322,-3.550037,0.48988,80.85939,46.631147,53.875803,5429.48287,,,,,95.09693,,,7.01162,-7.39922,-1.2377,50,5.55255,2.56002,-116.29874,2.02807,9.47558,24.51151,-42.17346,76.94214,80.32531,7.28474,1.36543,2.49282,0.93909,1000100247,Right,56.07716,-117.5726,12.25575,5.39019,4.21983,-21.08673,-1.35795,2.06757,4.73779,,1.36543,48.01035,-18.40598,5.01596,-1.2354,0.26565,-0.05438,0.00829,-0.00062,2.49282,86.21138,-24.62843,2.61362,-0.43711,0.05576,-0.00483,0.00025,3.00E-05,0.93909,65.78026,-3.18506,-0.80534,0.47972,-0.16618,0.04414,-0.00908,0.00099,,,,,,,,,,,,,,,,,,,,,,,High,High,High,Low,Low,,,,v3
89,11/9/2022,3,4,205,Undefined,T_B,691273,Right,T_A,3,Bottom,1,1,2,1-2,Slider,Curveball,BallCalled,Undefined,Undefined,,Undefined,0,0,81.09824,1.755877,-2.010825,2927.325726,40.860289,7:15,5.33035,1.41438,5.24499,-58.41948,-14.70733,-13.89816,2.11373,-1.63429,74.48228,-8.785791,-4.475822,0.475853,,,,,,,,,,,,6.35516,-7.4515,-1.21894,50,5.44801,4.70917,-117.68242,1.43686,8.86412,23.45998,-42.56733,79.21031,,6.61596,,,,1000100247,Right,55.25846,-118.72606,11.72999,5.34197,3.33052,-21.28367,-1.41967,4.31484,4.43206,,,,,,,,,,,,,,,,,,,,,,,,,,,,,79.18896,1.878091,0.609536,1.268555,-0.02509,1.88632,1.748,-1.5297,6.12571,2.67689,127.28026,3.30848,6.86787,-1.33338,113.37246,-9.44056,6.17818,13.69944,-12.57912,2.61468,0.71115,2.0799,High,High,High,,,High,High,High,v3
90,11/9/2022,3,5,205,Undefined,T_B,691273,Right,T_A,3,Bottom,1,2,2,2-2,Slider,Curveball,FoulBall,Undefined,Undefined,FlyBall,Undefined,0,0,79.5119,2.160826,-1.448954,2747.47502,49.824359,7:45,5.39502,1.7083,4.64258,-57.35172,-10.59461,-14.38631,2.67075,-0.86778,72.48079,-8.122164,-3.971976,0.492147,76.85374,36.069829,54.323357,4646.855144,52.87637,59.11372,96.45759,247.49668,123.45331,70.652611,4.056568,6.63567,-5.48095,-1.54584,50,5.56317,3.53164,-115.1837,2.13504,8.82555,23.39168,-39.46383,76.58772,62.30429,7.03111,1.15238,2.6008,0.6759,1000100247,Right,55.85949,-116.36758,11.69584,5.40457,4.13233,-19.73191,-1.71327,3.08497,4.41278,,1.15228,53.13766,-16.28433,3.89647,-0.93917,0.25751,-0.06652,0.01058,-0.00069,2.60135,66.35155,-21.07566,1.83254,-0.1951,-0.05366,0.03045,-0.00515,0.0003,0.67517,74.0331,-6.97182,1.40412,-0.46117,0.18412,-0.0532,0.00847,-0.00054,,,,,,,,,,,,,,,,,,,,,,,High,High,High,High,Low,,,,v3
91,11/9/2022,3,6,205,Undefined,T_B,691273,Right,T_A,3,Bottom,1,2,2,2-2,Fastball,Four-Seam,FoulBall,Undefined,Undefined,,Undefined,0,0,92.05653,-1.83373,-1.880073,2374.509393,211.246543,1:00,5.66383,0.90741,5.31492,-15.89284,17.87521,10.17843,2.61686,-0.00957,83.95266,-4.831566,-0.073641,0.418239,,,,,,,,,,,,-5.51571,9.72922,-0.74405,50,5.48613,3.87745,-133.42634,-4.78527,-9.94753,28.58849,-14.62743,90.12185,,8.10387,,,,1000100247,Right,55.17922,-134.53148,14.29425,5.66019,-4.21982,-7.31372,-0.90137,4.26199,-4.97376,,,,,,,,,,,,,,,,,,,,,,,,,,,,,,,,,,,,,,,,,,,,,,,,,,,High,High,High,,,,,,v3
92,11/9/2022,3,7,205,Undefined,T_B,691273,Right,T_A,3,Bottom,1,2,2,2-2,ChangeUp,Changeup,FoulBall,Undefined,Undefined,,Undefined,0,0,84.08454,-0.068988,-2.560961,1893.832763,228.846901,1:45,5.70447,1.02686,5.62204,-26.52639,13.33808,13.84009,3.42949,-0.21126,76.9771,-5.006993,-0.091708,0.454427,,,,,,,,,,,,-7.78473,7.15292,-0.81779,50,5.68162,4.90419,-122.06065,-1.00336,-11.7629,23.67234,-21.3658,82.94495,,7.10744,,,,1000100247,Right,54.87822,-123.00309,11.83617,5.70463,-0.15275,-10.6829,-1.02236,5.37249,-5.88145,,,,,,,,,,,,,,,,,,,,,,,,,,,,,,,,,,,,,,,,,,,,,,,,,,,High,High,High,,,,,,v3
93,11/9/2022,3,8,205,Undefined,T_B,691273,Right,T_A,3,Bottom,1,2,2,2-2,Slider,Curveball,BallCalled,Undefined,Undefined,,Undefined,0,0,80.72878,3.240881,0.554986,2883.859543,41.893925,7:30,5.39539,1.37572,5.06011,-58.31609,-13.60642,-13.56048,3.59528,0.76905,73.26614,-7.303538,-1.842342,0.481252,,,,,,,,,,,,6.83473,-7.18441,-1.41737,50,5.65749,-0.54309,-116.95017,4.3891,9.36923,24.15839,-42.02266,78.3217,,7.46264,,,,1000100247,Right,55.4413,-118.06883,12.07919,5.4092,6.33496,-21.01133,-1.38217,-0.97693,4.68462,,,,,,,,,,,,,,,,,,,,,,,,,,,,,78.3685,1.45714,0.619469,0.837671,-2.11347,3.11931,-0.65064,-2.46283,5.78362,-2.95446,63.45128,7.8089,-61.33602,-2.35837,83.46923,-5.80638,5.81769,12.50091,-12.06887,-3.09328,-75.45454,7.00567,High,High,High,,,High,High,High,v3
94,11/9/2022,3,9,205,Undefined,T_B,691273,Right,T_A,3,Bottom,1,3,2,3-2,Slider,Curveball,StrikeSwinging,Strikeout,Undefined,,Undefined,0,0,80.28827,0.308543,-1.728184,2678.046567,56.454624,8:00,5.39653,1.31692,5.05754,-53.01999,-8.05441,-14.31387,1.2693,-1.50616,73.72394,-9.238717,-4.260656,0.482627,,,,,,,,,,,,6.60725,-3.67906,-1.14059,50,5.38349,4.11162,-116.4743,-1.33781,9.01357,23.29403,-37.19297,78.0985,,6.56433,,,,1000100247,Right,55.44393,-117.55801,11.64701,5.40549,0.39251,-18.59649,-1.32212,3.69228,4.50678,,,,,,,,,,,,,,,,,,,,,,,,,,,,,,,,,,,,,,,,,,,,,,,,,,,High,High,High,,,,,,v3
95,11/9/2022,4,1,205,Undefined,T_B,1000058463,Right,T_A,3,Bottom,2,0,0,0-0,Fastball,Four-Seam,InPlay,Undefined,FlyBall,FlyBall,Out,1,0,89.92699,-1.666489,-2.54415,2307.255235,218.618768,1:15,5.68137,0.93537,5.48944,-18.01308,17.42588,12.93064,2.61929,-0.36871,81.4225,-5.075044,-0.242955,0.428462,95.87829,42.991863,10.463692,4533.886905,106.40614,96.86019,27.88741,309.18129,299.70769,21.011384,5.982117,-7.31792,9.66288,-0.72159,50,5.52351,5.21166,-130.29364,-4.37121,-12.46266,29.75536,-15.71784,87.97158,127.81032,8.50449,2.05889,2.70281,0.37043,1000100247,Right,55.00855,-131.43248,14.87768,5.6793,-3.76964,-7.85892,-0.93019,5.68865,-6.23133,200.8721,2.07275,100.89463,-24.00962,5.10645,-0.47084,-0.09571,0.03665,-0.00438,0.00019,2.69377,96.02759,-22.30367,2.27806,-0.46419,0.05944,0.00145,-0.00121,9.00E-05,0.36716,18.73967,1.98398,-0.9511,0.18675,-0.01321,-0.00149,0.00031,-1.00E-05,,,,,,,,,,,,,,,,,,,,,,,High,High,High,High,Medium,,,,v3
96,11/9/2022,1,1,1000064685,Right,T_A,1000051064,Left,T_D,4,Top,0,0,0,0-0,Fastball,Four-Seam,BallCalled,Undefined,Undefined,,Undefined,0,0,90.0955,0.508518,-0.72093,2253.373214,215.449142,1:15,5.31962,3.02411,6.04768,-21.3673,12.82631,8.36886,4.00983,3.05407,82.21481,-3.523546,0.785403,0.420866,,,,,,,,,,,,-4.47796,6.783,-2.97226,50,5.34766,1.28945,-130.90039,0.49245,-7.7666,27.73257,-20.40958,89.55923,,7.88069,,,,1000073611,Right,54.44937,-131.83966,13.86628,5.31927,1.1837,-10.20479,-3.02038,1.5525,-3.8833,,,,,,,,,,,,,,,,,,,,,,,,,,,,,,,,,,,,,,,,,,,,,,,,,,,High,High,High,,,,,,v3
97,11/9/2022,1,2,1000064685,Right,T_A,1000051064,Left,T_D,4,Top,0,1,0,1-0,Fastball,Sinker,FoulBall,Undefined,Undefined,GroundBall,Undefined,0,0,91.29468,-2.236863,-4.033619,2037.862629,227.046399,1:30,5.17119,2.80401,5.94435,-25.68202,7.83855,7.30485,0.94997,-0.3349,83.88154,-6.991691,-2.724978,0.416703,65.05629,-21.416066,62.197176,,,,,5.82871,4.21868,29.188378,0.033278,-4.88323,4.93209,-2.48656,50,4.97797,9.02719,-132.3114,-6.06155,-8.67593,27.63706,-23.41133,90.45386,1.16163,7.41314,3.70716,1.16163,0.22277,1000073611,Right,54.5562,-133.2597,13.81853,5.17218,-5.25824,-11.70566,-2.80141,9.32488,-4.33796,,3.70673,41.51179,,,,,,,,1.16199,-34.90709,,,,,,,,0.22196,78.72471,,,,,,,,,,,,,,,,,,,,,,,,,,,,,,High,High,High,Low,Low,,,,v3
98,11/9/2022,1,3,1000064685,Right,T_A,1000051064,Left,T_D,4,Top,0,1,1,1-1,ChangeUp,Changeup,BallCalled,Undefined,Undefined,,Undefined,0,0,83.76337,-0.72409,-2.279176,1938.118809,261.894156,2:45,5.11919,2.95686,5.68803,-36.06825,3.73835,18.158,1.43805,2.34462,77.47586,-7.335252,0.970103,0.454097,,,,,,,,,,,,-9.79847,2.45512,-2.77653,50,5.03561,4.10899,-121.72045,-2.77711,-14.82157,22.04552,-28.46031,83.00521,,6.28751,,,,1000073611,Right,54.81305,-122.58907,11.02276,5.12294,-1.65574,-14.23015,-2.94993,4.69298,-7.41079,,,,,,,,,,,,,,,,,,,,,,,,,,,,,,,,,,,,,,,,,,,,,,,,,,,High,High,High,,,,,,v3
99,11/9/2022,1,4,1000064685,Right,T_A,1000051064,Left,T_D,4,Top,0,2,1,2-1,Fastball,Sinker,BallCalled,Undefined,Undefined,,Undefined,0,0,92.01413,-1.595751,-2.714871,1892.851514,241.468005,2:00,5.18889,2.9167,5.85571,-28.60517,4.18457,5.97536,1.32045,0.89033,85.11394,-6.855906,-1.643505,0.412136,,,,,,,,,,,,-3.72855,2.84933,-2.69959,50,5.04246,6.07612,-133.63011,-4.77037,-6.80795,26.15841,-26.97148,91.45635,,6.90018,,,,1000073611,Right,54.64392,-134.53609,13.07921,5.1915,-3.83622,-13.48574,-2.91412,6.31191,-3.40397,,,,,,,,,,,,,,,,,,,,,,,,,,,,,,,,,,,,,,,,,,,,,,,,,,,High,High,High,,,,,,v3
100,11/9/2022,1,5,1000064685,Right,T_A,1000051064,Left,T_D,4,Top,0,3,1,3-1,Fastball,Four-Seam,StrikeCalled,Undefined,Undefined,,Undefined,0,0,90.54759,-0.500015,-2.195105,2023.299512,210.526696,1:00,5.2597,2.87482,6.21967,-26.021,7.44662,3.8076,2.62954,1.16557,83.30513,-5.356045,-1.507874,0.416374,,,,,,,,,,,,-2.54839,4.30477,-2.71232,50,5.20926,4.88913,-131.60907,-2.00113,-4.49415,26.49809,-24.58245,90.52538,,7.24246,,,,1000073611,Right,54.27947,-132.46789,13.24905,5.2612,-1.2044,-12.29123,-2.87314,5.03479,-2.24707,,,,,,,,,,,,,,,,,,,,,,,,,,,,,,,,,,,,,,,,,,,,,,,,,,,High,High,High,,,,,,v3
101,11/9/2022,1,6,1000064685,Right,T_A,1000051064,Left,T_D,4,Top,0,3,2,3-2,Fastball,Four-Seam,InPlay,Undefined,LineDrive,LineDrive,Out,1,0,91.19993,-1.7048,-2.205715,2068.753124,210.925455,1:00,5.28873,2.77322,6.15412,-24.89667,8.04748,4.26335,1.6373,1.08961,84.40464,-6.329964,-1.436844,0.413105,88.13663,21.219756,-17.877416,4159.096339,101.62275,36.15493,-42.10305,310.83531,301.36475,-30.411245,3.767129,-2.7791,4.87134,-2.60782,50,5.1461,4.93612,-132.57804,-4.77245,-4.99567,25.69775,-23.41734,91.2418,43.82019,6.79528,2.4423,1.73425,-1.10854,1000073611,Right,54.34709,-133.41797,12.84888,5.28957,-4.00705,-11.70867,-2.77182,5.09941,-2.49783,138.229809,2.44194,114.69164,-22.54298,5.14822,-1.03504,0.19268,-0.03345,0.00428,-0.00025,1.73473,46.77865,-12.91239,-0.27595,0.16986,-0.02862,0.0016,0.00081,-0.00014,-1.10855,-36.99447,-3.73176,1.40142,-0.29662,0.02585,0.00313,-0.00098,7.00E-05,,,,,,,,,,,,,,,,,,,,,,,High,High,High,High,High,,,,v3
102,11/9/2022,2,1,1000064685,Right,T_A,1000067025,Left,T_D,4,Top,1,0,0,0-0,ChangeUp,Changeup,BallCalled,Undefined,Undefined,,Undefined,0,0,85.40633,-0.042568,-3.123514,1787.591664,261.954148,2:45,5.29269,2.7154,6.15706,-33.89061,3.54583,17.86867,2.42909,1.31592,79.24761,-6.308747,0.097526,0.440371,,,,,,,,,,,,-9.98461,2.17599,-2.48694,50,5.27199,6.08796,-124.18761,-1.18956,-15.81216,21.59329,-28.72807,85.5925,,6.15873,,,,1000073611,Right,54.34493,-124.94081,10.79665,5.29601,-0.18749,-14.36403,-2.70892,6.63951,-7.90608,,,,,,,,,,,,,,,,,,,,,,,,,,,,,,,,,,,,,,,,,,,,,,,,,,,High,High,High,,,,,,v3
103,11/9/2022,2,2,1000064685,Right,T_A,1000067025,Left,T_D,4,Top,1,1,0,1-0,Fastball,Four-Seam,InPlay,Undefined,GroundBall,,Single,0,0,91.34109,-1.494899,-3.731642,2032.41313,209.588586,1:00,5.3161,2.76663,6.20407,-23.33856,9.4365,4.84461,1.98813,-0.27897,84.65976,-5.838818,-2.859582,0.412044,,,,,,,,,,,,-3.43382,5.53713,-2.48847,50,5.19164,8.45912,-132.65152,-4.22611,-6.19792,24.92448,-22.17981,91.47682,,6.68133,,,,1000073611,Right,54.29716,-133.45649,12.46224,5.31657,-3.50978,-11.08991,-2.7649,8.65929,-3.09896,,,,,,,,,,,,,,,,,,,,,,,,,,,,,,,,,,,,,,,,,,,,,,,,,,,High,High,High,,,,,,v3
104,11/9/2022,3,1,1000064685,Right,T_A,305,Undefined,T_D,4,Top,1,0,0,0-0,Fastball,Four-Seam,FoulBall,Undefined,Undefined,,Undefined,0,0,90.85335,-1.004201,-3.218104,2014.397858,203.681482,12:45,5.37767,2.67387,6.25733,-24.55923,8.62772,3.36142,2.40354,-0.01656,83.7793,-5.588183,-2.611907,0.414624,,,,,,,,,,,,-2.59158,5.03118,-2.43662,50,5.29086,7.2884,-131.98416,-3.10517,-4.60399,26.21588,-23.2361,90.90743,,7.07406,,,,1000073611,Right,54.24346,-132.82436,13.10794,5.37845,-2.36048,-11.61805,-2.67257,7.43595,-2.30199,,,,,,,,,,,,,,,,,,,,,,,,,,,,,,,,,,,,,,,,,,,,,,,,,,,High,High,High,,,,,,v3
105,11/9/2022,3,2,1000064685,Right,T_A,305,Undefined,T_D,4,Top,1,0,1,0-1,Fastball,Four-Seam,BallCalled,Undefined,Undefined,,Undefined,0,0,90.53739,-1.395583,-5.740434,2151.385857,212.806898,1:00,5.2997,2.55259,6.1951,-22.88135,10.7665,6.31733,2.09779,-2.23829,83.60807,-5.659667,-4.609633,0.417494,,,,,,,,,,,,-4.685,6.23189,-2.1222,50,5.18246,12.91539,-131.04698,-3.9357,-8.23641,24.8495,-21.21815,90.28264,,6.92931,,,,1000073611,Right,54.3042,-131.86063,12.42475,5.29995,-3.24095,-10.60908,-2.5495,13.18508,-4.11821,,,,,,,,,,,,,,,,,,,,,,,,,,,,,,,,,,,,,,,,,,,,,,,,,,,High,High,High,,,,,,v3
106,11/9/2022,3,3,1000064685,Right,T_A,305,Undefined,T_D,4,Top,1,1,1,1-1,Fastball,Four-Seam,BallCalled,Undefined,Undefined,,Undefined,0,0,90.4163,0.046728,-3.273884,2142.029487,211.534276,1:00,5.36216,2.68623,6.20982,-24.04297,9.60768,5.27988,3.40178,0.10134,83.00877,-4.457535,-2.322953,0.417511,,,,,,,,,,,,-3.58788,5.2817,-2.44293,50,5.35357,7.29227,-131.28676,-0.66187,-6.29491,26.43118,-22.90736,90.27885,,7.40754,,,,1000073611,Right,54.28872,-132.14736,13.21559,5.36298,0.08399,-11.45368,-2.68371,7.49724,-3.14746,,,,,,,,,,,,,,,,,,,,,,,,,,,,,,,,,,,,,,,,,,,,,,,,,,,High,High,High,,,,,,v3
107,11/9/2022,3,4,1000064685,Right,T_A,305,Undefined,T_D,4,Top,1,2,1,2-1,Fastball,Sinker,FoulBall,Undefined,Undefined,,Undefined,0,0,91.23967,-2.1258,-4.834843,2198.896099,225.796645,1:30,5.24052,2.76349,6.12907,-23.31151,9.96941,9.21701,1.32501,-0.94812,83.9775,-6.468672,-3.181359,0.415211,,,,,,,,,,,,-6.05851,6.01626,-2.39804,50,5.06522,10.80451,-132.16907,-5.68266,-10.77979,26.61931,-21.46943,90.77893,,7.26217,,,,1000073611,Right,54.37139,-133.04657,13.30966,5.24088,-4.97493,-10.73471,-2.76007,11.15986,-5.3899,,,,,,,,,,,,,,,,,,,,,,,,,,,,,,,,,,,,,,,,,,,,,,,,,,,High,High,High,,,,,,v3
108,11/9/2022,3,5,1000064685,Right,T_A,305,Undefined,T_D,4,Top,1,2,2,2-2,Slider,Curveball,StrikeCalled,Strikeout,Undefined,,Undefined,0,0,81.18706,0.616528,-3.387132,2387.098354,40.384592,7:15,5.28018,2.64033,5.03669,-49.77172,-5.78614,-6.09382,1.71522,-1.06667,74.56869,-8.350431,-4.461521,0.477339,,,,,,,,,,,,2.05071,-2.61953,-2.3115,50,5.29915,7.22077,-117.62536,-0.59857,2.86498,22.89815,-35.83368,78.96374,,6.61837,,,,1000073611,Right,55.46351,-118.68418,11.44908,5.28852,1.05839,-17.91684,-2.64232,7.08829,1.43249,,,,,,,,,,,,,,,,,,,,,,,,,,,,,,,,,,,,,,,,,,,,,,,,,,,High,High,High,,,,,,v3
109,11/9/2022,4,1,1000064685,Right,T_A,305,Undefined,T_D,4,Top,2,0,0,0-0,Fastball,Four-Seam,InPlay,Undefined,FlyBall,FlyBall,HomeRun,0,2,89.97117,-1.01127,-2.505483,2131.75768,201.311158,12:45,5.29893,2.72951,6.22521,-22.94997,11.06245,3.90851,2.45238,0.74202,82.52657,-5.320699,-1.800318,0.419749,93.90206,31.021872,15.818708,2732.178555,105.20099,60.24332,32.1356,364.74285,347.20717,19.60273,5.130473,-2.72272,6.33292,-2.54411,50,5.21177,5.56363,-130.70285,-3.02457,-4.71908,27.04702,-21.19776,89.79749,83.44208,7.4446,1.88161,2.42823,-0.75757,1000073611,Right,54.2745,-131.58442,13.52351,5.29909,-2.33365,-10.59888,-2.72796,5.71744,-2.35954,200.978465,1.88743,113.43741,-21.07041,4.41192,-0.38939,-0.13117,0.04944,-0.00618,0.00028,2.42501,71.03264,-17.23521,0.92337,-0.15399,0.02382,0.00504,-0.00187,0.00014,-0.75605,32.136,-1.13246,-0.92502,0.52214,-0.17437,0.03694,-0.00427,0.0002,,,,,,,,,,,,,,,,,,,,,,,High,High,High,High,Medium,,,,v3
110,11/9/2022,5,1,1000064685,Right,T_A,1000126952,Right,T_D,4,Top,2,0,0,0-0,Fastball,Four-Seam,BallCalled,Undefined,Undefined,,Undefined,0,0,92.659,-1.317083,-5.133961,2196.208974,210.84128,1:00,5.39225,2.38491,5.76776,-19.91292,12.79146,7.05272,2.50194,-1.81811,85.16239,-5.029193,-3.87945,0.411599,,,,,,,,,,,,-4.90677,7.15985,-1.96341,50,5.27077,11.73694,-134.12688,-3.77187,-9.00533,26.98025,-19.03366,91.5756,,7.49661,,,,1000073611,Right,54.73102,-135.0752,13.49012,5.39159,-3.10286,-9.51683,-2.38151,12.05346,-4.50266,,,,,,,,,,,,,,,,,,,,,,,,,,,,,,,,,,,,,,,,,,,,,,,,,,,High,High,High,,,,,,v3
111,11/9/2022,5,2,1000064685,Right,T_A,1000126952,Right,T_D,4,Top,2,1,0,1-0,Slider,Slider,StrikeSwinging,Undefined,Undefined,,Undefined,0,0,79.37295,0.534212,-1.606726,2274.604052,80.868311,8:45,5.33392,2.69723,5.20461,-45.98715,-0.79839,-12.97316,2.00428,0.10464,73.53315,-7.787996,-3.905777,0.483823,,,,,,,,,,,,6.06055,-0.12512,-2.5384,50,5.34858,3.7601,-115.29362,-0.55453,8.21344,20.06192,-32.34364,77.90542,,5.8398,,,,1000073611,Right,55.29631,-116.21156,10.03096,5.3401,0.92537,-16.17182,-2.70184,3.38429,4.10672,,,,,,,,,,,,,,,,,,,,,,,,,,,,,,,,,,,,,,,,,,,,,,,,,,,High,High,High,,,,,,v3
112,11/9/2022,5,3,1000064685,Right,T_A,1000126952,Right,T_D,4,Top,2,1,1,1-1,Slider,Slider,StrikeCalled,Undefined,Undefined,,Undefined,0,0,80.84715,1.267245,-1.797845,2411.182105,78.872329,8:45,5.30339,2.5743,5.31429,-44.50695,-1.26016,-12.41347,2.78465,-0.1481,74.99289,-6.806548,-4.000096,0.473313,,,,,,,,,,,,5.7815,-0.57339,-2.40203,50,5.38586,4.19137,-117.46601,1.01627,8.16282,20.06318,-32.98362,79.63536,,5.85426,,,,1000073611,Right,55.18722,-118.34867,10.03159,5.30923,2.46736,-16.49181,-2.57853,3.83226,4.08141,,,,,,,,,,,,,,,,,,,,,,,,,,,,,,,,,,,,,,,,,,,,,,,,,,,High,High,High,,,,,,v3
113,11/9/2022,5,4,1000064685,Right,T_A,1000126952,Right,T_D,4,Top,2,1,2,1-2,Slider,Curveball,StrikeSwinging,Strikeout,Undefined,,Undefined,0,0,81.86432,-1.558751,-3.542411,2513.093269,54.959062,7:45,5.39792,2.47388,4.58114,-49.52522,-5.7604,-10.01697,-0.21532,-1.73528,76.12479,-10.327763,-5.295896,0.476139,,,,,,,,,,,,4.01449,-2.14154,-2.09706,50,5.18949,7.77262,-118.58879,-5.18294,5.73726,21.91988,-35.23462,79.16263,,5.73953,,,,1000073611,Right,55.92166,-119.67834,10.95994,5.40359,-3.43157,-17.61731,-2.47632,7.48745,2.86863,,,,,,,,,,,,,,,,,,,,,,,,,,,,,,,,,,,,,,,,,,,,,,,,,,,High,High,High,,,,,,v3
114,11/9/2022,1,1,205,Undefined,T_B,1000110361,Right,T_A,4,Bottom,0,0,0,0-0,Slider,Curveball,BallCalled,Undefined,Undefined,,Undefined,0,0,79.44745,0.010876,-2.051477,2837.080582,50.569321,7:45,5.30214,1.52588,4.8536,-56.95637,-10.72693,-14.80154,0.56608,-1.65034,73.24318,-10.170711,-4.661463,0.489363,,,,,,,,,,,,6.76244,-4.97571,-1.30994,50,5.25392,4.74063,-115.24319,-2.11197,9.04016,22.60923,-38.82569,77.02354,,6.20426,,,,1000100247,Right,55.64949,-116.34627,11.30462,5.31075,-0.21771,-19.41285,-1.53048,4.29958,4.52008,,,,,,,,,,,,,,,,,,,,,,,,,,,,,,,,,,,,,,,,,,,,,,,,,,,High,High,High,,,,,,v3
115,11/9/2022,1,2,205,Undefined,T_B,1000110361,Right,T_A,4,Bottom,0,1,0,1-0,Fastball,Four-Seam,BallCalled,Undefined,Undefined,,Undefined,0,0,89.04627,-0.828985,-3.594669,2378.519199,216.913579,1:15,5.6892,1.00107,5.29702,-17.42277,18.42513,13.03918,3.45741,-1.29168,81.81876,-4.094643,-1.286674,0.430926,,,,,,,,,,,,-7.42103,9.75504,-0.6836,50,5.60127,7.5199,-129.11801,-2.44434,-12.64206,24.58889,-15.55585,87.46838,,7.22752,,,,1000100247,Right,55.20197,-130.10488,12.29445,5.68685,-1.82,-7.77792,-0.9956,8.02728,-6.32103,,,,,,,,,,,,,,,,,,,,,,,,,,,,,,,,,,,,,,,,,,,,,,,,,,,High,High,High,,,,,,v3
116,11/9/2022,1,3,205,Undefined,T_B,1000110361,Right,T_A,4,Bottom,0,2,0,2-0,Fastball,Four-Seam,StrikeCalled,Undefined,Undefined,,Undefined,0,0,89.94442,-2.788648,-3.973504,2435.325789,214.872613,1:15,5.56722,1.06087,5.62563,-15.68387,19.24131,12.64351,1.64973,-1.59926,82.47785,-5.75674,-1.723032,0.425344,,,,,,,,,,,,-7.45445,10.82237,-0.73011,50,5.31898,8.49206,-130.24222,-6.83343,-12.86839,26.07474,-13.49181,88.61629,,7.46657,,,,1000100247,Right,54.87344,-131.21427,13.03737,5.56435,-6.33046,-6.7459,-1.05563,8.97179,-6.4342,,,,,,,,,,,,,,,,,,,,,,,,,,,,,,,,,,,,,,,,,,,,,,,,,,,High,High,High,,,,,,v3
117,11/9/2022,1,4,205,Undefined,T_B,1000110361,Right,T_A,4,Bottom,0,2,1,2-1,Slider,Curveball,StrikeSwinging,Undefined,Undefined,,Undefined,0,0,80.20556,2.124068,-0.373837,2760.062211,50.827513,7:45,5.32054,1.53532,4.76206,-56.47086,-10.94442,-15.22406,2.62965,-0.08783,73.35049,-8.017701,-3.0522,0.485627,,,,,,,,,,,,7.34733,-5.53922,-1.48372,50,5.48354,1.42286,-116.30059,2.11874,10.00747,22.93853,-39.71875,77.61595,,6.85507,,,,1000100247,Right,55.73997,-117.42726,11.46926,5.33157,4.0696,-19.85937,-1.54153,0.93133,5.00373,,,,,,,,,,,,,,,,,,,,,,,,,,,,,,,,,,,,,,,,,,,,,,,,,,,High,High,High,,,,,,v3
118,11/9/2022,1,5,205,Undefined,T_B,1000110361,Right,T_A,4,Bottom,0,2,2,2-2,Fastball,Four-Seam,InPlay,Undefined,GroundBall,GroundBall,Single,0,0,89.90615,-2.161673,-3.29029,2510.980018,219.540776,1:15,5.80377,0.80352,5.17343,-16.40391,19.17607,14.88418,2.39827,-1.05578,82.16416,-5.246158,-0.659588,0.429313,75.43553,-5.62101,-12.53297,,,,,15.904,11.07851,-3.436268,0.101338,-8.3915,10.5243,-0.50906,50,5.59028,6.81282,-130.24306,-5.4723,-14.43523,26.97972,-14.06997,87.79707,1.09936,7.74199,,,,1000100247,Right,55.32679,-131.34186,13.48986,5.80148,-4.89928,-7.03499,-0.7985,7.40073,-7.21762,180,4.96972,107.59877,,,,,,,,1.09955,-10.84849,,,,,,,,1.47106,-23.91904,,,,,,,,,,,,,,,,,,,,,,,,,,,,,,High,High,High,Low,Low,,,,v3
119,11/9/2022,2,1,205,Undefined,T_B,1000073511,Right,T_A,4,Bottom,0,0,0,0-0,Fastball,Sinker,StrikeCalled,Undefined,Undefined,,Undefined,0,0,89.35743,-2.209437,-2.893521,2440.213233,224.237429,1:30,5.78367,0.9182,5.17339,-17.52639,18.64194,16.96654,2.24032,-0.39311,81.32325,-5.503379,0.107558,0.432848,,,,,,,,,,,,-9.2667,10.27469,-0.66212,50,5.56486,5.75214,-129.40049,-5.5792,-15.66555,27.74971,-14.80445,87.08004,,8.03419,,,,1000100247,Right,55.32472,-130.53737,13.87486,5.78101,-4.97267,-7.40222,-0.91093,6.39394,-7.83278,,,,,,,,,,,,,,,,,,,,,,,,,,,,,,,,,,,,,,,,,,,,,,,,,,,High,High,High,,,,,,v3
120,11/9/2022,2,2,205,Undefined,T_B,1000073511,Right,T_A,4,Bottom,0,0,1,0-1,Slider,Curveball,StrikeSwinging,Undefined,Undefined,,Undefined,0,0,79.40993,1.545674,-0.419582,2759.362215,48.84454,7:45,5.45373,1.46521,4.5759,-58.85196,-12.27272,-15.68824,2.02043,-0.24135,73.05205,-8.958472,-3.172911,0.49121,,,,,,,,,,,,7.54867,-6.02075,-1.40621,50,5.55806,1.52531,-115.21458,0.79975,10.12448,21.84353,-40.24923,76.7338,,6.35788,,,,1000100247,Right,55.92747,-116.33294,10.92177,5.46436,2.86045,-20.12462,-1.47103,1.00695,5.06224,,,,,,,,,,,,,,,,,,,,,,,,,,,,,,,,,,,,,,,,,,,,,,,,,,,High,High,High,,,,,,v3
121,11/9/2022,2,3,205,Undefined,T_B,1000073511,Right,T_A,4,Bottom,0,0,2,0-2,Slider,Curveball,BallCalled,Undefined,Undefined,,Undefined,0,0,80.98805,0.358315,-2.232125,2863.594461,65.016384,8:15,5.29677,1.38508,5.1614,-49.47089,-5.81843,-15.21119,1.51171,-1.98454,74.9568,-8.554985,-4.924789,0.475528,,,,,,,,,,,,7.01103,-2.63906,-1.16455,50,5.29197,5.20892,-117.58513,-1.07726,9.84032,21.77443,-35.8781,79.26447,,6.03124,,,,1000100247,Right,55.34096,-118.57004,10.88721,5.30399,0.5456,-17.93905,-1.39009,4.76381,4.92016,,,,,,,,,,,,,,,,,,,,,,,,,,,,,,,,,,,,,,,,,,,,,,,,,,,High,High,High,,,,,,v3
122,11/9/2022,2,4,205,Undefined,T_B,1000073511,Right,T_A,4,Bottom,0,1,2,1-2,Slider,Curveball,InPlay,Undefined,Popup,,Out,1,0,80.1306,1.753004,-1.033322,2937.509376,50.720287,7:45,5.32713,1.45557,5.10686,-57.72314,-12.56505,-17.16143,2.16931,-0.94823,73.25592,-8.664234,-4.071939,0.483659,75.99415,58.344205,29.622949,,,,,,59.94248,,,8.32063,-6.51957,-1.3438,50,5.44639,2.7948,-116.25583,1.44251,11.274,23.82108,-41.00771,77.93185,93.3284,6.87468,2.21936,2.47729,0.85163,1000100247,Right,55.39665,-117.35641,11.91054,5.33598,3.33714,-20.50386,-1.46089,2.27392,5.637,195.942535,2.21936,50.8493,-19.59428,6.13436,-1.5309,0.34789,-0.071,0.01204,-0.00135,2.4773,94.87477,-23.15999,1.70882,-0.03736,-0.08075,0.03298,-0.00757,0.00078,0.85163,28.91339,-2.71793,0.91298,-0.24007,0.05708,-0.01211,0.00208,-0.00022,,,,,,,,,,,,,,,,,,,,,,,High,High,High,High,Low,,,,v3
123,11/9/2022,3,1,205,Undefined,T_B,1000066765,Right,T_A,4,Bottom,1,0,0,0-0,Slider,Curveball,StrikeCalled,Undefined,Undefined,,Undefined,0,0,79.05427,1.824316,-0.837295,2752.465351,48.262164,7:30,5.33169,1.40736,5.08676,-58.35365,-11.90646,-15.05981,2.18913,-0.63686,72.21844,-8.711019,-3.503576,0.490514,,,,,,,,,,,,7.19851,-5.97103,-1.31586,50,5.45831,2.30423,-114.66246,1.49782,9.49122,23.10777,-40.04681,76.84278,,6.83583,,,,1000100247,Right,55.41512,-115.74861,11.55388,5.34367,3.38018,-20.02341,-1.41368,1.85811,4.74561,,,,,,,,,,,,,,,,,,,,,,,,,,,,,,,,,,,,,,,,,,,,,,,,,,,High,High,High,,,,,,v3
124,11/9/2022,3,2,205,Undefined,T_B,1000066765,Right,T_A,4,Bottom,1,0,1,0-1,Slider,Curveball,StrikeCalled,Undefined,Undefined,,Undefined,0,0,79.58005,1.933158,-1.080609,2673.947927,64.496093,8:15,5.25329,1.29942,5.55537,-52.01432,-7.06607,-17.83737,2.72604,-1.19682,72.74691,-7.560807,-4.261934,0.482534,,,,,,,,,,,,8.65296,-3.66878,-1.19416,50,5.38633,2.89006,-115.50177,2.10259,11.60131,23.02192,-37.09292,78.11355,,6.83314,,,,1000100247,Right,54.94577,-116.48339,11.51096,5.26295,3.68418,-18.54646,-1.30685,2.39539,5.80065,,,,,,,,,,,,,,,,,,,,,,,,,,,,,,,,,,,,,,,,,,,,,,,,,,,High,High,High,,,,,,v3
125,11/9/2022,3,3,205,Undefined,T_B,1000066765,Right,T_A,4,Bottom,1,0,2,0-2,Fastball,Four-Seam,BallCalled,Undefined,Undefined,,Undefined,0,0,91.01695,-3.095629,-4.635675,2421.411465,208.94125,1:00,5.64332,0.96195,5.38459,-12.22942,22.36596,11.74233,1.71019,-2.41422,83.12765,-5.445886,-2.558933,0.423331,,,,,,,,,,,,-7.14804,12.40418,-0.55519,50,5.35722,10.12783,-131.55469,-7.47923,-12.55613,27.29561,-10.38508,89.0377,,7.88929,,,,1000100247,Right,55.11391,-132.6115,13.64781,5.63901,-7.07715,-5.19254,-0.95673,10.61397,-6.27806,,,,,,,,,,,,,,,,,,,,,,,,,,,,,,,,,,,,,,,,,,,,,,,,,,,High,High,High,,,,,,v3
126,11/9/2022,3,4,205,Undefined,T_B,1000066765,Right,T_A,4,Bottom,1,1,2,1-2,Slider,Curveball,InPlay,Undefined,Popup,FlyBall,Single,0,0,81.09228,0.915131,-0.993099,2800.917452,48.209492,7:30,5.25835,1.32011,5.50786,-55.62865,-12.08536,-15.15359,1.47865,-0.87152,74.02351,-9.195226,-3.698895,0.474933,72.49155,28.39603,-14.013026,1688.565705,106.77333,42.68156,-26.44641,257.2765,256.61256,-14.8513,3.667343,7.41764,-6.1076,-1.22267,50,5.30015,2.63749,-117.71972,-0.07678,10.26603,25.20921,-40.627,79.36375,45.26206,7.06877,3.17024,1.74938,0.7574,1000100247,Right,54.9949,-118.78455,12.6046,5.26715,1.63927,-20.3135,-1.32491,2.20386,5.13302,171.169739,3.1708,90.72942,-12.61807,2.81436,-0.45175,0.05654,-0.01373,0.00379,-0.00038,1.74912,50.56659,-15.50946,0.46729,0.1274,-0.15963,0.07253,-0.01477,0.00112,0.75741,-22.6479,1.983,-0.31117,0.03919,-0.00757,0.00355,-0.00096,9.00E-05,,,,,,,,,,,,,,,,,,,,,,,High,High,High,High,High,,,,v3
127,11/9/2022,4,1,205,Undefined,T_B,1000079407,Left,T_A,4,Bottom,1,0,0,0-0,Fastball,Sinker,InPlay,Undefined,LineDrive,LineDrive,Single,0,0,88.08507,-0.682412,-2.284863,2249.826429,230.674192,1:45,5.74269,1.06419,5.18303,-22.90619,14.06934,15.74107,3.19125,0.22508,80.50228,-4.92836,0.501776,0.437652,67.84311,17.533661,24.673037,2165.398233,98.1909,11.47502,49.58363,147.20468,146.13136,28.338776,1.748635,-8.55599,7.56115,-0.86456,50,5.66222,4.39929,-127.78713,-2.33909,-14.15434,26.21524,-19.66546,86.12428,14.94477,7.58279,3.42031,3.3298,-0.20619,1000100247,Right,55.31716,-128.87332,13.10762,5.74226,-1.52429,-9.83273,-1.05899,4.98575,-7.07717,284.688859,3.42032,86.21695,-9.33678,1.00164,-0.05124,-0.21821,0.18255,-0.07174,0.01131,3.32979,29.97734,-20.45643,1.65984,-0.35715,0.13809,-0.06175,0.02094,-0.00314,-0.2062,39.60712,-0.06405,0.234,-0.07606,0.07089,-0.04432,0.01596,-0.00241,,,,,,,,,,,,,,,,,,,,,,,High,High,High,High,High,,,,v3
128,11/9/2022,5,1,205,Undefined,T_B,1000187793,Left,T_A,4,Bottom,1,0,0,0-0,Fastball,Four-Seam,BallCalled,Undefined,Undefined,,Undefined,0,0,89.92654,-3.500279,-4.798615,2519.514997,210.53006,1:00,5.62341,1.0541,5.6608,-15.84635,19.00233,10.58599,1.02325,-2.54902,82.89641,-6.481324,-2.91693,0.424878,,,,,,,,,,,,-6.61922,10.87934,-0.65432,50,5.3161,10.46932,-130.07102,-8.47344,-11.4497,24.80711,-13.35531,88.71347,,7.03013,,,,1000100247,Right,54.83983,-130.99082,12.40355,5.6211,-7.97825,-6.67766,-1.05037,10.89385,-5.72485,,,,,,,,,,,,,,,,,,,,,,,,,,,,,,,,,,,,,,,,,,,,,,,,,,,High,High,High,,,,,,v3
129,11/9/2022,5,2,205,Undefined,T_B,1000187793,Left,T_A,4,Bottom,1,1,0,1-0,ChangeUp,Changeup,StrikeCalled,Undefined,Undefined,,Undefined,0,0,83.66341,-0.371495,-3.293029,1992.387877,232.928277,1:45,5.57937,1.25435,5.69712,-26.82742,13.2743,15.94367,2.99699,-0.48911,76.77795,-5.362811,-0.446774,0.455777,,,,,,,,,,,,-8.95603,7.21981,-0.98766,50,5.53144,6.33598,-121.39508,-1.6433,-13.43055,22.66694,-21.34714,82.69922,,6.88546,,,,1000100247,Right,54.80199,-122.28842,11.33347,5.57963,-0.80197,-10.67357,-1.24781,6.8653,-6.71528,,,,,,,,,,,,,,,,,,,,,,,,,,,,,,,,,,,,,,,,,,,,,,,,,,,High,High,High,,,,,,v3
130,11/9/2022,5,3,205,Undefined,T_B,1000187793,Left,T_A,4,Bottom,1,1,1,1-1,Slider,Curveball,FoulBall,Undefined,Undefined,,Undefined,0,0,79.62338,1.120783,-1.841605,2726.678289,56.8323,8:00,5.24271,1.81806,4.58318,-55.48987,-8.96603,-15.97741,1.68547,-1.26595,73.06922,-8.792131,-4.641293,0.490918,,,,,,,,,,,,7.36311,-4.43937,-1.61154,50,5.3061,4.38938,-115.42879,0.12312,9.87231,22.73418,-38.12627,76.77947,,6.55416,,,,1000100247,Right,55.91978,-116.58889,11.36709,5.25017,2.06866,-19.06313,-1.82267,3.88561,4.93616,,,,,,,,,,,,,,,,,,,,,,,,,,,,,,,,,,,,,,,,,,,,,,,,,,,High,High,High,,,,,,v3
131,11/9/2022,5,4,205,Undefined,T_B,1000187793,Left,T_A,4,Bottom,1,1,2,1-2,Slider,Curveball,FoulBall,Undefined,Undefined,,Undefined,0,0,81.17361,0.149725,-1.974802,2745.278218,38.47751,7:15,5.36373,1.5437,4.6731,-57.21539,-12.30414,-10.98508,0.73807,-1.24804,74.19115,-10.067474,-3.906219,0.482335,,,,,,,,,,,,4.82548,-5.81099,-1.33184,50,5.32628,4.52787,-117.61584,-1.92818,6.66779,25.13048,-40.20361,78.14573,,6.98246,,,,1000100247,Right,55.82927,-118.85483,12.56524,5.37248,0.05395,-20.1018,-1.54698,4.19913,3.33389,,,,,,,,,,,,,,,,,,,,,,,,,,,,,,,,,,,,,,,,,,,,,,,,,,,High,High,High,,,,,,v3
132,11/9/2022,5,5,205,Undefined,T_B,1000187793,Left,T_A,4,Bottom,1,1,2,1-2,Fastball,Four-Seam,BallCalled,Undefined,Undefined,,Undefined,0,0,90.40549,-1.700466,-3.911389,2413.542706,211.754402,1:00,5.67209,0.85148,5.47898,-15.86568,18.81261,10.98288,2.75466,-1.89883,82.9026,-4.695466,-1.962098,0.423838,,,,,,,,,,,,-6.53654,10.24036,-0.51533,50,5.51189,8.45917,-130.98827,-4.39508,-11.42794,26.04349,-14.27065,88.93119,,7.50288,,,,1000100247,Right,55.01947,-131.98248,13.02175,5.66928,-3.85029,-7.13533,-0.84658,8.89543,-5.71397,,,,,,,,,,,,,,,,,,,,,,,,,,,,,,,,,,,,,,,,,,,,,,,,,,,High,High,High,,,,,,v3
133,11/9/2022,5,6,205,Undefined,T_B,1000187793,Left,T_A,4,Bottom,1,2,2,2-2,Slider,Curveball,FoulBall,Undefined,Undefined,,Undefined,0,0,80.53275,1.792764,0.194562,2771.420644,64.562023,8:15,5.38695,1.49187,4.50194,-53.47499,-7.9826,-19.80245,2.63931,0.02704,73.76931,-7.773574,-3.273006,0.485446,,,,,,,,,,,,9.62233,-3.8961,-1.49236,50,5.52363,0.50134,-116.76987,1.50597,13.24504,22.61443,-37.53703,77.64502,,6.76344,,,,1000100247,Right,55.99969,-117.92608,11.30721,5.39757,3.42514,-18.76851,-1.50068,-0.17585,6.62252,,,,,,,,,,,,,,,,,,,,,,,,,,,,,,,,,,,,,,,,,,,,,,,,,,,High,High,High,,,,,,v3
134,11/9/2022,5,7,205,Undefined,T_B,1000187793,Left,T_A,4,Bottom,1,2,2,2-2,Fastball,Four-Seam,BallCalled,Undefined,Undefined,,Undefined,0,0,90.07398,-0.846422,-3.03525,2429.596161,208.949547,1:00,5.67951,0.9777,5.36436,-20.39285,15.16473,7.69693,3.18525,-1.22968,81.40595,-4.674405,-1.670038,0.429178,,,,,,,,,,,,-4.7754,8.22308,-0.71064,50,5.58939,6.55775,-130.40723,-2.62238,-8.14071,29.99796,-18.15595,87.82473,,8.66804,,,,1000100247,Right,55.13142,-131.58233,14.99898,5.67819,-1.91116,-9.07798,-0.97377,6.87664,-4.07035,,,,,,,,,,,,,,,,,,,,,,,,,,,,,,,,,,,,,,,,,,,,,,,,,,,High,High,High,,,,,,v3
135,11/9/2022,5,8,205,Undefined,T_B,1000187793,Left,T_A,4,Bottom,1,3,2,3-2,Fastball,Four-Seam,InPlay,Undefined,LineDrive,LineDrive,Single,0,2,90.59669,-1.441619,-3.240803,2417.879939,204.78709,12:45,5.59422,0.96084,5.64725,-18.98363,15.79599,6.7315,2.66513,-1.5043,81.97049,-5.028682,-2.040922,0.424457,78.97248,20.884789,11.340718,2369.082938,108.5492,31.55749,17.80632,255.30755,255.30755,6.18285,3.184101,-4.44205,8.8263,-0.69017,50,5.45999,7.13562,-131.21704,-3.91934,-7.66165,30.54376,-16.95044,88.80153,33.31839,8.6262,2.82267,2.82096,1.44406,1000100247,Right,54.85091,-132.34138,15.27188,5.59279,-3.29538,-8.47522,-0.95803,7.41765,-3.83082,144.411012,2.8224,106.11349,-14.61037,3.2298,-0.80788,0.26051,-0.07901,0.01482,-0.00114,2.82131,41.27839,-14.34882,-0.02431,0.39607,-0.23192,0.08067,-0.01405,0.00092,1.44396,21.28382,-8.17825,2.43158,-0.68074,0.19011,-0.04832,0.00818,-0.0006,,,,,,,,,,,,,,,,,,,,,,,High,High,High,High,High,,,,v3
136,11/9/2022,6,1,205,Undefined,T_B,1000051953,Right,T_A,4,Bottom,1,0,0,0-0,Fastball,Four-Seam,StrikeCalled,Undefined,Undefined,,Undefined,0,0,91.91781,-2.086303,-3.879654,2185.508263,209.042974,1:00,6.46243,1.7887,5.70805,-17.52261,16.18513,8.33752,3.05309,-1.13669,83.32038,-5.403713,-2.393424,0.417865,,,,,,,,,,,,-5.37555,9.18162,-1.46841,50,6.27651,8.64026,-133.00132,-5.40791,-9.5558,30.54539,-15.85237,90.20238,,8.59743,,,,1000100247,Right,54.78817,-134.09647,15.27269,6.46021,-4.83955,-7.92618,-1.78433,8.98286,-4.7779,,,,,,,,,,,,,,,,,,,,,,,,,,,,,,,,,,,,,,,,,,,,,,,,,,,High,High,High,,,,,,v3
137,11/9/2022,6,2,205,Undefined,T_B,1000051953,Right,T_A,4,Bottom,1,0,1,0-1,Slider,Curveball,StrikeSwinging,Undefined,Undefined,,Undefined,0,0,79.61112,-0.580219,-2.572106,2220.666142,37.293152,7:15,6.05156,2.17174,4.8142,-51.72499,-5.695,-5.42902,1.19093,-0.71886,73.42791,-9.83631,-3.52818,0.488306,,,,,,,,,,,,1.95429,-2.25225,-1.91105,50,5.94877,5.41254,-115.40835,-3.1136,2.62982,21.92715,-35.20483,77.19026,,6.1832,,,,1000100247,Right,55.6868,-116.48381,10.96357,6.05914,-1.38691,-17.60241,-2.17336,5.28355,1.31491,,,,,,,,,,,,,,,,,,,,,,,,,,,,,,,,,,,,,,,,,,,,,,,,,,,High,High,High,,,,,,v3
138,11/9/2022,6,3,205,Undefined,T_B,1000051953,Right,T_A,4,Bottom,1,0,2,0-2,Fastball,Four-Seam,InPlay,Undefined,GroundBall,GroundBall,Error,0,1,91.82551,-2.563251,-3.039898,2093.556052,202.399313,12:45,6.42029,1.69484,5.72262,-16.97737,16.73954,6.41792,2.61303,-0.60447,83.31942,-5.780454,-1.893819,0.417922,71.7933,-22.367445,-49.941512,,,,,9.17458,8.21385,-30.359738,0.070863,-4.21705,9.65985,-1.44494,50,6.19565,6.78273,-132.98575,-6.49614,-7.48663,30.82268,-15.02476,90.1901,2.85046,8.50609,3.45852,2.85046,0.66468,1000100247,Right,54.77618,-134.08817,15.41134,6.41838,-5.95875,-7.51238,-1.69232,7.05051,-3.74331,180,3.45576,62.9093,,,,,,,,2.85222,-40.22494,,,,,,,,0.66796,-74.81715,,,,,,,,,,,,,,,,,,,,,,,,,,,,,,High,High,High,Low,Low,,,,v3
139,11/9/2022,7,1,205,Undefined,T_B,8886045,Right,T_A,4,Bottom,1,0,0,0-0,Fastball,Four-Seam,BallCalled,Undefined,Undefined,,Undefined,0,0,91.83407,-3.357856,-4.267401,2102.600765,217.297303,1:15,6.40094,1.63902,5.6604,-19.9804,13.77394,9.63378,1.59232,-1.54499,83.82259,-7.084586,-2.551886,0.418154,,,,,,,,,,,,-6.12756,8.29402,-1.2837,50,6.10332,9.48071,-132.77337,-8.48713,-10.90884,29.1431,-17.40833,90.1401,,8.01148,,,,1000100247,Right,54.83833,-133.83115,14.57155,6.3999,-7.85528,-8.70416,-1.635,9.87666,-5.45442,,,,,,,,,,,,,,,,,,,,,,,,,,,,,,,,,,,,,,,,,,,,,,,,,,,High,High,High,,,,,,v3
140,11/9/2022,7,2,205,Undefined,T_B,8886045,Right,T_A,4,Bottom,1,1,0,1-0,Fastball,Four-Seam,StrikeSwinging,Undefined,Undefined,,Undefined,0,0,92.2835,-4.036145,-4.256946,2114.492719,221.697623,1:30,6.45258,1.64378,5.35478,-19.69844,14.48024,11.78662,1.00896,-1.37377,83.48804,-7.707528,-2.169309,0.420774,,,,,,,,,,,,-7.24071,8.88855,-1.26904,50,6.07447,9.35573,-133.11659,-10.10892,-12.83951,31.71136,-16.41256,89.57879,,8.79546,,,,1000100247,Right,55.14221,-134.336,15.85568,6.45105,-9.4778,-8.20628,-1.63829,9.84945,-6.41976,,,,,,,,,,,,,,,,,,,,,,,,,,,,,,,,,,,,,,,,,,,,,,,,,,,High,High,High,,,,,,v3
141,11/9/2022,7,3,205,Undefined,T_B,8886045,Right,T_A,4,Bottom,1,1,1,1-1,Fastball,Four-Seam,InPlay,Undefined,GroundBall,GroundBall,FieldersChoice,1,0,92.54959,-2.914379,-3.707684,2182.043257,200.925341,12:45,6.43496,1.75072,5.67905,-16.10883,17.31654,6.16268,2.36773,-1.19686,83.68198,-5.976651,-2.609514,0.416111,59.85843,-32.955939,44.959772,,,,,6.739,3.48716,34.974724,0.052155,-4.31953,10.08091,-1.44195,50,6.17895,8.40011,-133.84346,-7.33083,-7.74034,32.16471,-14.10967,90.58258,2.50334,8.8676,2.78969,2.50334,1.13446,1000100247,Right,54.81924,-134.99663,16.08236,6.4327,-6.82496,-7.05484,-1.74808,8.67762,-3.87017,,2.7875,52.3871,,,,,,,,2.50535,-47.99772,,,,,,,,1.13227,52.31359,,,,,,,,,,,,,,,,,,,,,,,,,,,,,,High,High,High,Low,Low,,,,v3
142,11/9/2022,8,1,205,Undefined,T_B,691273,Right,T_A,4,Bottom,2,0,0,0-0,Fastball,Four-Seam,BallCalled,Undefined,Undefined,,Undefined,0,0,92.87155,-4.45519,-4.548835,2256.144872,220.022316,1:15,6.46547,1.48393,5.49148,-19.24115,13.89611,10.77969,0.67271,-1.88203,85.28493,-8.015216,-2.636073,0.414314,,,,,,,,,,,,-6.69697,8.54134,-1.09259,50,6.06063,10.18354,-134.10669,-11.1604,-12.23696,28.09074,-16.567,90.9755,,7.58662,,,,1000100247,Right,55.00847,-135.15172,14.04537,6.46435,-10.54407,-8.2835,-1.4799,10.63878,-6.11848,,,,,,,,,,,,,,,,,,,,,,,,,,,,,,,,,,,,,,,,,,,,,,,,,,,High,High,High,,,,,,v3
143,11/9/2022,8,2,205,Undefined,T_B,691273,Right,T_A,4,Bottom,2,1,0,1-0,Fastball,Four-Seam,InPlay,Undefined,GroundBall,GroundBall,Single,0,2,91.37611,-3.608935,-2.098551,2292.121454,208.290059,1:00,6.34656,1.6721,5.56978,-15.81324,18.35769,9.25225,1.65094,0.48198,83.18798,-6.600653,-0.448654,0.420726,94.57591,-1.064777,-28.165835,,,,,31.02667,31.02667,-27.81341,0.215631,-5.33044,10.7165,-1.49758,50,6.02499,4.43823,-132.30645,-8.84577,-9.39688,29.66944,-13.28224,89.58896,1.77854,8.18813,2.20568,1.77854,-0.41564,1000100247,Right,54.92911,-133.40722,14.83472,6.34404,-8.35299,-6.64112,-1.6687,4.78686,-4.69844,46.793236,2.20734,122.16252,-23.84602,,,,,,,1.78074,-2.71333,-25.76137,,,,,,,-0.41491,-65.50921,1.35862,,,,,,,,,,,,,,,,,,,,,,,,,,,,,High,High,High,Medium,High,,,,v3
144,11/9/2022,9,1,205,Undefined,T_B,1000058463,Right,T_A,4,Bottom,2,0,0,0-0,Slider,Curveball,FoulBall,Undefined,Undefined,,Undefined,0,0,79.34464,0.165648,-1.658516,2260.60147,49.897112,7:45,6.17197,2.07882,5.17274,-49.40865,-3.77603,-6.16929,2.21053,0.00356,73.02769,-8.769752,-2.752425,0.486194,,,,,,,,,,,,2.62004,-1.53658,-1.91944,50,6.14941,3.58378,-115.15651,-1.42882,3.51209,21.73399,-34.23375,77.52558,,6.31695,,,,1000100247,Right,55.32793,-116.15772,10.867,6.17891,0.14821,-17.11688,-2.0808,3.42199,1.75605,,,,,,,,,,,,,,,,,,,,,,,,,,,,,,,,,,,,,,,,,,,,,,,,,,,High,High,High,,,,,,v3
145,11/9/2022,9,2,205,Undefined,T_B,1000058463,Right,T_A,4,Bottom,2,0,1,0-1,Fastball,Four-Seam,InPlay,Undefined,FlyBall,FlyBall,Double,0,1,92.96152,-1.970991,-2.864261,2224.183253,213.105749,1:00,6.48714,1.83,5.75367,-16.19745,16.10552,9.87867,3.29954,-0.01532,85.58696,-5.020444,-1.098464,0.409065,96.69101,26.588563,7.319851,3286.787084,108.11006,51.98711,20.30122,358.71811,336.05891,17.562547,4.751066,-5.79906,9.02319,-1.59847,50,6.31357,6.32109,-134.94042,-5.17441,-10.78198,27.06393,-15.3976,92.14282,71.78215,7.37456,1.45615,3.2707,0.00945,1000100247,Right,54.74689,-135.88913,13.53197,6.4855,-4.63466,-7.6988,-1.82668,6.69905,-5.39099,213.80207,1.45711,125.7628,-24.95816,5.68947,-1.06108,0.16156,-0.02446,0.00338,-0.00022,3.27235,63.43123,-15.24928,-0.16105,0.45213,-0.21445,0.06,-0.00855,0.00047,0.00997,16.14781,5.69843,-2.34304,0.61529,-0.11409,0.01551,-0.00142,6.00E-05,,,,,,,,,,,,,,,,,,,,,,,High,High,High,High,Medium,,,,v3
146,11/9/2022,10,1,205,Undefined,T_B,1000110361,Right,T_A,4,Bottom,2,0,0,0-0,Fastball,Four-Seam,BallCalled,Undefined,Undefined,,Undefined,0,0,90.9528,-4.059884,-4.194914,2198.471133,208.381732,1:00,6.48273,1.52,5.83905,-15.92147,17.84678,9.10292,1.36618,-1.62718,84.07747,-7.048983,-2.569031,0.41824,,,,,,,,,,,,-5.69815,10.44654,-1.18311,50,6.14116,9.26852,-131.62379,-9.85426,-10.1123,24.90327,-13.63498,90.12153,,6.87532,,,,1000100247,Right,54.66115,-132.50275,12.45164,6.48047,-9.37302,-6.81749,-1.51654,9.62543,-5.05615,,,,,,,,,,,,,,,,,,,,,,,,,,,,,,,,,,,,,,,,,,,,,,,,,,,High,High,High,,,,,,v3
147,11/9/2022,10,2,205,Undefined,T_B,1000110361,Right,T_A,4,Bottom,2,1,0,1-0,Slider,Curveball,BallCalled,Undefined,Undefined,,Undefined,0,0,79.35357,0.453292,-2.220958,2508.012958,52.538271,7:45,6.11382,2.08417,5.0737,-57.66767,-11.62201,-17.06158,1.73586,-1.43252,73.02521,-9.902724,-5.239206,0.488389,,,,,,,,,,,,7.8343,-5.50532,-1.85936,50,6.11091,5.16471,-115.11466,-1.20775,10.42911,22.94892,-39.50283,77.17711,,6.32836,,,,1000100247,Right,55.42922,-116.19197,11.47446,6.12407,0.64667,-19.75141,-2.09032,4.67513,5.21456,,,,,,,,,,,,,,,,,,,,,,,,,,,,,,,,,,,,,,,,,,,,,,,,,,,High,High,High,,,,,,v3
148,11/9/2022,10,3,205,Undefined,T_B,1000110361,Right,T_A,4,Bottom,2,2,0,2-0,Fastball,Four-Seam,InPlay,Undefined,LineDrive,LineDrive,HomeRun,0,2,91.42404,-3.012674,-3.115625,2321.638238,209.993607,1:00,6.44524,1.8102,5.867,-15.62898,17.58135,9.59422,2.33757,-0.2873,84.51593,-5.957491,-1.39762,0.414771,108.93812,20.23666,14.449006,3525.164228,104.53081,38.81276,34.25309,386.59945,372.08232,28.101361,4.390957,-5.72083,10.06918,-1.56348,50,6.19164,6.81962,-132.64403,-7.47306,-10.31234,25.24399,-14.02343,90.87538,58.46462,6.90811,1.44787,2.20932,0.28404,1000100247,Right,54.63421,-133.52307,12.622,6.44337,-6.98474,-7.01172,-1.8072,7.17871,-5.15617,223.919212,1.4474,145.18379,-31.71565,7.5348,-1.75973,0.40302,-0.07867,0.00978,-0.00052,2.20993,55.25004,-13.7132,-0.36343,0.42724,-0.1725,0.04298,-0.00545,0.00026,0.28288,37.43213,5.53879,-2.7102,0.74494,-0.14373,0.0199,-0.00173,7.00E-05,,,,,,,,,,,,,,,,,,,,,,,High,High,High,High,Medium,,,,v3
149,11/9/2022,11,1,205,Undefined,T_B,1000073511,Right,T_A,4,Bottom,2,0,0,0-0,Fastball,Four-Seam,BallCalled,Undefined,Undefined,,Undefined,0,0,92.46997,-3.815803,-4.575883,2170.573178,204.622458,12:45,6.54809,1.54612,5.48304,-14.28438,18.69635,8.143,1.77087,-2.06571,85.76568,-6.487622,-3.132883,0.413334,,,,,,,,,,,,-5.17796,10.62335,-1.1498,50,6.2024,10.34173,-133.78805,-9.41551,-9.54243,24.32438,-12.59629,91.19115,,6.7043,,,,1000100247,Right,55.01748,-134.6972,12.16219,6.54552,-8.94471,-6.29814,-1.543,10.69839,-4.77122,,,,,,,,,,,,,,,,,,,,,,,,,,,,,,,,,,,,,,,,,,,,,,,,,,,High,High,High,,,,,,v3
150,11/9/2022,11,2,205,Undefined,T_B,1000073511,Right,T_A,4,Bottom,2,1,0,1-0,Fastball,Four-Seam,BallCalled,Undefined,Undefined,,Undefined,0,0,91.95141,-1.619293,-3.905195,2201.149657,199.38016,12:45,6.57664,1.42605,5.41238,-15.14745,18.16395,6.06414,3.79338,-1.73287,85.08351,-4.456933,-2.83075,0.415401,,,,,,,,,,,,-3.96229,9.80922,-1.08263,50,6.42186,8.82568,-133.34796,-4.27689,-7.24608,24.46822,-14.23529,90.73742,,6.8679,,,,1000100247,Right,55.08714,-134.27816,12.23411,6.57417,-3.73571,-7.11764,-1.42339,9.10115,-3.62304,,,,,,,,,,,,,,,,,,,,,,,,,,,,,,,,,,,,,,,,,,,,,,,,,,,High,High,High,,,,,,v3
151,11/9/2022,11,3,205,Undefined,T_B,1000073511,Right,T_A,4,Bottom,2,2,0,2-0,Fastball,Four-Seam,FoulBall,Undefined,Undefined,,Undefined,0,0,91.20028,-3.310645,-2.761746,2269.758437,215.365067,1:15,6.633,1.48654,5.72333,-16.96462,16.5041,11.04575,2.12864,-0.16734,84.58012,-6.477617,-0.787533,0.416381,,,,,,,,,,,,-6.31233,9.50213,-1.26288,50,6.34552,5.91176,-132.3279,-8.21448,-11.35884,24.30785,-15.07521,90.5239,,6.62016,,,,1000100247,Right,54.77776,-133.20266,12.15392,6.63137,-7.67198,-7.53761,-1.48298,6.32053,-5.67942,,,,,,,,,,,,,,,,,,,,,,,,,,,,,,,,,,,,,,,,,,,,,,,,,,,High,High,High,,,,,,v3
152,11/9/2022,11,4,205,Undefined,T_B,1000073511,Right,T_A,4,Bottom,2,2,1,2-1,Slider,Curveball,StrikeCalled,Undefined,Undefined,,Undefined,0,0,80.97605,-0.358216,-2.208371,2320.64654,31.104143,7:00,6.17378,1.86368,5.17137,-49.5866,-5.97004,-4.37429,1.70421,-0.58008,74.99942,-9.288237,-2.98402,0.475332,,,,,,,,,,,,1.59402,-2.48937,-1.65448,50,6.10229,4.71429,-117.5576,-2.55946,2.23899,21.50628,-35.67065,79.29709,,5.97664,,,,1000100247,Right,55.32995,-118.52866,10.75314,6.1815,-0.94884,-17.83533,-1.86505,4.6132,1.1195,,,,,,,,,,,,,,,,,,,,,,,,,,,,,,,,,,,,,,,,,,,,,,,,,,,High,High,High,,,,,,v3
153,11/9/2022,11,5,205,Undefined,T_B,1000073511,Right,T_A,4,Bottom,2,2,2,2-2,Slider,Slider,InPlay,Undefined,Popup,,Out,1,0,81.22904,0.865471,-1.021437,2213.762391,64.864306,8:15,6.16676,1.90929,5.03633,-45.37231,-2.04354,-6.96449,3.20243,0.36517,75.20546,-7.326342,-2.252586,0.473761,79.12911,70.803605,16.829132,,,,,,30.03601,,,3.2311,-0.9326,-1.8058,50,6.2125,2.39178,-118.01429,0.10942,4.59571,20.6629,-33.5005,79.55999,85.98497,6.02358,2.45946,3.33504,-0.40597,1000100247,Right,55.46568,-118.96742,10.33145,6.17181,1.65472,-16.75025,-1.91124,2.17979,2.29785,,2.45946,36.5257,-12.83838,2.25128,-0.5273,0.11413,-0.02706,0.0054,-0.00061,3.33504,109.6028,-28.52754,3.80496,-0.88153,0.20344,-0.04517,0.00913,-0.00107,-0.40597,11.04803,2.00123,-0.45413,0.09892,-0.02295,0.00513,-0.00102,0.00012,,,,,,,,,,,,,,,,,,,,,,,High,High,High,Low,Low,,,,v3
154,11/9/2022,1,1,1000051614,Left,T_A,1000100147,Right,T_D,5,Top,0,0,0,0-0,Slider,Slider,StrikeCalled,Undefined,Undefined,,Undefined,0,0,84.77333,0.63303,2.489313,2576.207838,289.047897,3:45,5.26051,-2.49151,4.27026,-42.30703,-1.6615,7.81489,2.34119,0.54297,79.10463,-6.874328,3.848884,0.458858,,,,,,,,,,,,-3.23437,-0.65469,2.21184,50,5.28556,-5.7163,-123.06493,-0.43685,-5.05236,20.16949,-33.19674,82.14408,,5.6687,,,,1000073611,Right,56.23196,-124.0821,10.08475,5.26538,1.2373,-16.59837,2.4937,-5.46151,-2.52618,,,,,,,,,,,,,,,,,,,,,,,,,,,,,,,,,,,,,,,,,,,,,,,,,,,High,High,High,,,,,,v3
155,11/9/2022,1,2,1000051614,Left,T_A,1000100147,Right,T_D,5,Top,0,0,1,0-1,Fastball,Sinker,StrikeCalled,Undefined,Undefined,,Undefined,0,0,94.99865,-1.368901,4.403371,2189.1585,126.820103,10:15,5.38868,-2.37478,5.14064,-21.72041,9.77528,-11.9139,2.28564,0.78677,88.08373,-5.339087,2.303086,0.403921,,,,,,,,,,,,6.96394,5.45248,1.97124,50,5.24334,-10.03082,-137.71066,-4.17203,13.60789,25.5476,-21.51966,93.31625,,6.91492,,,,1000073611,Right,55.36049,-138.70156,12.7738,5.38897,-3.33736,-10.75983,2.37053,-10.55862,6.80395,,,,,,,,,,,,,,,,,,,,,,,,,,,,,,,,,,,,,,,,,,,,,,,,,,,High,High,High,,,,,,v3
156,11/9/2022,1,3,1000051614,Left,T_A,1000100147,Right,T_D,5,Top,0,0,2,0-2,Fastball,Sinker,BallCalled,Undefined,Undefined,,Undefined,0,0,94.15989,0.364819,4.03377,2194.213566,105.883579,9:30,5.3778,-2.52194,4.97667,-26.51694,6.07992,-17.83536,3.51347,-0.19219,86.13792,-4.47485,0.895951,0.410922,,,,,,,,,,,,9.86327,3.21795,2.14723,50,5.39157,-8.7272,-136.38947,-0.23688,18.6706,28.61286,-26.08263,91.72654,,8.02197,,,,1000073611,Right,55.52313,-137.54327,14.30643,5.37991,0.8149,-13.04132,2.51434,-9.48008,9.3353,,,,,,,,,,,,,,,,,,,,,,,,,,,,,,,,,,,,,,,,,,,,,,,,,,,High,High,High,,,,,,v3
157,11/9/2022,1,4,1000051614,Left,T_A,1000100147,Right,T_D,5,Top,0,1,2,1-2,ChangeUp,Changeup,FoulBall,Undefined,Undefined,,Undefined,0,0,87.12566,-0.696182,4.391631,1458.505734,105.94175,9:30,5.07304,-2.56193,4.82872,-33.22494,4.90496,-13.26749,1.64301,0.49966,80.41385,-6.696529,2.064393,0.444431,,,,,,,,,,,,7.71453,2.88012,2.13816,50,4.97508,-9.09442,-126.2013,-2.85459,12.56375,23.32254,-27.48355,84.81058,,6.71181,,,,1000073611,Right,55.6731,-127.2454,11.66127,5.07533,-1.62422,-13.74177,2.55788,-9.65687,6.28187,,,,,,,,,,,,,,,,,,,,,,,,,,,,,,,,,,,,,,,,,,,,,,,,,,,High,High,High,,,,,,v3
158,11/9/2022,1,5,1000051614,Left,T_A,1000100147,Right,T_D,5,Top,0,1,2,1-2,Slider,Slider,FoulBall,Undefined,Undefined,,Undefined,0,0,85.44731,0.679428,1.368098,2686.383948,291.25072,3:45,5.30073,-2.39692,4.50886,-43.24628,-3.17725,11.17099,2.34433,-0.16248,78.84545,-7.053103,3.323026,0.455592,,,,,,,,,,,,-5.02516,-1.27484,2.24267,50,5.33078,-3.49959,-123.96827,-0.36421,-7.87142,23.25925,-34.17093,82.73295,,6.60186,,,,1000073611,Right,55.99047,-125.08717,11.62962,5.30877,1.2796,-17.08547,2.40191,-3.12093,-3.93571,,,,,,,,,,,,,,,,,,,,,,,,,,,,,,,,,,,,,,,,,,,,,,,,,,,High,High,High,,,,,,v3
159,11/9/2022,1,6,1000051614,Left,T_A,1000100147,Right,T_D,5,Top,0,1,2,1-2,ChangeUp,Changeup,FoulBall,Undefined,Undefined,,Undefined,0,0,87.90833,0.057193,2.896426,1456.051794,103.401649,9:30,5.01451,-2.73433,4.57228,-35.10541,3.41083,-8.5704,2.14355,-0.69019,79.44862,-6.301689,1.396863,0.446677,69.21356,54.959713,118.275444,2748.745917,,,,,19.79848,,,5.1254,1.99134,2.44275,50,4.98783,-6.02394,-127.16015,-1.32286,8.28695,29.1232,-28.95433,84.38415,25.92686,8.45971,2.17758,1.91336,0.82791,1000073611,Right,55.92619,-128.51025,14.5616,5.01804,0.01941,-14.47717,2.73091,-6.40811,4.14348,,2.17869,-27.65551,0.4173,,,,,,,1.91414,83.08307,-27.26007,,,,,,,0.82161,51.58797,10.80799,,,,,,,,,,,,,,,,,,,,,,,,,,,,,High,High,High,Low,Low,,,,v3
160,11/9/2022,1,7,1000051614,Left,T_A,1000100147,Right,T_D,5,Top,0,1,2,1-2,Slider,Slider,StrikeCalled,Strikeout,Undefined,,Undefined,0,0,85.37889,0.183144,1.166632,2898.985861,305.57288,4:15,5.19328,-2.50657,4.32379,-46.39625,-5.20075,9.30138,1.50202,-0.61617,77.42262,-8.110929,2.790701,0.461951,,,,,,,,,,,,-4.10351,-2.11252,2.37068,50,5.16624,-2.97009,-123.56402,-1.60095,-6.25678,27.78836,-35.39509,81.59398,,7.95627,,,,1000073611,Right,56.17385,-124.94475,13.89418,5.20209,0.15774,-17.69754,2.51053,-2.6592,-3.12839,,,,,,,,,,,,,,,,,,,,,,,,,,,,,69.95173,,,0.94541,,,,2.52439,4.684,0.89136,68.73675,3.64355,-56.04444,2.56471,74.72359,-4.98769,4.73785,12.48229,-14.40418,0.80348,-67.49015,7.74985,High,High,High,,,High,Medium,High,v3
161,11/9/2022,2,1,1000051614,Left,T_A,1000052539,Left,T_D,5,Top,1,0,0,0-0,Slider,Slider,StrikeSwinging,Undefined,Undefined,,Undefined,0,0,85.91537,-0.883299,3.865197,2782.914336,303.609448,4:00,5.23747,-2.55706,4.57505,-42.14514,-1.78071,4.76327,0.88296,1.52307,78.23215,-8.431191,4.697348,0.457268,,,,,,,,,,,,-1.11567,-0.14858,2.15163,50,5.10668,-8.61495,-124.14223,-3.67225,-1.72246,27.32852,-32.40345,82.42965,,7.68321,,,,1000073611,Right,55.92194,-125.43911,13.66426,5.24446,-2.13454,-16.20173,2.55851,-8.53321,-0.86123,,,,,,,,,,,,,,,,,,,,,,,,,,,,,,,,,,,,,,,,,,,,,,,,,,,High,High,High,,,,,,v3
162,11/9/2022,2,2,1000051614,Left,T_A,1000052539,Left,T_D,5,Top,1,0,1,0-1,Slider,Curveball,StrikeSwinging,Undefined,Undefined,,Undefined,0,0,85.0435,-1.642909,3.745128,2757.118365,341.045971,5:15,5.58864,-2.37473,4.17175,-51.66735,-9.75123,3.84488,-0.29552,1.54052,77.69249,-10.752966,4.41372,0.465974,,,,,,,,,,,,-0.67221,-3.84685,1.95569,50,5.35137,-8.22268,-122.81931,-5.76743,-1.01252,27.47071,-37.96858,80.88953,,7.35101,,,,1000073611,Right,56.32866,-124.22676,13.73535,5.59703,-3.82213,-18.98429,2.37565,-8.17081,-0.50626,,,,,,,,,,,,,,,,,,,,,,,,,,,,,,,,,,,,,,,,,,,,,,,,,,,High,High,High,,,,,,v3
163,11/9/2022,2,3,1000051614,Left,T_A,1000052539,Left,T_D,5,Top,1,0,2,0-2,Fastball,Sinker,BallCalled,Undefined,Undefined,,Undefined,0,0,94.84988,0.871679,4.713938,2227.517466,108.381601,9:30,5.42063,-2.31968,5.17657,-26.26635,6.36174,-15.47517,4.05483,0.83643,84.91228,-3.97975,1.986623,0.411119,,,,,,,,,,,,9.15359,3.24988,1.8922,50,5.48247,-10.5021,-136.92299,1.02679,17.09129,34.87572,-26.10597,91.68262,,9.93761,,,,1000073611,Right,55.3185,-138.27103,17.43786,5.42328,2.03586,-13.05298,2.31091,-11.16273,8.54565,,,,,,,,,,,,,,,,,,,,,,,,,,,,,,,,,,,,,,,,,,,,,,,,,,,High,High,High,,,,,,v3
164,11/9/2022,2,4,1000051614,Left,T_A,1000052539,Left,T_D,5,Top,1,1,2,1-2,Slider,Slider,StrikeSwinging,Strikeout,Undefined,,Undefined,0,0,85.47761,-1.677934,3.863919,2795.844596,310.525666,4:15,5.19505,-2.39324,4.18966,-44.44487,-2.79288,5.03114,-0.1206,1.73402,77.5517,-9.567437,4.737519,0.464504,,,,,,,,,,,,-1.16154,-0.4013,1.96091,50,4.96291,-8.57225,-123.32224,-5.52594,-1.75771,28.49878,-32.7813,81.1456,,7.92592,,,,1000073611,Right,56.30823,-124.77151,14.24939,5.20154,-3.85889,-16.39065,2.39456,-8.48286,-0.87886,,,,,,,,,,,,,,,,,,,,,,,,,,,,,,,,,,,,,,,,,,,,,,,,,,,High,High,High,,,,,,v3
165,11/9/2022,3,1,1000051614,Left,T_A,1000102997,Left,T_D,5,Top,2,0,0,0-0,Fastball,Sinker,StrikeCalled,Undefined,Undefined,,Undefined,0,0,95.63804,-0.589911,3.904947,2270.079918,119.011039,10:00,5.46074,-2.28615,5.4369,-23.97324,7.8163,-11.91879,2.90926,0.38298,85.63781,-5.052361,1.790054,0.405802,,,,,,,,,,,,7.23548,4.48449,1.94835,50,5.39229,-8.84087,-138.22827,-2.35262,13.72879,36.36028,-23.66503,92.88393,,10.00022,,,,1000073611,Right,55.05749,-139.55227,18.18014,5.46227,-1.4909,-11.83251,2.27937,-9.34079,6.86439,,,,,,,,,,,,,,,,,,,,,,,,,,,,,,,,,,,,,,,,,,,,,,,,,,,High,High,High,,,,,,v3
166,11/9/2022,3,2,1000051614,Left,T_A,1000102997,Left,T_D,5,Top,2,0,1,0-1,Slider,Curveball,StrikeSwinging,Undefined,Undefined,,Undefined,0,0,85.05012,0.54603,3.168043,2681.342013,331.908407,5:00,5.28845,-2.61101,4.23711,-48.76011,-7.54323,4.71067,1.74867,0.81761,78.10773,-8.106567,3.98702,0.462071,,,,,,,,,,,,-1.38339,-3.40343,2.2588,50,5.29731,-7.04186,-123.12547,-0.94085,-2.12243,24.57723,-37.39564,81.57283,,6.94239,,,,1000073611,Right,56.26333,-124.36941,12.28862,5.29703,0.95188,-18.69782,2.61249,-6.93444,-1.06122,,,,,,,,,,,,,,,,,,,,,,,,,,,,,,,,,,,,,,,,,,,,,,,,,,,High,High,High,,,,,,v3
167,11/9/2022,3,3,1000051614,Left,T_A,1000102997,Left,T_D,5,Top,2,0,2,0-2,Fastball,Four-Seam,BallCalled,Undefined,Undefined,,Undefined,0,0,94.68305,0.015045,4.838632,2429.538177,155.698785,11:15,5.47903,-2.33654,5.30027,-17.16899,15.03875,-6.30658,4.06245,1.6913,85.86358,-3.208047,3.726248,0.408462,,,,,,,,,,,,4.53315,7.8204,1.90047,50,5.46828,-11.27513,-136.86464,-0.56731,8.56534,31.29479,-17.39751,92.279,,8.81946,,,,1000073611,Right,55.19575,-138.04756,15.6474,5.47729,0.0903,-8.69875,2.33278,-11.5989,4.28267,,,,,,,,,,,,,,,,,,,,,,,,,,,,,,,,,,,,,,,,,,,,,,,,,,,High,High,High,,,,,,v3
168,11/9/2022,3,4,1000051614,Left,T_A,1000102997,Left,T_D,5,Top,2,1,2,1-2,Slider,Slider,BallinDirt,Undefined,Undefined,,Undefined,0,0,85.18541,-0.764009,4.397485,2594.899238,327.075468,5:00,5.29499,-2.54677,4.16253,-44.66191,-3.30803,2.98488,0.83853,1.92599,78.29081,-8.668997,4.914513,0.462839,,,,,,,,,,,,-0.19933,-0.98862,2.05552,50,5.16267,-9.61054,-123.093,-3.57945,-0.30553,24.64548,-33.68946,81.43755,,6.8946,,,,1000073611,Right,56.33683,-124.35527,12.32274,5.30182,-1.85396,-16.84473,2.54735,-9.59489,-0.15277,,,,,,,,,,,,,,,,,,,,,,,,,,,,,,,,,,,,,,,,,,,,,,,,,,,High,High,High,,,,,,v3
169,11/9/2022,3,5,1000051614,Left,T_A,1000102997,Left,T_D,5,Top,2,2,2,2-2,Slider,Slider,StrikeCalled,Strikeout,Undefined,,Undefined,0,0,85.22393,0.563652,1.847363,2726.772713,322.347385,4:45,5.25562,-2.48911,4.47698,-48.05349,-7.64315,6.81906,1.78872,-0.15938,78.6226,-7.998961,3.040433,0.457528,,,,,,,,,,,,-2.82205,-3.49571,2.28768,50,5.26823,-4.30881,-123.62202,-0.82364,-4.38492,23.7043,-37.60569,82.38282,,6.60133,,,,1000073611,Right,56.02426,-124.77181,11.85215,5.26394,1.00045,-18.80285,2.49152,-4.09612,-2.19246,,,,,,,,,,,,,,,,,,,,,,,,,,,,,,,,,,,,,,,,,,,,,,,,,,,High,High,High,,,,,,v3
170,11/9/2022,1,1,8896235,Left,T_B,1000066765,Right,T_A,5,Bottom,0,0,0,0-0,Fastball,Changeup,InPlay,Undefined,GroundBall,GroundBall,Out,1,0,86.9638,-0.593584,3.789631,1864.474571,115.148429,9:45,5.28062,-2.93762,5.2156,-30.02167,7.74587,-14.08241,2.21944,-0.54261,80.00179,-6.08284,1.299337,0.442314,79.39504,8.220228,-13.419044,1726.235415,,,,98.89666,97.62346,-15.120436,0.918316,8.08351,4.34201,2.59845,50,5.20308,-7.74016,-126.08288,-2.41971,13.09898,24.03453,-25.138,85.21645,5.47473,6.96201,2.52831,2.34765,0.55076,1000100247,Right,55.28551,-127.08644,12.01727,5.2822,-1.37008,-12.569,2.93306,-8.28711,6.54949,53.241266,2.52831,112.10305,-13.2979,1.8511,-0.3331,0.03908,-0.02455,0.01104,-0.00172,2.34765,16.64925,-23.20581,2.97897,-0.63291,0.14266,-0.03884,0.01277,-0.00224,0.55076,-26.74609,-3.71103,2.25588,-0.71534,0.19545,-0.04919,0.01412,-0.00225,,,,,,,,,,,,,,,,,,,,,,,High,High,High,High,High,,,,v3
171,11/9/2022,2,1,8896235,Left,T_B,1000102964,Right,T_A,5,Bottom,1,0,0,0-0,Fastball,Changeup,BallCalled,Undefined,Undefined,,Undefined,0,0,87.22535,-2.916072,4.069382,1988.416974,111.980375,9:45,5.12782,-2.92977,5.18677,-29.52037,8.18701,-17.42379,-0.08494,-0.54687,80.46586,-8.285609,0.987365,0.441962,,,,,,,,,,,,9.87812,5.16524,2.56551,50,4.83366,-8.23217,-126.27326,-7.54421,16.04651,24.24239,-23.78338,85.28442,,6.75949,,,,1000100247,Right,55.31519,-127.28959,12.12119,5.12904,-6.54711,-11.89169,2.92473,-8.9049,8.02325,,,,,,,,,,,,,,,,,,,,,,,,,,,,,,,,,,,,,,,,,,,,,,,,,,,High,High,High,,,,,,v3
172,11/9/2022,2,2,8896235,Left,T_B,1000102964,Right,T_A,5,Bottom,1,1,0,1-0,Fastball,Sinker,InPlay,Undefined,LineDrive,LineDrive,Double,0,0,87.17178,-1.272058,3.897326,2004.900887,112.154405,9:45,5.0692,-2.95352,5.08297,-30.42978,7.50048,-15.50635,1.33136,-0.56641,79.99466,-6.820829,1.161293,0.443266,103.47126,10.069543,6.957561,2063.767356,108.67585,14.6646,17.01117,248.29815,248.29815,12.099495,2.179484,8.8091,4.40607,2.59704,50,4.92457,-7.91171,-126.27059,-3.96182,14.26822,24.93771,-25.03747,85.03346,15.36357,7.17711,2.22855,1.39038,0.57998,1000100247,Right,55.41758,-127.33604,12.46886,5.07098,-2.89211,-12.51873,2.94808,-8.52131,7.13411,212.848344,2.22852,148.32192,-26.41448,6.10204,-1.20224,0.0793,0.08034,-0.03513,0.00474,1.39042,26.53085,-12.45303,-0.30495,0.12118,0.13281,-0.12908,0.04551,-0.00582,0.57995,18.10215,2.12863,0.57359,-0.22894,-0.0585,0.08922,-0.0332,0.00432,,,,,,,,,,,,,,,,,,,,,,,High,High,High,High,High,,,,v3
173,11/9/2022,3,1,8896235,Left,T_B,1000187793,Left,T_A,5,Bottom,1,0,0,0-0,Slider,Curveball,BallCalled,Undefined,Undefined,,Undefined,0,0,73.30524,1.736585,2.56466,2286.430379,302.550035,4:00,4.90938,-3.02246,4.31241,-64.54696,-9.15477,17.01347,1.19291,0.84891,67.62379,-9.714595,5.527341,0.535668,,,,,,,,,,,,-7.48973,-4.41563,2.72668,50,5.03155,-5.45654,-106.17656,0.83663,-8.52296,18.71524,-37.19883,70.36531,,5.68145,,,,1000100247,Right,56.19038,-107.26216,9.35762,4.92043,2.99439,-18.59942,3.02886,-4.96216,-4.26148,,,,,,,,,,,,,,,,,,,,,,,,,,,,,,,,,,,,,,,,,,,,,,,,,,,High,High,High,,,,,,v3
174,11/9/2022,3,2,8896235,Left,T_B,1000187793,Left,T_A,5,Bottom,1,1,0,1-0,Fastball,Changeup,InPlay,Undefined,FlyBall,FlyBall,Out,1,0,86.36974,-1.434834,4.500818,1994.305634,114.316042,9:45,5.26948,-2.90277,5.0602,-30.95624,7.65654,-14.34426,1.33228,0.15489,79.51791,-7.065037,1.974148,0.447236,86.24093,31.35384,-10.956311,5188.213863,106.0988,59.14245,-29.03445,297.22664,263.48966,-23.631909,4.695077,8.37374,4.49981,2.48628,50,5.10801,-9.21664,-125.04897,-4.30513,13.34469,23.69476,-25.00298,84.27858,73.43397,6.85183,2.96357,1.53724,-0.10201,1000100247,Right,55.44107,-126.07575,11.84738,5.27109,-3.22166,-12.50149,2.8982,-9.79492,6.67235,151.124571,2.96394,106.04162,-23.72764,5.74556,-1.19625,0.24059,-0.04482,0.00574,-0.00032,1.53865,65.77587,-15.77733,0.015,0.41163,-0.22282,0.06287,-0.00878,0.00048,-0.10161,-20.53796,-3.55801,1.21393,-0.26689,0.04135,-0.00466,0.0004,-2.00E-05,,,,,,,,,,,,,,,,,,,,,,,High,High,High,High,Medium,,,,v3
175,11/9/2022,4,1,8896235,Left,T_B,1000051953,Right,T_A,5,Bottom,2,0,0,0-0,ChangeUp,Changeup,FoulBall,Undefined,Undefined,GroundBall,Undefined,0,0,77.27338,0.010561,4.5487,1358.980024,116.877233,10:00,4.93432,-3.30026,4.59414,-41.61278,7.53453,-11.878,1.47667,0.04544,71.12331,-7.48195,2.475474,0.50457,79.49434,0.790394,-54.671736,2625.56853,,,,29.08289,29.08289,-46.248767,0.238052,7.08142,4.06055,2.84183,50,4.89679,-8.40826,-111.80554,-1.4754,9.0092,19.19958,-27.00809,74.70211,1.62872,6.15008,4.61362,1.61188,0.2772,1000100247,Right,55.90686,-112.81533,9.59979,4.93703,-0.05494,-13.50405,3.29652,-8.88209,4.5046,,4.61334,67.42983,-9.76352,,,,,,,1.61816,1.25559,-33.93921,,,,,,,0.27496,-94.98727,23.49018,,,,,,,,,,,,,,,,,,,,,,,,,,,,,High,High,High,Medium,High,,,,v3
176,11/9/2022,4,2,8896235,Left,T_B,1000051953,Right,T_A,5,Bottom,2,0,1,0-1,ChangeUp,Changeup,BallCalled,Undefined,Undefined,,Undefined,0,0,75.37559,1.777889,2.115157,1339.919828,75.06448,8:30,4.8598,-3.20497,4.80185,-52.32743,-0.9415,-9.69898,2.18544,-2.00818,69.00387,-7.669445,0.409312,0.515933,,,,,,,,,,,,5.36063,-0.4715,3.00318,50,4.99152,-3.63957,-109.22701,1.54005,6.46543,19.53577,-32.74272,73.05681,,6.37171,,,,1000100247,Right,55.69767,-110.24136,9.76788,4.86742,3.24013,-16.37136,3.20087,-3.97527,3.23272,,,,,,,,,,,,,,,,,,,,,,,,,,,,,,,,,,,,,,,,,,,,,,,,,,,High,High,High,,,,,,v3
177,11/9/2022,4,3,8896235,Left,T_B,1000051953,Right,T_A,5,Bottom,2,1,1,1-1,Fastball,Sinker,BallCalled,Undefined,Undefined,,Undefined,0,0,87.53039,-1.19832,5.94348,1985.267464,117.884353,10:00,5.28858,-2.84866,5.04059,-28.17053,9.67926,-16.04395,1.80433,1.44127,80.23691,-6.340462,3.130327,0.442795,,,,,,,,,,,,9.50355,5.47441,2.29305,50,5.15131,-12.42333,-126.3972,-3.72214,15.45979,24.42461,-23.26862,85.12381,,7.29348,,,,1000100247,Right,55.45876,-127.44767,12.21231,5.28987,-2.72139,-11.63431,2.84166,-13.08824,7.7299,,,,,,,,,,,,,,,,,,,,,,,,,,,,,,,,,,,,,,,,,,,,,,,,,,,High,High,High,,,,,,v3
178,11/9/2022,4,4,8896235,Left,T_B,1000051953,Right,T_A,5,Bottom,2,2,1,2-1,ChangeUp,Changeup,FoulBall,Undefined,Undefined,,Undefined,0,0,77.05956,0.404374,4.166305,1378.160995,58.232954,8:00,4.91108,-3.31686,4.63583,-51.5231,-1.98193,-5.72886,1.00283,0.1724,70.85348,-8.821973,3.164216,0.506587,,,,,,,,,,,,3.9991,-0.72343,2.89487,50,4.90491,-7.88839,-111.51234,-1.09695,5.0331,20.14424,-33.08451,74.4046,,6.20609,,,,1000100247,Right,55.86539,-112.56691,10.07212,4.917,0.63506,-16.54225,3.31473,-8.15188,2.51655,,,,,,,,,,,,,,,,,,,,,,,,,,,,,,,,,,,,,,,,,,,,,,,,,,,High,High,High,,,,,,v3
179,11/9/2022,4,5,8896235,Left,T_B,1000051953,Right,T_A,5,Bottom,2,2,2,2-2,ChangeUp,Changeup,InPlay,Undefined,GroundBall,GroundBall,FieldersChoice,1,0,76.42868,1.02246,2.221926,1268.295163,61.573129,8:00,4.80272,-3.16992,4.80916,-52.33881,-2.03354,-6.93426,1.41065,-1.64171,69.62122,-8.429287,1.001434,0.510479,53.80224,-24.851518,-48.377535,,,,,6.02245,5.66172,-5.701245,0.048266,4.15528,-0.98579,2.95539,50,4.85868,-4.02024,-110.71885,0.1288,5.10453,21.68204,-33.38505,73.83737,1.60701,6.80746,3.68803,1.60701,1.99545,1000100247,Right,55.69185,-111.82793,10.84102,4.80842,1.83651,-16.69252,3.16771,-4.28135,2.55227,180,3.68656,47.74833,,,,,,,,1.60803,-33.29464,,,,,,,,1.99709,-53.73778,,,,,,,,,,,,,,,,,,,,,,,,,,,,,,High,High,High,Low,Low,,,,v3
180,11/9/2022,1,1,1000036209,Right,T_A,305,Undefined,T_D,6,Top,0,0,0,0-0,Fastball,Four-Seam,BallCalled,Undefined,Undefined,,Undefined,0,0,91.71047,-1.430453,0.392316,2527.270179,201.404885,12:45,6.43614,0.83244,5.15537,-15.59674,18.65836,6.87268,3.78955,1.77448,83.49482,-4.373807,1.608915,0.421244,,,,,,,,,,,,-3.29,10.01461,-0.8745,50,6.29106,-1.24222,-132.9873,-3.83593,-5.8769,29.19695,-14.28496,89.47877,,8.21566,,,,1000073611,Right,55.34092,-134.15476,14.59847,6.43303,-3.26473,-7.14248,-0.82953,-1.00722,-2.93845,,,,,,,,,,,,,,,,,,,,,,,,,,,,,,,,,,,,,,,,,,,,,,,,,,,High,High,High,,,,,,v3
181,11/9/2022,1,2,1000036209,Right,T_A,305,Undefined,T_D,6,Top,0,1,0,1-0,Fastball,Four-Seam,BallCalled,Undefined,Undefined,,Undefined,0,0,92.2813,-0.788549,-2.474083,2539.724344,192.134299,12:30,6.30455,0.76339,4.60491,-23.14848,11.34083,2.20146,3.6249,-1.40734,84.25974,-5.017143,-2.08878,0.422682,,,,,,,,,,,,-1.75173,6.08177,-0.51053,50,6.20243,5.66263,-133.65832,-2.79623,-3.17162,28.57357,-21.16275,89.17449,,8.02156,,,,1000073611,Right,55.89186,-134.91201,14.28679,6.30475,-1.8677,-10.58138,-0.76203,5.80179,-1.58581,,,,,,,,,,,,,,,,,,,,,,,,,,,,,,,,,,,,,,,,,,,,,,,,,,,High,High,High,,,,,,v3
182,11/9/2022,1,3,1000036209,Right,T_A,305,Undefined,T_D,6,Top,0,2,0,2-0,Slider,Slider,StrikeCalled,Undefined,Undefined,,Undefined,0,0,85.81775,-0.203976,-0.056111,2700.424691,31.956082,7:00,6.23765,0.90892,4.59502,-43.26581,-3.48626,-2.94532,2.43816,0.61011,78.85115,-7.956958,-0.573297,0.453943,,,,,,,,,,,,1.41835,-1.2476,-0.90025,50,6.17635,0.26123,-124.48734,-2.2542,2.22742,24.81263,-34.13329,83.0334,,6.9666,,,,1000073611,Right,55.90425,-125.65866,12.40632,6.24472,-0.64289,-17.06664,-0.9101,0.15608,1.11371,,,,,,,,,,,,,,,,,,,,,,,,,,,,,,,,,,,,,,,,,,,,,,,,,,,High,High,High,,,,,,v3
183,11/9/2022,1,4,1000036209,Right,T_A,305,Undefined,T_D,6,Top,0,2,1,2-1,Slider,Slider,StrikeSwinging,Undefined,Undefined,,Undefined,0,0,85.34881,0.167229,0.509564,2689.934422,43.729057,7:30,6.26608,0.71969,4.20481,-43.06955,-2.22055,-3.35599,2.83715,0.92816,78.24409,-7.511733,-0.075234,0.460005,,,,,,,,,,,,1.75185,-0.71071,-0.772,50,6.23935,-0.93613,-123.70834,-1.50478,2.71547,24.62183,-33.27566,81.93928,,7.10472,,,,1000073611,Right,56.29397,-124.95475,12.31092,6.27289,0.17971,-16.63783,-0.72114,-1.0736,1.35773,,,,,,,,,,,,,,,,,,,,,,,,,,,,,,,,,,,,,,,,,,,,,,,,,,,High,High,High,,,,,,v3
184,11/9/2022,1,5,1000036209,Right,T_A,305,Undefined,T_D,6,Top,0,2,2,2-2,Slider,Curveball,FoulBall,Undefined,Undefined,,Undefined,0,0,85.71257,-0.409078,-0.374552,2801.851098,16.072284,6:30,6.16087,0.92003,4.53781,-49.07751,-9.05229,-2.9678,1.68157,0.31609,78.84563,-9.157045,-0.895682,0.455343,,,,,,,,,,,,1.35894,-4.06441,-0.87799,50,6.07098,0.94914,-124.35288,-2.94459,2.12347,25.42129,-38.52508,82.7782,,6.86695,,,,1000073611,Right,55.9644,-125.56626,12.71064,6.16764,-1.10576,-19.26254,-0.92087,0.84778,1.06174,,,,,,,,,,,,,,,,,,,,,,,,,,,,,,,,,,,,,,,,,,,,,,,,,,,High,High,High,,,,,,v3
185,11/9/2022,1,6,1000036209,Right,T_A,305,Undefined,T_D,6,Top,0,2,2,2-2,Fastball,Four-Seam,FoulBall,Undefined,Undefined,,Undefined,0,0,91.88154,-2.049861,-1.456727,2449.713746,204.474544,12:45,6.25572,0.7719,4.99678,-20.16379,14.07268,5.90933,2.63866,-0.11126,84.07252,-5.773671,-0.413499,0.42113,,,,,,,,,,,,-3.35213,7.87205,-0.6369,50,6.04258,3.10768,-133.2201,-5.53191,-6.02919,28.39684,-18.01522,89.50313,,7.80902,,,,1000073611,Right,55.50247,-134.38787,14.19842,6.25483,-4.79107,-9.00761,-0.7698,3.35562,-3.0146,,,,,,,,,,,,,,,,,,,,,,,,,,,,,,,,,,,,,,,,,,,,,,,,,,,High,High,High,,,,,,v3
186,11/9/2022,1,7,1000036209,Right,T_A,305,Undefined,T_D,6,Top,0,2,2,2-2,Slider,Slider,FoulBall,Undefined,Undefined,LineDrive,Undefined,0,0,85.20784,1.442535,-0.054166,2739.877217,38.797755,7:15,6.1984,0.74459,4.10236,-45.4688,-4.69815,-4.71162,3.79406,0.29997,78.67479,-6.629961,-0.873029,0.459563,90.30523,20.246573,-51.48398,4916.799246,59.56002,26.69298,-92.47983,225.59238,162.82418,-62.472215,2.356716,2.25894,-2.31291,-0.73308,50,6.31002,0.34431,-123.6303,1.12316,3.52981,22.4284,-35.7882,82.01797,26.81735,6.53305,0.59323,3.41478,-0.52535,1000073611,Right,56.3993,-124.78583,11.2142,6.20466,2.967,-17.8941,-0.74614,0.16245,1.7649,,0.59324,77.38274,-23.55788,6.59541,-1.66718,0.33828,-0.05358,0.00455,-1.00E-05,3.41477,45.83495,-25.19409,3.11859,-0.54906,0.08148,-0.00964,0.00116,-0.00013,-0.52534,-97.22832,4.34804,1.35736,-0.79867,0.27883,-0.06793,0.01094,-0.00075,,,,,,,,,,,,,,,,,,,,,,,High,High,High,Medium,Medium,,,,v3
187,11/9/2022,1,8,1000036209,Right,T_A,305,Undefined,T_D,6,Top,0,2,2,2-2,ChangeUp,Changeup,InPlay,Undefined,FlyBall,,Out,1,0,87.68125,-0.847572,-2.245719,1600.37185,233.560257,1:45,6.13535,1.00513,4.8853,-25.73001,11.9128,14.55576,3.18866,0.09245,80.39757,-5.560389,0.317666,0.441583,91.81623,44.100048,12.265389,3645.551541,107.42185,101.06792,23.67405,,282.12625,,,-7.84496,6.44961,-0.79785,50,6.0308,4.32214,-127.17694,-2.85989,-12.89374,25.21837,-21.57361,85.3575,121.04515,7.28368,2.45796,3.25167,-0.12343,1000073611,Right,55.61494,-128.28551,12.60919,6.13567,-1.91153,-10.7868,-1.0003,4.88894,-6.44687,183.325795,2.45794,94.49898,-22.65954,6.03658,-1.49675,0.40314,-0.1079,0.02089,-0.00189,3.25169,93.71292,-20.66952,1.46404,-0.06297,-0.09653,0.05365,-0.01371,0.00138,-0.12343,20.54386,-3.88327,0.6702,-0.07492,-0.00656,0.00789,-0.00226,0.00023,,,,,,,,,,,,,,,,,,,,,,,High,High,High,High,Low,,,,v3
188,11/9/2022,2,1,1000036209,Right,T_A,1000051064,Left,T_D,6,Top,1,0,0,0-0,Slider,Curveball,BallCalled,Undefined,Undefined,,Undefined,0,0,83.3713,4.241275,1.285725,2680.295159,28.511577,7:00,6.24737,0.81466,4.32208,-51.17601,-8.34524,-5.2678,6.04531,1.60488,75.88179,-4.8971,0.368809,0.471031,,,,,,,,,,,,2.8711,-4.70205,-0.94783,50,6.65409,-2.45161,-120.54406,6.75916,4.22824,23.23897,-39.09875,80.02116,,7.48951,,,,1000073611,Right,56.17762,-121.72917,11.61949,6.25855,8.75308,-19.54937,-0.8173,-2.66723,2.11412,,,,,,,,,,,,,,,,,,,,,,,,,,,,,,,,,,,,,,,,,,,,,,,,,,,High,High,High,,,,,,v3
189,11/9/2022,2,2,1000036209,Right,T_A,1000051064,Left,T_D,6,Top,1,1,0,1-0,Slider,Slider,InPlay,Undefined,FlyBall,FlyBall,Out,1,0,86.74358,0.297371,-0.882625,2722.035072,18.398028,6:30,6.2005,0.94971,4.72104,-43.05298,-4.26681,-1.82169,2.89497,-0.0397,79.56306,-7.440382,-1.203026,0.448239,84.92313,39.608537,-3.6218,4689.286753,109.02598,80.40485,-14.6046,293.16622,292.80372,-15.151284,5.20546,0.65673,-1.91886,-0.85883,50,6.19159,2.02228,-125.85949,-1.11729,1.05241,25.76521,-35.24911,84.09,96.76322,7.18053,2.81606,3.06365,0.02628,1000073611,Right,55.78027,-127.03728,12.88261,6.20583,0.49404,-17.62455,-0.95018,1.97417,0.52621,159.148688,2.81882,95.71638,-20.24287,4.93978,-0.96117,0.16469,-0.02542,0.00284,-0.00015,3.06445,79.38163,-18.88409,0.85983,0.20177,-0.16346,0.04523,-0.00585,0.00029,0.02684,-6.0718,-4.00215,0.92153,-0.16938,0.02844,-0.0047,0.00057,-3.00E-05,,,,,,,,,,,,,,,,,,,,,,,High,High,High,High,Medium,,,,v3
190,11/9/2022,3,1,1000036209,Right,T_A,1000067025,Left,T_D,6,Top,2,0,0,0-0,ChangeUp,Changeup,BallCalled,Undefined,Undefined,,Undefined,0,0,87.54515,-0.520003,-0.89611,1693.33118,234.045501,1:45,6.14005,0.97013,5.06019,-26.09899,11.49575,14.20745,3.47469,1.30899,80.05118,-5.320899,1.615677,0.441301,,,,,,,,,,,,-7.25536,6.21237,-0.89656,50,6.07029,1.32645,-127.01519,-2.1214,-11.8591,25.87938,-22.01976,85.41204,,7.49397,,,,1000073611,Right,55.43725,-128.11824,12.93969,6.1407,-1.18286,-11.00988,-0.96387,1.83192,-5.92955,,,,,,,,,,,,,,,,,,,,,,,,,,,,,,,,,,,,,,,,,,,,,,,,,,,High,High,High,,,,,,v3
191,11/9/2022,3,2,1000036209,Right,T_A,1000067025,Left,T_D,6,Top,2,1,0,1-0,Fastball,Cutter,BallCalled,Undefined,Undefined,,Undefined,0,0,91.70664,-0.566823,-1.280626,2466.770078,169.57857,11:45,6.36402,0.62182,4.4161,-24.36552,10.4113,-1.73099,3.79252,-0.74466,84.56659,-4.97711,-1.582892,0.42444,,,,,,,,,,,,0.52118,5.50071,-0.48387,50,6.2803,3.06331,-133.04809,-2.35883,0.9447,25.53437,-22.20303,88.80511,,7.14005,,,,1000073611,Right,56.08186,-134.21023,12.76719,6.36466,-1.3483,-11.10152,-0.62232,3.02031,0.47235,,,,,,,,,,,,,,,,,,,,,,,,,,,,,,,,,,,,,,,,,,,,,,,,,,,High,High,High,,,,,,v3
192,11/9/2022,3,3,1000036209,Right,T_A,1000067025,Left,T_D,6,Top,2,2,0,2-0,Slider,Curveball,StrikeCalled,Undefined,Undefined,,Undefined,0,0,86.24261,-1.240024,-1.299805,2703.887435,8.583717,6:15,6.16043,0.95066,4.8519,-44.02861,-4.95681,-0.93106,1.31705,-0.35758,79.42722,-9.13564,-1.464159,0.449887,,,,,,,,,,,,0.09661,-1.73882,-0.82152,50,6.00019,2.88105,-125.09964,-4.50228,0.15305,25.34769,-34.92828,83.78206,,6.81539,,,,1000073611,Right,55.64828,-126.2389,12.67384,6.16726,-2.9324,-17.46414,-0.95086,2.87417,0.07653,,,,,,,,,,,,,,,,,,,,,,,,,,,,,,,,,,,,,,,,,,,,,,,,,,,High,High,High,,,,,,v3
193,11/9/2022,3,4,1000036209,Right,T_A,1000067025,Left,T_D,6,Top,2,2,1,2-1,Slider,Slider,BallCalled,Undefined,Undefined,,Undefined,0,0,86.46701,1.496334,-0.541553,2739.502662,61.296592,8:00,6.20916,0.8585,4.57102,-39.35876,-0.36614,-2.74366,4.35347,0.11454,79.57231,-5.578756,-1.022199,0.449431,,,,,,,,,,,,1.19425,-0.18724,-0.7997,50,6.32735,1.3172,-125.45858,1.62559,1.91865,23.47854,-32.4749,83.86709,,6.89471,,,,1000073611,Right,55.92822,-126.56313,11.73927,6.21494,3.15338,-16.23745,-0.85955,1.22694,0.95933,,,,,,,,,,,,,,,,,,,,,,,,,,,,,,,,,,,,,,,,,,,,,,,,,,,High,High,High,,,,,,v3
194,11/9/2022,3,5,1000036209,Right,T_A,1000067025,Left,T_D,6,Top,2,3,1,3-1,Fastball,Four-Seam,FoulBall,Undefined,Undefined,,Undefined,0,0,91.98533,-1.451598,-1.496277,2530.569132,191.302697,12:30,6.32324,0.63735,4.84841,-22.28978,12.02406,2.18728,3.09077,-0.59721,84.20352,-5.540487,-1.111243,0.421605,,,,,,,,,,,,-1.45862,6.63764,-0.49141,50,6.16126,3.36983,-133.31199,-4.26208,-2.63393,27.74397,-20.18814,89.40217,,7.78181,,,,1000073611,Right,55.64569,-134.4818,13.87199,6.32303,-3.41086,-10.09407,-0.63584,3.48089,-1.31697,,,,,,,,,,,,,,,,,,,,,,,,,,,,,,,,,,,,,,,,,,,,,,,,,,,High,High,High,,,,,,v3
195,11/9/2022,3,6,1000036209,Right,T_A,1000067025,Left,T_D,6,Top,2,3,2,3-2,Slider,Slider,BallCalled,Walk,Undefined,,Undefined,0,0,86.74871,-1.743183,-0.519741,2709.84996,10.982305,6:15,6.10102,0.87529,4.53921,-41.58451,-2.50362,-0.72299,0.97539,0.32019,79.8607,-9.164725,-0.646676,0.449939,,,,,,,,,,,,0.20803,-0.3678,-0.82044,50,5.87998,1.17518,-125.7549,-5.58637,0.33311,25.52497,-32.76299,83.77233,,6.88801,,,,1000073611,Right,55.96021,-126.9589,12.76249,6.10704,-4.04096,-16.38149,-0.8755,1.15947,0.16656,,,,,,,,,,,,,,,,,,,,,,,,,,,,,,,,,,,,,,,,,,,,,,,,,,,High,High,High,,,,,,v3
196,11/9/2022,4,1,1000036209,Right,T_A,305,Undefined,T_D,6,Top,2,0,0,0-0,Fastball,Four-Seam,StrikeCalled,Undefined,Undefined,,Undefined,0,0,90.12757,-2.234741,-2.430543,2439.733693,181.68668,12:00,6.33548,0.77136,4.98966,-23.56249,12.22623,0.32524,2.25885,-1.49791,82.26747,-6.561094,-2.373193,0.430571,,,,,,,,,,,,-0.85665,7.0465,-0.53746,50,6.10129,5.52368,-130.49701,-5.99216,-1.47304,28.18373,-20.05723,87.54062,,7.8601,,,,1000073611,Right,55.5075,-131.6811,14.09186,6.33533,-5.14948,-10.02862,-0.77083,5.58557,-0.73652,,,,,,,,,,,,,,,,,,,,,,,,,,,,,,,,,,,,,,,,,,,,,,,,,,,High,High,High,,,,,,v3
197,11/9/2022,4,2,1000036209,Right,T_A,305,Undefined,T_D,6,Top,2,0,1,0-1,Slider,Slider,BallinDirt,Undefined,Undefined,,Undefined,0,0,85.38112,-2.230917,-2.353113,2593.556952,42.047986,7:30,6.12773,0.9201,4.71305,-42.19853,-1.8389,-2.84618,0.49106,-1.55158,78.39056,-9.776241,-2.85377,0.457241,,,,,,,,,,,,0.71236,0.10909,-0.67932,50,5.864,5.209,-123.60826,-6.52415,1.09611,25.89674,-32.00616,82.43455,,6.99056,,,,1000073611,Right,55.78646,-124.81467,12.94837,6.1332,-5.03312,-16.00308,-0.9208,5.15793,0.54805,,,,,,,,,,,,,,,,,,,,,,,,,,,,,,,,,,,,,,,,,,,,,,,,,,,High,High,High,,,,,,v3
198,11/9/2022,4,3,1000036209,Right,T_A,305,Undefined,T_D,6,Top,2,1,1,1-1,Slider,Slider,InPlay,Undefined,GroundBall,GroundBall,FieldersChoice,1,0,86.59702,-1.183902,-1.282834,2714.16782,107.826116,9:30,6.06992,1.08311,4.73107,-37.27534,2.30213,-2.66004,1.83998,-0.35585,78.26288,-7.934088,-1.750753,0.452789,76.72315,-1.192031,-33.232891,3414.959157,,,,48.50613,46.44499,-33.716915,0.421205,0.89201,1.8926,-0.95123,50,5.91764,2.93011,-125.32413,-4.08597,1.39399,29.43769,-29.21641,83.24513,2.67389,8.33414,2.98355,2.67389,-0.12669,1000073611,Right,55.7665,-126.67139,14.71885,6.07404,-2.74883,-14.60821,-1.08388,2.86632,0.697,,2.98741,93.98121,-12.56734,,,,,,,2.67357,-2.33041,-9.53538,,,,,,,-0.12315,-61.76835,-4.44377,,,,,,,,,,,,,,,,,,,,,,,,,,,,,High,High,High,High,High,,,,v3
199,11/9/2022,1,1,8896235,Left,T_B,8886045,Right,T_A,6,Bottom,0,0,0,0-0,Slider,Curveball,StrikeCalled,Undefined,Undefined,,Undefined,0,0,73.39954,3.048159,1.3997,2149.708251,286.168245,3:30,4.93321,-3.15337,4.59609,-59.43082,-3.71512,19.90391,2.88335,-0.16319,66.09134,-7.678621,4.881908,0.53723,,,,,,,,,,,,-9.16071,-2.20272,2.98939,50,5.19336,-3.41389,-106.05263,3.53903,-10.20934,21.76328,-34.62891,70.16073,,7.3082,,,,1000100247,Right,55.90182,-107.25692,10.88164,4.94451,5.45524,-17.31445,3.16267,-2.84895,-5.10467,,,,,,,,,,,,,,,,,,,,,,,,,,,,,,,,,,,,,,,,,,,,,,,,,,,High,High,High,,,,,,v3
200,11/9/2022,1,2,8896235,Left,T_B,8886045,Right,T_A,6,Bottom,0,0,1,0-1,Fastball,Sinker,FoulBall,Undefined,Undefined,,Undefined,0,0,86.77881,-0.99189,4.725505,1921.761246,117.540009,10:00,5.13021,-3.0617,5.29661,-31.58986,6.78225,-10.51768,1.5632,0.50857,78.98285,-6.783034,2.866708,0.44584,,,,,,,,,,,,6.68528,4.05429,2.6391,50,5.01679,-9.91242,-125.47975,-3.3346,10.59735,26.75705,-25.74732,84.5425,,7.79596,,,,1000100247,Right,55.2022,-126.5842,13.37852,5.13249,-2.27183,-12.87366,3.05729,-10.34985,5.29867,,,,,,,,,,,,,,,,,,,,,,,,,,,,,,,,,,,,,,,,,,,,,,,,,,,High,High,High,,,,,,v3
201,11/9/2022,1,3,8896235,Left,T_B,8886045,Right,T_A,6,Bottom,0,0,2,0-2,ChangeUp,Changeup,BallCalled,Undefined,Undefined,,Undefined,0,0,75.53675,2.188249,2.258209,1292.683198,63.819599,8:15,4.93573,-3.26732,4.65667,-52.72326,-0.70673,-5.16185,2.62369,-1.55097,68.39461,-7.340047,1.353441,0.519089,,,,,,,,,,,,3.21622,-0.46783,3.04161,50,5.11172,-4.09138,-109.24541,2.27571,3.84084,21.36924,-32.73272,72.61263,,7.14214,,,,1000100247,Right,55.84045,-110.38194,10.68462,4.94439,4.01661,-16.36636,3.26465,-4.29566,1.92042,,,,,,,,,,,,,,,,,,,,,,,,,,,,,,,,,,,,,,,,,,,,,,,,,,,High,High,High,,,,,,v3
202,11/9/2022,1,4,8896235,Left,T_B,8886045,Right,T_A,6,Bottom,0,1,2,1-2,ChangeUp,Changeup,StrikeSwinging,Strikeout,Undefined,,Undefined,0,0,76.4191,0.132101,3.080572,1282.878612,31.744185,7:00,4.79607,-3.39194,4.68575,-55.7444,-4.9402,-4.16335,0.27632,-0.81095,69.60977,-9.872439,2.349471,0.513004,,,,,,,,,,,,3.03284,-2.01374,3.08269,50,4.75897,-5.77905,-110.56533,-1.77447,3.70235,22.25909,-34.63233,73.4739,,6.80933,,,,1000100247,Right,55.81389,-111.72966,11.12954,4.80441,0.03708,-17.31617,3.39004,-5.97271,1.85117,,,,,,,,,,,,,,,,,,,,,,,,,,,,,,,,,,,,,,,,,,,,,,,,,,,High,High,High,,,,,,v3
203,11/9/2022,2,1,8896235,Left,T_B,691273,Right,T_A,6,Bottom,1,0,0,0-0,Fastball,Sinker,BallinDirt,Undefined,Undefined,,Undefined,0,0,87.62574,-2.560458,5.158609,1908.322933,112.786446,9:45,5.22689,-3.06904,4.98462,-30.85348,7.07961,-13.94383,0.22643,0.65355,80.3872,-8.154114,2.708559,0.443282,,,,,,,,,,,,8.41422,4.53725,2.58276,50,4.95381,-10.80512,-126.57612,-6.86969,13.66627,25.56086,-24.80472,85.03033,,7.23854,,,,1000100247,Right,55.51633,-127.68523,12.78043,5.22854,-5.79338,-12.40236,3.06447,-11.39811,6.83314,,,,,,,,,,,,,,,,,,,,,,,,,,,,,,,,,,,,,,,,,,,,,,,,,,,High,High,High,,,,,,v3
204,11/9/2022,2,2,8896235,Left,T_B,691273,Right,T_A,6,Bottom,1,1,0,1-0,ChangeUp,Changeup,FoulBall,Undefined,Undefined,,Undefined,0,0,77.31009,0.175841,3.712707,1448.661341,88.565925,9:00,4.98065,-3.28476,4.63193,-48.06703,1.4963,-8.07993,1.14255,-0.42431,70.47231,-8.478059,2.298181,0.506701,,,,,,,,,,,,5.13469,1.05583,2.91159,50,4.95446,-6.92412,-111.82451,-1.39964,6.44464,21.81756,-30.84884,74.38793,,6.83778,,,,1000100247,Right,55.86827,-112.96364,10.90878,4.98549,0.21102,-15.42442,3.28189,-7.2606,3.22232,,,,,,,,,,,,,,,,,,,,,,,,,,,,,,,,,,,,,,,,,,,,,,,,,,,High,High,High,,,,,,v3
205,11/9/2022,2,3,8896235,Left,T_B,691273,Right,T_A,6,Bottom,1,1,1,1-1,Slider,Slider,BallCalled,Undefined,Undefined,,Undefined,0,0,79.59956,0.274398,3.213409,2293.2337,282.536674,3:30,5.16318,-2.88125,5.19393,-47.18365,-1.64469,13.82276,1.48974,1.29656,73.14302,-8.2605,5.656117,0.485694,,,,,,,,,,,,-5.9726,-0.47587,2.57209,50,5.15293,-7.03902,-115.35775,-1.1195,-8.01068,22.39265,-32.8123,77.60529,,6.45653,,,,1000100247,Right,55.30615,-116.38319,11.19633,5.16979,0.3831,-16.40615,2.88603,-6.67218,-4.00534,,,,,,,,,,,,,,,,,,,,,,,,,,,,,,,,,,,,,,,,,,,,,,,,,,,High,High,High,,,,,,v3
206,11/9/2022,2,4,8896235,Left,T_B,691273,Right,T_A,6,Bottom,1,2,1,2-1,Fastball,Changeup,InPlay,Undefined,GroundBall,GroundBall,Out,1,0,87.17166,0.032156,5.142813,1954.261047,115.98549,9:45,5.16767,-2.8784,5.2506,-29.48754,8.3465,-14.66623,2.74072,0.74501,79.67747,-5.377602,2.556587,0.442703,89.7671,-2.023321,-37.515759,3835.561421,,,,44.59744,44.23552,-38.021736,0.325484,8.84567,4.48351,2.4171,50,5.14876,-10.71929,-126.11355,-1.0054,14.27117,25.22402,-24.94059,85.14154,3.1418,7.49419,3.11643,3.1418,-1.06307,1000100247,Right,55.25067,-127.15941,12.61201,5.16901,0.0287,-12.4703,2.87382,-11.31101,7.13558,,3.11949,104.23949,-18.10376,,,,,,,3.14331,-4.70981,-15.21721,,,,,,,-1.06054,-80.23037,-2.81732,,,,,,,,,,,,,,,,,,,,,,,,,,,,,High,High,High,Medium,High,,,,v3
207,11/9/2022,3,1,8896235,Left,T_B,1000058463,Right,T_A,6,Bottom,2,0,0,0-0,Slider,Slider,StrikeSwinging,Undefined,Undefined,,Undefined,0,0,81.14856,-0.537531,2.418441,2283.764995,299.360081,4:00,5.27931,-2.83417,5.13252,-45.55396,-1.52583,5.31355,0.97647,-0.11249,74.22219,-8.784282,3.35912,0.47757,,,,,,,,,,,,-1.93256,-0.22181,2.60283,50,5.1934,-5.18707,-117.61164,-2.75587,-2.68359,24.10142,-32.48204,78.92556,,6.92637,,,,1000100247,Right,55.36721,-118.70641,12.05071,5.28507,-1.28042,-16.24102,2.83568,-5.06517,-1.34179,,,,,,,,,,,,,,,,,,,,,,,,,,,,,,,,,,,,,,,,,,,,,,,,,,,High,High,High,,,,,,v3
208,11/9/2022,3,2,8896235,Left,T_B,1000058463,Right,T_A,6,Bottom,2,0,1,0-1,Slider,Slider,BallCalled,Undefined,Undefined,,Undefined,0,0,80.04496,-0.409666,3.330163,2261.19584,271.628529,3:00,5.21624,-2.70821,5.29091,-43.71869,1.22512,8.01949,1.1877,1.09053,73.38827,-8.34853,4.750567,0.48251,,,,,,,,,,,,-3.05295,1.13921,2.39858,50,5.1469,-7.07018,-115.97027,-2.34942,-4.13278,22.90274,-30.63189,78.11745,,6.65669,,,,1000100247,Right,55.20848,-116.99436,11.45137,5.22133,-0.97972,-15.31595,2.71058,-6.88538,-2.06639,,,,,,,,,,,,,,,,,,,,,,,,,,,,,,,,,,,,,,,,,,,,,,,,,,,High,High,High,,,,,,v3
209,11/9/2022,3,3,8896235,Left,T_B,1000058463,Right,T_A,6,Bottom,2,1,1,1-1,Fastball,Changeup,StrikeCalled,Undefined,Undefined,,Undefined,0,0,86.80425,-0.086023,4.604445,1947.217358,105.77784,9:30,5.34932,-2.77255,5.41739,-31.89604,5.87603,-16.66946,2.61048,0.16092,79.59702,-5.934531,1.650368,0.44234,,,,,,,,,,,,9.59922,3.33134,2.37469,50,5.31943,-9.40033,-125.72699,-1.35008,15.43581,24.39041,-26.81715,85.21137,,7.20723,,,,1000100247,Right,55.08272,-126.70918,12.19521,5.35206,-0.27017,-13.40857,2.76575,-10.02192,7.7179,,,,,,,,,,,,,,,,,,,,,,,,,,,,,,,,,,,,,,,,,,,,,,,,,,,High,High,High,,,,,,v3
210,11/9/2022,3,4,8896235,Left,T_B,1000058463,Right,T_A,6,Bottom,2,1,2,1-2,ChangeUp,Changeup,FoulBall,Undefined,Undefined,,Undefined,0,0,76.57809,0.338143,3.352981,1426.212664,46.786013,7:30,4.9086,-3.28425,4.68155,-57.31621,-6.91729,-9.18489,0.45391,-0.862,70.01535,-9.929616,1.74015,0.510954,,,,,,,,,,,,5.57575,-3.12827,2.95192,50,4.89062,-6.12004,-110.84705,-1.43765,6.87028,21.60082,-36.02865,73.76872,,6.56273,,,,1000100247,Right,55.81993,-111.97544,10.80041,4.91656,0.44442,-18.01432,3.28099,-6.47893,3.43514,,,,,,,,,,,,,,,,,,,,,,,,,,,,,,,,,,,,,,,,,,,,,,,,,,,High,High,High,,,,,,v3
211,11/9/2022,3,5,8896235,Left,T_B,1000058463,Right,T_A,6,Bottom,2,1,2,1-2,ChangeUp,Changeup,FoulBall,Undefined,Undefined,,Undefined,0,0,77.88843,0.267665,3.473242,1386.975644,51.297766,7:45,4.89563,-3.09123,4.86263,-53.95818,-5.42181,-8.88182,0.65292,-0.54011,70.93502,-9.449731,1.909298,0.501424,,,,,,,,,,,,5.51343,-2.37343,2.75679,50,4.87569,-6.47805,-112.71452,-1.42934,7.00385,22.88632,-35.1891,75.17081,,6.9534,,,,1000100247,Right,55.63796,-113.85354,11.44316,4.90325,0.32196,-17.59455,3.08786,-6.82662,3.50193,,,,,,,,,,,,,,,,,,,,,,,,,,,,,,,,,,,,,,,,,,,,,,,,,,,High,High,High,,,,,,v3
212,11/9/2022,3,6,8896235,Left,T_B,1000058463,Right,T_A,6,Bottom,2,1,2,1-2,Slider,Slider,BallinDirt,Undefined,Undefined,,Undefined,0,0,78.84476,-0.788996,0.923101,2288.429578,277.385613,3:15,5.03384,-2.90519,4.91542,-46.47377,-0.14213,11.50095,0.41487,-1.07388,73.15036,-9.136588,2.954254,0.489903,,,,,,,,,,,,-5.5124,0.46213,2.80483,50,4.91755,-2.30897,-114.50299,-3.25469,-7.35742,20.08595,-31.55724,76.93858,,5.6944,,,,1000100247,Right,55.58658,-115.47882,10.04298,5.03843,-1.72155,-15.77862,2.90832,-1.95152,-3.67871,,,,,,,,,,,,,,,,,,,,,,,,,,,,,,,,,,,,,,,,,,,,,,,,,,,High,High,High,,,,,,v3
213,11/9/2022,3,7,8896235,Left,T_B,1000058463,Right,T_A,6,Bottom,2,2,2,2-2,Fastball,Changeup,InPlay,Undefined,FlyBall,,Out,1,0,87.87087,-1.630316,4.254653,1948.731867,105.139625,9:30,5.10848,-3.04365,5.28773,-31.23356,5.70874,-16.98351,0.97013,-0.45634,80.9856,-7.323327,1.247179,0.437455,86.12979,49.413039,26.38175,5145.063036,,,,,136.03462,,,9.68788,3.58799,2.66862,50,4.93651,-8.73414,-127.31467,-4.80148,16.01002,24.46035,-26.24461,86.16303,112.69802,6.88526,2.51862,1.16346,0.47196,1000100247,Right,55.21398,-128.3125,12.23017,5.11054,-3.73087,-13.12231,3.03824,-9.38724,8.00501,218.781859,2.51862,73.62699,-18.95756,5.34201,-1.31997,0.29447,-0.06261,0.00919,-0.00064,1.16345,95.93276,-24.94515,2.6669,-0.37653,0.04445,-0.00973,0.00321,-0.00041,0.47196,36.51963,3.32712,-2.61624,0.947,-0.26093,0.05673,-0.00814,0.00053,,,,,,,,,,,,,,,,,,,,,,,High,High,High,High,Low,,,,v3
