PitchNo,Date,PAofInning,PitchofPA,PitcherId,PitcherThrows,PitcherTeam,BatterId,BatterSide,BatterTeam,Inning,Top/Bottom,Outs,Balls,Strikes,Count,TaggedPitchType,AutoPitchType,PitchCall,KorBB,TaggedHitType,AutoHitType,PlayResult,OutsOnPlay,RunsScored,RelSpeed,VertRelAngle,HorzRelAngle,SpinRate,SpinAxis,Tilt,RelHeight,RelSide,Extension,VertBreak,InducedVertBreak,HorzBreak,PlateLocHeight,PlateLocSide,ZoneSpeed,VertApprAngle,HorzApprAngle,ZoneTime,ExitSpeed,Angle,Direction,HitSpinRate,PositionAt110X,PositionAt110Y,PositionAt110Z,Distance,LastTrackedDistance,Bearing,HangTime,pfxx,pfxz,x0,y0,z0,vx0,vy0,vz0,ax0,ay0,az0,EffectiveVelo,MaxHeight,SpeedDrop,ContactPositionX,ContactPositionY,ContactPositionZ,CatcherId,CatcherThrows,PitchTrajectoryXc0,PitchTrajectoryXc1,PitchTrajectoryXc2,PitchTrajectoryYc0,PitchTrajectoryYc1,PitchTrajectoryYc2,PitchTrajectoryZc0,PitchTrajectoryZc1,PitchTrajectoryZc2,HitSpinAxis,HitTrajectoryXc0,HitTrajectoryXc1,HitTrajectoryXc2,HitTrajectoryXc3,HitTrajectoryXc4,HitTrajectoryXc5,HitTrajectoryXc6,HitTrajectoryXc7,HitTrajectoryXc8,HitTrajectoryYc0,HitTrajectoryYc1,HitTrajectoryYc2,HitTrajectoryYc3,HitTrajectoryYc4,HitTrajectoryYc5,HitTrajectoryYc6,HitTrajectoryYc7,HitTrajectoryYc8,HitTrajectoryZc0,HitTrajectoryZc1,HitTrajectoryZc2,HitTrajectoryZc3,HitTrajectoryZc4,HitTrajectoryZc5,HitTrajectoryZc6,HitTrajectoryZc7,HitTrajectoryZc8,ThrowSpeed,PopTime,ExchangeTime,TimeToBase,CatchPositionX,CatchPositionY,CatchPositionZ,ThrowPositionX,ThrowPositionY,ThrowPositionZ,BasePositionX,BasePositionY,BasePositionZ,ThrowTrajectoryXc0,ThrowTrajectoryXc1,ThrowTrajectoryXc2,ThrowTrajectoryYc0,ThrowTrajectoryYc1,ThrowTrajectoryYc2,ThrowTrajectoryZc0,ThrowTrajectoryZc1,ThrowTrajectoryZc2,PitchReleaseConfidence,PitchLocationConfidence,PitchMovementConfidence,HitLaunchConfidence,HitLandingConfidence,CatcherThrowCatchConfidence,CatcherThrowReleaseConfidence,CatcherThrowLocationConfidence,System
1,11/6/2022,1,1,1000187700,Left,T_B,1000187793,Left,T_A,1,Top,0,0,0,0-0,Fastball,Changeup,FoulBall,Undefined,Undefined,,Undefined,0,0,84.16242,-2.104702,2.190185,2006.376126,147.558946,11:00,6.12923,-1.32228,4.85991,-24.92722,15.97654,-9.3465,2.05752,-0.02714,77.38132,-6.673354,0.544967,0.460313,,,,,,,,,,,,5.18677,8.81544,1.11471,50,5.9009,-4.24768,-121.97987,-5.37752,7.85651,22.79202,-18.82112,81.88439,,6.7811,,,,1000064885,Right,55.63838,-123.02889,11.39601,6.12847,-4.51126,-9.41056,1.31853,-4.60928,3.92826,,,,,,,,,,,,,,,,,,,,,,,,,,,,,,,,,,,,,,,,,,,,,,,,,,,High,High,High,,,,,,v3
2,11/6/2022,1,2,1000187700,Left,T_B,1000187793,Left,T_A,1,Top,0,0,1,0-1,ChangeUp,Changeup,InPlay,Undefined,GroundBall,GroundBall,Single,0,0,74.94999,0.256599,1.788054,1345.915808,107.259465,9:30,5.67724,-1.50638,4.22316,-45.9129,6.81217,-16.74044,2.09701,-1.18861,69.11019,-7.955017,-1.127903,0.522613,94.62157,3.291939,26.634561,1284.505711,,,,71.56488,69.81985,27.466207,0.525639,8.63079,3.63103,1.32905,50,5.65778,-2.69705,-108.6717,-1.19915,10.3688,18.21861,-27.81183,72.12308,3.08741,5.8398,3.1552,2.45877,0.85377,1000064885,Right,56.27782,-109.71911,9.1093,5.68076,0.3998,-13.90592,1.50124,-3.29317,5.1844,,3.16757,123.53153,-16.69952,,,,,,,2.47883,7.45674,-23.22638,,,,,,,0.84926,62.2275,-1.97888,,,,,,,,,,,,,,,,,,,,,,,,,,,,,High,High,High,High,High,,,,v3
3,11/6/2022,2,1,1000187700,Left,T_B,691273,Right,T_A,1,Top,0,0,0,0-0,Fastball,Changeup,BallinDirt,Undefined,Undefined,,Undefined,0,0,81.48051,-5.734633,5.533443,1915.719925,135.662101,10:30,6.36478,-1.2076,5.11204,-29.15691,14.59564,-12.92824,-1.51101,2.94434,75.62675,-10.988256,3.257705,0.476073,,,,,,,,,,,,8.03524,9.14249,0.69598,50,5.79787,-10.85677,-117.2829,-12.82587,11.28073,20.53529,-19.33886,79.17371,,5.85376,,,,1000064885,Right,55.39083,-118.22302,10.26764,6.36478,-11.94052,-9.66943,1.20484,-11.37321,5.64037,,,,,,,,,,,,,,,,,,,,,,,,,,,,,,,,,,,,,,,,,,,,,,,,,,,High,High,High,,,,,,v3
4,11/6/2022,2,2,1000187700,Left,T_B,691273,Right,T_A,1,Top,0,1,0,1-0,ChangeUp,Changeup,InPlay,Undefined,FlyBall,FlyBall,Out,1,0,81.55385,-2.066567,3.494215,1783.376438,140.407234,10:45,6.12856,-1.66729,4.64631,-27.13679,17.07714,-12.91717,1.89895,0.58068,74.61576,-7.029127,1.233018,0.478576,86.95452,37.057826,5.739262,3347.391192,108.57013,73.14482,17.6784,321.19616,319.85155,14.587102,5.164522,7.34772,9.36201,1.32217,50,5.89278,-6.64144,-117.98707,-5.231,10.35773,22.44622,-18.97687,78.75957,91.65653,6.93809,2.45652,2.13185,-0.58185,1000064885,Right,55.85289,-119.09534,11.22311,6.12792,-4.29403,-9.48844,1.66271,-7.15285,5.17886,206.034134,2.46099,101.16747,-20.41059,4.7407,-0.57034,-0.06389,0.03714,-0.00531,0.00026,2.12744,76.93746,-18.36621,0.99908,-0.15471,0.02378,0.00312,-0.00143,0.00011,-0.58279,10.19982,4.56803,-1.69436,0.36978,-0.03791,-0.00185,0.00078,-5.00E-05,,,,,,,,,,,,,,,,,,,,,,,High,High,High,High,High,,,,v3
5,11/6/2022,3,1,1000187700,Left,T_B,1000073511,Right,T_A,1,Top,1,0,0,0-0,ChangeUp,Changeup,InPlay,Undefined,FlyBall,,Out,1,1,75.87578,0.875543,2.763906,1668.220161,153.568063,11:00,5.72032,-1.68921,4.70272,-35.47789,15.88477,-7.00012,3.59596,0.35308,68.66653,-5.638575,1.537326,0.515816,92.66138,44.256543,-33.267068,4519.391779,,,,,300.8942,,,4.30107,8.0167,1.41578,50,5.77832,-5.01278,-109.76153,0.49713,5.19404,21.26014,-22.49295,73.07337,110.06173,7.20925,3.01004,3.78399,-0.32152,1000064885,Right,55.79412,-110.87813,10.63007,5.72119,1.67848,-11.24647,1.68622,-5.28558,2.59702,169.217792,3.01001,81.38832,-21.65922,6.34861,-1.12454,-0.19414,0.2634,-0.09572,0.0131,3.78401,94.84097,-21.66222,1.43759,-0.33499,0.33298,-0.22234,0.07409,-0.0099,-0.32152,-53.39344,10.45786,-2.22098,0.36684,-0.04089,-0.00047,0.00141,-0.00021,,,,,,,,,,,,,,,,,,,,,,,High,High,High,High,Low,,,,v3
6,11/6/2022,4,1,1000187700,Left,T_B,1000058463,Right,T_A,1,Top,2,0,0,0-0,Curveball,Curveball,StrikeCalled,Undefined,Undefined,,Undefined,0,0,65.09497,4.296978,2.030632,1751.470796,346.568138,5:30,5.74151,-1.61216,4.55119,-87.54414,-15.86619,4.46559,2.54665,0.69371,58.532,-11.401789,2.812415,0.609346,,,,,,,,,,,,-1.41126,-8.36953,1.39651,50,6.10684,-3.49412,-93.87395,4.23057,-1.22189,18.14451,-39.42051,61.85717,,6.56297,,,,1000064885,Right,55.94965,-95.01698,9.07226,5.76211,6.71389,-19.71026,1.6142,-3.41715,-0.61094,,,,,,,,,,,,,,,,,,,,,,,,,,,,,,,,,,,,,,,,,,,,,,,,,,,High,High,High,,,,,,v3
7,11/6/2022,4,2,1000187700,Left,T_B,1000058463,Right,T_A,1,Top,2,0,1,0-1,Fastball,Changeup,InPlay,Undefined,LineDrive,GroundBall,Single,0,0,83.86189,-0.792603,2.409432,1850.127538,130.169852,10:15,6.12032,-1.34396,4.90931,-28.66474,12.58548,-13.34453,2.98137,-0.17622,76.72523,-6.045025,0.058658,0.462258,106.77533,0.572832,-7.778141,1718.47759,,,,58.89906,56.95405,-8.138947,0.37957,7.30725,6.81918,1.12039,50,6.01927,-4.53166,-121.57598,-2.7222,10.94089,23.75007,-21.96394,81.53982,3.18181,7.13666,2.23092,3.15963,-0.13184,1000064885,Right,55.59018,-122.66317,11.87504,6.12086,-1.71678,-10.98197,1.3393,-5.03249,5.47044,20.298291,2.23563,154.9898,-19.18363,,,,,,,3.16879,1.24375,-25.33198,,,,,,,-0.13022,-21.25037,-0.99881,,,,,,,,,,,,,,,,,,,,,,,,,,,,,High,High,High,High,High,,,,v3
8,11/6/2022,5,1,1000187700,Left,T_B,1000187798,Right,T_A,1,Top,2,0,0,0-0,Curveball,Curveball,HitByPitch,Undefined,Undefined,GroundBall,Undefined,0,0,65.31251,1.441721,3.22502,2120.185085,309.682661,4:15,5.84005,-1.69282,4.48195,-80.67296,-9.92953,15.07013,0.49387,2.64002,59.7625,-12.898375,5.860089,0.605361,18.94993,15.162251,56.530755,2938.966562,,,,12.86555,12.86555,41.85617,0.512283,-6.38638,-5.02488,1.33753,50,5.91358,-5.84131,-94.39939,-0.14718,-5.62248,17.63131,-36.59787,62.2644,1.32817,5.55,,,,1000064885,Right,56.02122,-95.51738,8.81566,5.84933,2.17345,-18.29893,1.69662,-5.4848,-2.81124,179.762629,2.17618,14.79408,-0.81333,0.35195,-0.096,0.01116,-0.00841,0.0133,-0.00272,0.51863,7.2694,-16.42796,0.56633,-0.13056,0.03492,-0.00275,0.03978,-0.02292,-2.62344,22.3775,-1.2305,0.58129,-0.1659,0.02338,-0.01676,0.02497,-0.00467,,,,,,,,,,,,,,,,,,,,,,,High,High,High,High,High,,,,v3
9,11/6/2022,6,1,1000187700,Left,T_B,1000066765,Right,T_A,1,Top,2,0,0,0-0,Fastball,Changeup,StrikeCalled,Undefined,Undefined,,Undefined,0,0,82.7735,-1.816744,2.245582,1892.694984,138.551922,10:30,6.28219,-1.07686,4.78623,-27.82942,14.43568,-11.62544,2.23929,0.08377,76.3635,-6.886565,0.201553,0.46791,,,,,,,,,,,,6.31587,7.94937,0.86333,50,6.07678,-4.19768,-120.02709,-4.81957,9.28974,21.43486,-20.48166,80.55489,,6.41,,,,1000064885,Right,55.71326,-121.04308,10.71743,6.28222,-3.84876,-10.24083,1.07273,-4.63801,4.64487,,,,,,,,,,,,,,,,,,,,,,,,,,,,,,,,,,,,,,,,,,,,,,,,,,,High,High,High,,,,,,v3
10,11/6/2022,6,2,1000187700,Left,T_B,1000066765,Right,T_A,1,Top,2,0,1,0-1,ChangeUp,Changeup,StrikeSwinging,Undefined,Undefined,,Undefined,0,0,74.88685,0.382076,2.808931,1648.885779,146.107265,10:45,5.82383,-1.75634,4.51792,-36.95585,15.42485,-9.26457,3.10853,0.14916,68.73959,-6.327257,1.190499,0.520903,,,,,,,,,,,,5.25929,7.8891,1.47191,50,5.82943,-4.94013,-108.47277,-0.54316,6.2944,18.17677,-22.73226,72.35976,,6.14727,,,,1000064885,Right,55.9796,-109.47018,9.08838,5.82501,0.70423,-11.36613,1.75246,-5.28552,3.1472,,,,,,,,,,,,,,,,,,,,,,,,,,,,,,,,,,,,,,,,,,,,,,,,,,,High,High,High,,,,,,v3
11,11/6/2022,6,3,1000187700,Left,T_B,1000066765,Right,T_A,1,Top,2,0,2,0-2,ChangeUp,Changeup,StrikeSwinging,Strikeout,Undefined,,Undefined,0,0,74.00749,-0.323428,1.067715,1375.900542,136.129266,10:30,5.74501,-2.0319,4.50799,-40.38746,13.21213,-11.08453,2.07123,-1.93834,68.09894,-7.622715,-0.872906,0.526929,,,,,,,,,,,,5.68611,7.0187,1.93135,50,5.67326,-1.54767,-107.30145,-1.99627,6.65076,18.00284,-23.96459,71.53228,,5.90856,,,,1000064885,Right,55.98968,-108.30173,9.00142,5.74719,-0.66475,-11.98229,2.02761,-1.9172,3.32538,,,,,,,,,,,,,,,,,,,,,,,,,,,,,,,,,,,,,,,,,,,,,,,,,,,High,High,High,,,,,,v3
12,11/6/2022,1,1,1000103199,Right,T_A,8886045,Left,T_B,1,Bottom,0,0,0,0-0,ChangeUp,Changeup,BallCalled,Undefined,Undefined,,Undefined,0,0,80.46768,-1.730312,-3.637845,1368.159596,256.884621,2:30,5.36363,1.61615,6.40326,-37.08593,5.53941,17.68973,0.67832,-0.25942,73.67438,-8.635932,-0.432763,0.4699,,,,,,,,,,,,-10.33052,3.82051,-1.363,50,5.22257,6.7977,-116.72768,-4.59848,-14.17049,23.16136,-26.93342,80.21375,,6.7933,,,,1000187893,Left,54.09678,-117.53776,11.58068,5.36693,-3.65647,-13.46671,-1.60942,7.29332,-7.08524,,,,,,,,,,,,,,,,,,,,,,,,,,,,,,,,,,,,,,,,,,,,,,,,,,,High,High,High,,,,,,v3
13,11/6/2022,1,2,1000103199,Right,T_A,8886045,Left,T_B,1,Bottom,0,1,0,1-0,Fastball,Changeup,BallCalled,Undefined,Undefined,,Undefined,0,0,87.78271,-0.877768,-3.275824,1806.007156,221.050742,1:15,5.62862,1.28954,5.86787,-22.95572,13.42327,10.67304,2.89888,-0.86728,80.16984,-5.181805,-1.364884,0.434107,,,,,,,,,,,,-6.35347,7.46059,-1.03016,50,5.54412,6.83764,-127.31246,-2.68264,-10.42446,26.2146,-19.93303,86.8275,,7.61287,,,,1000187893,Left,54.62997,-128.26226,13.1073,5.62824,-1.96043,-9.96652,-1.28474,7.21533,-5.21223,,,,,,,,,,,,,,,,,,,,,,,,,,,,,,,,,,,,,,,,,,,,,,,,,,,High,High,High,,,,,,v3
14,11/6/2022,1,3,1000103199,Right,T_A,8886045,Left,T_B,1,Bottom,0,2,0,2-0,Fastball,Changeup,InPlay,Undefined,GroundBall,GroundBall,Out,1,0,87.40425,-0.829237,-3.084587,1824.643729,220.398726,1:15,5.50181,1.64306,6.03381,-24.08954,12.43068,9.56642,2.7253,-0.41885,79.71583,-5.353749,-1.36591,0.434949,78.13658,-12.18748,-36.396281,,,,,13.05918,12.74569,-30.108191,0.107315,-5.83937,6.99292,-1.40729,50,5.42393,6.45118,-126.81902,-2.58589,-9.47879,26.7261,-20.82272,86.65948,2.67782,7.68843,1.96149,2.67782,0.59023,1000187893,Left,54.46534,-127.75659,13.36305,5.50183,-1.85542,-10.41136,-1.63944,6.7837,-4.7394,92.069785,1.96192,90.11303,-29.13784,,,,,,,2.67781,-24.19218,-7.09458,,,,,,,0.5904,-66.48816,-0.55102,,,,,,,,,,,,,,,,,,,,,,,,,,,,,High,High,High,Low,Low,,,,v3
15,11/6/2022,2,1,1000103199,Right,T_A,1000110361,Right,T_B,1,Bottom,1,0,0,0-0,Fastball,Four-Seam,FoulBall,Undefined,Undefined,,Undefined,0,0,88.23757,-1.295728,-2.184378,1808.361619,195.450257,12:30,5.66262,1.38927,5.99358,-15.7206,20.41438,5.29174,3.15073,-0.19502,79.78044,-4.333848,-1.233879,0.432648,,,,,,,,,,,,-3.40134,11.26721,-1.22004,50,5.55192,4.66194,-127.96738,-3.3083,-5.57698,29.16671,-13.69986,87.12025,,8.45713,,,,1000187893,Left,54.5035,-128.98975,14.58335,5.65947,-2.82809,-6.84993,-1.38688,4.85743,-2.78849,,,,,,,,,,,,,,,,,,,,,,,,,,,,,,,,,,,,,,,,,,,,,,,,,,,High,High,High,,,,,,v3
16,11/6/2022,2,2,1000103199,Right,T_A,1000110361,Right,T_B,1,Bottom,1,0,1,0-1,Fastball,Four-Seam,BallCalled,Undefined,Undefined,,Undefined,0,0,89.00717,-0.997618,-2.527132,1758.856898,184.116363,12:15,5.99927,0.9488,5.52024,-19.14698,16.94501,1.13059,3.46994,-1.32131,80.69109,-4.610516,-2.325952,0.432391,,,,,,,,,,,,-1.32705,9.20355,-0.72948,50,5.89987,5.64124,-128.9687,-2.8577,-2.21781,28.75742,-16.7927,87.17207,,8.31608,,,,1000187893,Left,54.97546,-130.07339,14.37871,5.99725,-2.21261,-8.39635,-0.94782,5.72644,-1.1089,,,,,,,,,,,,,,,,,,,,,,,,,,,,,,,,,,,,,,,,,,,,,,,,,,,High,High,High,,,,,,v3
17,11/6/2022,2,3,1000103199,Right,T_A,1000110361,Right,T_B,1,Bottom,1,1,1,1-1,Slider,Curveball,FoulBall,Undefined,Undefined,GroundBall,Undefined,0,0,79.2603,0.294364,-0.724271,1925.248211,85.323966,8:45,5.72655,1.47303,5.07565,-45.81459,0.6948,-11.73847,2.1862,-0.18801,71.86077,-8.044291,-2.801871,0.490842,68.77188,-26.073128,-62.853708,,,,,6.63564,3.33961,-37.332849,0.053206,5.63496,0.675,-1.39449,50,5.71831,1.93366,-114.86346,-1.03122,7.40692,24.47466,-31.28681,76.79138,2.36708,7.39952,3.06897,2.36708,0.28052,1000187893,Left,55.42309,-116.01324,12.23733,5.73223,0.43858,-15.64341,-1.47716,1.5857,3.70346,,3.06772,41.48402,,,,,,,,2.36842,-44.48892,,,,,,,,0.28296,-80.90562,,,,,,,,,,,,,,,,,,,,,,,,,,,,,,High,High,High,Low,Low,,,,v3
18,11/6/2022,2,4,1000103199,Right,T_A,1000110361,Right,T_B,1,Bottom,1,1,2,1-2,Slider,Curveball,BallinDirt,Undefined,Undefined,,Undefined,0,0,80.54301,-2.583747,-2.196053,2096.856812,72.80341,8:30,5.82557,1.32756,5.54934,-49.00089,-4.59032,-19.7634,-0.67566,-2.37253,73.83208,-11.426945,-5.728188,0.479639,,,,,,,,,,,,9.4243,-1.15323,-1.12365,50,5.56897,5.23036,-116.68428,-6.92687,12.75193,25.75679,-33.73449,78.585,,6.71093,,,,1000187893,Left,54.95235,-117.77239,12.8784,5.8315,-5.50175,-16.86725,-1.33322,4.69165,6.37596,,,,,,,,,,,,,,,,,,,,,,,,,,,,,,,,,,,,,,,,,,,,,,,,,,,High,High,High,,,,,,v3
19,11/6/2022,2,5,1000103199,Right,T_A,1000110361,Right,T_B,1,Bottom,1,2,2,2-2,Fastball,Four-Seam,BallCalled,Undefined,Undefined,,Undefined,0,0,89.91929,0.812277,-1.699675,1842.884785,201.269442,12:45,5.75144,1.37112,5.88326,-18.72737,15.85591,5.74859,4.94552,0.27133,81.93501,-2.738883,-0.668945,0.423257,,,,,,,,,,,,-3.38992,8.19615,-1.23711,50,5.80616,3.62228,-130.54048,1.28207,-5.84786,27.5523,-18.03518,89.05324,,7.98428,,,,1000187893,Left,54.61315,-131.51055,13.77615,5.74985,1.91705,-9.01759,-1.36827,3.82817,-2.92393,,,,,,,,,,,,,,,,,,,,,,,,,,,,,,,,,,,,,,,,,,,,,,,,,,,High,High,High,,,,,,v3
20,11/6/2022,2,6,1000103199,Right,T_A,1000110361,Right,T_B,1,Bottom,1,3,2,3-2,Fastball,Four-Seam,BallCalled,Walk,Undefined,,Undefined,0,0,90.46694,-0.009422,-0.842276,1780.115829,194.935824,12:30,5.81959,1.21537,5.57303,-18.81517,15.79981,3.91622,4.24285,0.75494,82.34312,-3.55725,-0.143684,0.423451,,,,,,,,,,,,-2.21004,8.31729,-1.14542,50,5.80665,1.7529,-131.30689,-0.6342,-3.84927,28.41992,-17.68754,89.01246,,8.12382,,,,1000187893,Left,54.92353,-132.36824,14.20996,5.818,0.02635,-8.84377,-1.21356,1.89665,-1.92464,,,,,,,,,,,,,,,,,,,,,,,,,,,,,,,,,,,,,,,,,,,,,,,,,,,High,High,High,,,,,,v3
21,11/6/2022,3,1,1000103199,Right,T_A,1000079407,Left,T_B,1,Bottom,1,0,0,0-0,Fastball,Four-Seam,StrikeCalled,Undefined,Undefined,,Undefined,0,0,88.58303,-0.892178,-1.108774,1774.982779,199.021398,12:45,5.71469,1.39183,5.59868,-21.82344,14.25115,4.50906,3.06291,0.7323,80.7787,-4.977099,-0.303848,0.432287,,,,,,,,,,,,-2.58965,7.818,-1.29979,50,5.62428,2.28961,-128.55951,-2.72473,-4.32405,27.22247,-19.11998,87.19308,,7.80432,,,,1000187893,Left,54.89818,-129.59255,13.61124,5.71391,-1.99916,-9.55999,-1.38978,2.4537,-2.16202,,,,,,,,,,,,,,,,,,,,,,,,,,,,,,,,,,,,,,,,,,,,,,,,,,,High,High,High,,,,,,v3
22,11/6/2022,3,2,1000103199,Right,T_A,1000079407,Left,T_B,1,Bottom,1,0,1,0-1,Fastball,Four-Seam,InPlay,Undefined,GroundBall,GroundBall,Out,1,0,90.04541,-3.134323,-1.783676,1792.25485,196.5505,12:30,5.76768,1.34093,5.54802,-21.09867,13.873,3.79118,1.07613,-0.0105,82.58534,-7.049877,-1.107495,0.425627,55.61032,-29.371207,57.028685,,,,,4.00894,2.85214,25.175964,0.028778,-2.4252,8.22819,-1.18915,50,5.48223,3.90052,-130.5382,-7.87374,-4.18727,27.31753,-17.96748,88.55735,1.15429,7.46007,2.51195,1.15429,-0.01523,1000187893,Left,54.95138,-131.57029,13.65876,5.76688,-7.19491,-8.98374,-1.3395,4.05872,-2.09364,,2.51147,38.78555,,,,,,,,1.15479,-40.11042,,,,,,,,-0.01596,59.79002,,,,,,,,,,,,,,,,,,,,,,,,,,,,,,High,High,High,Low,Low,,,,v3
23,11/6/2022,4,1,1000103199,Right,T_A,1000064785,Right,T_B,1,Bottom,2,0,0,0-0,Fastball,Four-Seam,BallCalled,Undefined,Undefined,,Undefined,0,0,90.43591,-1.505871,-2.701311,1811.953184,187.497536,12:15,5.9592,0.99085,5.66911,-18.99745,15.7395,1.9165,2.97016,-1.36994,82.13749,-5.087652,-2.35937,0.424197,,,,,,,,,,,,-1.77087,8.77713,-0.76381,50,5.8201,6.09762,-131.0538,-4.05692,-3.05969,29.38648,-17.00899,88.85608,,8.29842,,,,1000187893,Left,54.82715,-132.13177,14.69324,5.95747,-3.43299,-8.5045,-0.98954,6.20986,-1.52985,,,,,,,,,,,,,,,,,,,,,,,,,,,,,79.62787,1.469019,0.650342,0.818677,-0.84318,2.76526,1.46277,-1.9707,5.8527,-2.9833,66.2447,5.64022,-58.53842,-1.94908,86.68246,-4.11822,5.88621,10.39021,-13.03259,-3.09886,-75.90071,9.90956,High,High,High,,,High,High,High,v3
24,11/6/2022,4,2,1000103199,Right,T_A,1000064785,Right,T_B,1,Bottom,2,1,0,1-0,ChangeUp,Changeup,InPlay,Undefined,LineDrive,LineDrive,Single,0,1,82.84717,-0.965561,-2.209121,1447.653758,228.625968,1:30,5.42377,1.53902,6.25035,-31.10557,9.24642,8.98304,1.94043,0.24929,75.62469,-6.787551,-0.585735,0.457197,94.09516,15.88199,25.213641,4207.723125,96.18594,23.14219,53.3689,255.07817,255.07817,35.720078,2.603468,-5.3402,5.47272,-1.37921,50,5.33668,4.30959,-120.30369,-2.9458,-7.77919,24.65053,-24.20182,82.44238,24.40621,7.22248,1.8543,2.05114,-0.29765,1000187893,Left,54.24863,-121.17112,12.32527,5.42535,-2.09416,-12.10091,-1.53568,4.58333,-3.88959,245.276398,1.8543,120.09131,-23.68266,4.77485,-1.02469,0.19694,-0.03347,0.00406,-0.00024,2.05114,37.76623,-17.27765,1.31143,-0.2153,0.03923,-0.0054,0.00075,-7.00E-05,-0.29765,56.54576,2.44014,-1.62716,0.53182,-0.13375,0.02521,-0.00304,0.00017,,,,,,,,,,,,,,,,,,,,,,,High,High,High,High,High,,,,v3
25,11/6/2022,5,1,1000103199,Right,T_A,1000102964,Right,T_B,1,Bottom,2,0,0,0-0,Fastball,Four-Seam,StrikeCalled,Undefined,Undefined,,Undefined,0,0,88.61223,-2.083891,-2.955979,1861.196561,210.131858,1:00,5.8636,1.16696,5.5997,-20.63261,15.52076,8.31737,2.19528,-0.90203,80.85956,-5.947145,-1.473529,0.432759,,,,,,,,,,,,-5.04264,8.80516,-0.91905,50,5.67163,6.26648,-128.40301,-5.34948,-8.40177,27.08828,-17.50338,87.09809,,7.75267,,,,1000187893,Left,54.89781,-129.43214,13.54414,5.86223,-4.68449,-8.75169,-1.16319,6.58568,-4.20088,,,,,,,,,,,,,,,,,,,,,,,,,,,,,,,,,,,,,,,,,,,,,,,,,,,High,High,High,,,,,,v3
26,11/6/2022,5,2,1000103199,Right,T_A,1000102964,Right,T_B,1,Bottom,2,0,1,0-1,Fastball,Four-Seam,StrikeCalled,Undefined,Undefined,,Undefined,0,0,89.63454,-2.47555,-2.743172,1897.485521,201.267543,12:45,5.95779,1.13653,5.54324,-20.64178,14.5767,5.24717,1.91998,-0.99186,82.30532,-6.314352,-1.808669,0.427127,,,,,,,,,,,,-3.39248,8.37036,-0.9023,50,5.72943,5.99642,-129.9488,-6.32277,-5.82246,26.28744,-17.80818,88.24649,,7.32922,,,,1000187893,Left,54.95553,-130.94743,13.14372,5.95677,-5.64626,-8.90409,-1.13429,6.21761,-2.91123,,,,,,,,,,,,,,,,,,,,,,,,,,,,,,,,,,,,,,,,,,,,,,,,,,,High,High,High,,,,,,v3
27,11/6/2022,5,3,1000103199,Right,T_A,1000102964,Right,T_B,1,Bottom,2,0,2,0-2,Fastball,Four-Seam,BallCalled,Undefined,Undefined,,Undefined,0,0,90.18133,0.341763,-2.772133,1931.3765,201.05228,12:45,5.80972,1.12021,5.46919,-20.15344,14.76166,5.26201,4.45049,-1.03764,82.32595,-3.43046,-1.837055,0.425283,,,,,,,,,,,,-3.40351,7.6687,-0.87996,50,5.82628,6.09486,-130.79347,0.09722,-5.90466,27.19617,-18.86985,88.62909,,7.85537,,,,1000187893,Left,55.02839,-131.83489,13.59808,5.80872,0.8198,-9.43492,-1.11768,6.32097,-2.95233,,,,,,,,,,,,,,,,,,,,,,,,,,,,,,,,,,,,,,,,,,,,,,,,,,,High,High,High,,,,,,v3
28,11/6/2022,5,4,1000103199,Right,T_A,1000102964,Right,T_B,1,Bottom,2,1,2,1-2,Slider,Curveball,BallinDirt,Undefined,Undefined,,Undefined,0,0,80.06395,-2.869889,-2.509895,2171.281685,78.598302,8:30,5.78683,1.50313,5.43083,-47.67192,-2.40551,-19.78796,-0.8784,-2.49796,73.28961,-11.456368,-6.035958,0.484239,,,,,,,,,,,,9.28461,0.08835,-1.26609,50,5.49887,5.84203,-115.88215,-7.43341,12.37131,25.71519,-32.05632,77.83858,,6.77434,,,,1000187893,Left,55.07035,-117.00189,12.85759,5.79217,-6.03755,-16.02816,-1.50874,5.30333,6.18566,,,,,,,,,,,,,,,,,,,,,,,,,,,,,81.83537,,,1.196265,,,,0.17286,5.7961,2.01248,127.27951,1.56207,0.54599,0.32864,117.93751,-9.89875,5.78482,8.43561,-10.00087,1.94509,-5.13489,3.32438,High,High,High,,,High,High,High,v3
29,11/6/2022,5,5,1000103199,Right,T_A,1000102964,Right,T_B,1,Bottom,2,2,2,2-2,Slider,Slider,FoulBall,Undefined,Undefined,,Undefined,0,0,79.40749,-0.365726,-1.556938,2105.3276,101.860758,9:30,5.58501,1.58795,5.44058,-40.67364,4.45583,-14.49831,1.85296,-1.07846,73.00173,-7.793776,-4.137527,0.483506,,,,,,,,,,,,6.9341,2.72398,-1.43967,50,5.52443,3.6932,-115.28322,-2.08859,9.30575,21.98833,-28.51838,77.95655,,6.40577,,,,1000187893,Left,55.06005,-116.24434,10.99417,5.58847,-0.84204,-14.25919,-1.5922,3.28644,4.65287,,,,,,,,,,,,,,,,,,,,,,,,,,,,,,,,,,,,,,,,,,,,,,,,,,,High,High,High,,,,,,v3
30,11/6/2022,5,6,1000103199,Right,T_A,1000102964,Right,T_B,1,Bottom,2,2,2,2-2,Slider,Slider,FoulBall,Undefined,Undefined,,Undefined,0,0,78.49301,-1.287126,-0.853131,2105.280933,82.208276,8:45,5.64977,1.67768,5.32405,-46.08483,0.25984,-8.6602,0.6012,0.15537,72.44747,-9.635462,-2.395097,0.489972,,,,,,,,,,,,4.145,0.86559,-1.5939,50,5.49976,2.03201,-113.95353,-4.12714,5.44115,21.26743,-31.03776,76.92772,,6.04554,,,,1000187893,Left,55.17677,-114.91562,10.63371,5.6547,-2.72306,-15.51888,-1.68026,1.78587,2.72058,,,,,,,,,,,,,,,,,,,,,,,,,,,,,,,,,,,,,,,,,,,,,,,,,,,High,High,High,,,,,,v3
31,11/6/2022,5,7,1000103199,Right,T_A,1000102964,Right,T_B,1,Bottom,2,2,2,2-2,Fastball,Four-Seam,StrikeSwinging,Strikeout,Undefined,,Undefined,0,0,91.12603,-1.374559,-2.806257,1805.243848,209.258158,1:00,5.95654,1.16416,5.63525,-20.11119,13.70135,7.10894,2.99641,-0.86366,83.79118,-5.124567,-1.538331,0.418514,,,,,,,,,,,,-4.32193,7.6154,-0.92996,50,5.8267,6.16569,-132.24331,-3.86084,-7.70789,26.32856,-18.59251,90.06245,,7.33485,,,,1000187893,Left,54.86335,-133.20805,13.16428,5.95569,-3.17957,-9.29626,-1.16106,6.44812,-3.85395,,,,,,,,,,,,,,,,,,,,,,,,,,,,,,,,,,,,,,,,,,,,,,,,,,,High,High,High,,,,,,v3
32,11/6/2022,1,1,1000187700,Left,T_B,1000069979,Right,T_A,2,Top,0,1,0,1-0,Fastball,Changeup,BallCalled,Undefined,Undefined,,Undefined,0,0,83.80356,-0.37894,0.802499,2100.393266,146.910629,11:00,6.24304,-1.35281,4.68069,-23.07269,18.70036,-11.28469,3.96043,-1.53108,76.25796,-4.651887,-1.177789,0.465178,,,,,,,,,,,,5.75032,9.66465,1.28202,50,6.1847,-1.1846,-121.45724,-1.61294,8.56309,24.47598,-17.78185,81.02794,,7.5456,,,,8886145,Right,55.81621,-122.62372,12.23799,6.24137,-0.76549,-8.89093,1.3482,-1.5927,4.28155,,,,,,,,,,,,,,,,,,,,,,,,,,,,,,,,,,,,,,,,,,,,,,,,,,,High,High,High,,,,,,v3
33,11/6/2022,1,2,1000187700,Left,T_B,1000069979,Right,T_A,2,Top,0,2,0,2-0,Fastball,Changeup,InPlay,Undefined,FlyBall,FlyBall,Double,0,0,81.7454,-0.976584,1.165705,1920.239179,126.794148,10:15,6.24723,-1.23065,4.46095,-32.11592,11.79473,-13.97517,2.63949,-1.28364,75.24424,-6.78189,-1.278845,0.476932,92.95132,29.608459,11.949971,3934.811904,105.51922,57.42225,31.0736,345.44494,325.52237,24.234818,4.925512,7.17229,6.375,1.12221,50,6.11355,-1.79393,-118.56894,-3.2412,10.26105,21.61584,-23.05364,79.03108,77.86135,6.50117,2.86103,2.89259,1.24951,8886145,Right,56.03935,-119.66488,10.80792,6.24825,-2.07236,-11.52682,1.22635,-2.31417,5.13053,214.0528,2.86461,115.88708,-24.43141,5.55895,-0.89033,0.06317,0.00356,-0.00054,-1.00E-05,2.89209,67.35499,-15.90182,-0.04798,0.41426,-0.19594,0.05462,-0.00779,0.00043,1.24924,24.54524,4.55945,-2.18826,0.65681,-0.14309,0.02258,-0.00227,0.0001,,,,,,,,,,,,,,,,,,,,,,,High,High,High,High,High,,,,v3
34,11/6/2022,2,1,1000187700,Left,T_B,1000103136,Right,T_A,2,Top,0,0,0,0-0,Curveball,Curveball,StrikeCalled,Undefined,Undefined,,Undefined,0,0,66.97812,3.591937,-0.083898,2020.001246,321.543575,4:45,5.73238,-1.9387,3.9368,-80.36004,-12.3391,11.68721,2.49787,-1.04552,61.03809,-10.636172,1.942174,0.593599,,,,,,,,,,,,-5.5778,-6.31284,1.93403,50,6.0533,-0.32084,-96.79683,3.24345,-5.22174,16.98332,-38.08387,63.4982,,5.94003,,,,8886145,Right,56.56547,-97.94199,8.49166,5.74803,5.81139,-19.04194,1.94379,0.03125,-2.61087,,,,,,,,,,,,,,,,,,,,,,,,,,,,,,,,,,,,,,,,,,,,,,,,,,,High,High,High,,,,,,v3
35,11/6/2022,2,2,1000187700,Left,T_B,1000103136,Right,T_A,2,Top,0,0,1,0-1,Curveball,Curveball,StrikeCalled,Undefined,Undefined,,Undefined,0,0,66.44838,3.347708,1.427585,1934.155675,310.073317,4:15,5.69601,-1.79948,4.22968,-77.66536,-9.54819,14.04859,2.43396,0.73843,60.87321,-10.46075,3.872829,0.594018,,,,,,,,,,,,-6.30555,-4.92299,1.62741,50,5.98231,-2.93141,-96.1072,2.99874,-5.84151,16.21697,-36.73474,63.45335,,5.57517,,,,8886145,Right,56.27244,-97.15984,8.10849,5.71028,5.38318,-18.36737,1.80538,-2.55224,-2.92075,,,,,,,,,,,,,,,,,,,,,,,,,,,,,,,,,,,,,,,,,,,,,,,,,,,High,High,High,,,,,,v3
36,11/6/2022,2,3,1000187700,Left,T_B,1000103136,Right,T_A,2,Top,0,0,2,0-2,Curveball,Curveball,BallCalled,Undefined,Undefined,,Undefined,0,0,65.45545,4.040906,1.681115,1961.477201,311.142066,4:15,5.8332,-1.74767,3.92816,-79.24945,-8.66056,12.43497,3.12763,0.90755,60.25362,-9.960418,3.83083,0.6047,,,,,,,,,,,,-5.51473,-4.82103,1.53924,50,6.20729,-3.24344,-94.63442,4.00207,-4.99196,14.68665,-36.53806,62.33251,,5.20183,,,,8886145,Right,56.57553,-95.64945,7.34333,5.84344,6.52732,-18.26903,1.75148,-2.89844,-2.49598,,,,,,,,,,,,,,,,,,,,,,,,,,,,,,,,,,,,,,,,,,,,,,,,,,,High,High,High,,,,,,v3
37,11/6/2022,2,4,1000187700,Left,T_B,1000103136,Right,T_A,2,Top,0,1,2,1-2,ChangeUp,Changeup,BallCalled,Undefined,Undefined,,Undefined,0,0,75.69247,0.714045,2.058956,1682.131424,116.442871,10:00,5.61266,-1.96631,4.49066,-41.39998,9.81697,-16.58339,2.84358,-1.38535,69.59927,-6.760008,-0.840839,0.515084,,,,,,,,,,,,8.61347,5.04961,1.76698,50,5.64839,-3.25164,-109.73549,-0.10932,10.55563,18.50735,-25.98584,73.17724,,6.09321,,,,8886145,Right,56.00845,-110.74421,9.25367,5.61575,1.307,-12.99292,1.95989,-3.82696,5.27781,,,,,,,,,,,,,,,,,,,,,,,,,,,,,,,,,,,,,,,,,,,,,,,,,,,High,High,High,,,,,,v3
38,11/6/2022,2,5,1000187700,Left,T_B,1000103136,Right,T_A,2,Top,0,2,2,2-2,Curveball,Curveball,BallCalled,Undefined,Undefined,,Undefined,0,0,65.00188,5.835026,-1.407319,1732.098983,325.803274,4:45,5.62435,-2.07008,4.28334,-83.78792,-12.49568,10.10619,4.24464,-2.57435,59.15375,-9.093369,0.349407,0.607705,,,,,,,,,,,,-5.24075,-6.95028,2.21185,50,6.17416,1.92135,-93.7467,6.80614,-4.63461,15.00167,-38.32048,62.02426,,5.84814,,,,8886145,Right,56.21979,-94.73679,7.50084,5.64151,9.33522,-19.16024,2.07495,2.22722,-2.3173,,,,,,,,,,,,,,,,,,,,,,,,,,,,,,,,,,,,,,,,,,,,,,,,,,,High,High,High,,,,,,v3
39,11/6/2022,2,6,1000187700,Left,T_B,1000103136,Right,T_A,2,Top,0,3,2,3-2,Curveball,Curveball,BallCalled,Walk,Undefined,,Undefined,0,0,64.20662,3.555209,1.906946,1974.949042,306.750683,4:15,5.52825,-1.93945,3.99841,-83.07749,-9.90032,16.30257,2.02986,1.25336,59.33726,-11.105399,4.730376,0.615686,,,,,,,,,,,,-7.36075,-5.35634,1.70304,50,5.8394,-3.68266,-92.88853,3.04036,-6.40946,14.35104,-36.83816,61.22025,,4.86936,,,,8886145,Right,56.50633,-93.88836,7.17552,5.53818,5.60686,-18.41908,1.94406,-3.23612,-3.20473,,,,,,,,,,,,,,,,,,,,,,,,,,,,,,,,,,,,,,,,,,,,,,,,,,,High,High,High,,,,,,v3
40,11/6/2022,3,1,1000187700,Left,T_B,1000180386,Right,T_A,2,Top,0,0,0,0-0,Curveball,Curveball,BallCalled,Undefined,Undefined,,Undefined,0,0,65.07344,4.735233,-1.307082,1755.872355,323.917316,4:45,5.66561,-1.88527,3.98716,-82.6613,-10.92977,9.71367,3.34276,-2.33307,59.40984,-9.914849,0.375019,0.609574,,,,,,,,,,,,-5.00933,-5.92288,2.02228,50,6.11282,1.77207,-93.95804,4.97637,-4.44723,15.15069,-37.43231,61.83406,,5.6636,,,,8886145,Right,56.51556,-95.00286,7.57534,5.68063,7.55778,-18.71615,1.8895,2.07876,-2.22362,,,,,,,,,,,,,,,,,,,,,,,,,,,,,,,,,,,,,,,,,,,,,,,,,,,High,High,High,,,,,,v3
41,11/6/2022,3,2,1000187700,Left,T_B,1000180386,Right,T_A,2,Top,0,1,0,1-0,Fastball,Changeup,BallCalled,Undefined,Undefined,,Undefined,0,0,83.7057,0.758968,0.679171,2074.417481,154.191332,11:15,6.06588,-1.51344,5.07022,-24.61096,16.28733,-7.28563,4.73063,-1.4802,76.77016,-3.796798,-0.608265,0.460282,,,,,,,,,,,,3.79555,8.26197,1.45503,50,6.11888,-1.12279,-121.50703,0.76764,5.70824,22.47749,-19.74861,81.88986,,6.93554,,,,8886145,Right,55.42782,-122.50701,11.23875,6.06519,1.64622,-9.8743,1.51063,-1.37674,2.85412,,,,,,,,,,,,,,,,,,,,,,,,,,,,,,,,,,,,,,,,,,,,,,,,,,,High,High,High,,,,,,v3
42,11/6/2022,3,3,1000187700,Left,T_B,1000180386,Right,T_A,2,Top,0,2,0,2-0,Fastball,Changeup,BallCalled,Undefined,Undefined,,Undefined,0,0,83.49429,-0.80454,1.179296,1949.746849,136.491879,10:30,6.01764,-1.44759,4.75913,-27.26194,14.41087,-12.45619,2.98269,-1.36718,76.63391,-5.792205,-1.01058,0.46462,,,,,,,,,,,,6.43303,7.67941,1.34086,50,5.9135,-1.93378,-121.11606,-2.69641,9.5957,22.72605,-20.7192,81.12531,,6.86038,,,,8886145,Right,55.7392,-122.18821,11.36302,6.01765,-1.71894,-10.3596,1.44277,-2.38648,4.79785,,,,,,,,,,,,,,,,,,,,,,,,,,,,,,,,,,,,,,,,,,,,,,,,,,,High,High,High,,,,,,v3
43,11/6/2022,3,4,1000187700,Left,T_B,1000180386,Right,T_A,2,Top,0,3,0,3-0,Fastball,Changeup,FoulBall,Undefined,Undefined,,Undefined,0,0,83.61089,-0.533472,1.824669,1958.384758,124.108962,10:15,5.91505,-1.49087,4.84406,-31.34053,9.89957,-12.83103,2.79799,-0.83199,77.14154,-6.230175,-0.434387,0.462201,71.27865,52.813965,158.14067,4092.114053,,,,,52.35932,,,6.89611,5.34859,1.32235,50,5.83559,-3.31737,-121.38457,-2.29561,10.37215,21.9609,-24.12948,81.54983,55.98805,6.46935,3.82815,2.89026,0.71796,8886145,Right,55.65763,-122.40387,10.98045,5.91615,-1.17566,-12.06474,1.4875,-3.79878,5.18607,353.173753,3.82815,-58.64266,0.51354,1.01515,-0.28645,-0.06787,0.21037,-0.15678,0.04357,2.89026,83.28607,-30.02022,3.95492,-0.78801,0.0022,0.19137,-0.14733,0.04078,0.71796,23.52582,-1.78576,0.64287,-0.13975,-0.02648,0.08254,-0.06121,0.01692,,,,,,,,,,,,,,,,,,,,,,,High,High,High,High,Low,,,,v3
44,11/6/2022,3,5,1000187700,Left,T_B,1000180386,Right,T_A,2,Top,0,3,1,3-1,Fastball,Changeup,BallCalled,Walk,Undefined,,Undefined,0,1,84.30352,0.519331,0.021011,1951.626538,158.300013,11:15,6.08891,-1.46608,4.9383,-22.03383,18.7706,-6.94768,4.74361,-2.0252,76.7711,-3.587676,-1.203701,0.459753,,,,,,,,,,,,3.43776,9.51473,1.47011,50,6.12193,0.26627,-122.25982,0.36465,5.19588,24.42625,-17.79334,81.98402,,7.53242,,,,8886145,Right,55.55867,-123.36539,12.21312,6.0872,1.17,-8.89667,1.46338,0.0311,2.59794,,,,,,,,,,,,,,,,,,,,,,,,,,,,,,,,,,,,,,,,,,,,,,,,,,,High,High,High,,,,,,v3
45,11/6/2022,4,1,1000187700,Left,T_B,1000187793,Left,T_A,2,Top,0,0,0,0-0,Curveball,Curveball,BallCalled,Undefined,Undefined,,Undefined,0,0,67.04378,5.217145,-0.97619,1902.53976,328.562074,5:00,5.55668,-1.94096,4.14032,-82.02438,-14.56769,10.32123,3.73945,-2.01717,60.89663,-9.362219,0.815498,0.591131,,,,,,,,,,,,-5.22004,-7.86394,2.03752,50,6.04961,1.24389,-96.75187,5.98528,-4.89778,16.52647,-39.55251,63.76322,,6.14715,,,,8886145,Right,56.36298,-97.83271,8.26323,5.57358,8.57203,-19.77626,1.94569,1.56421,-2.44889,,,,,,,,,,,,,,,,,,,,,,,,,,,,,,,,,,,,,,,,,,,,,,,,,,,High,High,High,,,,,,v3
46,11/6/2022,4,2,1000187700,Left,T_B,1000187793,Left,T_A,2,Top,0,1,0,1-0,Fastball,Changeup,FoulBall,Undefined,Undefined,,Undefined,0,0,83.38626,-1.061834,2.065082,1977.986291,152.641911,11:00,6.13046,-1.25903,5.02916,-26.66411,14.72194,-6.95548,2.9058,0.11069,76.5705,-5.963658,0.837091,0.463019,68.79372,65.576674,-120.37021,5160.804954,,,,,24.89655,,,4.03898,7.9754,1.0675,50,6.00788,-4.06598,-120.96476,-3.1761,6.00708,22.7634,-20.31247,81.40588,51.66414,6.81576,2.56077,2.92191,-0.0729,8886145,Right,55.47057,-121.98988,11.3817,6.13032,-2.26136,-10.15623,1.2567,-4.3365,3.00354,22.525762,2.56077,-21.09207,-6.00823,2.11344,-1.15037,2.34648,-4.27492,4.12169,-1.56532,2.92191,91.86869,-27.52037,3.4235,-1.19801,1.84802,-3.28701,3.14744,-1.18552,-0.0729,-35.9937,5.3361,0.0698,-0.34897,0.80294,-1.43442,1.39754,-0.54062,,,,,,,,,,,,,,,,,,,,,,,High,High,High,High,Low,,,,v3
47,11/6/2022,4,3,1000187700,Left,T_B,1000187793,Left,T_A,2,Top,0,1,1,1-1,Curveball,Curveball,InPlay,Undefined,LineDrive,LineDrive,Double,1,2,66.66652,3.79626,0.352436,1912.665222,310.087349,4:15,5.40907,-1.82895,3.90122,-78.24237,-9.87918,14.41729,2.55096,-0.28803,61.04714,-10.042818,2.847882,0.59509,99.8259,10.527967,19.370428,4435.570817,104.22196,15.56205,35.18178,240.08733,240.08733,18.723006,2.124102,-6.82945,-5.37567,1.77036,50,5.75703,-1.14683,-96.39368,3.68143,-6.37972,15.98588,-37.19572,63.33907,15.86728,5.61939,3.57954,3.02863,0.41574,8886145,Right,56.60223,-97.48244,7.99294,5.42002,6.21474,-18.59786,1.83367,-0.71232,-3.18986,165.239016,3.57954,135.7981,-19.89438,3.78672,-0.78398,0.15652,-0.02911,0.00417,-0.00031,3.02863,26.75156,-14.62763,0.80527,-0.11307,0.02053,-0.00215,0.00026,-3.00E-05,0.41574,47.74327,-8.41176,2.12847,-0.53028,0.12076,-0.02414,0.00355,-0.00026,,,,,,,,,,,,,,,,,,,,,,,High,High,High,High,High,,,,v3
48,11/6/2022,1,1,1000103199,Right,T_A,1000051953,Right,T_B,2,Bottom,0,0,0,0-0,Fastball,Changeup,BallCalled,Undefined,Undefined,,Undefined,0,0,86.51789,-2.258774,-3.434318,1802.604901,202.386149,12:45,5.90305,1.18023,5.46747,-20.34139,17.57021,6.75166,2.08907,-1.47514,79.46309,-6.052781,-2.235135,0.443157,,,,,,,,,,,,-4.3126,9.8152,-0.88258,50,5.69027,7.23384,-125.35964,-5.60789,-6.89678,24.16255,-16.47736,85.05444,,7.05481,,,,1000187893,Left,55.03099,-126.32561,12.08128,5.9013,-4.94915,-8.23868,-1.17728,7.50956,-3.44839,,,,,,,,,,,,,,,,,,,,,,,,,,,,,,,,,,,,,,,,,,,,,,,,,,,High,High,High,,,,,,v3
49,11/6/2022,1,2,1000103199,Right,T_A,1000051953,Right,T_B,2,Bottom,0,1,0,1-0,Fastball,Four-Seam,BallinDirt,Undefined,Undefined,,Undefined,0,0,88.46685,-3.059684,-5.603891,1926.211566,188.024543,12:15,5.79745,1.24884,5.66914,-17.30473,19.09229,2.5248,1.4862,-3.7824,80.9443,-6.31345,-5.156575,0.434215,,,,,,,,,,,,-2.7948,10.83898,-0.77566,50,5.52659,12.41117,-127.6456,-7.36287,-4.61896,25.85416,-14.26056,86.80602,,7.52255,,,,1000187893,Left,54.82529,-128.61924,12.92708,5.79376,-6.82584,-7.13028,-1.24632,12.58512,-2.30948,,,,,,,,,,,,,,,,,,,,,,,,,,,,,,,,,,,,,,,,,,,,,,,,,,,High,High,High,,,,,,v3
50,11/6/2022,1,3,1000103199,Right,T_A,1000051953,Right,T_B,2,Bottom,0,2,0,2-0,Fastball,Four-Seam,StrikeSwinging,Undefined,Undefined,,Undefined,0,0,88.64536,-1.882355,-3.476665,1938.023676,192.839454,12:30,5.72588,1.53832,5.84118,-19.37871,16.17733,3.44118,2.35773,-1.40998,81.49049,-5.518778,-2.861427,0.429169,,,,,,,,,,,,-2.67217,9.09973,-1.25691,50,5.56087,7.66603,-128.55108,-4.83311,-4.49658,25.24839,-16.86142,87.8266,,7.15486,,,,1000187893,Left,54.65752,-129.46262,12.62419,5.72437,-4.22436,-8.43071,-1.53661,7.82837,-2.24829,,,,,,,,,,,,,,,,,,,,,,,,,,,,,,,,,,,,,,,,,,,,,,,,,,,High,High,High,,,,,,v3
51,11/6/2022,1,4,1000103199,Right,T_A,1000051953,Right,T_B,2,Bottom,0,2,1,2-1,Fastball,Four-Seam,StrikeSwinging,Undefined,Undefined,,Undefined,0,0,88.69099,-1.83257,-3.199214,1816.539074,187.221247,12:15,5.84954,1.06858,5.48229,-21.31623,14.98646,1.74697,2.35532,-1.78224,80.88009,-5.808305,-2.888817,0.433651,,,,,,,,,,,,-1.79693,8.43815,-0.78895,50,5.67433,7.10239,-128.45651,-4.8298,-2.99333,27.3708,-18.11791,86.91874,,7.8109,,,,1000187893,Left,55.01459,-129.52058,13.6854,5.84841,-4.12545,-9.05895,-1.06733,7.21875,-1.49666,,,,,,,,,,,,,,,,,,,,,,,,,,,,,,,,,,,,,,,,,,,,,,,,,,,High,High,High,,,,,,v3
52,11/6/2022,1,5,1000103199,Right,T_A,1000051953,Right,T_B,2,Bottom,0,2,2,2-2,Fastball,Four-Seam,HitByPitch,Undefined,Undefined,GroundBall,Undefined,0,0,89.4645,-0.374222,-0.79918,1772.290828,210.472012,1:00,5.92871,1.29165,5.52854,-20.25859,15.04509,8.2067,3.89062,1.2284,81.82979,-4.168197,0.663837,0.427643,39.98587,20.517953,150.949519,4765.254386,,,,62.43983,44.90153,154.757999,1.304861,-4.41323,8.05272,-1.22802,50,5.88294,1.45953,-129.95099,-1.52907,-7.55348,27.00159,-18.39139,88.13994,9.3107,7.63471,2.37867,3.63011,-1.25934,1000187893,Left,54.9715,-130.97991,13.5008,5.92785,-0.82825,-9.19569,-1.28913,1.74736,-3.77674,296.955697,2.37867,-48.01551,2.5007,-0.25034,0.11151,-0.18819,0.18096,-0.08321,0.01509,3.63011,20.55543,-19.2076,1.27994,-0.27385,0.09628,-0.06059,0.0279,-0.00508,-1.25934,26.67045,-5.41254,1.28839,0.04668,-0.57548,0.55402,-0.25529,0.04635,,,,,,,,,,,,,,,,,,,,,,,High,High,High,High,Medium,,,,v3
53,11/6/2022,2,1,1000103199,Right,T_A,1000055244,Left,T_B,2,Bottom,0,0,0,0-0,Fastball,Changeup,InPlay,Undefined,Bunt,GroundBall,Out,1,0,86.29348,-1.07786,-2.463435,1694.221157,201.072567,12:45,5.65977,1.53449,5.82437,-24.2793,13.72796,4.78142,2.6334,-0.35864,78.22744,-5.638479,-1.607189,0.443716,33.30717,-10.058182,-0.327515,5689.243507,,,,14.08829,14.01949,0.799587,0.239006,-3.21693,7.7313,-1.33597,50,5.5574,5.18762,-125.11937,-3.11735,-5.04575,27.73089,-20.04757,84.94727,2.85582,8.06605,2.73456,2.85582,0.27052,1000187893,Left,54.67353,-126.15094,13.86545,5.65949,-2.37159,-10.02378,-1.53243,5.37532,-2.52287,172.405414,2.73474,48.08874,-2.477,,,,,,,2.85615,-8.54963,-14.23351,,,,,,,0.27052,-0.27503,-0.14326,,,,,,,,,,,,,,,,,,,,,,,,,,,,,High,High,High,High,High,,,,v3
54,11/6/2022,3,1,1000103199,Right,T_A,1000194300,Left,T_B,2,Bottom,1,0,0,0-0,Fastball,Four-Seam,InPlay,Undefined,Bunt,,Single,1,0,88.16869,-1.335948,-2.994995,1822.208162,191.48114,12:30,5.71436,1.46792,5.65343,-19.0067,17.73674,3.33855,2.88257,-1.04968,79.70477,-4.9406,-2.3998,0.436276,,,,,,,,,,,,-2.65047,9.81989,-1.21623,50,5.58939,6.54098,-127.71799,-3.56652,-4.3242,29.3172,-16.15309,86.39586,,8.46392,,,,1000187893,Left,54.84471,-128.82528,14.6586,5.71257,-2.95643,-8.07655,-1.46636,6.7043,-2.1621,,,,,,,,,,,,,,,,,,,,,,,,,,,,,,,,,,,,,,,,,,,,,,,,,,,High,High,High,,,,,,v3
55,11/6/2022,4,1,1000103199,Right,T_A,8886045,Left,T_B,2,Bottom,2,0,0,0-0,ChangeUp,Changeup,InPlay,Undefined,LineDrive,LineDrive,Double,0,2,81.87317,-0.915181,-2.992234,1597.072815,227.662297,1:30,5.33993,1.75291,6.36646,-28.9438,12.16414,11.87162,2.08458,-0.01375,74.77395,-6.363455,-0.844638,0.46146,101.34764,8.783045,10.853879,5229.451429,107.75347,12.64509,22.11598,231.78339,231.78339,12.899119,1.988407,-7.13666,7.00044,-1.54211,50,5.26011,5.79695,-118.87517,-2.70491,-10.16434,23.78411,-22.2037,81.6808,12.79258,7.09922,3.1191,2.44539,-0.03685,1000187893,Left,54.13373,-119.69937,11.89206,5.34052,-1.93548,-11.10185,-1.74909,6.14918,-5.08217,211.224935,3.11909,144.2729,-22.3037,4.42799,-1.13052,0.45336,-0.19756,0.05395,-0.00624,2.4454,22.69577,-12.82939,0.36561,0.22031,-0.30955,0.19209,-0.05796,0.00698,-0.03685,27.66057,-0.15824,-0.72063,0.57579,-0.49923,0.28084,-0.08298,0.00993,,,,,,,,,,,,,,,,,,,,,,,High,High,High,High,High,,,,v3
56,11/6/2022,5,1,1000103199,Right,T_A,1000110361,Right,T_B,2,Bottom,2,0,0,0-0,Fastball,Four-Seam,BallCalled,Undefined,Undefined,,Undefined,0,0,87.60369,-1.121324,-4.103009,1875.149264,205.337593,12:45,5.85889,1.36306,5.80119,-21.79371,14.98958,6.52524,2.99703,-1.91577,79.83106,-5.214091,-2.938549,0.436512,,,,,,,,,,,,-4.48343,8.3228,-1.02937,50,5.75362,8.82276,-126.86534,-3.17133,-7.28865,26.56009,-18.64375,86.34906,,7.77263,,,,1000187893,Left,54.69562,-127.84462,13.28005,5.85787,-2.48393,-9.32188,-1.35962,9.09149,-3.64433,,,,,,,,,,,,,,,,,,,,,,,,,,,,,,,,,,,,,,,,,,,,,,,,,,,High,High,High,,,,,,v3
57,11/6/2022,5,2,1000103199,Right,T_A,1000110361,Right,T_B,2,Bottom,2,1,0,1-0,Slider,Slider,FoulBall,Undefined,Undefined,,Undefined,0,0,79.82781,0.889514,-1.801891,2102.031515,94.467063,9:15,5.60973,1.55049,5.24854,-43.1266,2.87473,-14.45615,2.85222,-1.34801,71.68279,-7.025947,-4.363123,0.488154,66.08458,26.729859,157.762735,3383.44,,,,,46.76027,,,6.61831,1.58992,-1.37375,50,5.65975,4.22799,-115.53595,0.30864,8.72093,26.56888,-30.079,77.21429,19.27127,8.14503,1.46142,2.79836,1.11743,1000187893,Left,55.2485,-116.73667,13.28444,5.61509,1.66798,-15.0395,-1.55592,3.83386,4.36047,,1.46142,-80.12793,3.84723,1.16519,-0.43027,0.13291,0.00089,-0.02739,0.01267,2.79836,43.59487,-28.16521,4.20516,-0.90714,0.23046,-0.12119,0.0973,-0.03767,1.11743,32.76041,-6.45952,0.53,-0.0431,0.00033,-0.04421,0.0508,-0.02083,,,,,,,,,,,,,,,,,,,,,,,High,High,High,High,Low,,,,v3
58,11/6/2022,5,3,1000103199,Right,T_A,1000110361,Right,T_B,2,Bottom,2,1,1,1-1,Fastball,Four-Seam,BallCalled,Undefined,Undefined,,Undefined,0,0,88.12152,0.435961,-1.427562,1948.02849,197.822253,12:30,5.84596,1.29567,5.58759,-20.08316,16.38895,4.89146,4.57959,0.36997,80.19432,-3.350048,-0.555108,0.434662,,,,,,,,,,,,-2.86354,8.50623,-1.17627,50,5.8705,2.97023,-127.8718,0.33606,-4.73159,26.87045,-18.11885,86.71662,,7.9272,,,,1000187893,Left,54.90861,-128.89915,13.43522,5.84441,1.0288,-9.05942,-1.29328,3.15114,-2.36579,,,,,,,,,,,,,,,,,,,,,,,,,,,,,,,,,,,,,,,,,,,,,,,,,,,High,High,High,,,,,,v3
59,11/6/2022,5,4,1000103199,Right,T_A,1000110361,Right,T_B,2,Bottom,2,2,1,2-1,Fastball,Four-Seam,BallCalled,Undefined,Undefined,,Undefined,0,0,88.46343,-1.258354,-3.677794,1932.488904,200.845713,12:45,5.75564,1.35252,5.51964,-20.14663,16.13556,5.70662,2.8976,-1.61532,80.91345,-5.027702,-2.664019,0.433529,,,,,,,,,,,,-3.86803,8.82752,-1.03582,50,5.63256,7.98512,-128.16595,-3.47853,-6.44718,25.97711,-17.46045,86.9433,,7.54998,,,,1000187893,Left,54.97748,-129.17086,12.98855,5.75407,-2.80308,-8.73023,-1.34954,8.23452,-3.22359,,,,,,,,,,,,,,,,,,,,,,,,,,,,,,,,,,,,,,,,,,,,,,,,,,,High,High,High,,,,,,v3
60,11/6/2022,5,5,1000103199,Right,T_A,1000110361,Right,T_B,2,Bottom,2,3,1,3-1,Fastball,Four-Seam,FoulBall,Undefined,Undefined,,Undefined,0,0,87.80508,-2.33158,-2.149577,1923.521188,206.590592,1:00,5.66738,1.311,5.68343,-20.56355,16.00828,7.42666,1.7777,-0.07471,80.39549,-6.182208,-0.822362,0.435256,82.00702,64.937116,93.691163,5624.707195,,,,,38.14046,,,-4.395,9.14776,-1.13482,50,5.45813,4.46974,-127.36488,-5.84496,-7.22046,26.11978,-17.1453,86.59832,73.02291,7.40958,2.55548,1.75352,-0.17085,1000187893,Left,54.81575,-128.34868,13.05989,5.66612,-5.19918,-8.57265,-1.30829,4.7417,-3.61023,,2.55548,-3.28013,-16.10625,7.02661,-2.25502,0.64455,-0.1707,0.03671,-0.00438,1.75352,108.95191,-34.80877,5.4248,-1.02844,0.14869,-0.01012,-0.00488,0.00175,-0.17085,50.84507,-10.117,1.32687,-0.01121,-0.08552,0.04178,-0.01471,0.00275,,,,,,,,,,,,,,,,,,,,,,,High,High,High,Medium,Low,,,,v3
61,11/6/2022,5,6,1000103199,Right,T_A,1000110361,Right,T_B,2,Bottom,2,3,2,3-2,Slider,Slider,StrikeSwinging,Strikeout,Undefined,,Undefined,0,0,78.28752,-0.647496,-1.579883,2036.641594,102.647423,9:30,5.58163,1.66547,5.29578,-43.44337,2.94166,-7.00311,1.35317,-0.40183,72.4729,-8.529801,-2.824144,0.490185,,,,,,,,,,,,3.12043,2.02154,-1.51635,50,5.49077,3.40712,-113.69519,-2.75557,4.10346,19.94031,-29.51567,76.89424,,5.81462,,,,1000187893,Left,55.20492,-114.60442,9.97016,5.58574,-1.40973,-14.75784,-1.66744,3.22001,2.05173,,,,,,,,,,,,,,,,,,,,,,,,,,,,,,,,,,,,,,,,,,,,,,,,,,,High,High,High,,,,,,v3
62,11/6/2022,1,1,10023185,Right,T_B,691273,Right,T_A,3,Top,0,0,0,0-0,Fastball,Changeup,FoulBall,Undefined,Undefined,,Undefined,0,0,85.07944,-1.227423,-3.364185,1626.850016,232.749804,1:45,5.72061,1.41119,5.60091,-25.52887,13.7654,16.36198,2.44518,-0.3696,77.44244,-5.989135,-0.448026,0.451166,71.63513,14.952613,158.01248,3320.832818,,,,,47.9364,,,-9.27394,7.71811,-1.13374,50,5.59899,6.56307,-123.28704,-3.4738,-14.20582,25.60043,-20.35146,83.54456,10.68412,7.637,0.76944,2.39554,0.2336,8886145,Right,54.89762,-124.29987,12.80021,5.7205,-2.66864,-10.17573,-1.40451,7.12509,-7.10291,,0.76944,-94.12405,5.98656,0.21439,-0.25062,0.85812,-2.06178,2.63473,-1.33427,2.39554,27.10884,-22.22327,2.42404,-0.74182,1.393,-3.24513,4.11589,-2.06501,0.2336,38.0048,-11.903,1.72772,-0.70616,1.67452,-4.05053,5.14436,-2.57653,,,,,,,,,,,,,,,,,,,,,,,High,High,High,High,Low,,,,v3
63,11/6/2022,1,2,10023185,Right,T_B,691273,Right,T_A,3,Top,0,0,1,0-1,Fastball,Changeup,BallCalled,Undefined,Undefined,,Undefined,0,0,87.14073,0.501971,-3.006464,1837.076204,222.608789,1:30,5.74794,1.26982,5.62134,-21.47521,15.4508,13.22013,4.42744,-0.43673,80.06941,-3.514142,-0.650255,0.437359,,,,,,,,,,,,-7.43016,8.02981,-1.02178,50,5.77702,6.07538,-126.49119,0.41704,-12.14615,23.63307,-19.04764,86.18202,,7.07133,,,,8886145,Right,54.87741,-127.39921,11.81654,5.74694,1.14888,-9.52382,-1.26417,6.54205,-6.07308,,,,,,,,,,,,,,,,,,,,,,,,,,,,,,,,,,,,,,,,,,,,,,,,,,,High,High,High,,,,,,v3
64,11/6/2022,1,3,10023185,Right,T_B,691273,Right,T_A,3,Top,0,1,1,1-1,Curveball,Curveball,BallCalled,Undefined,Undefined,,Undefined,0,0,73.7152,3.596125,-0.010323,2042.032689,42.020969,7:30,5.59217,1.53876,5.11641,-59.40594,-6.64367,-7.37713,4.03374,0.91428,67.87445,-7.151109,-1.314905,0.522797,,,,,,,,,,,,3.64906,-3.72642,-1.53183,50,5.88441,0.30454,-106.90838,4.70666,4.24788,17.42344,-36.51199,72.09766,,5.84074,,,,8886145,Right,55.38534,-107.78248,8.71172,5.60234,6.53841,-18.256,-1.54176,0.09143,2.12394,,,,,,,,,,,,,,,,,,,,,,,,,,,,,,,,,,,,,,,,,,,,,,,,,,,High,High,High,,,,,,v3
65,11/6/2022,1,4,10023185,Right,T_B,691273,Right,T_A,3,Top,0,2,1,2-1,Fastball,Changeup,InPlay,Undefined,GroundBall,,Single,0,0,86.75618,-1.194224,-2.385794,1591.36745,222.644133,1:30,5.72938,1.35357,5.81706,-24.34639,12.5004,10.54784,2.58901,0.01298,80.22532,-5.716943,-0.496289,0.436889,94.54655,-7.809063,0.67707,,,,,,15.90878,,,-6.02158,7.01099,-1.1647,50,5.61697,4.82991,-126.07429,-3.42129,-9.79947,22.96336,-20.76444,86.27461,2.7611,6.53087,2.03844,2.7611,-0.51813,8886145,Right,54.68387,-126.92455,11.48168,5.72942,-2.65245,-10.38222,-1.35025,5.19275,-4.89973,180,2.03819,137.4233,,,,,,,,2.76114,-18.84811,,,,,,,,-0.51813,1.62402,,,,,,,,,,,,,,,,,,,,,,,,,,,,,,High,High,High,Low,Low,,,,v3
66,11/6/2022,2,1,10023185,Right,T_B,1000073511,Right,T_A,3,Top,0,0,0,0-0,Fastball,Changeup,BallCalled,Undefined,Undefined,,Undefined,0,0,85.5489,0.991847,-3.596059,1647.617605,223.920772,1:30,5.72479,1.58861,5.65358,-25.20131,13.21776,11.61949,4.55164,-0.80135,78.39673,-3.702317,-1.526235,0.446113,,,,,,,,,,,,-6.81134,6.79748,-1.29105,50,5.79303,7.30893,-124.06297,1.33159,-10.68163,23.38076,-21.51414,84.49081,,7.15218,,,,8886145,Right,54.84489,-124.9727,11.69038,5.72493,2.16869,-10.75707,-1.58352,7.72454,-5.34082,,,,,,,,,,,,,,,,,,,,,,,,,,,,,,,,,,,,,,,,,,,,,,,,,,,High,High,High,,,,,,v3
67,11/6/2022,2,2,10023185,Right,T_B,1000073511,Right,T_A,3,Top,0,1,0,1-0,Fastball,Changeup,BallCalled,Undefined,Undefined,,Undefined,0,0,87.30222,-1.702461,-4.073257,1687.732893,221.960028,1:30,5.64751,1.29115,5.89484,-23.63545,12.9267,10.63382,2.0928,-1.61083,80.37678,-6.10589,-2.170714,0.435198,,,,,,,,,,,,-6.49658,7.40142,-0.96885,50,5.49644,8.57798,-126.57282,-4.52603,-10.61559,24.07973,-20.07993,86.60977,,6.92544,,,,8886145,Right,54.60452,-127.44579,12.03987,5.64733,-3.79807,-10.03996,-1.28681,8.96283,-5.3078,,,,,,,,,,,,,,,,,,,,,,,,,,,,,,,,,,,,,,,,,,,,,,,,,,,High,High,High,,,,,,v3
68,11/6/2022,2,3,10023185,Right,T_B,1000073511,Right,T_A,3,Top,0,2,0,2-0,Curveball,Curveball,BallCalled,Undefined,Undefined,,Undefined,0,0,73.07656,3.675232,0.407253,1988.094615,95.087938,9:15,5.64832,1.69198,5.18075,-51.11873,2.54477,-10.66138,4.85127,1.18672,67.02725,-5.639033,-1.478797,0.527243,,,,,,,,,,,,5.40622,0.79228,-1.72138,50,5.9515,-0.34844,-105.91678,5.15017,6.17115,17.26855,-31.26967,71.48969,,6.04931,,,,8886145,Right,55.31874,-106.78042,8.63428,5.65482,6.71404,-15.63483,-1.69623,-0.65708,3.08557,,,,,,,,,,,,,,,,,,,,,,,,,,,,,,,,,,,,,,,,,,,,,,,,,,,High,High,High,,,,,,v3
69,11/6/2022,2,4,10023185,Right,T_B,1000073511,Right,T_A,3,Top,0,3,0,3-0,Fastball,Changeup,BallCalled,Walk,Undefined,,Undefined,0,0,85.7769,0.483889,-3.58891,1528.580841,228.365727,1:30,5.7091,1.58475,5.69036,-26.11431,12.21335,12.3793,3.98479,-0.73289,78.31798,-4.383646,-1.381568,0.445582,,,,,,,,,,,,-7.25741,6.43453,-1.29049,50,5.73362,7.28031,-124.36085,0.1984,-11.37854,24.67078,-22.08563,84.59149,,7.45892,,,,8886145,Right,54.80786,-125.311,12.33539,5.7096,1.049,-11.04282,-1.57931,7.71853,-5.68927,,,,,,,,,,,,,,,,,,,,,,,,,,,,,,,,,,,,,,,,,,,,,,,,,,,High,High,High,,,,,,v3
70,11/6/2022,3,1,10023185,Right,T_B,1000058463,Right,T_A,3,Top,0,0,0,0-0,Fastball,Changeup,BallCalled,Undefined,Undefined,,Undefined,0,0,87.00755,0.323629,-3.06442,1746.524791,227.515642,1:30,5.75018,1.5585,5.68039,-23.42647,13.79391,13.78221,4.10009,-0.15229,79.43776,-4.060065,-0.605146,0.439098,,,,,,,,,,,,-7.8241,7.26579,-1.30887,50,5.76287,6.1701,-126.21812,-0.04676,-12.63663,25.40478,-20.43916,85.84053,,7.56979,,,,8886145,Right,54.81802,-127.18417,12.70239,5.74988,0.73047,-10.21958,-1.55264,6.65063,-6.31832,,,,,,,,,,,,,,,,,,,,,,,,,,,,,,,,,,,,,,,,,,,,,,,,,,,High,High,High,,,,,,v3
71,11/6/2022,3,2,10023185,Right,T_B,1000058463,Right,T_A,3,Top,0,1,0,1-0,Curveball,Curveball,BallCalled,Undefined,Undefined,,Undefined,0,0,74.36886,2.598665,0.143928,2041.750553,71.915367,8:30,5.60947,1.74652,5.01948,-54.15003,-2.08957,-11.17276,3.55105,0.95129,68.41574,-7.203286,-1.829287,0.519308,,,,,,,,,,,,5.5689,-1.2511,-1.75086,50,5.81469,0.16606,-107.89545,3.04998,6.58842,18.13782,-33.6542,72.58199,,5.95312,,,,8886145,Right,55.48124,-108.81298,9.06891,5.61734,4.75242,-16.8271,-1.75083,-0.16722,3.29421,,,,,,,,,,,,,,,,,,,,,,,,,,,,,,,,,,,,,,,,,,,,,,,,,,,High,High,High,,,,,,v3
72,11/6/2022,3,3,10023185,Right,T_B,1000058463,Right,T_A,3,Top,0,2,0,2-0,Fastball,Changeup,BallCalled,Undefined,Undefined,,Undefined,0,0,86.82026,-0.018729,-3.352415,1654.569227,221.260273,1:30,5.81129,1.41759,5.50131,-23.20879,14.17237,11.47292,3.85968,-0.76543,79.86422,-4.331112,-1.31308,0.440046,,,,,,,,,,,,-6.62989,7.49351,-1.13233,50,5.79409,6.88637,-125.97585,-0.81996,-10.75231,23.38388,-20.02113,85.65575,,6.95604,,,,8886145,Right,54.99787,-126.90017,11.69194,5.81086,-0.02856,-10.01056,-1.41294,7.31139,-5.37616,,,,,,,,,,,,,,,,,,,,,,,,,,,,,,,,,,,,,,,,,,,,,,,,,,,High,High,High,,,,,,v3
73,11/6/2022,3,4,10023185,Right,T_B,1000058463,Right,T_A,3,Top,0,3,0,3-0,Fastball,Changeup,BallCalled,Walk,Undefined,,Undefined,0,0,85.80941,0.851265,-1.937387,1496.742374,222.925154,1:30,5.89119,1.52002,5.53796,-25.01226,13.46265,11.39095,4.60299,0.65777,78.25977,-3.815223,0.092028,0.446437,,,,,,,,,,,,-6.27122,6.92618,-1.35963,50,5.94863,3.72292,-124.51596,1.02388,-9.84526,25.00923,-21.30055,84.42946,,7.54963,,,,8886145,Right,54.95962,-125.50816,12.50461,5.89125,1.86894,-10.65027,-1.51508,4.11351,-4.92263,,,,,,,,,,,,,,,,,,,,,,,,,,,,,,,,,,,,,,,,,,,,,,,,,,,High,High,High,,,,,,v3
74,11/6/2022,4,1,10023185,Right,T_B,1000187798,Right,T_A,3,Top,0,0,0,0-0,Fastball,Changeup,BallCalled,Undefined,Undefined,,Undefined,0,0,84.69706,0.939746,-1.432633,1511.787056,236.5121,2:00,5.70885,1.67888,5.6213,-29.76773,9.58678,12.61564,4.10553,1.39297,77.32761,-4.584489,0.819731,0.451511,,,,,,,,,,,,-6.77162,4.97406,-1.5649,50,5.77,2.54633,-122.95571,1.01827,-10.36138,24.49011,-24.56317,83.48061,,7.36945,,,,8886145,Right,54.87679,-123.92325,12.24506,5.7106,1.9887,-12.28159,-1.67359,2.95568,-5.18069,,,,,,,,,,,,,,,,,,,,,,,,,,,,,,,,,,,,,,,,,,,,,,,,,,,High,High,High,,,,,,v3
75,11/6/2022,4,2,10023185,Right,T_B,1000187798,Right,T_A,3,Top,0,1,0,1-0,Fastball,Changeup,StrikeCalled,Undefined,Undefined,,Undefined,0,0,86.07181,0.181263,-1.831388,1592.494085,228.751204,1:45,5.72775,1.62699,5.64057,-26.2312,11.89697,12.17103,3.711,0.93221,78.50272,-4.70752,0.342071,0.444421,,,,,,,,,,,,-6.67197,6.34941,-1.47925,50,5.72657,3.47769,-124.92786,-0.47459,-10.52659,25.55869,-22.15634,84.81251,,7.56909,,,,8886145,Right,54.85726,-125.91768,12.77934,5.72833,0.38346,-11.07817,-1.62182,3.88536,-5.26329,,,,,,,,,,,,,,,,,,,,,,,,,,,,,,,,,,,,,,,,,,,,,,,,,,,High,High,High,,,,,,v3
76,11/6/2022,4,3,10023185,Right,T_B,1000187798,Right,T_A,3,Top,0,1,1,1-1,Curveball,Curveball,InPlay,Undefined,GroundBall,,Out,2,1,75.10483,1.043448,-0.726467,2052.054742,88.41425,9:00,5.69492,1.61574,5.26019,-49.33192,1.26551,-9.83567,2.56445,0.11355,69.19776,-7.927296,-2.472507,0.511959,,,,,,,,,,,,4.76662,0.74185,-1.54149,50,5.75368,1.75114,-109.0647,0.37189,5.74853,18.95889,-31.27937,73.62387,,5.90707,,,,8886145,Right,55.24079,-109.97195,9.47945,5.70007,1.8687,-15.63968,-1.61871,1.47605,2.87427,,,,,,,,,,,,,,,,,,,,,,,,,,,,,,,,,,,,,,,,,,,,,,,,,,,High,High,High,,,,,,v3
77,11/6/2022,5,1,10023185,Right,T_B,1000066765,Right,T_A,3,Top,2,0,0,0-0,Curveball,Curveball,StrikeCalled,Undefined,Undefined,,Undefined,0,0,75.78706,1.413417,-0.414485,2147.938487,53.289946,7:45,5.59868,1.76098,4.9913,-56.74735,-6.43296,-10.71469,2.2046,0.47672,69.75713,-8.818157,-2.308813,0.510526,,,,,,,,,,,,5.20862,-3.15516,-1.71186,50,5.68815,1.21951,-110.00417,0.72289,6.37437,19.74133,-36.03537,73.83065,,6.02993,,,,8886145,Right,55.51047,-110.98867,9.87066,5.60729,2.51998,-18.01768,-1.76475,0.90162,3.18719,,,,,,,,,,,,,,,,,,,,,,,,,,,,,,,,,,,,,,,,,,,,,,,,,,,High,High,High,,,,,,v3
78,11/6/2022,5,2,10023185,Right,T_B,1000066765,Right,T_A,3,Top,2,0,1,0-1,Fastball,Changeup,InPlay,Undefined,GroundBall,GroundBall,Out,1,0,86.94219,-1.482763,-2.47393,1716.118806,213.107455,1:00,5.94227,1.42463,5.99836,-19.66418,17.04036,10.37445,2.92803,-0.00467,79.77912,-5.197892,-0.609955,0.436045,72.33316,-26.450452,-38.940267,,,,,8.33097,2.83555,-26.799872,0.064172,-6.03768,9.52308,-1.2357,50,5.81465,5.04458,-126.25983,-3.84911,-9.78045,24.86365,-16.7476,86.44158,3.04483,7.16307,2.67579,3.04483,0.09039,8886145,Right,54.50164,-127.14323,12.43183,5.94084,-3.25408,-8.3738,-1.42111,5.39208,-4.89023,,2.67266,74.18109,,,,,,,,3.04683,-47.44817,,,,,,,,0.09292,-59.94272,,,,,,,,,,,,,,,,,,,,,,,,,,,,,,High,High,High,Low,Low,,,,v3
79,11/6/2022,1,1,1000064440,Left,T_A,1000094105,Right,T_B,3,Bottom,0,0,0,0-0,Fastball,Cutter,InPlay,Undefined,GroundBall,GroundBall,Out,1,0,86.89563,-1.184439,1.815577,1797.171244,178.538655,12:00,5.59372,-2.19551,5.55812,-25.65568,11.50241,-0.26602,2.34841,-0.5208,80.24817,-5.920175,1.768136,0.438731,90.5618,-9.908933,-15.541615,,,,,15.92963,5.05683,-11.124256,0.10467,0.59681,6.44977,2.03883,50,5.47441,-3.99079,-126.24437,-3.48977,0.97137,23.64517,-21.6762,85.91248,2.39672,6.64746,2.41201,2.39672,0.60268,1000187893,Left,54.94269,-127.16675,11.82259,5.59405,-2.6442,-10.8381,2.19525,-4.02869,0.48569,,2.40818,126.28565,,,,,,,,2.39742,-22.8979,,,,,,,,0.60375,-35.12091,,,,,,,,,,,,,,,,,,,,,,,,,,,,,,High,High,High,Low,Low,,,,v3
80,11/6/2022,2,1,1000064440,Left,T_A,1000079407,Left,T_B,3,Bottom,1,0,0,0-0,Slider,Slider,StrikeCalled,Undefined,Undefined,,Undefined,0,0,79.67807,0.250518,1.971454,2444.335732,267.388401,3:00,5.54356,-2.53521,5.3479,-42.77782,1.80354,11.90446,2.21387,0.30674,73.85402,-7.518935,4.085424,0.480561,,,,,,,,,,,,-5.49666,1.21449,2.34876,50,5.53532,-4.45461,-115.74517,-0.96609,-7.51313,20.07197,-30.51401,78.43431,,5.82405,,,,1000187893,Left,55.1531,-116.63538,10.03598,5.54816,0.38722,-15.25701,2.53894,-4.1214,-3.75657,,,,,,,,,,,,,,,,,,,,,,,,,,,,,,,,,,,,,,,,,,,,,,,,,,,High,High,High,,,,,,v3
81,11/6/2022,2,2,1000064440,Left,T_A,1000079407,Left,T_B,3,Bottom,1,0,1,0-1,Fastball,Four-Seam,FoulBall,Undefined,Undefined,,Undefined,0,0,89.21579,-1.323011,1.978808,1582.426156,183.56736,12:00,5.67162,-2.21498,5.65609,-27.99773,7.17107,0.38335,2.10368,-0.33687,82.37883,-6.472359,2.047305,0.426825,,,,,,,,,,,,0.31268,4.27524,2.04714,50,5.54159,-4.494,-129.60677,-3.98955,0.53568,25.27027,-24.84993,88.30883,,6.83696,,,,1000187893,Left,54.84484,-130.54798,12.63513,5.67295,-3.064,-12.42496,2.21489,-4.51395,0.26784,,,,,,,,,,,,,,,,,,,,,,,,,,,,,,,,,,,,,,,,,,,,,,,,,,,High,High,High,,,,,,v3
82,11/6/2022,2,3,1000064440,Left,T_A,1000079407,Left,T_B,3,Bottom,1,0,2,0-2,Slider,Slider,InPlay,Undefined,FlyBall,FlyBall,Out,1,0,79.63971,1.186815,1.327042,2522.398908,249.848029,2:15,5.52312,-2.35402,5.09874,-39.34014,5.62784,11.90142,3.3636,-0.1115,73.65485,-5.963573,3.430175,0.48264,92.85819,43.884658,10.266193,3069.721824,108.38702,100.55959,18.76588,319.6913,317.14807,8.786514,6.142007,-5.64677,2.84606,2.21879,50,5.60415,-3.15758,-115.67737,1.02076,-7.72265,19.69456,-28.28168,78.09643,133.74569,5.98486,2.52172,3.47334,0.1467,1000187893,Left,55.40253,-116.59355,9.84728,5.52606,2.3364,-14.14084,2.35732,-2.79833,-3.86133,179.0965,2.53036,96.43716,-20.85484,4.77461,-0.68931,0.0366,0.00537,-0.00094,4.00E-05,3.46807,94.48409,-20.14864,1.57593,-0.22653,0.00627,0.00612,-0.00112,6.00E-05,0.14876,17.45885,-4.01964,0.80079,-0.078,-0.00749,0.00322,-0.00035,1.00E-05,,,,,,,,,,,,,,,,,,,,,,,High,High,High,High,Medium,,,,v3
83,11/6/2022,3,1,1000064440,Left,T_A,1000064785,Right,T_B,3,Bottom,2,0,0,0-0,Fastball,Changeup,BallCalled,Undefined,Undefined,,Undefined,0,0,88.35899,-0.564972,0.712781,1573.139969,191.201943,12:15,5.79165,-2.02852,5.56959,-27.68545,8.23634,1.42453,2.95673,-1.24396,81.48014,-5.666004,0.96706,0.431371,,,,,,,,,,,,-0.54193,4.63047,1.96613,50,5.72473,-1.65853,-128.42073,-2.25149,-0.91194,24.67924,-24.3818,87.37834,,6.87885,,,,1000187893,Left,54.9302,-129.36473,12.33962,5.79302,-1.31888,-12.1909,2.0289,-1.62365,-0.45597,,,,,,,,,,,,,,,,,,,,,,,,,,,,,,,,,,,,,,,,,,,,,,,,,,,High,High,High,,,,,,v3
84,11/6/2022,3,2,1000064440,Left,T_A,1000064785,Right,T_B,3,Bottom,2,1,0,1-0,Slider,Slider,FoulBall,Undefined,Undefined,LineDrive,Undefined,0,0,79.97975,-0.930921,3.581544,2429.108968,256.820514,2:30,5.43492,-2.38267,5.0893,-40.95266,3.91311,11.23662,1.14302,1.93369,74.23786,-8.309624,5.562216,0.482091,89.65331,13.028732,-72.332648,4070.493151,27.8055,10.6184,-106.42719,165.03356,101.48593,-78.287639,1.526407,-4.78914,2.45528,2.03401,50,5.31408,-7.69665,-115.97876,-3.32029,-6.55908,20.57105,-28.81137,78.18533,11.62647,5.7419,3.78321,1.3294,-1.69602,1000187893,Left,55.41354,-116.93501,10.28553,5.4373,-1.98099,-14.40569,2.38471,-7.39175,-3.27954,,3.78321,38.879,-18.02904,4.82099,-1.21583,0.30456,-0.07118,0.01276,-0.00121,1.3294,29.64335,-22.83678,2.42312,-0.47081,0.08866,-0.01667,0.00267,-0.00022,-1.69602,-122.06415,15.48017,-3.65244,0.83539,-0.19627,0.04423,-0.00772,0.00072,,,,,,,,,,,,,,,,,,,,,,,High,High,High,High,Medium,,,,v3
85,11/6/2022,3,3,1000064440,Left,T_A,1000064785,Right,T_B,3,Bottom,2,0,2,0-2,Slider,Slider,FoulBall,Undefined,Undefined,,Undefined,0,0,80.69098,-0.363535,1.641312,2653.822159,277.675592,3:15,5.6017,-2.29922,5.2854,-43.86101,0.19717,9.00099,1.60509,-0.00741,74.03607,-8.333837,3.239963,0.477732,,,,,,,,,,,,-4.04748,0.60331,2.14271,50,5.53637,-3.7209,-117.07785,-2.29043,-5.59267,23.033,-31.34041,78.89866,,6.6549,,,,1000187893,Left,55.21426,-118.09921,11.5165,5.60712,-0.9007,-15.6702,2.30221,-3.4729,-2.79634,,,,,,,,,,,,,,,,,,,,,,,,,,,,,,,,,,,,,,,,,,,,,,,,,,,High,High,High,,,,,,v3
86,11/6/2022,3,4,1000064440,Left,T_A,1000064785,Right,T_B,3,Bottom,2,1,2,1-2,Slider,Slider,BallCalled,Undefined,Undefined,,Undefined,0,0,79.78988,-2.404783,1.951624,2365.558253,274.597151,3:15,5.76304,-2.23251,4.95049,-45.06522,0.74272,9.33642,-0.26736,0.39035,73.4687,-10.489155,3.601707,0.487127,,,,,,,,,,,,-4.11425,1.41697,2.03491,50,5.49211,-4.31692,-115.58857,-6.48007,-5.52863,22.90428,-30.26995,77.3771,,6.32118,,,,1000187893,Left,55.55044,-116.68322,11.45214,5.76724,-5.03339,-15.13497,2.23491,-4.05269,-2.76431,,,,,,,,,,,,,,,,,,,,,,,,,,,,,,,,,,,,,,,,,,,,,,,,,,,High,High,High,,,,,,v3
87,11/6/2022,3,5,1000064440,Left,T_A,1000064785,Right,T_B,3,Bottom,2,2,2,2-2,Fastball,Four-Seam,StrikeCalled,Strikeout,Undefined,,Undefined,0,0,88.60357,-2.750684,2.837704,1770.191709,147.562304,11:00,5.78147,-1.72552,5.67225,-23.42907,12.76662,-7.33591,1.25941,0.31096,80.77402,-7.110555,1.527538,0.433012,,,,,,,,,,,,4.57839,7.66004,1.49066,50,5.53432,-6.04823,-128.33407,-6.95532,7.59163,27.98252,-19.47257,87.04712,,7.82956,,,,1000187893,Left,54.82608,-129.38209,13.99126,5.78116,-6.22601,-9.73628,1.72251,-6.33256,3.79582,,,,,,,,,,,,,,,,,,,,,,,,,,,,,,,,,,,,,,,,,,,,,,,,,,,High,High,High,,,,,,v3
88,11/6/2022,1,1,10023185,Right,T_B,1000069979,Right,T_A,4,Top,0,0,0,0-0,Curveball,Curveball,BallCalled,Undefined,Undefined,,Undefined,0,0,72.51071,0.939076,-2.423965,1945.242115,84.78663,8:45,5.63453,1.64881,5.25948,-54.19105,0.90909,-10.69827,2.00177,-1.52144,66.16859,-8.923702,-4.320038,0.534254,,,,,,,,,,,,4.57575,0.7415,-1.41853,50,5.68092,4.84723,-105.04126,-0.00272,5.05031,19.80838,-31.35563,70.55152,,6.34212,,,,8886145,Right,55.23837,-106.02449,9.90419,5.64242,1.55369,-15.67782,-1.65291,4.59655,2.52516,,,,,,,,,,,,,,,,,,,,,,,,,,,,,,,,,,,,,,,,,,,,,,,,,,,High,High,High,,,,,,v3
89,11/6/2022,1,2,10023185,Right,T_B,1000069979,Right,T_A,4,Top,0,1,0,1-0,Fastball,Changeup,StrikeSwinging,Undefined,Undefined,,Undefined,0,0,87.22536,-1.404532,-2.680497,1776.842054,223.156838,1:30,5.73233,1.57088,5.65743,-20.92395,16.66895,14.35044,2.67713,0.26516,78.67798,-5.363643,-0.118633,0.44129,,,,,,,,,,,,-8.09079,9.28292,-1.35298,50,5.60035,5.2895,-126.33472,-3.7464,-12.89947,28.9804,-17.37387,85.41419,,8.54738,,,,8886145,Right,54.83859,-127.43982,14.4902,5.73058,-3.08388,-8.68694,-1.56406,5.78139,-6.44973,,,,,,,,,,,,,,,,,,,,,,,,,,,,,68.20318,1.765756,0.789658,0.976099,-0.42146,2.50196,-0.26277,-2.32264,5.62568,2.03696,65.37535,1.79266,59.40452,-2.24891,77.44923,-8.3738,5.65227,8.78464,-13.05199,2.04948,61.31089,-2.61465,High,High,High,,,High,Medium,Medium,v3
90,11/6/2022,1,3,10023185,Right,T_B,1000069979,Right,T_A,4,Top,0,1,1,1-1,Curveball,Curveball,StrikeCalled,Undefined,Undefined,,Undefined,0,0,73.64095,2.75122,-0.884895,2170.22014,66.987582,8:15,5.58132,1.57716,5.2857,-57.42806,-3.94366,-13.67611,3.38152,-0.39355,66.75798,-7.727708,-3.311233,0.526362,,,,,,,,,,,,6.51248,-2.24445,-1.48625,50,5.79058,2.17405,-106.65959,3.24165,7.39458,20.79979,-34.72252,71.60928,,6.88297,,,,8886145,Right,55.21289,-107.67136,10.39989,5.59181,4.93067,-17.36126,-1.58325,1.81435,3.69729,,,,,,,,,,,,,,,,,,,,,,,,,,,,,,,,,,,,,,,,,,,,,,,,,,,High,High,High,,,,,,v3
91,11/6/2022,1,4,10023185,Right,T_B,1000069979,Right,T_A,4,Top,0,1,2,1-2,Curveball,Curveball,StrikeSwinging,Strikeout,Undefined,,Undefined,0,0,75.54843,-1.061817,-1.875277,2223.513532,67.239329,8:15,5.68487,1.58117,5.47981,-54.30365,-4.02374,-13.6219,0.16541,-1.30926,69.37623,-10.900779,-4.307175,0.510351,,,,,,,,,,,,6.37839,-1.3385,-1.40675,50,5.55429,4.08245,-109.58515,-3.77397,7.65158,21.80472,-33.77972,73.85596,,6.17221,,,,8886145,Right,55.02172,-110.57983,10.90236,5.6913,-2.23302,-16.88986,-1.58502,3.73341,3.82579,,,,,,,,,,,,,,,,,,,,,,,,,,,,,75.99976,,,,,,,-0.77011,6.00849,2.48688,,,,-0.66253,109.54871,-9.13658,6.02982,9.28718,-11.94366,2.42455,-7.15013,3.91095,High,High,High,,,High,High,High,v3
92,11/6/2022,2,1,10023185,Right,T_B,1000103136,Right,T_A,4,Top,1,0,0,0-0,Fastball,Changeup,StrikeCalled,Undefined,Undefined,,Undefined,0,0,84.62931,-0.746793,-2.48011,1621.326742,238.54217,2:00,5.57997,1.96247,5.79014,-27.67769,12.12166,17.4232,2.5781,1.10581,76.25337,-5.93936,0.640065,0.454056,,,,,,,,,,,,-9.82615,6.83323,-1.76928,50,5.50203,4.6212,-122.67702,-2.47142,-14.70713,28.3094,-21.94651,83.01277,,8.37594,,,,8886145,Right,54.70918,-123.75896,14.1547,5.58046,-1.63267,-10.97325,-1.95664,5.18328,-7.35357,,,,,,,,,,,,,,,,,,,,,,,,,,,,,,,,,,,,,,,,,,,,,,,,,,,High,High,High,,,,,,v3
93,11/6/2022,2,2,10023185,Right,T_B,1000103136,Right,T_A,4,Top,1,0,1,0-1,Curveball,Curveball,BallCalled,Undefined,Undefined,,Undefined,0,0,75.53592,1.75406,1.115311,2148.321465,56.81143,8:00,5.61166,1.66053,5.24877,-56.79542,-6.18658,-12.06989,2.52784,1.70291,68.8596,-8.569712,-1.028275,0.512017,,,,,,,,,,,,6.32906,-3.04508,-1.75373,50,5.73083,-1.65449,-109.53054,1.41382,7.61428,21.09333,-35.83749,73.61557,,6.67632,,,,8886145,Right,55.25083,-110.53712,10.54666,5.62256,3.12399,-17.91874,-1.66611,-2.01785,3.80714,,,,,,,,,,,,,,,,,,,,,,,,,,,,,,,,,,,,,,,,,,,,,,,,,,,High,High,High,,,,,,v3
94,11/6/2022,2,3,10023185,Right,T_B,1000103136,Right,T_A,4,Top,1,1,1,1-1,Curveball,Curveball,BallCalled,Undefined,Undefined,,Undefined,0,0,74.73958,1.452464,0.861764,2207.380022,66.633862,8:15,5.58397,1.82922,5.11281,-56.48897,-4.5228,-14.55072,2.24534,1.42858,68.16621,-8.793819,-1.716807,0.518838,,,,,,,,,,,,7.46914,-2.13209,-1.89859,50,5.67686,-1.05592,-108.36979,0.81926,8.79175,20.74117,-34.68366,72.6478,,6.57337,,,,8886145,Right,55.38686,-109.39594,10.37059,5.59388,2.53519,-17.34183,-1.83559,-1.49088,4.39587,,,,,,,,,,,,,,,,,,,,,,,,,,,,,,,,,,,,,,,,,,,,,,,,,,,High,High,High,,,,,,v3
95,11/6/2022,2,4,10023185,Right,T_B,1000103136,Right,T_A,4,Top,1,2,1,2-1,Fastball,Changeup,BallCalled,Undefined,Undefined,,Undefined,0,0,87.13611,-1.617724,-0.748465,1736.9609,207.423908,1:00,5.67514,1.61985,5.6542,-19.46225,18.09702,8.6965,2.54401,1.64648,78.78179,-5.309458,0.805795,0.441093,,,,,,,,,,,,-4.71024,10.11839,-1.56234,50,5.52621,1.29019,-126.37317,-4.16293,-7.51479,28.98341,-16.03104,85.45238,,8.35433,,,,8886145,Right,54.84463,-127.47944,14.49171,5.67343,-3.55104,-8.01552,-1.61706,1.57702,-3.7574,,,,,,,,,,,,,,,,,,,,,,,,,,,,,,,,,,,,,,,,,,,,,,,,,,,High,High,High,,,,,,v3
96,11/6/2022,2,5,10023185,Right,T_B,1000103136,Right,T_A,4,Top,1,3,1,3-1,Fastball,Changeup,BallCalled,Walk,Undefined,,Undefined,1,0,87.79184,0.506653,-1.708758,1664.178393,216.795981,1:15,5.86186,1.21809,5.57986,-19.09288,18.07202,12.52694,4.74419,0.66567,79.01173,-3.13133,0.525111,0.438771,,,,,,,,,,,,-6.82162,9.33382,-1.07927,50,5.89331,3.23584,-127.23193,0.5499,-11.03215,29.36869,-17.07903,85.90458,,8.78011,,,,8886145,Right,54.91514,-128.36146,14.68434,5.85953,1.20677,-8.53951,-1.21189,3.66014,-5.51607,,,,,,,,,,,,,,,,,,,,,,,,,,,,,,,,,,,,,,,,,,,,,,,,,,,High,High,High,,,,,,v3
97,11/6/2022,3,1,10023185,Right,T_B,1000180386,Right,T_A,4,Top,2,0,0,0-0,Fastball,Changeup,StrikeCalled,Undefined,Undefined,,Undefined,0,0,87.38386,-2.628241,-3.158599,1644.395677,212.044977,1:00,5.68432,1.50856,6.17971,-19.61659,16.96111,9.82481,1.61713,-0.59251,79.40571,-6.359336,-1.388589,0.435291,,,,,,,,,,,,-6.07044,9.96083,-1.27478,50,5.47546,6.6017,-126.62988,-6.37115,-9.77391,27.88539,-16.13625,86.5914,,7.97814,,,,8886145,Right,54.31888,-127.5774,13.94269,5.68263,-5.82285,-8.06813,-1.50474,6.93381,-4.88696,,,,,,,,,,,,,,,,,,,,,,,,,,,,,,,,,,,,,,,,,,,,,,,,,,,High,High,High,,,,,,v3
98,11/6/2022,3,2,10023185,Right,T_B,1000180386,Right,T_A,4,Top,2,0,1,0-1,Fastball,Changeup,FoulBall,Undefined,Undefined,Popup,Undefined,0,0,87.2136,-1.501549,-2.580251,1780.655218,212.498209,1:00,5.67761,1.53291,6.13995,-19.17253,17.56788,10.37918,2.69051,0.01168,79.05012,-5.165428,-0.710752,0.436258,71.16106,54.0176,53.740292,5137.213098,46.35765,90.862,99.75447,187.68364,145.20994,71.019634,4.783629,-6.17953,9.92367,-1.3415,50,5.55317,5.28891,-126.50712,-3.85102,-9.91631,28.16841,-16.24952,86.39941,91.29508,8.16348,2.34258,2.59867,-0.09928,8886145,Right,54.35829,-127.47385,14.0842,5.67576,-3.29334,-8.12476,-1.52886,5.62924,-4.95815,209.581154,2.35226,36.06401,-12.11304,2.17281,0.32098,-0.32017,0.0808,-0.0087,0.00033,2.60179,84.36902,-23.38388,1.48485,0.52084,-0.45138,0.14059,-0.02051,0.00115,-0.09672,49.38659,-4.66733,0.34041,0.33326,-0.19846,0.05269,-0.00693,0.00036,,,,,,,,,,,,,,,,,,,,,,,High,High,High,High,Low,,,,v3
99,11/6/2022,3,3,10023185,Right,T_B,1000180386,Right,T_A,4,Top,2,0,2,0-2,Curveball,Curveball,FoulBall,Undefined,Undefined,GroundBall,Undefined,0,0,75.11891,1.518987,-0.021446,2209.297259,58.850166,8:00,5.59461,1.54232,5.08765,-55.70208,-4.99496,-10.70225,2.38478,0.63025,69.52101,-8.535327,-1.916736,0.512514,76.55686,7.566302,-56.449864,4068.387037,,,,104.99227,103.95674,-59.590059,0.993505,5.41433,-2.63725,-1.53117,50,5.69345,0.44031,-109.13724,1.01421,6.56205,18.33164,-35.37031,73.5442,5.97303,5.5979,,,,8886145,Right,55.41587,-110.04318,9.16582,5.60014,2.76219,-17.68516,-1.54491,0.11601,3.28102,,5.16658,61.51457,-15.36035,2.47964,-0.34151,-0.29325,0.35171,-0.15471,0.02079,3.08364,14.78464,-19.58274,1.86738,-0.31239,-0.01052,0.07098,-0.03389,0.00457,-1.20587,-92.7626,2.35477,0.65927,-0.09485,-0.2549,0.32723,-0.16211,0.02787,,,,,,,,,,,,,,,,,,,,,,,High,High,High,Medium,High,,,,v3
100,11/6/2022,3,4,10023185,Right,T_B,1000180386,Right,T_A,4,Top,2,0,2,0-2,Curveball,Curveball,StrikeCalled,Strikeout,Undefined,,Undefined,0,0,75.18611,1.540073,-1.450414,2268.229017,53.063945,7:45,5.62197,1.44146,5.44358,-59.3833,-8.8443,-13.91292,2.11615,-1.07628,69.02193,-9.24522,-3.929097,0.511664,,,,,,,,,,,,6.57485,-4.43024,-1.30338,50,5.71709,3.28677,-109.13036,0.97387,7.87173,20.49939,-37.47815,73.66641,,6.16417,,,,8886145,Right,55.05841,-110.07645,10.2497,5.63222,2.70356,-18.73908,-1.44669,2.92347,3.93586,,,,,,,,,,,,,,,,,,,,,,,,,,,,,,,,,,,,,,,,,,,,,,,,,,,High,High,High,,,,,,v3
101,11/6/2022,1,1,1000064440,Left,T_A,1000102964,Right,T_B,4,Bottom,0,0,0,0-0,Fastball,Changeup,BallCalled,Undefined,Undefined,,Undefined,0,0,86.04982,0.908901,1.269923,1572.646303,165.759821,11:30,5.87765,-2.3021,5.91098,-29.22246,8.15311,-1.79784,4.28633,-1.27305,79.26946,-4.51638,0.947233,0.440013,,,,,,,,,,,,1.24398,4.28213,2.20125,50,5.93382,-2.70062,-125.09372,1.02426,1.98791,23.22791,-25.33112,85.66215,,6.78036,,,,1000187893,Left,54.58832,-125.94282,11.61395,5.87945,1.95023,-12.66556,2.3013,-2.77329,0.99396,,,,,,,,,,,,,,,,,,,,,,,,,,,,,,,,,,,,,,,,,,,,,,,,,,,High,High,High,,,,,,v3
102,11/6/2022,1,2,1000064440,Left,T_A,1000102964,Right,T_B,4,Bottom,0,1,0,1-0,Fastball,Changeup,BallCalled,Undefined,Undefined,,Undefined,0,0,85.48567,0.397171,1.064886,1649.027117,180.886977,12:00,5.926,-2.26967,5.85954,-26.75273,11.16379,0.15606,4.06567,-1.26721,78.81117,-4.580169,1.092878,0.443186,,,,,,,,,,,,0.18835,5.95197,2.18319,50,5.94254,-2.31645,-124.28241,0.00011,0.29729,22.77233,-22.77948,85.04888,,6.6745,,,,1000187893,Left,54.63937,-125.12959,11.38617,5.92678,0.84756,-11.38974,2.26958,-2.32751,0.14865,,,,,,,,,,,,,,,,,,,,,,,,,,,,,,,,,,,,,,,,,,,,,,,,,,,High,High,High,,,,,,v3
103,11/6/2022,1,3,1000064440,Left,T_A,1000102964,Right,T_B,4,Bottom,0,2,0,2-0,Fastball,Changeup,BallCalled,Undefined,Undefined,,Undefined,1,0,85.19588,1.260052,0.665454,1688.907267,168.077332,11:30,5.9849,-2.07454,5.98275,-26.21072,11.83603,-2.26819,4.96887,-1.64672,78.35099,-3.640984,0.257793,0.443946,,,,,,,,,,,,1.33571,6.10087,2.02324,50,6.06981,-1.34875,-123.85454,1.90888,2.091,22.92664,-22.62332,84.90318,,6.84488,,,,1000187893,Left,54.51611,-124.68771,11.46332,5.9855,2.73103,-11.31166,2.07364,-1.42473,1.0455,,,,,,,,,,,,,,,,,,,,,,,,,,,,,75.70174,2.036903,0.711219,1.325684,-0.79998,4.82337,1.63708,-1.23813,5.86829,1.91099,127.28419,9.14524,0.2383,-0.9066,106.85236,-7.57228,5.93292,18.37868,-12.0147,1.86469,-2.39143,0.86647,High,High,High,,,High,Medium,High,v3
104,11/6/2022,1,4,1000064440,Left,T_A,1000102964,Right,T_B,4,Bottom,1,3,0,3-0,Fastball,Changeup,FoulBall,Undefined,Undefined,,Undefined,0,0,84.49298,-0.688205,2.365553,1592.433905,165.975709,11:30,6.01298,-2.04367,5.85794,-27.98844,10.7991,-2.42441,3.04064,-0.04668,78.19456,-5.872178,1.931082,0.448247,92.24762,58.753248,-65.16102,3946.699985,,,,,44.91757,,,1.84315,6.02748,1.85312,50,5.94055,-4.98027,-122.80819,-2.37113,2.84458,21.91372,-22.87164,84.08851,80.21652,6.29842,3.44047,2.96201,0.44721,1000187893,Left,54.64322,-123.63394,10.95686,6.01366,-1.50928,-11.43582,2.04281,-5.08746,1.42229,,3.44047,29.48113,-12.19513,3.38156,-0.78909,0.17186,-0.03575,0.0065,-0.00077,2.96201,115.67039,-27.97398,2.62791,-0.04609,-0.14843,0.07058,-0.02099,0.00332,0.44721,-63.68918,23.37971,-8.50365,2.49203,-0.68079,0.17755,-0.03968,0.0054,,,,,,,,,,,,,,,,,,,,,,,High,High,High,Medium,Low,,,,v3
105,11/6/2022,1,5,1000064440,Left,T_A,1000102964,Right,T_B,4,Bottom,1,3,1,3-1,Fastball,Changeup,FoulBall,Undefined,Undefined,,Undefined,0,0,84.69343,-0.431711,1.892057,1640.617362,173.324625,11:45,5.74873,-2.25455,5.69144,-26.50049,12.51509,-1.3291,3.13778,-0.60131,77.94096,-5.351853,1.65455,0.449563,,,,,,,,,,,,1.15063,6.8417,2.09626,50,5.69596,-4.00561,-122.97432,-1.79063,1.77516,22.67689,-21.61873,83.84242,,6.75248,,,,1000187893,Left,54.804,-123.85702,11.33845,5.74929,-0.94911,-10.80936,2.25352,-4.07471,0.88758,,,,,,,,,,,,,,,,,,,,,,,,,,,,,,,,,,,,,,,,,,,,,,,,,,,High,High,High,,,,,,v3
106,11/6/2022,1,6,1000064440,Left,T_A,1000102964,Right,T_B,4,Bottom,1,3,2,3-2,Slider,Slider,BallCalled,Walk,Undefined,,Undefined,0,0,78.44186,-2.523558,4.064594,2337.988418,282.413536,3:30,5.50982,-2.69823,5.17499,-47.27912,-0.47201,8.45398,-0.81229,1.83746,72.97993,-10.977249,5.559216,0.492411,,,,,,,,,,,,-3.18016,0.75374,2.31247,50,5.23766,-8.39268,-113.55616,-6.64389,-4.15843,20.51476,-31.18845,76.54676,,5.46194,,,,1000187893,Left,55.3272,-114.51452,10.25738,5.514,-5.18691,-15.59422,2.7,-8.19842,-2.07922,,,,,,,,,,,,,,,,,,,,,,,,,,,,,,,,,,,,,,,,,,,,,,,,,,,High,High,High,,,,,,v3
107,11/6/2022,2,1,1000064440,Left,T_A,1000051953,Right,T_B,4,Bottom,1,0,0,0-0,Fastball,Changeup,BallCalled,Undefined,Undefined,,Undefined,0,0,84.29696,-2.387671,1.021083,1742.018009,152.386213,11:00,5.85682,-2.31204,5.95605,-27.89958,11.14666,-5.21453,1.31599,-1.79957,77.80434,-7.557966,0.082885,0.449739,,,,,,,,,,,,2.96433,6.71804,2.23392,50,5.65133,-1.98146,-122.44743,-5.98019,4.5226,23.06855,-21.92452,83.8095,,6.49262,,,,1000187893,Left,54.54369,-123.30047,11.53428,5.85748,-5.16946,-10.96226,2.31028,-2.1487,2.2613,,,,,,,,,,,,,,,,,,,,,,,,,,,,,,,,,,,,,,,,,,,,,,,,,,,High,High,High,,,,,,v3
108,11/6/2022,2,2,1000064440,Left,T_A,1000051953,Right,T_B,4,Bottom,1,1,0,1-0,Fastball,Four-Seam,BallCalled,Undefined,Undefined,,Undefined,0,0,84.73203,-2.893484,2.703624,1912.051141,173.318738,11:45,5.81447,-1.97733,5.73063,-22.90576,16.08269,-1.74768,1.20566,0.39678,78.29086,-7.144767,2.391274,0.449407,,,,,,,,,,,,1.58543,9.30315,1.7529,50,5.55872,-5.73366,-122.89338,-6.93388,2.44406,22.52842,-17.83266,83.87159,,6.44116,,,,1000187893,Left,54.76892,-123.76451,11.26421,5.81351,-6.24433,-8.91633,1.97644,-5.82816,1.22203,,,,,,,,,,,,,,,,,,,,,,,,,,,,,,,,,,,,,,,,,,,,,,,,,,,High,High,High,,,,,,v3
109,11/6/2022,2,3,1000064440,Left,T_A,1000051953,Right,T_B,4,Bottom,1,2,0,2-0,Fastball,Cutter,BallCalled,Undefined,Undefined,,Undefined,0,0,84.98621,-1.592653,1.107008,1870.312404,174.570295,11:45,5.76626,-2.24149,5.98037,-24.31009,13.95883,-1.21961,2.26347,-1.31686,78.41624,-6.13068,0.887671,0.44524,,,,,,,,,,,,0.91067,7.93918,2.15469,50,5.62682,-2.33859,-123.51115,-4.177,1.41737,22.85418,-19.81721,84.65642,,6.56997,,,,1000187893,Left,54.51832,-124.34439,11.42709,5.76594,-3.45448,-9.90861,2.2409,-2.39027,0.70868,,,,,,,,,,,,,,,,,,,,,,,,,,,,,,,,,,,,,,,,,,,,,,,,,,,High,High,High,,,,,,v3
110,11/6/2022,2,4,1000064440,Left,T_A,1000051953,Right,T_B,4,Bottom,1,3,0,3-0,Fastball,Changeup,StrikeCalled,Undefined,Undefined,,Undefined,0,0,83.69769,-0.646438,3.026884,1724.798485,169.631598,11:45,5.76744,-2.24638,6.08448,-24.72604,14.61568,-2.46433,3.10804,0.35111,77.17478,-5.277277,2.583966,0.451438,,,,,,,,,,,,2.04528,8.06784,2.01383,50,5.70424,-6.33404,-121.55927,-2.09863,3.08526,22.01306,-20.00403,83.49416,,6.52291,,,,1000187893,Left,54.41453,-122.35608,11.00653,5.7671,-1.37453,-10.00201,2.24512,-6.44572,1.54263,,,,,,,,,,,,,,,,,,,,,,,,,,,,,,,,,,,,,,,,,,,,,,,,,,,High,High,High,,,,,,v3
111,11/6/2022,2,5,1000064440,Left,T_A,1000051953,Right,T_B,4,Bottom,1,3,1,3-1,Fastball,Cutter,StrikeSwinging,Undefined,Undefined,,Undefined,0,0,85.11763,-1.379721,2.210389,1746.781378,178.203853,12:00,5.82666,-2.08487,5.82189,-24.5234,13.95048,-0.40142,2.4991,-0.06229,78.40025,-5.946494,2.138498,0.446431,,,,,,,,,,,,0.78319,7.84831,1.90429,50,5.69919,-4.75494,-123.60755,-3.74995,1.21883,23.27687,-19.95996,84.4306,,6.71738,,,,1000187893,Left,54.67722,-124.48521,11.63843,5.82639,-2.99735,-9.97998,2.08445,-4.8009,0.60941,,,,,,,,,,,,,,,,,,,,,,,,,,,,,,,,,,,,,,,,,,,,,,,,,,,High,High,High,,,,,,v3
112,11/6/2022,2,6,1000064440,Left,T_A,1000051953,Right,T_B,4,Bottom,1,3,2,3-2,Fastball,Changeup,InPlay,Undefined,FlyBall,LineDrive,Double,1,2,85.02835,-2.220267,1.710396,1814.737755,167.464471,11:30,5.74153,-2.05004,5.7106,-22.48761,16.38513,-3.37146,1.79709,-0.73703,78.05095,-6.420437,1.107381,0.448739,100.70474,21.582378,-5.108422,1345.382285,109.56689,39.03397,-9.75008,364.67437,364.67437,-6.146915,4.068576,2.20004,9.33134,1.90902,50,5.54169,-3.55032,-123.40506,-5.48639,3.39821,24.17892,-17.76074,83.99632,53.9708,6.9774,3.2234,2.14574,0.72196,1000187893,Left,54.78903,-124.33984,12.08946,5.74053,-4.79974,-8.88037,2.04882,-3.68169,1.6991,170.96225,3.22318,136.80383,-24.25024,5.83073,-1.295,0.26617,-0.04411,0.00461,-0.00021,2.14592,54.32603,-14.84155,0.18621,0.1382,-0.05258,0.00849,-0.00018,-6.00E-05,0.72204,-12.23127,0.44945,0.20858,-0.09885,0.02535,-0.00445,0.00055,-4.00E-05,,,,,,,,,,,,,,,,,,,,,,,High,High,High,High,High,,,,v3
113,11/6/2022,3,1,1000064440,Left,T_A,1000055244,Right,T_B,4,Bottom,2,0,0,0-0,Slider,Slider,BallinDirt,Undefined,Undefined,,Undefined,0,0,79.55618,-4.279221,3.673175,2388.474576,307.882778,4:15,5.57702,-2.41787,5.21718,-49.44077,-3.81205,6.65599,-2.58241,1.59527,74.26601,-13.04805,4.855017,0.486173,,,,,,,,,,,,-2.42362,-0.65988,2.07286,50,5.14227,-7.62975,-115.04253,-10.31442,-3.24249,21.68279,-33.05691,77.52891,,5.29017,,,,1000187893,Left,55.28726,-116.03478,10.84139,5.57966,-8.80167,-16.52846,2.41862,-7.48137,-1.62125,,,,,,,,,,,,,,,,,,,,,,,,,,,,,,,,,,,,,,,,,,,,,,,,,,,High,High,High,,,,,,v3
114,11/6/2022,3,2,1000064440,Left,T_A,1000055244,Right,T_B,4,Bottom,2,1,0,1-0,Fastball,Changeup,FoulBall,Undefined,Undefined,,Undefined,0,0,87.69904,-3.488269,3.140688,1690.045725,162.676014,11:30,5.90459,-1.86105,5.82927,-23.72588,12.84032,-3.64189,0.67593,0.7579,80.5723,-7.886798,2.488663,0.435222,,,,,,,,,,,,2.74937,7.88733,1.60664,50,5.60504,-6.82252,-127.02488,-8.52291,4.49424,25.90464,-19.28115,86.605,,7.12674,,,,1000187893,Left,54.67054,-127.97381,12.95232,5.90431,-7.8166,-9.64057,1.85958,-6.98715,2.24712,,,,,,,,,,,,,,,,,,,,,,,,,,,,,,,,,,,,,,,,,,,,,,,,,,,High,High,High,,,,,,v3
115,11/6/2022,3,3,1000064440,Left,T_A,1000055244,Right,T_B,4,Bottom,2,1,1,1-1,Fastball,Cutter,InPlay,Undefined,LineDrive,GroundBall,Single,0,0,86.83907,-0.778249,2.005456,1791.630299,188.405838,12:15,5.59564,-2.16457,6.1141,-25.62722,11.07918,1.4687,2.73998,-0.18717,79.59147,-5.574976,2.26999,0.436056,78.31183,10.149153,21.096156,2579.244232,99.94131,5.99505,45.95361,140.54491,137.75531,26.070817,1.416338,-0.20559,6.285,2.00999,50,5.52249,-4.47498,-126.15069,-2.50866,-0.33135,25.60995,-22.04387,86.43945,8.85538,7.24761,1.58225,2.66778,0.1817,1000187893,Left,54.38492,-127.03776,12.80498,5.59616,-1.74511,-11.02194,2.16479,-4.4635,-0.16568,259.03654,1.58225,105.48224,-14.14357,1.65887,-0.41634,0.2551,-0.19746,0.08558,-0.01483,2.66778,20.23896,-17.38849,1.48681,-0.28485,0.19952,-0.15587,0.06906,-0.01222,0.1817,40.69385,1.84057,0.08668,-0.08686,0.23153,-0.23343,0.10843,-0.01945,,,,,,,,,,,,,,,,,,,,,,,High,High,High,High,High,,,,v3
116,11/6/2022,4,1,1000064440,Left,T_A,1000194300,Left,T_B,4,Bottom,2,0,0,0-0,Slider,Slider,BallCalled,Undefined,Undefined,,Undefined,0,0,77.55111,-0.515805,3.619067,2258.067433,267.093612,3:00,5.56689,-2.56908,5.44446,-45.70845,1.7565,5.25595,1.27394,1.26193,71.41079,-8.825119,4.552523,0.495859,,,,,,,,,,,,-1.62677,1.46571,2.24514,50,5.48967,-7.30924,-112.38518,-2.52075,-2.07593,20.7925,-30.30366,76.0145,,6.14032,,,,1000187893,Left,55.055,-113.31656,10.39625,5.57218,-1.16335,-15.15183,2.57047,-7.21625,-1.03796,,,,,,,,,,,,,,,,,,,,,,,,,,,,,76.60345,2.112933,0.81408,1.298853,0.18588,1.07996,-1.36016,-0.31499,5.78699,-1.40207,127.27767,-0.89773,-1.73651,-0.18576,110.1947,-9.38209,5.8394,12.22743,-13.45096,-1.41193,-0.9157,0.51996,High,High,High,,,High,High,High,v3
117,11/6/2022,4,2,1000064440,Left,T_A,1000194300,Left,T_B,4,Bottom,2,1,0,1-0,Fastball,Cutter,StrikeSwinging,Undefined,Undefined,,Undefined,0,0,86.30944,-1.272077,2.578503,1768.927936,180.927039,12:00,5.80868,-2.20344,5.9027,-22.47584,14.88131,0.22256,2.75344,0.21034,79.36953,-5.478269,2.618396,0.439904,,,,,,,,,,,,0.56646,8.31308,1.99597,50,5.69344,-5.65199,-125.30601,-3.4778,0.90511,24.15038,-18.89144,85.68327,,6.93991,,,,1000187893,Left,54.59591,-126.18868,12.07519,5.80793,-2.78734,-9.44572,2.20315,-5.68507,0.45256,,,,,,,,,,,,,,,,,,,,,,,,,,,,,,,,,,,,,,,,,,,,,,,,,,,High,High,High,,,,,,v3
118,11/6/2022,4,3,1000064440,Left,T_A,1000194300,Left,T_B,4,Bottom,2,1,1,1-1,Slider,Slider,StrikeSwinging,Undefined,Undefined,,Undefined,0,0,80.62156,-1.582107,3.138624,2196.297439,254.43209,2:30,5.70407,-2.47851,5.39282,-41.18353,3.11276,5.82122,0.78676,0.95103,73.76146,-9.076149,4.172806,0.479022,,,,,,,,,,,,-1.98496,2.45965,2.19381,50,5.53368,-6.63456,-116.75554,-4.63782,-2.71378,23.9452,-28.81133,78.68632,,6.8601,,,,1000187893,Left,55.10597,-117.79806,11.9726,5.70829,-3.38344,-14.40566,2.48009,-6.51641,-1.35689,,,,,,,,,,,,,,,,,,,,,,,,,,,,,,,,,,,,,,,,,,,,,,,,,,,High,High,High,,,,,,v3
119,11/6/2022,4,4,1000064440,Left,T_A,1000194300,Left,T_B,4,Bottom,2,1,2,1-2,Slider,Slider,StrikeSwinging,Strikeout,Undefined,,Undefined,0,0,78.77365,-1.970487,2.802254,2332.356761,248.791147,2:15,5.60985,-2.77189,5.25368,-43.31431,3.03288,4.00461,0.14586,0.19699,72.61006,-9.803853,3.512828,0.489985,,,,,,,,,,,,-1.22224,2.46036,2.51161,50,5.39661,-5.74335,-114.15351,-5.40643,-1.60755,21.6514,-28.93811,76.92567,,6.1636,,,,1000187893,Left,55.2466,-115.14432,10.8257,5.61372,-4.08216,-14.46906,2.77276,-5.66978,-0.80378,,,,,,,,,,,,,,,,,,,,,,,,,,,,,,,,,,,,,,,,,,,,,,,,,,,High,High,High,,,,,,v3
120,11/6/2022,1,1,1000097859,Right,T_B,1000187793,Left,T_A,5,Top,0,0,0,0-0,Fastball,Four-Seam,BallCalled,Undefined,Undefined,,Undefined,0,0,90.80145,-1.711539,-0.908256,2064.849627,205.445907,12:45,5.96797,1.3926,5.01484,-18.70867,16.61576,7.32386,2.7929,1.14564,82.30066,-5.208764,0.38523,0.427769,,,,,,,,,,,,-3.87638,9.08686,-1.31165,50,5.78944,1.72857,-131.52912,-4.59225,-6.73897,29.87877,-16.37682,88.11407,,8.50079,,,,8886145,Right,55.48062,-132.76829,14.93939,5.96581,-3.91305,-8.18841,-1.38913,2.00805,-3.36949,,,,,,,,,,,,,,,,,,,,,,,,,,,,,,,,,,,,,,,,,,,,,,,,,,,High,High,High,,,,,,v3
121,11/6/2022,1,2,1000097859,Right,T_B,1000187793,Left,T_A,5,Top,0,1,0,1-0,Fastball,Four-Seam,InPlay,Undefined,GroundBall,GroundBall,Out,1,0,89.6369,-1.446182,-2.468128,2059.171206,202.3448,12:45,5.94456,1.18355,4.97423,-19.59072,16.59454,6.3254,2.94452,-0.62192,81.56804,-5.092603,-1.353379,0.43295,88.83033,0.420528,-33.824279,2708.900441,,,,76.90527,71.19138,-36.388359,0.621629,-3.85858,8.993,-0.95059,50,5.78945,5.30072,-129.84638,-3.98343,-6.5638,28.10678,-16.87619,87.05965,3.13915,8.06885,1.8333,3.11554,0.36199,8886145,Right,55.52392,-131.03664,14.05339,5.943,-3.26875,-8.4381,-1.18095,5.57868,-3.2819,,1.86251,107.60101,-17.7743,,,,,,,3.11333,1.00561,-9.66977,,,,,,,0.37664,-72.84091,-1.90078,,,,,,,,,,,,,,,,,,,,,,,,,,,,,High,High,High,High,High,,,,v3
122,11/6/2022,2,1,1000097859,Right,T_B,691273,Right,T_A,5,Top,1,0,0,0-0,Curveball,Curveball,BallCalled,Undefined,Undefined,,Undefined,0,0,76.19991,2.907569,0.869821,2278.314988,38.171336,7:15,5.76421,1.62421,4.3413,-61.07976,-9.76666,-8.99729,3.45526,1.70565,69.53667,-7.997015,-0.700369,0.515567,,,,,,,,,,,,4.57866,-5.01725,-1.70819,50,6.01559,-1.28321,-110.32085,3.24093,5.61605,20.49467,-38.32807,73.10866,,6.66323,,,,8886145,Right,56.15959,-111.45926,10.24733,5.77644,5.36994,-19.16404,-1.62824,-1.59516,2.80803,,,,,,,,,,,,,,,,,,,,,,,,,,,,,,,,,,,,,,,,,,,,,,,,,,,High,High,High,,,,,,v3
123,11/6/2022,2,2,1000097859,Right,T_B,691273,Right,T_A,5,Top,1,1,0,1-0,Fastball,Changeup,InPlay,Undefined,FlyBall,FlyBall,Out,1,0,88.23559,-0.759924,-3.193966,1759.410883,231.902367,1:45,5.62608,1.71993,4.90419,-25.77245,11.73335,13.35446,2.75854,-0.19094,80.20314,-5.499132,-0.844384,0.440779,90.60748,30.845941,-14.072912,2703.214078,106.12957,60.18142,-28.92227,344.24788,339.75454,-18.666547,5.151637,-7.57996,6.37457,-1.41932,50,5.53056,6.51267,-127.76164,-2.67299,-12.46616,27.54997,-21.69031,85.5133,82.73836,8.03246,2.85308,2.84061,0.19531,8886145,Right,55.59496,-128.96247,13.77499,5.62646,-1.72757,-10.84515,-1.71503,7.05604,-6.23308,164.622537,2.85657,110.60263,-20.66023,4.36065,-0.66275,0.04334,0.00377,-0.00068,2.00E-05,2.83892,68.161,-15.9209,0.72058,-0.0592,-0.01797,0.01214,-0.00228,0.00014,0.19457,-27.72692,1.56885,0.11106,-0.12433,0.0373,-0.00574,0.00041,-1.00E-05,,,,,,,,,,,,,,,,,,,,,,,High,High,High,High,Medium,,,,v3
124,11/6/2022,3,1,1000097859,Right,T_B,1000073511,Right,T_A,5,Top,2,0,0,0-0,ChangeUp,Changeup,BallCalled,Undefined,Undefined,,Undefined,0,0,87.30699,-2.297553,-4.557524,1702.808697,221.106959,1:15,5.655,1.56671,4.92065,-25.93627,12.41528,9.72205,1.3134,-1.94108,79.73756,-7.042705,-2.850886,0.445721,,,,,,,,,,,,-6.07248,7.15685,-1.12993,50,5.40904,9.60252,-126.13495,-6.04701,-9.77284,25.90662,-20.65605,84.56513,,7.56943,,,,8886145,Right,55.57674,-127.27519,12.95331,5.65518,-5.13786,-10.32803,-1.56203,10.03265,-4.88642,,,,,,,,,,,,,,,,,,,,,,,,,,,,,,,,,,,,,,,,,,,,,,,,,,,High,High,High,,,,,,v3
125,11/6/2022,3,2,1000097859,Right,T_B,1000073511,Right,T_A,5,Top,2,1,0,1-0,ChangeUp,Changeup,BallCalled,Undefined,Undefined,,Undefined,0,0,85.04675,-2.086793,-4.696388,1289.099808,212.788633,1:00,5.61821,1.51749,5.19511,-26.68206,13.4865,7.7987,1.42429,-2.26017,77.40893,-7.003764,-3.321332,0.456157,,,,,,,,,,,,-5.25961,7.74784,-1.08726,50,5.40429,9.7481,-122.84974,-5.41822,-7.99437,25.56831,-20.39773,82.63035,,7.63782,,,,8886145,Right,55.30145,-123.94821,12.78416,5.61824,-4.5419,-10.19887,-1.51343,10.09155,-3.99718,,,,,,,,,,,,,,,,,,,,,,,,,,,,,,,,,,,,,,,,,,,,,,,,,,,High,High,High,,,,,,v3
126,11/6/2022,3,3,1000097859,Right,T_B,1000073511,Right,T_A,5,Top,2,2,0,2-0,Fastball,Four-Seam,StrikeCalled,Undefined,Undefined,,Undefined,0,0,90.27646,-2.337167,-3.016265,2097.919415,195.657525,12:30,5.95306,1.10112,4.99692,-18.47517,17.30654,4.50823,2.20264,-1.37349,82.05085,-5.782297,-2.222089,0.430529,,,,,,,,,,,,-3.11177,9.60804,-0.81464,50,5.71358,6.66622,-130.60126,-5.98787,-5.34719,28.81145,-15.66372,87.54923,,8.22561,,,,8886145,Right,55.49969,-131.80894,14.40573,5.95081,-5.3313,-7.83186,-1.09876,6.89036,-2.6736,,,,,,,,,,,,,,,,,,,,,,,,,,,,,,,,,,,,,,,,,,,,,,,,,,,High,High,High,,,,,,v3
127,11/6/2022,3,4,1000097859,Right,T_B,1000073511,Right,T_A,5,Top,2,2,1,2-1,Slider,Curveball,BallCalled,Undefined,Undefined,,Undefined,0,0,77.59259,0.43092,-0.642013,2471.79969,26.97003,7:00,5.77902,1.54849,4.47002,-61.74657,-12.60288,-7.21382,1.0443,0.33529,71.39917,-10.548629,-1.90777,0.504551,,,,,,,,,,,,3.34839,-5.91363,-1.47337,50,5.76383,1.56593,-112.53574,-1.52789,4.26732,21.60418,-39.71065,74.70487,,6.19342,,,,8886145,Right,56.0329,-113.68801,10.80209,5.78884,0.59011,-19.85533,-1.55082,1.33833,2.13366,,,,,,,,,,,,,,,,,,,,,,,,,,,,,,,,,,,,,,,,,,,,,,,,,,,High,High,High,,,,,,v3
128,11/6/2022,3,5,1000097859,Right,T_B,1000073511,Right,T_A,5,Top,2,3,1,3-1,Fastball,Four-Seam,InPlay,Undefined,GroundBall,GroundBall,Out,1,0,90.63391,-2.696046,-2.922204,1977.981073,197.61024,12:30,5.86252,1.16503,5.28141,-17.44808,17.73564,5.24237,1.87138,-1.14485,82.27642,-5.975715,-1.993619,0.426916,71.0831,4.575667,21.600481,2888.057725,,,,70.95506,67.95719,23.609118,0.714568,-3.51697,10.05867,-0.90237,50,5.60397,6.45573,-131.15719,-6.76681,-6.07999,29.69385,-14.78499,88.2901,2.97938,8.35749,1.99699,1.88332,1.06555,8886145,Right,55.21666,-132.33297,14.84693,5.86032,-6.18137,-7.3925,-1.16276,6.69647,-3.03999,258.288954,2.02525,96.08857,-11.15747,,,,,,,1.89891,8.0245,-14.97787,,,,,,,1.05998,38.36406,-0.10086,,,,,,,,,,,,,,,,,,,,,,,,,,,,,High,High,High,High,High,,,,v3
129,11/6/2022,4,1,1000097859,Right,T_B,8886045,Left,T_A,5,Top,0,0,0,0-0,Fastball,Four-Seam,FoulBall,Undefined,Undefined,,Undefined,0,0,88.33785,-1.451033,-2.564008,2058.263387,217.429827,1:15,5.79737,1.61007,5.01574,-23.48434,13.41005,9.39658,2.46923,-0.02834,81.11743,-5.768671,-0.906125,0.437171,66.59299,29.594263,-150.147956,2865.77094,,,,,47.77233,,,-5.38634,7.3789,-1.37231,50,5.63958,5.31281,-128.10562,-4.1182,-8.99311,25.29702,-19.85409,86.21893,22.76003,7.22042,2.40888,2.41958,0.04969,8886145,Right,55.48446,-129.1841,12.64851,5.7971,-3.27177,-9.92705,-1.60698,5.6962,-4.49656,26.535717,2.40888,-73.65922,2.61495,0.66253,-0.1958,0.06703,-0.01142,0.00058,0.00041,2.41958,48.23459,-26.01245,2.92288,-0.60206,0.1174,-0.01912,0.00466,-0.00081,0.04969,-42.27394,5.60046,-0.41319,0.05516,0.01042,-0.00264,0.00028,-7.00E-05,,,,,,,,,,,,,,,,,,,,,,,High,High,High,High,Low,,,,v3
130,11/6/2022,4,2,1000097859,Right,T_B,8886045,Left,T_A,5,Top,0,0,1,0-1,ChangeUp,Changeup,StrikeSwinging,Undefined,Undefined,,Undefined,0,0,82.34213,-1.492373,-2.871624,1490.965875,250.666672,2:15,5.61593,1.76743,4.67988,-36.90175,6.32347,14.06217,1.12147,0.20999,75.57318,-8.149885,-0.403091,0.473195,,,,,,,,,,,,-7.70827,3.91047,-1.48868,50,5.4308,5.35886,-119.26011,-4.51953,-11.10415,22.88619,-26.54084,79.65519,,6.76895,,,,8886145,Right,55.81954,-120.37171,11.44309,5.61901,-3.23043,-13.27042,-1.76206,5.89819,-5.55207,,,,,,,,,,,,,,,,,,,,,,,,,,,,,,,,,,,,,,,,,,,,,,,,,,,High,High,High,,,,,,v3
131,11/6/2022,4,3,1000097859,Right,T_B,8886045,Left,T_A,5,Top,0,0,2,0-2,ChangeUp,Changeup,BallCalled,Undefined,Undefined,,Undefined,0,0,80.82522,0.312086,-1.138716,1251.134076,265.096235,2:45,5.66886,1.98975,4.90344,-42.14038,2.51075,11.86323,2.45238,1.90129,73.68285,-7.336911,0.95405,0.480936,,,,,,,,,,,,-6.19126,1.58583,-1.88887,50,5.66422,1.81726,-117.17556,-0.92071,-8.55106,23.50398,-29.98379,78.37301,,7.14236,,,,8886145,Right,55.59496,-118.29252,11.75199,5.67411,0.50418,-14.99189,-1.98489,2.22363,-4.27553,,,,,,,,,,,,,,,,,,,,,,,,,,,,,,,,,,,,,,,,,,,,,,,,,,,High,High,High,,,,,,v3
132,11/6/2022,4,4,1000097859,Right,T_B,8886045,Left,T_A,5,Top,0,1,2,1-2,Fastball,Sinker,InPlay,Undefined,LineDrive,GroundBall,Single,0,0,90.81765,-2.507393,-2.703638,2020.472872,222.020468,1:30,5.94996,1.51758,5.08362,-21.06013,13.98253,11.57079,1.82737,-0.0685,83.01498,-6.397547,-0.659453,0.426059,99.91188,5.311024,4.79829,1182.68033,109.93699,3.3878,3.71213,140.07232,140.07232,1.184548,1.074118,-6.57055,8.00048,-1.27127,50,5.6961,5.67856,-131.54984,-6.54681,-11.50553,28.09469,-18.16457,88.46761,5.07655,7.80268,3.13776,1.98692,-0.02144,8886145,Right,55.41633,-132.70155,14.04734,5.94922,-5.80218,-9.08228,-1.51372,6.15022,-5.75277,,3.27355,143.66332,-15.31094,,,,,,,2.03119,13.00486,-13.90372,,,,,,,0.09098,10.7534,-7.6659,,,,,,,,,,,,,,,,,,,,,,,,,,,,,High,High,High,High,High,,,,v3
133,11/6/2022,5,1,1000097859,Right,T_B,1000187798,Right,T_A,5,Top,0,0,0,0-0,Fastball,Four-Seam,StrikeCalled,Undefined,Undefined,,Undefined,0,0,89.50611,-1.738927,-3.241103,2019.214753,214.417349,1:15,5.95951,1.20879,4.94408,-19.05816,17.37056,11.05241,2.72487,-0.93637,81.3145,-5.293506,-1.296064,0.434404,,,,,,,,,,,,-6.38733,9.44276,-0.90339,50,5.77535,6.80595,-129.51661,-4.61118,-10.8039,28.11214,-16.20201,86.76827,,8.1916,,,,8886145,Right,55.55287,-130.71632,14.05607,5.95739,-3.91974,-8.10101,-1.20367,7.26701,-5.40195,,,,,,,,,,,,,,,,,,,,,,,,,,,,,,,,,,,,,,,,,,,,,,,,,,,High,High,High,,,,,,v3
134,11/6/2022,5,2,1000097859,Right,T_B,1000094105,Right,T_A,5,Top,0,0,1,0-1,Fastball,Sinker,StrikeCalled,Undefined,Undefined,,Undefined,0,0,90.53926,-1.842914,-3.783786,2213.365837,225.782774,1:30,5.97074,1.14545,5.07282,-21.68836,13.55091,12.76879,2.42153,-1.36296,82.82446,-5.845894,-1.532483,0.427253,,,,,,,,,,,,-7.36158,7.56603,-0.79664,50,5.77878,8.06477,-131.06951,-5.03234,-12.83659,27.084,-18.981,88.22047,,7.7148,,,,8886145,Right,55.42567,-132.18591,13.542,5.97009,-4.24995,-9.4905,-1.13998,8.59389,-6.41829,,,,,,,,,,,,,,,,,,,,,,,,,,,,,,,,,,,,,,,,,,,,,,,,,,,High,High,High,,,,,,v3
135,11/6/2022,5,3,1000097859,Right,T_B,1000094105,Right,T_A,5,Top,0,0,2,0-2,Fastball,Four-Seam,BallCalled,Undefined,Undefined,,Undefined,0,0,90.32703,-2.948091,-4.432723,2214.953803,218.12325,1:15,5.9535,1.53489,5.13267,-21.34033,13.97505,10.10457,1.38804,-1.80586,83.01865,-6.873797,-2.651701,0.427714,,,,,,,,,,,,-6.20733,8.06689,-1.12653,50,5.65973,9.65951,-130.61913,-7.53113,-10.787,26.00046,-18.15556,88.12536,,7.30838,,,,8886145,Right,55.36671,-131.68307,13.00023,5.9527,-6.78821,-9.07778,-1.53083,10.10091,-5.3935,,,,,,,,,,,,,,,,,,,,,,,,,,,,,,,,,,,,,,,,,,,,,,,,,,,High,High,High,,,,,,v3
136,11/6/2022,5,4,1000097859,Right,T_B,1000094105,Right,T_A,5,Top,0,1,2,1-2,Curveball,Curveball,StrikeCalled,Strikeout,Undefined,,Undefined,0,0,75.85975,2.410491,-2.041741,2307.827405,31.702983,7:00,5.73835,1.63038,4.37118,-62.12972,-10.67544,-7.56418,2.86577,-0.95071,69.80611,-8.645894,-3.361232,0.516276,,,,,,,,,,,,3.09492,-5.36359,-1.40362,50,5.93425,4.24008,-109.90638,2.25294,3.78721,19.40148,-38.7374,73.00829,,6.05364,,,,8886145,Right,56.13121,-110.98343,9.70074,5.74949,4.4034,-19.3687,-1.63316,4.02983,1.89361,,,,,,,,,,,,,,,,,,,,,,,,,,,,,,,,,,,,,,,,,,,,,,,,,,,High,High,High,,,,,,v3
137,11/6/2022,6,1,1000097859,Right,T_B,1000110361,Right,T_A,5,Top,1,0,0,0-0,Fastball,Four-Seam,BallCalled,Undefined,Undefined,,Undefined,0,0,90.3979,-1.480652,-3.809476,2027.989374,208.57782,1:00,6.00066,1.04437,5.19477,-20.27954,14.85536,7.49296,2.91453,-1.9199,82.79013,-5.241463,-2.486358,0.42662,,,,,,,,,,,,-4.75748,8.13949,-0.69658,50,5.84807,8.36944,-130.91576,-4.11726,-8.28708,26.68322,-17.99591,88.3514,,7.60777,,,,8886145,Right,55.30353,-131.9923,13.34161,5.99953,-3.39121,-8.99795,-1.04099,8.70378,-4.14354,,,,,,,,,,,,,,,,,,,,,,,,,,,,,,,,,,,,,,,,,,,,,,,,,,,High,High,High,,,,,,v3
138,11/6/2022,6,2,1000097859,Right,T_B,1000110361,Right,T_A,5,Top,1,1,0,1-0,Curveball,Curveball,StrikeCalled,Undefined,Undefined,,Undefined,0,0,76.28683,2.219694,-1.009721,2290.121672,57.636941,8:00,5.6091,1.73866,4.45818,-57.75428,-7.02819,-13.57198,2.91412,-0.35521,70.06547,-8.100365,-3.38266,0.51261,,,,,,,,,,,,6.29839,-3.55209,-1.61809,50,5.78723,2.52645,-110.57387,2.09844,7.79118,19.87272,-36.56804,73.53045,,6.22135,,,,8886145,Right,56.04331,-111.65471,9.93636,5.61902,4.08731,-18.28402,-1.74397,2.1027,3.89559,,,,,,,,,,,,,,,,,,,,,,,,,,,,,,,,,,,,,,,,,,,,,,,,,,,High,High,High,,,,,,v3
139,11/6/2022,6,3,1000097859,Right,T_B,1000110361,Right,T_A,5,Top,1,1,1,1-1,Curveball,Curveball,StrikeCalled,Undefined,Undefined,,Undefined,0,0,77.13049,1.11345,-0.609036,2513.421034,51.921504,7:45,5.65961,1.68442,4.4548,-57.68464,-7.8454,-12.09095,1.9145,0.09606,70.65509,-9.187097,-2.726317,0.508109,,,,,,,,,,,,5.71473,-3.71292,-1.60753,50,5.72078,1.70369,-111.80137,-0.02793,7.18359,21.44742,-36.84134,74.18176,,6.4754,,,,8886145,Right,56.04655,-112.95536,10.72371,5.66895,1.95432,-18.42067,-1.6888,1.31717,3.59179,,,,,,,,,,,,,,,,,,,,,,,,,,,,,,,,,,,,,,,,,,,,,,,,,,,High,High,High,,,,,,v3
140,11/6/2022,6,4,1000097859,Right,T_B,1000110361,Right,T_A,5,Top,1,1,2,1-2,Curveball,Curveball,FoulBall,Undefined,Undefined,GroundBall,Undefined,0,0,77.39061,1.630051,-2.67593,2313.462484,37.035571,7:15,5.57062,1.71161,4.45891,-57.19137,-7.59733,-6.94788,2.36104,-1.42072,70.82461,-8.582511,-3.889115,0.506858,75.56824,9.914277,47.205837,3546.858043,67.92381,5.60337,86.52373,138.00785,138.00785,52.88281,1.474128,2.58988,-3.72107,-1.42175,50,5.68707,5.5343,-112.03269,1.00161,3.27193,21.37004,-36.87509,74.36492,8.46449,6.566,0.05679,2.15783,1.23181,8886145,Right,56.04177,-113.17928,10.68502,5.58025,2.98011,-18.43755,-1.71398,5.35875,1.63596,,0.0568,74.17042,-15.4713,2.99049,-0.43495,-0.03279,0.01259,0.01097,-0.00385,2.15782,19.08349,-14.89573,0.78292,-0.18946,0.10323,-0.02611,-0.00103,0.00141,1.2318,80.11585,-4.61717,0.24809,-0.08016,0.08897,-0.03136,6.00E-05,0.00152,,,,,,,,,,,,,,,,,,,,,,,High,High,High,High,High,,,,v3
141,11/6/2022,6,5,1000097859,Right,T_B,1000110361,Right,T_A,5,Top,1,1,2,1-2,Curveball,Curveball,BallCalled,Undefined,Undefined,,Undefined,0,0,76.24766,-0.360055,-4.500121,2431.92431,56.552079,8:00,5.4852,1.79163,4.57526,-57.70275,-6.34268,-12.20835,0.333,-3.51625,69.94651,-10.615919,-6.630228,0.515803,,,,,,,,,,,,4.5802,-2.55681,-1.31264,50,5.39366,9.17081,-110.14989,-2.81411,5.55387,21.94489,-35.27441,73.07521,,6.30114,,,,8886145,Right,55.92546,-111.32415,10.97244,5.49374,-0.9266,-17.6372,-1.79541,8.87362,2.77694,,,,,,,,,,,,,,,,,,,,,,,,,,,,,,,,,,,,,,,,,,,,,,,,,,,High,High,High,,,,,,v3
142,11/6/2022,6,6,1000097859,Right,T_B,1000110361,Right,T_A,5,Top,1,2,2,2-2,Fastball,Four-Seam,FoulBall,Undefined,Undefined,,Undefined,0,0,91.82193,-2.535875,-3.335623,2144.831119,207.042323,1:00,5.98868,1.18857,5.20141,-18.19867,15.8682,7.54945,2.08144,-1.32312,84.11932,-5.919782,-2.001004,0.420085,,,,,,,,,,,,-4.72859,8.96315,-0.8855,50,5.74007,7.40753,-132.9932,-6.55169,-8.48786,27.92485,-16.08504,89.72572,,7.70261,,,,8886145,Right,55.2991,-134.10124,13.96242,5.98737,-5.91344,-8.04252,-1.18611,7.74432,-4.24393,,,,,,,,,,,,,,,,,,,,,,,,,,,,,,,,,,,,,,,,,,,,,,,,,,,High,High,High,,,,,,v3
143,11/6/2022,6,7,1000097859,Right,T_B,1000110361,Right,T_A,5,Top,1,2,2,2-2,Curveball,Curveball,BallCalled,Undefined,Undefined,,Undefined,0,0,76.40566,2.484372,0.44723,2096.030348,29.303454,7:00,5.51644,1.82386,4.26442,-58.57795,-7.56185,-5.15799,3.01378,1.82198,69.93025,-7.960136,-0.451898,0.514073,,,,,,,,,,,,2.60008,-3.81323,-1.86695,50,5.72674,-0.63755,-110.66855,2.51879,3.21884,20.0786,-36.89475,73.32113,,6.47542,,,,8886145,Right,56.23584,-111.7942,10.0393,5.52755,4.58718,-18.44738,-1.82615,-0.818,1.60942,,,,,,,,,,,,,,,,,,,,,,,,,,,,,,,,,,,,,,,,,,,,,,,,,,,High,High,High,,,,,,v3
144,11/6/2022,6,8,1000097859,Right,T_B,1000110361,Right,T_A,5,Top,1,3,2,3-2,Fastball,Changeup,BallCalled,Walk,Undefined,,Undefined,0,0,89.00678,-1.298339,-5.189615,1846.784922,230.435279,1:45,5.6245,1.61996,5.02044,-25.9184,10.95485,11.74792,2.23415,-2.31188,80.9385,-6.057407,-3.127235,0.437046,,,,,,,,,,,,-7.29894,6.17055,-1.13157,50,5.47922,11.11977,-128.53141,-3.9051,-12.16677,27.52288,-21.88821,86.24364,,8.06828,,,,8886145,Right,55.47686,-129.69889,13.76144,5.62517,-2.97663,-10.94411,-1.6142,11.63587,-6.08339,,,,,,,,,,,,,,,,,,,,,,,,,,,,,,,,,,,,,,,,,,,,,,,,,,,High,High,High,,,,,,v3
145,11/6/2022,7,1,1000097859,Right,T_B,1000079407,Left,T_A,5,Top,1,0,0,0-0,Fastball,Four-Seam,FoulBall,Undefined,Undefined,,Undefined,0,0,90.05699,-2.759692,-2.442315,1977.259373,201.563862,12:45,5.90649,1.4879,5.20703,-20.21785,15.19961,5.55933,1.62198,-0.34706,82.50331,-6.504055,-1.457922,0.428332,,,,,,,,,,,,-3.46937,8.70048,-1.26631,50,5.63598,5.31353,-130.47785,-7.0153,-5.9877,27.15804,-17.15803,87.99826,,7.55368,,,,8886145,Right,55.2923,-131.57479,13.57902,5.90534,-6.32227,-8.57902,-1.48581,5.55538,-2.99385,,,,,,,,,,,,,,,,,,,,,,,,,,,,,,,,,,,,,,,,,,,,,,,,,,,High,High,High,,,,,,v3
146,11/6/2022,7,2,1000097859,Right,T_B,1000079407,Left,T_A,5,Top,1,0,1,0-1,Curveball,Curveball,BallCalled,Undefined,Undefined,,Undefined,0,0,76.03704,-0.24297,-3.38467,2346.452445,49.725639,7:45,5.53588,1.84087,4.41216,-56.19133,-4.82453,-7.60583,0.621,-2.02674,70.14955,-10.218613,-4.711985,0.515837,,,,,,,,,,,,2.75866,-1.91768,-1.47239,50,5.45423,6.82328,-110.07474,-2.55926,3.3721,20.21516,-34.51818,73.07042,,5.88749,,,,8886145,Right,56.08948,-111.18744,10.10758,5.54281,-0.65927,-17.25909,-1.84285,6.63767,1.68605,,,,,,,,,,,,,,,,,,,,,,,,,,,,,,,,,,,,,,,,,,,,,,,,,,,High,High,High,,,,,,v3
147,11/6/2022,7,3,1000097859,Right,T_B,1000079407,Left,T_A,5,Top,1,1,1,1-1,ChangeUp,Changeup,StrikeCalled,Undefined,Undefined,,Undefined,0,0,84.16769,-0.892418,-2.138229,1274.321596,244.577918,2:15,5.56132,1.70456,4.84994,-34.35321,7.36496,12.25158,1.85307,0.70039,75.91987,-7.169633,0.01967,0.464873,,,,,,,,,,,,-6.71973,4.36051,-1.50442,50,5.44439,3.98856,-121.77406,-3.19366,-9.92501,27.56623,-25.7336,81.08119,,8.24782,,,,8886145,Right,55.64619,-123.04556,13.78312,5.56433,-2.00669,-12.8668,-1.69895,4.44636,-4.9625,,,,,,,,,,,,,,,,,,,,,,,,,,,,,,,,,,,,,,,,,,,,,,,,,,,High,High,High,,,,,,v3
148,11/6/2022,7,4,1000097859,Right,T_B,1000079407,Left,T_A,5,Top,1,1,2,1-2,Curveball,Curveball,FoulBall,Undefined,Undefined,GroundBall,Undefined,0,0,78.60935,1.576819,-2.043952,2176.258256,35.653642,7:15,5.60154,1.74429,4.35345,-54.45645,-6.23721,-5.60646,2.57123,-0.6764,71.82646,-8.146248,-3.021841,0.499783,64.60662,1.592908,-43.997592,3804.920144,,,,47.03613,45.75924,-43.630865,0.519806,2.12087,-3.0739,-1.51866,50,5.71607,4.30801,-113.82306,1.00126,2.76578,22.05636,-36.18262,75.41761,2.71062,6.78289,1.56701,2.59555,0.81782,8886145,Right,56.147,-115.00804,11.02818,5.61006,2.94518,-18.09131,-1.74612,4.15942,1.38289,99.872933,1.57789,67.85697,-10.42134,,,,,,,2.60106,2.49291,-14.44209,,,,,,,0.81687,-65.77082,3.39283,,,,,,,,,,,,,,,,,,,,,,,,,,,,,High,High,High,High,High,,,,v3
149,11/6/2022,7,5,1000097859,Right,T_B,1000079407,Left,T_A,5,Top,1,1,2,1-2,Curveball,Curveball,FoulBall,Undefined,Undefined,,Undefined,0,0,75.73157,2.29919,-0.960331,2311.863165,43.447353,7:30,5.48721,1.78756,4.23377,-55.7483,-4.04496,-5.30662,3.04431,0.42581,69.6917,-7.633796,-1.884205,0.517524,70.91594,50.699793,-167.401063,5287.930626,,,,,57.4172,,,2.30563,-2.12299,-1.6765,50,5.68082,2.06693,-109.75736,2.2758,2.82361,18.71036,-34.774,72.83222,53.34101,6.03986,2.88835,3.2717,-0.50354,8886145,Right,56.26714,-110.82057,9.35518,5.49535,4.25182,-17.387,-1.7894,1.90647,1.4118,4.932056,2.88835,-64.29158,1.05488,1.29353,-0.71801,0.85014,-0.99097,0.65745,-0.17498,3.2717,80.48719,-32.6935,4.76898,-1.45747,1.24022,-1.39378,0.91023,-0.23754,-0.50354,-14.36963,1.55337,0.11122,-0.12206,0.15721,-0.18157,0.12103,-0.03253,,,,,,,,,,,,,,,,,,,,,,,High,High,High,High,Low,,,,v3
150,11/6/2022,7,6,1000097859,Right,T_B,1000079407,Left,T_A,5,Top,1,1,2,1-2,ChangeUp,Changeup,InPlay,Undefined,Popup,,Error,0,1,84.39865,-0.993097,-2.007784,1538.878364,223.526044,1:30,5.61439,1.81462,5.24408,-26.15966,14.29536,12.27544,2.50045,0.9499,76.747,-5.845688,0.168665,0.457781,82.18901,53.556207,-12.347063,3826.962082,,,,,203.79707,,,-6.77095,7.84154,-1.63981,50,5.50412,3.76474,-122.34951,-3.01108,-10.19667,25.60575,-20.36508,82.33729,110.60775,7.65164,2.4442,2.71698,-0.97319,8886145,Right,55.2544,-123.44428,12.80288,5.61425,-2.14038,-10.18254,-1.81009,4.2007,-5.09834,167.228729,2.44425,69.94497,-17.85784,4.69536,-0.60189,-0.16068,0.10495,-0.02076,0.00111,2.71696,96.97287,-23.63786,2.31988,-0.58855,0.25029,-0.0933,0.01922,-0.00148,-0.97317,-15.31479,0.03101,0.6006,-0.01957,-0.13193,0.06738,-0.01412,0.00101,,,,,,,,,,,,,,,,,,,,,,,High,High,High,High,Low,,,,v3
151,11/6/2022,8,1,1000097859,Right,T_B,1000064785,Right,T_A,5,Top,1,0,0,0-0,Fastball,Four-Seam,BallCalled,Undefined,Undefined,,Undefined,0,0,88.74145,-3.038699,-5.071447,1985.004111,218.066177,1:15,5.76127,1.36247,5.34546,-21.901,14.56473,10.48922,1.07194,-2.53302,81.35694,-7.086761,-3.218272,0.434624,,,,,,,,,,,,-6.67252,8.49123,-0.91237,50,5.47081,10.9169,-128.20592,-7.59383,-11.13481,25.85443,-18.00426,86.72422,,7.38451,,,,8886145,Right,55.15417,-129.24114,12.92721,5.76044,-6.87293,-9.00213,-1.35842,11.36275,-5.56741,,,,,,,,,,,,,,,,,,,,,,,,,,,,,,,,,,,,,,,,,,,,,,,,,,,High,High,High,,,,,,v3
152,11/6/2022,8,2,1000097859,Right,T_B,1000064785,Right,T_A,5,Top,1,1,0,1-0,Curveball,Curveball,StrikeSwinging,Undefined,Undefined,,Undefined,0,0,75.10413,0.55367,-1.687318,2325.084738,36.495303,7:15,5.6704,1.76538,4.52162,-59.55539,-7.28906,-6.60992,1.23501,-0.39291,69.23138,-10.062687,-2.846253,0.520334,,,,,,,,,,,,2.76713,-3.33965,-1.58233,50,5.67097,3.47587,-108.89956,-1.12688,3.31222,19.69855,-36.1716,72.43887,,5.87275,,,,8886145,Right,55.98045,-109.97603,9.84928,5.67854,0.84979,-18.0858,-1.76733,3.29487,1.65611,,,,,,,,,,,,,,,,,,,,,,,,,,,,,,,,,,,,,,,,,,,,,,,,,,,High,High,High,,,,,,v3
153,11/6/2022,8,3,1000097859,Right,T_B,1000064785,Right,T_A,5,Top,1,1,1,1-1,Curveball,Curveball,FoulBall,Undefined,Undefined,GroundBall,Undefined,0,0,76.0249,1.08007,-2.670522,2298.722668,21.775403,6:45,5.79513,1.78757,4.67872,-57.8959,-7.12445,-3.48425,1.99741,-1.04071,69.93132,-9.281594,-3.281943,0.512839,54.8226,-49.52505,-52.070146,,,,,3.93961,3.93961,-7.51671,0.035791,0.96406,-3.49587,-1.51233,50,5.85195,5.27868,-110.17981,-0.01587,1.18139,20.14749,-36.45794,73.49757,2.20075,6.09359,2.75138,2.20075,0.96591,8886145,Right,55.82362,-111.23962,10.07375,5.80234,1.90191,-18.22897,-1.78836,5.21654,0.5907,,2.7504,32.25345,,,,,,,,2.20263,-61.48953,,,,,,,,0.96717,-41.38687,,,,,,,,,,,,,,,,,,,,,,,,,,,,,,High,High,High,Estimated,Estimated,,,,v3
154,11/6/2022,8,4,1000097859,Right,T_B,1000064785,Right,T_A,5,Top,1,1,2,1-2,Curveball,Curveball,BallCalled,Undefined,Undefined,,Undefined,0,0,76.09854,0.226088,-4.665085,2225.081125,12.308577,6:30,5.66674,1.60649,4.74631,-56.97428,-6.09752,-1.68807,1.13403,-2.96871,69.98369,-9.952806,-4.960628,0.513371,,,,,,,,,,,,-0.53583,-2.65087,-1.13484,50,5.6387,9.04622,-110.02465,-1.61729,-0.65334,20.47961,-35.40642,73.42146,,6.11485,,,,8886145,Right,55.75475,-111.09066,10.23981,5.67492,0.22568,-17.70321,-1.6066,9.08023,-0.32667,,,,,,,,,,,,,,,,,,,,,,,,,,,,,,,,,,,,,,,,,,,,,,,,,,,High,High,High,,,,,,v3
155,11/6/2022,8,5,1000097859,Right,T_B,1000064785,Right,T_A,5,Top,1,2,2,2-2,ChangeUp,Changeup,BallCalled,Undefined,Undefined,,Undefined,0,0,83.5457,-2.753138,-4.157857,1427.006151,228.481473,1:30,5.71515,1.5863,5.45392,-28.23273,12.5941,12.76115,0.77635,-1.2494,76.8217,-7.944163,-1.891841,0.45988,,,,,,,,,,,,-7.61457,7.47654,-1.22828,50,5.45223,8.27333,-120.92139,-6.77192,-11.30612,22.95729,-21.07292,81.9615,,6.724,,,,8886145,Right,55.04632,-121.87568,11.47865,5.71552,-5.89596,-10.53646,-1.58195,8.7433,-5.65306,,,,,,,,,,,,,,,,,,,,,,,,,,,,,,,,,,,,,,,,,,,,,,,,,,,High,High,High,,,,,,v3
156,11/6/2022,8,6,1000097859,Right,T_B,1000064785,Right,T_A,5,Top,1,3,2,3-2,Fastball,Changeup,FoulBall,Undefined,Undefined,,Undefined,0,0,87.10288,-1.43977,-4.1056,1726.181441,235.662329,1:45,5.65708,1.60249,4.92051,-27.36899,10.90119,14.18379,2.01133,-1.10378,79.82051,-6.439058,-1.612501,0.445248,,,,,,,,,,,,-8.19296,6.12252,-1.21424,50,5.49379,8.41254,-126.0875,-4.21173,-13.2251,24.98666,-22.29107,84.65501,,7.28237,,,,8886145,Right,55.58001,-127.18848,12.49333,5.65773,-3.22953,-11.14554,-1.59776,8.99527,-6.61255,,,,,,,,,,,,,,,,,,,,,,,,,,,,,,,,,,,,,,,,,,,,,,,,,,,High,High,High,,,,,,v3
157,11/6/2022,8,7,1000097859,Right,T_B,1000064785,Right,T_A,5,Top,1,3,2,3-2,Fastball,Four-Seam,BallCalled,Walk,Undefined,,Undefined,0,0,89.53632,-1.045155,-4.412947,2045.751318,216.809326,1:15,5.79042,1.36424,5.33856,-20.87052,14.83627,10.25312,3.06769,-1.92951,81.82297,-4.929316,-2.599735,0.430077,,,,,,,,,,,,-6.35418,8.06682,-0.97308,50,5.68119,9.54042,-129.61059,-3.09555,-10.83046,26.58224,-18.42445,87.64105,,7.71334,,,,8886145,Right,55.16015,-130.66462,13.29112,5.78946,-2.36499,-9.21222,-1.35989,9.96986,-5.41523,,,,,,,,,,,,,,,,,,,,,,,,,,,,,,,,,,,,,,,,,,,,,,,,,,,High,High,High,,,,,,v3
