PitchNo,Date,PAofInning,PitchofPA,PitcherId,PitcherThrows,PitcherTeam,BatterId,BatterSide,BatterTeam,Inning,Top/Bottom,Outs,Balls,Strikes,Count,TaggedPitchType,AutoPitchType,PitchCall,KorBB,TaggedHitType,AutoHitType,PlayResult,OutsOnPlay,RunsScored,RelSpeed,VertRelAngle,HorzRelAngle,SpinRate,SpinAxis,Tilt,RelHeight,RelSide,Extension,VertBreak,InducedVertBreak,HorzBreak,PlateLocHeight,PlateLocSide,ZoneSpeed,VertApprAngle,HorzApprAngle,ZoneTime,ExitSpeed,Angle,Direction,HitSpinRate,PositionAt110X,PositionAt110Y,PositionAt110Z,Distance,LastTrackedDistance,Bearing,HangTime,pfxx,pfxz,x0,y0,z0,vx0,vy0,vz0,ax0,ay0,az0,EffectiveVelo,MaxHeight,SpeedDrop,ContactPositionX,ContactPositionY,ContactPositionZ,CatcherId,CatcherThrows,PitchTrajectoryXc0,PitchTrajectoryXc1,PitchTrajectoryXc2,PitchTrajectoryYc0,PitchTrajectoryYc1,PitchTrajectoryYc2,PitchTrajectoryZc0,PitchTrajectoryZc1,PitchTrajectoryZc2,HitSpinAxis,HitTrajectoryXc0,HitTrajectoryXc1,HitTrajectoryXc2,HitTrajectoryXc3,HitTrajectoryXc4,HitTrajectoryXc5,HitTrajectoryXc6,HitTrajectoryXc7,HitTrajectoryXc8,HitTrajectoryYc0,HitTrajectoryYc1,HitTrajectoryYc2,HitTrajectoryYc3,HitTrajectoryYc4,HitTrajectoryYc5,HitTrajectoryYc6,HitTrajectoryYc7,HitTrajectoryYc8,HitTrajectoryZc0,HitTrajectoryZc1,HitTrajectoryZc2,HitTrajectoryZc3,HitTrajectoryZc4,HitTrajectoryZc5,HitTrajectoryZc6,HitTrajectoryZc7,HitTrajectoryZc8,ThrowSpeed,PopTime,ExchangeTime,TimeToBase,CatchPositionX,CatchPositionY,CatchPositionZ,ThrowPositionX,ThrowPositionY,ThrowPositionZ,BasePositionX,BasePositionY,BasePositionZ,ThrowTrajectoryXc0,ThrowTrajectoryXc1,ThrowTrajectoryXc2,ThrowTrajectoryYc0,ThrowTrajectoryYc1,ThrowTrajectoryYc2,ThrowTrajectoryZc0,ThrowTrajectoryZc1,ThrowTrajectoryZc2,PitchReleaseConfidence,PitchLocationConfidence,PitchMovementConfidence,HitLaunchConfidence,HitLandingConfidence,CatcherThrowCatchConfidence,CatcherThrowReleaseConfidence,CatcherThrowLocationConfidence,System
1,2/7/2023,1,1,1000051614,Left,T_A,691273,Right,T_B,1,Top,0,0,0,0-0,Fastball,Sinker,StrikeCalled,Undefined,Undefined,,Undefined,0,0,93.33347,-0.944457,3.899446,2175.158067,107.978272,9:30,5.5252,-2.36663,5.59903,-26.15785,6.42217,-16.53028,2.46151,-0.09802,85.13805,-5.777347,0.955191,0.410816,,,,,,,,,,,,9.44489,3.84099,2.04299,50,5.42723,-8.45406,-135.23837,-3.21949,17.46741,29.87791,-25.07053,91.75025,,8.19542,,,,1000055344,Right,54.90007,-136.31663,14.93895,5.52709,-2.31472,-12.53527,2.35946,-9.08444,8.7337,,,,,,,,,,,,,,,,,,,,,,,,,,,,,,,,,,,,,,,,,,,,,,,,,,,High,High,High,,,,,,v3
2,2/7/2023,1,2,1000051614,Left,T_A,691273,Right,T_B,1,Top,0,0,1,0-1,ChangeUp,Changeup,StrikeSwinging,Undefined,Undefined,,Undefined,0,0,84.71314,-0.678703,4.601057,1613.166167,88.153205,9:00,5.13822,-2.74307,5.16945,-39.809,0.83661,-18.85186,1.17998,0.02529,76.79575,-7.927974,1.270765,0.458858,,,,,,,,,,,,10.84623,1.03004,2.32875,50,5.0444,-9.02984,-122.46466,-2.94815,16.28192,26.7863,-30.62777,82.14402,,7.91739,,,,1000055344,Right,55.33001,-123.62498,13.39315,5.14337,-1.62143,-15.31388,2.73518,-9.73514,8.14096,,,,,,,,,,,,,,,,,,,,,,,,,,,,,,,,,,,,,,,,,,,,,,,,,,,High,High,High,,,,,,v3
3,2/7/2023,1,3,1000051614,Left,T_A,691273,Right,T_B,1,Top,0,0,2,0-2,Slider,Slider,BallCalled,Undefined,Undefined,,Undefined,0,0,83.29503,-0.12357,0.929019,2709.19322,294.187483,3:45,5.41255,-2.45909,4.26585,-46.19392,-3.25839,10.32957,1.44481,-0.70927,76.33749,-8.353457,2.731101,0.471606,,,,,,,,,,,,-4.73788,-1.16658,2.34652,50,5.35139,-2.44005,-120.71225,-2.1892,-6.96409,24.33919,-33.88877,79.9235,,6.95753,,,,1000055344,Right,56.23424,-121.96279,12.1696,5.41914,-0.44802,-16.94438,2.4627,-2.08224,-3.48204,,,,,,,,,,,,,,,,,,,,,,,,,,,,,,,,,,,,,,,,,,,,,,,,,,,High,High,High,,,,,,v3
4,2/7/2023,1,4,1000051614,Left,T_A,691273,Right,T_B,1,Top,0,1,2,1-2,Slider,Curveball,StrikeSwinging,Strikeout,Undefined,,Undefined,0,0,82.60286,-0.12792,2.089447,2660.70289,319.775878,4:45,5.40552,-2.61971,4.43164,-55.10263,-11.34032,10.8415,0.69153,0.2779,75.47838,-9.924675,3.986752,0.476126,,,,,,,,,,,,-4.64969,-5.14079,2.3867,50,5.33739,-4.85502,-119.61698,-2.52967,-6.65085,25.81875,-39.52738,79.16491,,7.12448,,,,1000055344,Right,56.06989,-120.92004,12.90938,5.41472,-0.53474,-19.76369,2.62325,-4.51936,-3.32542,,,,,,,,,,,,,,,,,,,,,,,,,,,,,,,,,,,,,,,,,,,,,,,,,,,High,High,High,,,,,,v3
5,2/7/2023,2,1,1000051614,Left,T_A,1000187793,Left,T_B,1,Top,1,0,0,0-0,Slider,Sinker,BallCalled,Undefined,Undefined,,Undefined,0,0,93.62887,-1.452149,6.003433,2164.104553,101.886336,9:30,5.43152,-2.42679,5.37128,-27.59368,5.26914,-19.85395,1.76276,1.56804,85.3121,-6.5123,2.498538,0.412595,,,,,,,,,,,,11.62123,3.38469,1.90124,50,5.28116,-13.27081,-135.18412,-4.53315,21.48387,29.74168,-25.91685,91.35464,,8.31677,,,,1000055344,Right,55.12842,-136.30775,14.87084,5.43392,-3.55402,-12.95843,2.41794,-14.08246,10.74194,,,,,,,,,,,,,,,,,,,,,,,,,,,,,,,,,,,,,,,,,,,,,,,,,,,High,High,High,,,,,,v3
6,2/7/2023,2,2,1000051614,Left,T_A,1000187793,Left,T_B,1,Top,1,1,0,1-0,Fastball,Sinker,FoulBall,Undefined,Undefined,,Undefined,0,0,92.16486,-1.5251,5.03155,2259.80923,108.246675,9:30,5.37911,-2.63405,5.10698,-25.90722,8.72504,-22.51915,1.77735,0.24222,82.83434,-6.307,1.064649,0.423557,,,,,,,,,,,,12.84942,5.19024,2.17735,50,5.21498,-10.62758,-133.02538,-4.56264,22.66022,32.74894,-23.02092,88.99021,,9.33052,,,,1000055344,Right,55.39159,-134.34615,16.37447,5.38027,-3.6342,-11.51046,2.62439,-11.54147,11.33011,,,,,,,,,,,,,,,,,,,,,,,,,,,,,,,,,,,,,,,,,,,,,,,,,,,High,High,High,,,,,,v3
7,2/7/2023,2,3,1000051614,Left,T_A,1000187793,Left,T_B,1,Top,1,1,1,1-1,Slider,Slider,FoulBall,Undefined,Undefined,,Undefined,0,0,81.42486,0.988265,2.015373,2403.341761,290.051386,3:45,5.37846,-2.76674,4.57462,-46.72691,-2.76626,10.99382,2.42554,0.06778,75.36636,-7.367778,3.939886,0.477203,,,,,,,,,,,,-4.80154,-1.125,2.54741,50,5.43736,-4.65733,-118.12779,0.16957,-6.84337,20.67676,-33.77744,78.98612,,6.0585,,,,1000055344,Right,55.92518,-119.16041,10.33838,5.38677,1.85644,-16.88872,2.77147,-4.31556,-3.42169,,,,,,,,,,,,,,,,,,,,,,,,,,,,,,,,,,,,,,,,,,,,,,,,,,,High,High,High,,,,,,v3
8,2/7/2023,2,4,1000051614,Left,T_A,1000187793,Left,T_B,1,Top,1,1,2,1-2,Slider,Slider,InPlay,Undefined,FlyBall,,Out,1,0,83.86156,0.822318,2.309141,2578.680913,303.359326,4:00,5.42591,-2.64558,4.45859,-46.67581,-4.04103,8.45603,2.32103,0.26205,75.82729,-7.556788,3.786111,0.469952,83.0528,42.979786,1.028655,4218.236084,,,,,94.66861,,,-3.38087,-1.86339,2.39285,50,5.46738,-5.2823,-121.29622,-0.16865,-4.95272,27.42437,-34.90377,80.20488,80.00784,8.03427,2.80148,2.52414,-0.18024,1000055344,Right,56.04029,-122.65429,13.71219,5.43293,1.55981,-17.45188,2.64836,-5.03704,-2.47636,163.414114,2.80148,89.10148,-18.81885,4.70342,-1.00268,0.15978,0.01717,-0.02317,0.00516,2.52414,83.04328,-19.37188,1.30407,-0.19107,0.0907,-0.08377,0.04107,-0.00781,-0.18024,1.5998,-4.58422,1.3573,-0.32195,0.04194,0.0207,-0.01546,0.00322,,,,,,,,,,,,,,,,,,,,,,,High,High,High,High,Low,,,,v3
9,2/7/2023,3,1,1000051614,Left,T_A,1000110361,Right,T_B,1,Top,2,0,0,0-0,Fastball,Sinker,BallCalled,Undefined,Undefined,,Undefined,0,0,91.62401,-1.263831,5.681843,2187.628553,115.45422,9:45,5.32597,-2.57818,5.38512,-25.31879,9.50064,-17.17021,2.02541,1.33425,82.15641,-5.96854,2.649292,0.4247,,,,,,,,,,,,10.40682,5.56803,2.08091,50,5.19503,-12.32248,-132.09662,-3.86272,18.07069,32.67218,-22.50556,88.75078,,9.4676,,,,1000055344,Right,55.11044,-133.35462,16.33609,5.32708,-2.99617,-11.25278,2.56877,-13.01827,9.03534,,,,,,,,,,,,,,,,,,,,,,,,,,,,,,,,,,,,,,,,,,,,,,,,,,,High,High,High,,,,,,v3
10,2/7/2023,3,2,1000051614,Left,T_A,1000110361,Right,T_B,1,Top,2,1,0,1-0,ChangeUp,Changeup,BallCalled,Undefined,Undefined,,Undefined,0,0,86.99691,-1.95536,5.261785,1491.698571,123.840408,10:15,5.15404,-2.74011,5.13007,-28.08053,11.02398,-14.15784,0.96397,1.0495,77.96149,-7.144817,2.769988,0.450075,,,,,,,,,,,,8.84229,6.57323,2.25657,50,4.94857,-10.90245,-125.37603,-5.31225,13.77796,30.32831,-21.93174,83.74706,,9.03543,,,,1000055344,Right,55.36614,-126.66744,15.16415,5.15489,-4.37837,-10.96587,2.73329,-11.48913,6.88898,,,,,,,,,,,,,,,,,,,,,,,,,,,,,,,,,,,,,,,,,,,,,,,,,,,High,High,High,,,,,,v3
11,2/7/2023,3,3,1000051614,Left,T_A,1000110361,Right,T_B,1,Top,2,2,0,2-0,Fastball,Sinker,BallCalled,Undefined,Undefined,,Undefined,0,0,91.95032,-0.435082,5.35524,1805.163313,112.832622,9:45,5.40881,-2.67951,5.53858,-26.47718,7.85788,-15.57261,2.79394,1.04267,82.39549,-5.360351,2.595344,0.421736,,,,,,,,,,,,9.55634,4.4941,2.22417,50,5.35372,-11.70364,-132.69494,-1.98546,16.73425,33.12919,-24.30436,89.37452,,9.55483,,,,1000055344,Right,54.95684,-133.92677,16.5646,5.41074,-1.08176,-12.15218,2.67091,-12.32586,8.36712,,,,,,,,,,,,,,,,,,,,,,,,,,,,,,,,,,,,,,,,,,,,,,,,,,,High,High,High,,,,,,v3
12,2/7/2023,3,4,1000051614,Left,T_A,1000110361,Right,T_B,1,Top,2,3,0,3-0,Fastball,Sinker,InPlay,Undefined,LineDrive,LineDrive,Single,0,0,92.59243,-1.48505,3.32605,2090.089661,117.418583,10:00,5.33331,-2.69848,5.13464,-25.29001,8.84607,-14.62792,1.82466,-0.78181,83.38554,-6.15501,0.740652,0.420512,106.36326,10.901262,-2.02041,5186.748171,109.81837,14.73699,-6.30677,223.74427,223.74427,-5.052408,1.915063,8.43103,5.22709,2.39843,50,5.17463,-7.08955,-133.9274,-4.45882,15.06565,33.28242,-22.83361,89.63468,14.86244,9.20689,1.82298,1.99586,0.69878,1000055344,Right,55.36391,-135.25382,16.64121,5.3342,-3.54882,-11.4168,2.69294,-7.68997,7.53282,117.399873,1.82299,153.08885,-27.74042,6.08306,-1.38357,0.30207,-0.06171,0.00951,-0.00075,1.99586,29.50212,-17.94539,1.3268,-0.19258,0.02633,-0.00209,0.0002,-2.00E-05,0.69878,-5.40063,-5.75285,2.61562,-0.84563,0.2325,-0.05378,0.00887,-0.00073,,,,,,,,,,,,,,,,,,,,,,,High,High,High,High,High,,,,v3
13,2/7/2023,4,1,1000051614,Left,T_A,1000051968,Left,T_B,1,Top,2,0,0,0-0,Slider,Slider,StrikeSwinging,Undefined,Undefined,,Undefined,0,0,84.34039,-0.050516,2.959226,2674.462569,333.794598,5:15,5.42605,-2.50949,4.10767,-48.91912,-6.42685,3.8754,1.30092,0.65573,76.85042,-8.729312,3.632014,0.469166,,,,,,,,,,,,-0.95339,-2.6763,2.17422,50,5.36741,-6.4914,-121.95429,-2.22559,-1.42127,26.25809,-36.16371,80.33929,,7.48996,,,,1000055344,Right,56.39157,-123.32279,13.12905,5.43429,-0.34084,-18.08186,2.5106,-6.41733,-0.71063,,,,,,,,,,,,,,,,,,,,,,,,,,,,,,,,,,,,,,,,,,,,,,,,,,,High,High,High,,,,,,v3
14,2/7/2023,4,2,1000051614,Left,T_A,1000051968,Left,T_B,1,Top,2,0,1,0-1,Fastball,Sinker,InPlay,Undefined,GroundBall,GroundBall,Single,0,0,92.32378,-0.782755,4.065175,2019.232163,105.614893,9:30,5.43803,-2.35698,5.20303,-28.36879,5.738,-16.22863,2.33587,0.12039,83.50206,-5.994949,1.196746,0.420331,100.52812,3.940298,-2.902057,1259.557337,,,,82.27989,82.00933,-2.927893,0.594745,9.38016,3.43788,1.99301,50,5.34416,-8.7223,-133.55314,-2.94818,16.76367,31.58533,-26.03011,89.67313,3.48841,8.82172,2.32078,2.49003,-0.08784,1000055344,Right,55.29576,-134.79977,15.79267,5.44025,-1.92081,-13.01506,2.35032,-9.38394,8.38183,1.456894,2.35148,146.20615,-20.25016,,,,,,,2.52626,9.30562,-22.88334,,,,,,,-0.08886,-7.424,0.85497,,,,,,,,,,,,,,,,,,,,,,,,,,,,,High,High,High,High,High,,,,v3
15,2/7/2023,5,1,1000051614,Left,T_A,1000049656,Right,T_B,1,Top,2,0,0,0-0,Slider,Curveball,StrikeCalled,Undefined,Undefined,,Undefined,0,0,83.40826,-0.027723,2.175418,2583.270219,332.433814,5:00,5.44828,-2.58233,4.37742,-50.8377,-7.44855,4.72752,1.18532,-0.11003,75.34277,-9.112336,3.001513,0.474091,,,,,,,,,,,,-1.57083,-3.24437,2.34442,50,5.39441,-4.79979,-120.60307,-2.15988,-2.2647,28.07485,-36.85156,79.5046,,8.0655,,,,1000055344,Right,56.12171,-122.01981,14.03743,5.45648,-0.30025,-18.42578,2.58375,-4.68551,-1.13235,,,,,,,,,,,,,,,,,,,,,,,,,,,,,,,,,,,,,,,,,,,,,,,,,,,High,High,High,,,,,,v3
16,2/7/2023,5,2,1000051614,Left,T_A,1000049656,Right,T_B,1,Top,2,0,1,0-1,Slider,Slider,StrikeSwinging,Undefined,Undefined,,Undefined,0,0,82.83538,-0.943699,3.77592,2560.229611,318.305408,4:30,5.38727,-2.58475,4.481,-47.87762,-4.09469,5.03992,0.49598,1.43932,75.25741,-9.489993,4.655751,0.476238,,,,,,,,,,,,-1.22689,-1.26571,2.18188,50,5.24169,-8.12637,-119.64252,-3.90986,-1.74907,26.63037,-33.97844,79.14626,,7.57798,,,,1000055344,Right,56.01731,-120.97446,13.31518,5.39474,-2.21041,-16.98922,2.58614,-8.03888,-0.87454,,,,,,,,,,,,,,,,,,,,,,,,,,,,,,,,,,,,,,,,,,,,,,,,,,,High,High,High,,,,,,v3
17,2/7/2023,5,3,1000051614,Left,T_A,1000049656,Right,T_B,1,Top,2,0,2,0-2,Slider,Slider,StrikeCalled,Strikeout,Undefined,,Undefined,0,0,83.62378,-0.777557,1.695354,2699.602973,293.007165,3:45,5.49834,-2.40033,4.38598,-46.27097,-3.36457,11.48942,0.89967,0.17626,76.00326,-9.042652,3.703629,0.471447,,,,,,,,,,,,-5.07587,-1.03146,2.2069,50,5.36923,-4.11054,-121.01269,-3.54063,-7.4097,27.04349,-33.67976,79.95061,,7.62052,,,,1000055344,Right,56.11358,-122.37131,13.52175,5.5046,-1.84863,-16.83988,2.40405,-3.73829,-3.70485,,,,,,,,,,,,,,,,,,,,,,,,,,,,,,,,,,,,,,,,,,,,,,,,,,,High,High,High,,,,,,v3
18,2/7/2023,1,1,1000036180,Right,T_B,1000110355,Right,T_A,1,Bottom,0,0,0,0-0,Fastball,Four-Seam,InPlay,Undefined,LineDrive,LineDrive,Double,0,0,93.56049,-1.586673,-3.525275,2292.353169,211.467372,1:00,5.37611,2.1467,6.70168,-13.17639,18.12607,10.42764,2.82418,-0.21174,84.63965,-4.172804,-1.630048,0.402681,91.34882,8.409854,27.470145,3428.723799,94.01008,8.75794,57.11456,168.24576,167.7399,34.125961,1.553461,-6.61678,10.39288,-1.91607,50,5.26499,7.95103,-135.72401,-4.06759,-12.20943,32.69244,-12.99688,93.60381,9.61248,8.92084,1.73623,3.10267,-0.03625,1000103236,Right,53.79697,-136.63554,16.34622,5.37335,-3.70521,-6.49844,-2.1425,8.29146,-6.10471,,1.73623,117.59398,-24.06381,4.67959,-1.07196,0.24365,-0.05279,0.00908,-0.00083,3.10267,19.59471,-15.57799,1.41525,-0.30377,0.07588,-0.01578,0.00268,-0.00025,-0.03625,61.1377,-0.11857,-0.09966,0.02607,-0.00615,0.00117,-0.00018,2.00E-05,,,,,,,,,,,,,,,,,,,,,,,High,High,High,High,High,,,,v3
19,2/7/2023,2,1,1000036180,Right,T_B,8886045,Left,T_A,1,Bottom,0,0,0,0-0,ChangeUp,Changeup,BallCalled,Undefined,Undefined,,Undefined,0,0,84.59516,-0.044974,-2.680867,1794.714169,232.091943,1:45,5.26158,2.61464,6.6649,-25.02501,13.20453,15.28072,3.13497,1.43326,76.69278,-4.822784,0.099218,0.445011,,,,,,,,,,,,-8.80363,7.35717,-2.43982,50,5.24842,5.18348,-122.83715,-0.75219,-13.32645,26.43912,-21.03719,84.69997,,7.90238,,,,1000103236,Right,53.83205,-123.6592,13.21956,5.26164,-0.0981,-10.51859,-2.60743,5.59783,-6.66323,,,,,,,,,,,,,,,,,,,,,,,,,,,,,75.45217,2.270817,0.887296,1.383521,-1.30998,2.89807,-1.44143,-0.66701,6.257,-0.92342,127.28448,11.53034,-1.55377,-0.02997,104.43699,-8.82787,6.26948,18.96268,-10.94931,-1.22169,-4.51024,3.02018,High,High,High,,,High,Medium,High,v3
20,2/7/2023,2,2,1000036180,Right,T_B,8886045,Left,T_A,1,Bottom,0,1,0,1-0,Fastball,Four-Seam,FoulBall,Undefined,Undefined,,Undefined,0,0,93.57848,-1.413434,-4.170517,2302.815175,220.369547,1:15,5.32255,2.33141,6.55533,-12.62422,18.88344,15.11489,2.97085,-0.23975,84.54856,-3.897473,-1.433639,0.403998,68.62424,25.200798,179.506688,2148.483075,,,,,46.34595,,,-9.26469,10.6904,-2.04941,50,5.21922,9.28387,-135.64136,-3.64587,-17.07474,32.65118,-12.47175,93.29855,20.2859,9.02992,3.0875,3.17319,0.17739,1000103236,Right,53.9439,-136.58743,16.32559,5.31962,-3.2845,-6.23588,-2.32558,9.77862,-8.53737,308.986519,3.0875,-91.06571,7.5612,-0.88812,0.13322,-0.01157,0.01581,-0.01462,0.006,3.17319,42.85542,-23.6027,2.36682,-0.48866,0.07069,0.02136,-0.0341,0.01494,0.17739,0.78413,-4.95419,1.47455,-0.35237,0.0245,0.08416,-0.09589,0.04018,,,,,,,,,,,,,,,,,,,,,,,High,High,High,High,Low,,,,v3
21,2/7/2023,2,3,1000036180,Right,T_B,8886045,Left,T_A,1,Bottom,0,1,1,1-1,Fastball,Sinker,FoulBall,Undefined,Undefined,,Undefined,0,0,92.8631,-0.176933,-3.307246,2351.142779,232.607758,1:45,5.38614,2.18495,6.47132,-18.38001,13.44182,16.22989,3.69171,0.49679,84.46069,-3.690312,-0.368058,0.406007,,,,,,,,,,,,-9.51016,7.40248,-1.95879,50,5.36539,7.14438,-134.84293,-0.9462,-17.43523,30.48893,-18.60287,92.83683,,8.40242,,,,1000103236,Right,54.02891,-135.75084,15.24446,5.38532,-0.39223,-9.30144,-2.17927,7.66357,-8.71762,,,,,,,,,,,,,,,,,,,,,,,,,,,,,,,,,,,,,,,,,,,,,,,,,,,High,High,High,,,,,,v3
22,2/7/2023,2,4,1000036180,Right,T_B,8886045,Left,T_A,1,Bottom,0,1,2,1-2,Slider,Slider,FoulBall,Undefined,Undefined,,Undefined,0,0,81.38431,1.212717,-2.241982,2404.635719,86.395067,9:00,5.17182,2.59755,5.87601,-41.99219,0.8137,-10.67489,2.79983,-0.37535,73.735,-6.552877,-4.154542,0.470894,,,,,,,,,,,,4.63044,0.62087,-2.4108,50,5.24684,5.05906,-117.9501,1.09953,6.43464,25.2757,-31.31125,80.04442,,7.64931,,,,1000103236,Right,54.61823,-118.93563,12.63785,5.18017,2.32039,-15.65563,-2.60317,4.80817,3.21732,,,,,,,,,,,,,,,,,,,,,,,,,,,,,,,,,,,,,,,,,,,,,,,,,,,High,High,High,,,,,,v3
23,2/7/2023,2,5,1000036180,Right,T_B,8886045,Left,T_A,1,Bottom,0,1,2,1-2,Slider,Slider,FoulBall,Undefined,Undefined,Popup,Undefined,0,0,81.96547,0.500752,-3.308767,2453.065836,92.193771,9:00,5.18702,2.29395,5.89132,-40.43557,1.58287,-4.73579,2.28312,-1.17629,74.66696,-6.960363,-4.156521,0.466543,43.39777,64.659201,-131.948284,2749.296002,,,,79.76891,79.76891,-135.02612,3.236335,1.43122,1.00972,-2.02428,50,5.20401,7.05005,-118.83757,-0.26395,2.02609,24.91337,-30.74462,80.79096,45.01444,7.2985,2.87487,2.5828,1.03702,1000103236,Right,54.60839,-119.79979,12.45668,5.19127,0.92349,-15.37231,-2.29506,6.97179,1.01304,16.605764,2.87329,-18.14622,-2.80657,2.76733,-2.04735,1.17166,-0.38918,0.06612,-0.00458,2.58187,57.55237,-22.0499,2.29594,-0.40693,-0.11672,0.12093,-0.03423,0.00322,1.03689,-20.25266,1.25448,0.02433,-0.41444,0.36098,-0.14878,0.02968,-0.00232,,,,,,,,,,,,,,,,,,,,,,,High,High,High,High,Medium,,,,v3
24,2/7/2023,2,6,1000036180,Right,T_B,8886045,Left,T_A,1,Bottom,0,1,2,1-2,Fastball,Four-Seam,BallCalled,Undefined,Undefined,,Undefined,0,0,94.06043,1.061897,-2.215043,2199.321462,221.299035,1:30,5.32157,2.57945,6.61272,-14.12528,16.82576,13.87351,5.1179,1.70579,85.08473,-1.695411,0.306621,0.400414,,,,,,,,,,,,-7.89422,8.79969,-2.43356,50,5.38744,4.70279,-136.60006,2.19565,-14.79161,32.43163,-15.68581,94.13372,,8.97571,,,,1000103236,Right,53.88408,-137.51913,16.21581,5.31892,2.64016,-7.8429,-2.57277,5.12196,-7.39581,,,,,,,,,,,,,,,,,,,,,,,,,,,,,,,,,,,,,,,,,,,,,,,,,,,High,High,High,,,,,,v3
25,2/7/2023,2,7,1000036180,Right,T_B,8886045,Left,T_A,1,Bottom,0,2,2,2-2,Fastball,Four-Seam,BallCalled,Undefined,Undefined,,Undefined,0,0,91.57725,-0.835641,-3.626571,2357.057228,203.786529,12:45,5.38487,2.19871,6.7879,-10.19312,22.32926,9.35115,3.77105,-0.33695,82.84299,-2.891844,-1.925074,0.410452,,,,,,,,,,,,-6.02918,12.37264,-1.9659,50,5.32582,8.05536,-132.87091,-2.09441,-10.68,30.89785,-10.25729,91.83151,,8.73426,,,,1000103236,Right,53.70926,-133.73068,15.44892,5.38012,-1.80899,-5.12864,-2.19419,8.35254,-5.34,,,,,,,,,,,,,,,,,,,,,,,,,,,,,,,,,,,,,,,,,,,,,,,,,,,High,High,High,,,,,,v3
26,2/7/2023,2,8,1000036180,Right,T_B,8886045,Left,T_A,1,Bottom,0,3,2,3-2,Fastball,Four-Seam,BallCalled,Walk,Undefined,,Undefined,0,0,94.17856,-1.07812,-2.938143,2348.163654,222.591808,1:30,5.35571,2.5451,6.53912,-14.8967,16.18761,13.87981,3.12406,1.00456,85.07028,-3.971863,-0.420167,0.401275,,,,,,,,,,,,-8.15083,9.12603,-2.34666,50,5.27424,6.43154,-136.65201,-2.95549,-15.235,33.35044,-15.11626,93.93171,,9.10829,,,,1000103236,Right,53.95799,-137.61457,16.67522,5.35325,-2.5192,-7.55813,-2.53864,6.87125,-7.6175,,,,,,,,,,,,,,,,,,,,,,,,,,,,,,,,,,,,,,,,,,,,,,,,,,,High,High,High,,,,,,v3
27,2/7/2023,3,1,1000036180,Right,T_B,1000058463,Right,T_A,1,Bottom,0,0,0,0-0,Fastball,Four-Seam,StrikeCalled,Undefined,Undefined,,Undefined,0,0,92.87228,-2.117412,-3.99528,2374.768595,204.451575,12:45,5.24848,2.40249,6.68106,-9.10796,22.87182,9.87048,2.54706,-0.43542,83.61002,-3.97674,-2.204271,0.407014,,,,,,,,,,,,-6.44071,13.02237,-2.13854,50,5.10221,8.99233,-134.52263,-5.10047,-11.6334,33.0777,-8.65274,92.60727,,9.26226,,,,1000103236,Right,53.81513,-135.45747,16.53885,5.24291,-4.85593,-4.32637,-2.39733,9.32112,-5.8167,,,,,,,,,,,,,,,,,,,,,,,,,,,,,,,,,,,,,,,,,,,,,,,,,,,High,High,High,,,,,,v3
28,2/7/2023,3,2,1000036180,Right,T_B,1000058463,Right,T_A,1,Bottom,0,0,1,0-1,Slider,Curveball,FoulBall,Undefined,Undefined,GroundBall,Undefined,0,0,79.52702,0.770631,-1.959628,2408.293074,78.139762,8:30,5.15731,2.33003,5.82297,-45.58735,-1.08764,-11.94524,2.07528,-0.48796,72.84112,-7.604705,-4.09984,0.48012,67.99179,-18.226943,-51.373906,,,,,9.26043,3.39037,-34.802915,0.073521,5.5715,-0.42299,-2.16243,50,5.19313,4.39466,-115.47013,0.09268,7.47356,22.80271,-32.74144,78.50625,2.30109,6.6859,3.24193,2.30109,0.17363,1000103236,Right,54.67783,-116.39023,11.40136,5.16273,1.41381,-16.37072,-2.33367,4.0931,3.73678,,3.23952,59.32974,,,,,,,,2.30236,-31.29836,,,,,,,,0.17665,-74.2517,,,,,,,,,,,,,,,,,,,,,,,,,,,,,,High,High,High,Low,Low,,,,v3
29,2/7/2023,3,3,1000036180,Right,T_B,1000058463,Right,T_A,1,Bottom,0,0,2,0-2,Slider,Slider,BallCalled,Undefined,Undefined,,Undefined,0,0,78.98587,2.513093,-0.878265,2366.340011,84.628062,8:45,5.26429,2.49618,5.74701,-44.86243,0.4113,-11.13134,3.86725,0.75083,71.97112,-5.757561,-2.869144,0.484278,,,,,,,,,,,,5.37752,-0.05469,-2.41646,50,5.44606,2.18876,-114.58866,3.57229,7.11221,22.21829,-32.24636,77.83227,,7.01475,,,,1000103236,Right,54.75154,-115.50629,11.10914,5.27102,4.90409,-16.12318,-2.50079,1.89502,3.55611,,,,,,,,,,,,,,,,,,,,,,,,,,,,,,,,,,,,,,,,,,,,,,,,,,,High,High,High,,,,,,v3
30,2/7/2023,3,4,1000036180,Right,T_B,1000058463,Right,T_A,1,Bottom,0,1,2,1-2,Slider,Slider,InPlay,Undefined,FlyBall,LineDrive,Double,0,1,79.47101,0.548221,-2.120827,2284.095186,63.665105,8:00,5.19541,2.39018,5.83962,-46.98636,-2.09744,-7.36949,1.78976,-0.19593,72.26195,-8.098587,-3.442276,0.482215,98.22992,23.954096,-18.773153,2329.76306,104.52544,45.25367,-34.26924,356.18258,347.89172,-15.866097,4.687465,3.1074,-0.84032,-2.2129,50,5.21245,4.54611,-115.28358,-0.40618,4.1211,24.3399,-33.28848,78.16517,64.87905,7.20906,2.16527,2.01786,0.10559,1000103236,Right,54.65976,-116.26324,12.16995,5.20183,0.93365,-16.64424,-2.39254,4.38024,2.06055,180.054498,2.16458,124.67944,-23.43776,5.58636,-1.33634,0.30649,-0.05851,0.0072,-0.00039,2.01989,58.43897,-14.27891,-0.00694,0.39938,-0.20686,0.05773,-0.00806,0.00044,0.10595,-42.37853,7.95635,-1.26598,0.27624,-0.08901,0.02355,-0.00347,0.0002,,,,,,,,,,,,,,,,,,,,,,,High,High,High,High,Medium,,,,v3
31,2/7/2023,4,1,1000036180,Right,T_B,1000055244,Left,T_A,1,Bottom,0,0,0,0-0,Fastball,Four-Seam,FoulBall,Undefined,Undefined,,Undefined,0,0,92.34042,-1.211618,-3.079936,2258.612236,204.423277,12:45,5.33405,2.29498,6.57367,-10.29048,22.10198,9.50812,3.36419,0.26158,83.14146,-3.285646,-1.355196,0.409632,81.42651,79.167625,-87.981445,4613.681102,,,,,6.72464,,,-5.99323,12.34351,-2.08706,50,5.24605,6.82625,-133.94525,-3.01569,-10.72559,32.96266,-10.08385,92.01545,31.92915,9.19896,1.93272,3.48237,-0.34065,1000103236,Right,53.92401,-134.90745,16.48133,5.32978,-2.72134,-5.04192,-2.2909,7.13934,-5.3628,168.883597,1.93657,0.59386,-10.72139,,,,,,,3.48584,117.12143,-31.41731,,,,,,,-0.33813,-22.55917,-5.25883,,,,,,,,,,,,,,,,,,,,,,,,,,,,,High,High,High,High,Low,,,,v3
32,2/7/2023,4,2,1000036180,Right,T_B,1000055244,Left,T_A,1,Bottom,0,0,1,0-1,ChangeUp,Changeup,StrikeSwinging,Undefined,Undefined,,Undefined,0,0,84.70916,-1.951254,-3.51077,1693.438606,232.696834,1:45,5.01318,2.65935,6.6972,-26.59234,11.24953,13.18501,1.00882,0.54373,77.68851,-6.971673,-1.111543,0.442749,,,,,,,,,,,,-7.91359,6.85705,-2.43011,50,4.87258,7.06843,-122.95429,-4.91585,-12.11436,24.37722,-21.67702,85.13271,,7.02065,,,,1000103236,Right,53.80157,-123.7057,12.18861,5.01381,-4.24767,-10.83851,-2.65375,7.44185,-6.05718,,,,,,,,,,,,,,,,,,,,,,,,,,,,,,,,,,,,,,,,,,,,,,,,,,,High,High,High,,,,,,v3
33,2/7/2023,4,3,1000036180,Right,T_B,1000055244,Left,T_A,1,Bottom,0,0,2,0-2,ChangeUp,Changeup,StrikeSwinging,Strikeout,Undefined,,Undefined,0,0,83.1473,-1.415639,-2.78451,1690.063326,241.169321,2:00,4.85957,2.63254,6.59552,-28.86116,11.05776,17.47265,1.15566,1.53541,75.22287,-6.886041,0.392951,0.454737,,,,,,,,,,,,-10.02233,6.69882,-2.44854,50,4.75095,5.22392,-120.63007,-3.76769,-14.54517,26.7681,-22.4522,82.88835,,7.92443,,,,1000103236,Right,53.90148,-121.49273,13.38405,4.86071,-3.04411,-11.2261,-2.62445,5.69267,-7.27259,,,,,,,,,,,,,,,,,,,,,,,,,,,,,,,,,,,,,,,,,,,,,,,,,,,High,High,High,,,,,,v3
34,2/7/2023,5,1,1000036180,Right,T_B,1000066765,Right,T_A,1,Bottom,1,0,0,0-0,Fastball,Sinker,InPlay,Undefined,LineDrive,LineDrive,Single,1,2,92.21083,-1.903001,-4.229148,2243.7084,231.706113,1:45,5.2585,2.27125,6.78953,-16.7491,15.33292,18.02568,2.12027,-0.09407,83.6548,-5.14224,-0.94898,0.407664,98.03166,10.93473,9.79623,2257.597199,107.25646,15.46068,24.41384,222.66489,220.67385,17.24952,2.09935,-10.85186,9.02536,-2.00249,50,5.12807,9.19862,-133.71088,-4.87684,-19.49017,30.96733,-15.96431,92.45962,15.61564,8.55603,1.98968,2.14297,0.06632,1000103236,Right,53.71022,-134.56742,15.48367,5.25685,-4.43528,-7.98215,-2.26437,9.73771,-9.74509,229.417943,1.98968,139.11067,-27.95851,6.75458,-1.57065,0.34723,-0.06602,0.00852,-0.0005,2.14297,27.27356,-13.94805,0.02099,0.19043,-0.06891,0.01322,-0.00051,-0.00013,0.06632,24.0192,4.07104,-0.1329,-0.13433,0.05423,-0.01118,0.00096,2.00E-05,,,,,,,,,,,,,,,,,,,,,,,High,High,High,High,High,,,,v3
35,2/7/2023,1,1,1000051614,Left,T_A,1000069979,Right,T_B,2,Top,0,0,0,0-0,Fastball,Sinker,FoulBall,Undefined,Undefined,,Undefined,0,0,91.41855,-1.226278,3.703632,2110.544843,114.315508,9:45,5.45932,-2.54443,5.10859,-26.36269,8.74079,-16.45253,2.10449,-0.42121,82.21915,-6.092577,0.798809,0.426429,72.45335,61.991455,37.255035,5270.031131,,,,,107.53773,,,9.42973,5.10536,2.2087,50,5.32338,-7.7738,-132.16461,-3.85213,16.39964,32.56832,-23.29511,88.39092,90.18322,9.1994,2.56293,2.01762,0.38907,1000055344,Right,55.38931,-133.48605,16.28416,5.46051,-2.90694,-11.64756,2.53761,-8.43921,8.19982,215.578326,2.56293,39.71967,-12.23785,2.50026,-0.51569,0.09086,-0.02618,0.00537,-0.00032,2.01762,93.81877,-27.77261,3.86797,-0.80777,0.15838,-0.03783,0.00824,-0.00077,0.38907,30.20904,3.01226,-2.7658,0.95739,-0.27238,0.06652,-0.0145,0.00139,,,,,,,,,,,,,,,,,,,,,,,High,High,High,Medium,Low,,,,v3
36,2/7/2023,1,2,1000051614,Left,T_A,1000069979,Right,T_B,2,Top,0,0,1,0-1,Slider,Slider,BallCalled,Undefined,Undefined,,Undefined,0,0,82.9921,-0.700129,1.647056,2573.013231,285.604866,3:30,5.52082,-2.41399,4.19046,-42.68687,0.34484,3.35988,1.29242,-0.55539,76.66523,-8.286877,2.232107,0.472135,,,,,,,,,,,,-1.19807,0.68311,2.22858,50,5.39854,-3.61562,-120.33059,-3.24494,-1.76605,22.17364,-31.16707,79.8341,,6.32687,,,,1000055344,Right,56.31015,-121.48782,11.08682,5.52544,-1.61836,-15.58353,2.41487,-3.52345,-0.88302,,,,,,,,,,,,,,,,,,,,,,,,,,,,,,,,,,,,,,,,,,,,,,,,,,,High,High,High,,,,,,v3
37,2/7/2023,1,3,1000051614,Left,T_A,1000069979,Right,T_B,2,Top,0,1,1,1-1,Slider,Curveball,StrikeCalled,Undefined,Undefined,,Undefined,0,0,82.03854,0.83925,1.487313,2526.877655,341.576068,5:30,5.47449,-2.46147,4.46171,-53.4229,-9.46501,3.62252,1.82309,-0.7412,75.18723,-8.690878,2.121549,0.477188,,,,,,,,,,,,-1.33347,-4.45957,2.30077,50,5.51073,-3.25181,-118.91662,-0.43946,-1.90138,23.70284,-38.5329,78.9886,,6.85132,,,,1000055344,Right,56.03941,-120.11439,11.85142,5.48374,1.5077,-19.26645,2.46266,-3.15573,-0.95069,,,,,,,,,,,,,,,,,,,,,,,,,,,,,,,,,,,,,,,,,,,,,,,,,,,High,High,High,,,,,,v3
38,2/7/2023,1,4,1000051614,Left,T_A,1000069979,Right,T_B,2,Top,0,1,2,1-2,Slider,Slider,FoulBall,Undefined,Undefined,,Undefined,0,0,82.25448,0.39603,0.942265,2662.812141,301.199949,4:00,5.52311,-2.35811,4.43779,-46.26404,-3.19784,7.22406,2.04559,-0.85723,76.45531,-7.845518,2.206104,0.472324,,,,,,,,,,,,-3.32906,-1.40252,2.25071,50,5.51921,-2.28368,-119.47445,-1.03631,-4.87025,20.39996,-34.22589,79.80215,,5.79916,,,,1000055344,Right,56.06506,-120.5056,10.19998,5.52787,0.69368,-17.11294,2.35992,-2.03751,-2.43512,,,,,,,,,,,,,,,,,,,,,,,,,,,,,,,,,,,,,,,,,,,,,,,,,,,High,High,High,,,,,,v3
39,2/7/2023,1,5,1000051614,Left,T_A,1000069979,Right,T_B,2,Top,0,1,2,1-2,ChangeUp,Changeup,BallCalled,Undefined,Undefined,,Undefined,0,0,84.58532,-2.465279,5.350424,1541.783152,117.264467,10:00,5.29111,-2.6318,5.01877,-31.14218,9.8502,-16.3308,0.35776,1.07134,76.97855,-8.148828,2.480526,0.460811,,,,,,,,,,,,9.71351,6.02323,2.13182,50,5.02906,-10.70949,-122.03325,-6.41324,14.55321,25.46282,-23.14979,81.79582,,7.60677,,,,1000055344,Right,55.47999,-123.17137,12.73141,5.29258,-5.37851,-11.57489,2.62505,-11.35998,7.27661,,,,,,,,,,,,,,,,,,,,,,,,,,,,,,,,,,,,,,,,,,,,,,,,,,,High,High,High,,,,,,v3
40,2/7/2023,1,6,1000051614,Left,T_A,1000069979,Right,T_B,2,Top,0,2,2,2-2,Slider,Slider,BallCalled,Undefined,Undefined,,Undefined,0,0,83.34869,-0.8391,0.098522,2576.195468,310.845626,4:15,5.45417,-2.33607,4.21836,-46.15062,-3.50461,5.53827,0.80463,-1.78019,77.00167,-9.026207,1.065037,0.470014,,,,,,,,,,,,-2.66732,-1.1552,2.31906,50,5.3135,-0.46426,-120.89738,-3.70675,-3.9617,22.78836,-33.88982,80.19435,,6.34702,,,,1000055344,Right,56.28299,-122.07594,11.39418,5.45988,-1.95405,-16.94491,2.33777,-0.25937,-1.98085,,,,,,,,,,,,,,,,,,,,,,,,,,,,,,,,,,,,,,,,,,,,,,,,,,,High,High,High,,,,,,v3
41,2/7/2023,1,7,1000051614,Left,T_A,1000069979,Right,T_B,2,Top,0,3,2,3-2,Slider,Slider,StrikeSwinging,Strikeout,Undefined,,Undefined,0,1,82.4491,-0.574846,2.000239,2610.610817,295.189288,3:45,5.39828,-2.44938,4.33694,-47.69156,-3.69457,10.9989,0.87429,0.37945,75.33758,-9.071453,3.920136,0.477401,,,,,,,,,,,,-4.76236,-1.27327,2.22198,50,5.28809,-4.66854,-119.36822,-3.1403,-6.80186,25.14566,-33.99259,78.95349,,7.11152,,,,1000055344,Right,56.1634,-120.6596,12.57283,5.40454,-1.39459,-16.99629,2.45277,-4.31922,-3.40093,,,,,,,,,,,,,,,,,,,,,,,,,,,,,79.38356,,,1.309229,,,,-0.79319,6.19207,0.87212,127.28145,4.18867,-1.08853,-0.39973,112.25348,-11.18498,6.12689,10.58653,-9.22368,0.70491,-5.98638,3.49973,High,High,High,,,High,High,High,v3
42,2/7/2023,2,1,1000051614,Left,T_A,1000102964,Right,T_B,2,Top,1,0,0,0-0,Fastball,Sinker,InPlay,Undefined,FlyBall,FlyBall,Out,1,0,90.3225,-0.525854,3.884111,2059.525054,100.193143,9:15,5.43022,-2.49446,5.43984,-31.08447,4.06036,-15.99036,2.34631,-0.18443,82.10445,-6.238894,1.044096,0.42668,95.13184,26.668391,-1.08096,3104.668792,109.9521,54.11081,3.24536,337.24973,336.07991,9.521366,5.056229,9.23245,2.52973,2.16203,50,5.36215,-8.16292,-130.81367,-2.37851,15.89671,29.22484,-27.81832,88.33893,77.91497,8.21805,2.16165,2.42965,0.18428,1000055344,Right,55.0598,-131.93923,14.61242,5.43312,-1.30712,-13.90916,2.48821,-8.77516,7.94835,198.744975,2.16113,124.67261,-27.46357,6.78351,-1.56954,0.34158,-0.05936,0.00644,-0.00031,2.43167,62.58114,-12.68848,-0.77007,0.58983,-0.22133,0.04916,-0.00574,0.00027,0.18435,-2.35363,6.29082,-1.58785,0.36911,-0.07898,0.01338,-0.00142,7.00E-05,,,,,,,,,,,,,,,,,,,,,,,High,High,High,High,High,,,,v3
43,2/7/2023,3,1,1000051614,Left,T_A,1000051953,Right,T_B,2,Top,2,0,0,0-0,ChangeUp,Changeup,FoulBall,Undefined,Undefined,,Undefined,0,0,84.66068,-0.702525,3.815527,1337.799381,89.412307,9:00,5.2791,-2.50754,5.10449,-39.29604,1.18272,-16.683,1.34099,-0.29737,77.2457,-7.839949,0.867926,0.457915,,,,,,,,,,,,9.45973,1.1587,2.16111,50,5.18187,-7.44797,-122.57806,-2.98892,14.31457,25.4584,-30.42068,82.31317,,7.41498,,,,1000055344,Right,55.39578,-123.69364,12.7292,5.28364,-1.6559,-15.21034,2.50122,-8.07523,7.15729,,,,,,,,,,,,,,,,,,,,,,,,,,,,,,,,,,,,,,,,,,,,,,,,,,,High,High,High,,,,,,v3
44,2/7/2023,3,2,1000051614,Left,T_A,1000051953,Right,T_B,2,Top,2,0,1,0-1,ChangeUp,Changeup,BallCalled,Undefined,Undefined,,Undefined,0,0,84.15367,-0.526793,5.480306,1488.929118,83.397642,8:45,5.10901,-2.56893,4.9904,-42.22506,-0.4789,-17.46997,1.09055,1.16568,75.97039,-8.184562,2.411264,0.465029,,,,,,,,,,,,10.3867,0.39346,2.05464,50,5.02386,-10.86073,-121.3895,-2.74457,15.26251,27.13327,-31.59587,81.05401,,8.18327,,,,1000055344,Right,55.50772,-122.61442,13.56664,5.11556,-1.31819,-15.79793,2.5605,-11.54975,7.63125,,,,,,,,,,,,,,,,,,,,,,,,,,,,,,,,,,,,,,,,,,,,,,,,,,,High,High,High,,,,,,v3
45,2/7/2023,3,3,1000051614,Left,T_A,1000051953,Right,T_B,2,Top,2,1,1,1-1,Fastball,Sinker,BallCalled,Undefined,Undefined,,Undefined,0,0,91.13906,0.242561,3.469605,2044.426798,117.800261,10:00,5.47742,-2.4422,5.09666,-25.49368,9.78351,-16.09623,3.58195,-0.50992,81.85248,-4.48101,0.629146,0.427483,,,,,,,,,,,,9.06871,5.15107,2.12735,50,5.48093,-7.20874,-131.79941,-0.41647,15.70943,31.98481,-23.251,88.17302,,9.28658,,,,1000055344,Right,55.39943,-133.10328,15.99241,5.47859,0.53136,-11.6255,2.43427,-7.84914,7.85472,,,,,,,,,,,,,,,,,,,,,,,,,,,,,,,,,,,,,,,,,,,,,,,,,,,High,High,High,,,,,,v3
46,2/7/2023,3,4,1000051614,Left,T_A,1000051953,Right,T_B,2,Top,2,2,1,2-1,Slider,Slider,StrikeCalled,Undefined,Undefined,,Undefined,0,0,81.88045,0.036192,1.18675,2666.184206,299.366614,4:00,5.42275,-2.42282,4.38995,-47.56105,-3.65921,8.82776,1.49389,-0.55403,75.61878,-8.435694,2.73013,0.476884,,,,,,,,,,,,-3.98579,-1.43193,2.28678,50,5.37913,-2.85892,-118.78929,-1.85393,-5.71714,21.93315,-34.22801,79.03901,,6.26167,,,,1000055344,Right,56.11125,-119.91235,10.96658,5.42919,-0.10132,-17.11401,2.42568,-2.56618,-2.85857,,,,,,,,,,,,,,,,,,,,,,,,,,,,,,,,,,,,,,,,,,,,,,,,,,,High,High,High,,,,,,v3
47,2/7/2023,3,5,1000051614,Left,T_A,1000051953,Right,T_B,2,Top,2,2,2,2-2,Slider,Curveball,BallCalled,Undefined,Undefined,,Undefined,0,0,82.25221,1.206059,0.056419,2519.84995,318.784678,4:45,5.46704,-2.3576,4.16273,-52.80672,-8.15493,8.52705,2.22286,-1.59292,74.51767,-8.20692,1.541431,0.48094,,,,,,,,,,,,-4.07697,-3.85335,2.34164,50,5.5443,-0.52117,-119.03133,0.27469,-5.76655,25.86311,-37.62425,78.37245,,7.73454,,,,1000055344,Right,56.33634,-120.40022,12.93156,5.47706,2.26608,-18.81212,2.36115,-0.21595,-2.88327,,,,,,,,,,,,,,,,,,,,,,,,,,,,,,,,,,,,,,,,,,,,,,,,,,,High,High,High,,,,,,v3
48,2/7/2023,3,6,1000051614,Left,T_A,1000051953,Right,T_B,2,Top,2,3,2,3-2,Slider,Slider,FoulBall,Undefined,Undefined,GroundBall,Undefined,0,0,83.53781,-0.116506,2.304899,2517.747109,334.918522,5:15,5.46015,-2.50905,4.37094,-46.72569,-4.15567,2.58673,1.45498,-0.09105,76.55464,-8.449165,2.75657,0.469595,55.01581,-17.967896,-84.238084,,,,,5.84688,5.45331,-41.883717,0.054592,-0.60043,-1.69032,2.2593,50,5.40064,-4.98875,-121.01433,-2.16904,-0.88669,24.52817,-34.67027,80.26587,1.36317,6.98317,3.93101,1.36317,0.27869,1000055344,Right,56.13005,-122.2505,12.26409,5.46593,-0.42172,-17.33514,2.5096,-4.94407,-0.44334,180,3.93079,7.73011,,,,,,,,1.36386,-24.97015,,,,,,,,0.28081,-76.60798,,,,,,,,,,,,,,,,,,,,,,,,,,,,,,High,High,High,Low,Low,,,,v3
49,2/7/2023,3,7,1000051614,Left,T_A,1000051953,Right,T_B,2,Top,2,3,2,3-2,Slider,Changeup,InPlay,Undefined,GroundBall,GroundBall,Double,0,1,84.47716,-0.447322,4.080245,1471.627047,95.705972,9:15,5.17785,-2.4668,5.21602,-38.70549,3.02587,-12.49757,1.53072,0.3348,74.84499,-7.57336,1.87002,0.464946,91.03334,-1.609407,-39.312366,5375.573394,,,,40.05309,38.81705,-38.639932,0.285847,7.82996,2.14079,2.09938,50,5.10782,-8.14338,-121.86193,-2.36438,11.3515,31.95055,-29.07044,81.06839,2.00541,9.63217,3.50193,2.00541,-0.6533,1000055344,Right,55.27925,-123.23831,15.97528,5.1827,-1.11207,-14.53522,2.46071,-8.63239,5.67575,,3.50513,103.11226,-20.77702,,,,,,,2.00569,-3.76263,-11.38771,,,,,,,-0.65142,-84.64263,-2.02792,,,,,,,,,,,,,,,,,,,,,,,,,,,,,High,High,High,Medium,High,,,,v3
50,2/7/2023,4,1,1000051614,Left,T_A,1000103136,Right,T_B,2,Top,2,0,0,0-0,Fastball,Sinker,InPlay,Undefined,GroundBall,,Out,1,0,91.60095,-0.957996,4.309553,2035.781574,94.093399,9:15,5.34549,-2.55763,5.31282,-31.82352,2.26626,-16.79887,1.79173,0.09501,83.98692,-6.760381,1.334263,0.420227,73.05722,-11.067465,-31.911458,,,,,,4.39068,,,9.64123,1.68543,2.17911,50,5.23514,-9.23227,-132.69247,-3.48075,17.23183,27.73945,-29.16169,89.6955,1.58655,7.61403,2.10786,1.58655,0.26148,1000055344,Right,55.18842,-133.77271,13.86972,5.34857,-2.34512,-14.58084,2.55171,-9.90332,8.61592,180,2.10765,89.31887,,,,,,,,1.58659,-20.58158,,,,,,,,0.26161,-55.62089,,,,,,,,,,,,,,,,,,,,,,,,,,,,,,High,High,High,Low,Low,,,,v3
51,2/7/2023,1,1,1000036180,Right,T_B,1000079407,Left,T_A,2,Bottom,0,0,0,0-0,Slider,Changeup,StrikeCalled,Undefined,Undefined,,Undefined,0,0,83.50294,0.341968,-3.137851,1720.82837,231.788615,1:45,5.03604,2.61315,6.66897,-28.66647,10.41426,11.60965,2.96052,0.70686,76.0686,-5.089824,-1.027125,0.449938,,,,,,,,,,,,-6.98811,5.78426,-2.40665,50,5.04755,6.22489,-121.2495,-0.05073,-10.35867,24.6511,-23.59989,83.77251,,7.43434,,,,1000103236,Right,53.82849,-122.02538,12.32555,5.03746,0.69206,-11.79994,-2.60771,6.55093,-5.17933,,,,,,,,,,,,,,,,,,,,,,,,,,,,,,,,,,,,,,,,,,,,,,,,,,,High,High,High,,,,,,v3
52,2/7/2023,1,2,1000036180,Right,T_B,1000079407,Left,T_A,2,Bottom,0,0,1,0-1,Fastball,Four-Seam,InPlay,Undefined,GroundBall,GroundBall,Out,2,1,92.81784,-1.643593,-4.724831,2347.240813,215.982381,1:15,5.09629,2.49687,6.41067,-16.35647,16.00938,10.77819,2.21652,-0.95897,83.70349,-4.798833,-2.781498,0.409463,59.7543,-21.548837,42.563316,,,,,7.58604,4.37229,36.770797,0.066322,-7.14197,9.22091,-2.16303,50,4.97081,10.65972,-134.32684,-4.30959,-12.87169,32.79014,-15.55557,92.05331,2.14394,9.11435,2.07797,2.14394,0.86882,1000103236,Right,54.08721,-135.32087,16.39507,5.09431,-3.83802,-7.77779,-2.4921,11.04993,-6.43584,180,2.07526,60.29156,,,,,,,,2.1454,-32.3257,,,,,,,,0.86633,55.36973,,,,,,,,,,,,,,,,,,,,,,,,,,,,,,High,High,High,Low,Low,,,,v3
53,2/7/2023,2,1,1000036180,Right,T_B,1000187798,Right,T_A,2,Bottom,2,0,0,0-0,Slider,Slider,StrikeCalled,Undefined,Undefined,,Undefined,0,0,81.00104,0.077071,-2.074501,2565.960105,91.179902,9:00,5.10776,2.48603,5.75471,-41.48912,1.74882,-14.51209,1.72212,-0.65526,73.85021,-7.554102,-4.670464,0.473265,,,,,,,,,,,,6.73079,1.31803,-2.30508,50,5.08916,4.82808,-117.50491,-1.20958,9.30415,24.61656,-30.35211,79.64349,,7.15082,,,,1000103236,Right,54.74361,-118.4945,12.30828,5.11326,0.01058,-15.17606,-2.49165,4.45405,4.65207,,,,,,,,,,,,,,,,,,,,,,,,,,,,,,,,,,,,,,,,,,,,,,,,,,,High,High,High,,,,,,v3
54,2/7/2023,2,2,1000036180,Right,T_B,1000187798,Right,T_A,2,Bottom,2,0,1,0-1,Slider,Curveball,BallCalled,Undefined,Undefined,,Undefined,0,0,76.95477,0.99809,-2.283301,2398.835535,35.177452,7:15,5.41061,2.27056,4.95321,-63.21338,-13.72434,-10.85182,1.08674,-0.79232,70.38011,-10.349915,-4.199975,0.506321,,,,,,,,,,,,4.65831,-6.6639,-2.03968,50,5.45483,4.8858,-111.52032,-0.34633,5.78478,22.66153,-40.44942,74.44376,,6.57466,,,,1000103236,Right,55.54906,-112.64228,11.33076,5.42241,1.65629,-20.22471,-2.27448,4.5994,2.89239,,,,,,,,,,,,,,,,,,,,,,,,,,,,,,,,,,,,,,,,,,,,,,,,,,,High,High,High,,,,,,v3
55,2/7/2023,2,3,1000036180,Right,T_B,1000187798,Right,T_A,2,Bottom,2,1,1,1-1,Slider,Curveball,BallCalled,Undefined,Undefined,,Undefined,0,0,78.60497,0.157864,-1.782145,2423.383062,59.395602,8:00,5.40488,2.25294,6.25384,-54.24314,-8.79926,-17.61607,1.03026,-0.85904,71.43347,-9.84516,-4.970116,0.485187,,,,,,,,,,,,8.54855,-4.16819,-2.1123,50,5.39062,4.17764,-114.11899,-1.33951,11.01302,25.51889,-37.54392,77.68644,,7.1715,,,,1000103236,Right,54.24689,-115.06475,12.75945,5.41449,0.05191,-18.77196,-2.25957,3.76949,5.50651,,,,,,,,,,,,,,,,,,,,,,,,,,,,,,,,,,,,,,,,,,,,,,,,,,,High,High,High,,,,,,v3
56,2/7/2023,2,4,1000036180,Right,T_B,1000187798,Right,T_A,2,Bottom,2,2,1,2-1,Fastball,Four-Seam,StrikeCalled,Undefined,Undefined,,Undefined,0,0,94.57961,-2.1485,-3.137415,2397.984858,218.041304,1:15,5.34369,2.14225,6.75583,-14.22304,16.65997,12.11564,2.19213,0.28329,84.75861,-4.941233,-0.931026,0.399973,,,,,,,,,,,,-7.42099,9.84894,-1.94038,50,5.19687,7.01142,-137.0633,-5.47715,-13.8195,36.24741,-13.83315,94.23735,,9.821,,,,1000103236,Right,53.73968,-138.04874,18.12371,5.34066,-5.10107,-6.91658,-2.1361,7.38712,-6.90975,,,,,,,,,,,,,,,,,,,,,,,,,,,,,,,,,,,,,,,,,,,,,,,,,,,High,High,High,,,,,,v3
57,2/7/2023,2,5,1000036180,Right,T_B,1000187798,Right,T_A,2,Bottom,2,2,2,2-2,Curveball,Curveball,StrikeCalled,Strikeout,Undefined,,Undefined,0,0,77.46695,1.850586,-1.461428,2355.086544,30.181071,7:00,5.56358,2.10495,5.16113,-64.82732,-16.13249,-10.38938,1.90432,-0.13668,70.31218,-9.863066,-3.304313,0.502242,,,,,,,,,,,,4.67508,-8.12556,-1.96028,50,5.68652,3.28573,-112.2551,1.29473,5.84889,24.02161,-42.33978,75.04839,,7.15477,,,,1000103236,Right,55.34063,-113.39219,12.01081,5.57779,3.29893,-21.16989,-2.10926,3.00886,2.92445,,,,,,,,,,,,,,,,,,,,,,,,,,,,,,,,,,,,,,,,,,,,,,,,,,,High,High,High,,,,,,v3
58,2/7/2023,1,1,1000051614,Left,T_A,691273,Right,T_B,3,Top,0,0,0,0-0,ChangeUp,Changeup,BallCalled,Undefined,Undefined,,Undefined,0,0,83.19342,-2.355107,5.410572,1400.393264,111.795404,9:45,5.1428,-2.57235,5.09668,-34.17144,7.60552,-15.75111,0.06463,1.22899,76.6472,-8.549625,2.638235,0.4652,,,,,,,,,,,,9.3052,4.78,2.07305,50,4.8925,-10.71746,-120.20183,-6.20287,13.68489,22.16458,-25.14425,81.02414,,6.54622,,,,1000055344,Right,55.40391,-121.19418,11.08229,5.14502,-5.07711,-12.57212,2.56661,-11.33016,6.84244,,,,,,,,,,,,,,,,,,,,,,,,,,,,,,,,,,,,,,,,,,,,,,,,,,,High,High,High,,,,,,v3
59,2/7/2023,1,2,1000051614,Left,T_A,691273,Right,T_B,3,Top,0,1,0,1-0,Fastball,Sinker,InPlay,Undefined,GroundBall,GroundBall,Out,1,1,90.40305,-0.952935,4.070755,2130.316642,97.677956,9:15,5.47881,-2.33417,5.43355,-31.16911,3.71969,-19.33174,1.98663,-0.12653,82.71484,-6.662875,0.637069,0.425123,65.49582,-8.500408,-33.416724,,,,,14.09292,14.09292,-25.401443,0.123927,10.94095,2.4363,1.9873,50,5.37247,-8.46569,-131.00003,-3.36662,19.01268,27.66926,-27.94037,88.66247,2.01617,7.68821,3.17199,2.01617,0.3545,1000055344,Right,55.06785,-132.0661,13.83463,5.48145,-2.29011,-13.97018,2.32759,-9.19823,9.50634,56.595533,3.1723,79.26606,-17.27835,,,,,,,2.01638,-14.22227,-16.54306,,,,,,,0.35447,-52.31752,5.46143,,,,,,,,,,,,,,,,,,,,,,,,,,,,,High,High,High,Low,Low,,,,v3
60,2/7/2023,2,1,1000051614,Left,T_A,1000187793,Left,T_B,3,Top,0,0,0,0-0,Slider,Curveball,FoulBall,Undefined,Undefined,LineDrive,Undefined,0,0,81.88477,1.212233,2.2583,2613.054383,327.222975,5:00,5.43367,-2.48997,4.66475,-51.51164,-7.51201,5.77603,2.29361,0.13763,74.70107,-8.031187,3.271562,0.477415,80.88353,27.757563,-69.267956,4581.851324,29.48579,42.49599,-105.97445,220.70866,154.55942,-79.467407,3.342651,-2.15221,-3.63961,2.25401,50,5.51023,-4.9341,-118.60214,0.4704,-3.04093,24.38286,-37.31665,78.95115,43.35548,7.18369,0.99302,1.65118,0.18824,1000055344,Right,55.83543,-119.79581,12.19143,5.44249,2.29725,-18.65832,2.49192,-4.78523,-1.52046,,0.99286,37.1675,-17.72512,6.10884,-1.79173,0.4925,-0.11531,0.01772,-0.00119,1.65122,55.24893,-19.64644,0.67968,0.2464,-0.09561,0.00837,0.00296,-0.00055,0.1884,-98.18585,19.2665,-4.99246,1.18518,-0.29316,0.06885,-0.011,0.00076,,,,,,,,,,,,,,,,,,,,,,,High,High,High,Medium,Low,,,,v3
61,2/7/2023,2,2,1000051614,Left,T_A,1000187793,Left,T_B,3,Top,0,0,1,0-1,Fastball,Sinker,FoulBall,Undefined,Undefined,,Undefined,0,0,91.32319,-2.085641,4.115931,2210.826754,95.11817,9:15,5.32048,-2.55059,5.45855,-32.15899,2.48965,-13.95721,0.68239,0.14565,82.72295,-7.978256,1.635079,0.423657,,,,,,,,,,,,8.38213,2.24658,2.19739,50,5.11412,-8.8721,-132.05483,-6.05302,14.60126,31.66896,-28.26062,88.96923,,8.60024,,,,1000055344,Right,55.04052,-133.25815,15.83448,5.32372,-4.97921,-14.13031,2.54504,-9.4269,7.30063,,,,,,,,,,,,,,,,,,,,,,,,,,,,,,,,,,,,,,,,,,,,,,,,,,,High,High,High,,,,,,v3
62,2/7/2023,2,3,1000051614,Left,T_A,1000187793,Left,T_B,3,Top,0,0,2,0-2,Fastball,Four-Seam,InPlay,Undefined,LineDrive,LineDrive,Out,1,0,91.43266,-0.341458,3.779651,2225.870123,148.953145,11:00,5.41522,-2.59377,5.20759,-20.73115,13.89753,-7.65847,3.3658,0.32768,82.86492,-4.206521,2.427194,0.423535,92.50267,8.717216,-6.609565,1355.041937,108.15575,8.17413,-20.05702,160.57995,148.15353,-12.429373,1.403474,4.97591,7.38481,2.24984,50,5.36846,-8.38739,-132.34214,-1.53919,8.76447,30.0487,-19.16662,88.99483,9.53757,8.56774,2.18899,3.50177,-0.32099,1000055344,Right,55.29085,-133.53804,15.02435,5.41454,-0.77639,-9.58331,2.59058,-8.7362,4.38223,93.340067,2.18899,133.21183,-19.7421,3.04009,-0.58783,0.09895,-0.01747,0.00276,-0.00025,3.50177,20.5619,-18.47356,1.8517,-0.37552,0.08572,-0.01649,0.00276,-0.00028,-0.32099,-15.43568,-9.06617,2.63812,-0.69626,0.16618,-0.03602,0.00633,-0.00061,,,,,,,,,,,,,,,,,,,,,,,High,High,High,High,High,,,,v3
63,2/7/2023,3,1,1000051614,Left,T_A,1000110361,Right,T_B,3,Top,1,0,0,0-0,Slider,Slider,StrikeSwinging,Undefined,Undefined,,Undefined,0,0,83.46514,0.015946,2.569669,2735.711833,305.158674,4:15,5.37205,-2.54206,4.091,-45.86089,-3.08579,6.18583,1.56564,0.44174,77.04675,-8.106709,3.643191,0.470725,,,,,,,,,,,,-2.3013,-1.1411,2.24697,50,5.32387,-5.7202,-120.93686,-1.92342,-3.4241,22.55832,-33.8719,80.07324,,6.41839,,,,1000055344,Right,56.40979,-122.12662,11.27916,5.37821,-0.13696,-16.93595,2.5439,-5.53961,-1.71205,,,,,,,,,,,,,,,,,,,,,,,,,,,,,,,,,,,,,,,,,,,,,,,,,,,High,High,High,,,,,,v3
64,2/7/2023,3,2,1000051614,Left,T_A,1000110361,Right,T_B,3,Top,1,0,1,0-1,Slider,Slider,BallCalled,Undefined,Undefined,,Undefined,0,0,83.17961,-1.587056,4.338421,2707.032172,280.518536,3:15,5.3748,-2.66763,4.18782,-42.31113,0.49268,3.71792,0.32336,1.80734,77.50355,-9.050418,4.982844,0.470883,,,,,,,,,,,,-0.74697,0.94673,2.18408,50,5.15445,-9.30282,-120.36595,-5.10684,-1.10918,20.69844,-30.76821,80.04637,,5.67606,,,,1000055344,Right,56.31343,-121.44677,10.34922,5.37917,-3.5002,-15.3841,2.66834,-9.2449,-0.55459,,,,,,,,,,,,,,,,,,,,,,,,,,,,,,,,,,,,,,,,,,,,,,,,,,,High,High,High,,,,,,v3
65,2/7/2023,3,3,1000051614,Left,T_A,1000110361,Right,T_B,3,Top,1,1,1,1-1,Fastball,Sinker,StrikeCalled,Undefined,Undefined,,Undefined,0,0,91.19552,-0.933694,5.074013,2097.921187,95.457257,9:15,5.36102,-2.46993,5.36135,-31.90183,2.90949,-17.6528,1.82345,0.8296,82.59544,-6.780769,1.95026,0.424651,,,,,,,,,,,,10.39182,2.10701,2.0261,50,5.25427,-10.8793,-131.78201,-3.39941,18.10123,30.48314,-28.50394,88.76105,,8.60007,,,,1000055344,Right,55.13736,-132.96505,15.24157,5.36473,-2.29318,-14.25197,2.46195,-11.5818,9.05061,,,,,,,,,,,,,,,,,,,,,,,,,,,,,,,,,,,,,,,,,,,,,,,,,,,High,High,High,,,,,,v3
66,2/7/2023,3,4,1000051614,Left,T_A,1000110361,Right,T_B,3,Top,1,1,2,1-2,Slider,Slider,StrikeSwinging,Strikeout,Undefined,,Undefined,0,0,83.74096,-0.355102,2.639126,2739.297606,322.868463,4:45,5.37176,-2.5645,4.23138,-49.43621,-6.76067,6.16559,0.91171,0.47796,76.77976,-9.123769,3.712833,0.470176,,,,,,,,,,,,-2.21646,-2.81921,2.26837,50,5.281,-5.87654,-121.23106,-2.84383,-3.28004,24.94278,-36.34611,80.1666,,6.96119,,,,1000055344,Right,56.26932,-122.51415,12.47139,5.3792,-0.97413,-18.17306,2.56633,-5.70781,-1.64002,,,,,,,,,,,,,,,,,,,,,,,,,,,,,,,,,,,,,,,,,,,,,,,,,,,High,High,High,,,,,,v3
67,2/7/2023,1,1,1000036180,Right,T_B,1000094105,Right,T_A,3,Bottom,0,0,0,0-0,Slider,Slider,BallCalled,Undefined,Undefined,,Undefined,0,0,80.9116,1.309866,-1.477911,2428.782485,124.366309,10:15,5.27828,2.53288,5.59646,-36.88833,6.06217,-7.01363,3.42782,0.56827,74.42284,-5.477389,-2.728729,0.471689,,,,,,,,,,,,3.15449,3.1265,-2.40158,50,5.36667,3.31097,-117.50406,1.4639,4.43296,21.19814,-27.78042,79.90956,,6.48876,,,,1000103236,Right,54.90226,-118.38514,10.59907,5.28183,2.61857,-13.89021,-2.53537,3.12672,2.21648,,,,,,,,,,,,,,,,,,,,,,,,,,,,,,,,,,,,,,,,,,,,,,,,,,,High,High,High,,,,,,v3
68,2/7/2023,1,2,1000036180,Right,T_B,1000094105,Right,T_A,3,Bottom,0,1,0,1-0,Slider,Slider,FoulBall,Undefined,Undefined,,Undefined,0,0,81.15597,0.784196,-1.995422,2564.586559,93.215402,9:00,5.33762,2.37183,5.47513,-41.49833,2.30154,-13.253,2.61374,-0.60057,73.40079,-6.84278,-4.352902,0.47633,,,,,,,,,,,,5.86225,1.52433,-2.18823,50,5.37956,4.67281,-117.52446,0.1535,8.07201,25.49158,-30.07513,79.13098,,7.75518,,,,1000103236,Right,55.01756,-118.6078,12.74579,5.34588,1.43162,-15.03757,-2.37952,4.32976,4.03601,,,,,,,,,,,,,,,,,,,,,,,,,,,,,,,,,,,,,,,,,,,,,,,,,,,High,High,High,,,,,,v3
69,2/7/2023,1,3,1000036180,Right,T_B,1000094105,Right,T_A,3,Bottom,0,1,1,1-1,Fastball,Four-Seam,InPlay,Undefined,LineDrive,LineDrive,Single,0,0,93.64226,-1.632113,-2.937021,2300.365049,216.080189,1:15,5.33445,2.20143,6.78309,-13.13398,17.73261,12.19701,2.74759,0.53421,85.40292,-4.197615,-0.714349,0.399867,64.88337,17.729296,-4.44434,2393.78047,109.99059,16.47903,-1.43904,166.37046,166.36747,1.621492,2.265179,-7.33977,10.18241,-2.01466,50,5.22289,6.51388,-136.04675,-4.18631,-13.72158,30.54759,-13.13816,94.26237,17.80922,8.23934,1.60045,2.85371,-0.57687,1000103236,Right,53.71703,-136.87882,15.2738,5.33205,-3.82845,-6.56908,-2.19718,6.88763,-6.86079,225.999423,1.60046,90.36968,-10.67318,1.8097,-0.31558,0.03806,0.00054,-0.00153,0.00024,2.85371,28.97892,-14.77271,0.8295,-0.14806,0.03959,-0.00944,0.00208,-0.00023,-0.57687,-7.02387,5.73827,-1.00886,0.18253,-0.02779,0.00245,9.00E-05,-4.00E-05,,,,,,,,,,,,,,,,,,,,,,,High,High,High,High,High,,,,v3
70,2/7/2023,2,1,1000036180,Right,T_B,1000138679,Right,T_A,3,Bottom,0,0,0,0-0,Fastball,Four-Seam,InPlay,Undefined,GroundBall,GroundBall,Out,1,0,92.507,-1.214712,-2.987478,2253.746882,220.509574,1:15,5.42003,2.25827,6.43167,-13.78162,18.1532,14.6615,3.15347,0.73189,84.6252,-3.881747,-0.333462,0.406728,56.28492,-15.034191,-2.500444,,,,,13.56719,5.93298,-5.299972,0.146046,-8.50512,10.13441,-2.052,50,5.32703,6.42591,-134.38572,-3.20447,-15.58435,28.57983,-13.60423,92.67242,3.14878,7.8818,1.79694,3.14878,-0.74174,1000103236,Right,54.06855,-135.24822,14.28992,5.41755,-2.79392,-6.80212,-2.25302,6.89622,-7.79218,,1.78411,80.19542,,,,,,,,3.15222,-21.56013,,,,,,,,-0.74118,-3.50203,,,,,,,,,,,,,,,,,,,,,,,,,,,,,,High,High,High,Low,Low,,,,v3
71,2/7/2023,3,1,1000036180,Right,T_B,1000110355,Right,T_A,3,Bottom,1,0,0,0-0,Curveball,Curveball,BallCalled,Undefined,Undefined,,Undefined,0,0,75.12314,5.238377,-1.231585,2330.618048,37.396421,7:15,5.37895,2.51095,5.71197,-70.79909,-19.61564,-16.4371,4.374,-0.00636,67.44718,-7.714512,-4.165319,0.514916,,,,,,,,,,,,7.83638,-11.073,-2.39776,50,5.77547,2.96014,-108.58926,7.62377,9.14039,23.11529,-45.08962,73.20117,,7.67596,,,,1000103236,Right,54.79114,-109.6044,11.55764,5.39718,9.60395,-22.54481,-2.51894,2.55873,4.57019,,,,,,,,,,,,,,,,,,,,,,,,,,,,,,,,,,,,,,,,,,,,,,,,,,,High,High,High,,,,,,v3
72,2/7/2023,3,2,1000036180,Right,T_B,1000110355,Right,T_A,3,Bottom,1,1,0,1-0,Fastball,Four-Seam,StrikeSwinging,Undefined,Undefined,,Undefined,0,0,91.1739,-1.282548,-3.326118,2252.155726,205.873335,12:45,5.4746,2.31145,6.7805,-12.00552,20.57048,9.46875,3.30104,0.06043,83.12168,-3.652836,-1.602361,0.41079,,,,,,,,,,,,-5.92402,11.54268,-2.09783,50,5.38571,7.32741,-132.39073,-3.19924,-10.49889,28.6453,-11.71747,91.75593,,8.05222,,,,1000103236,Right,53.71744,-133.19264,14.32265,5.47068,-2.87121,-5.85874,-2.30707,7.62132,-5.24945,,,,,,,,,,,,,,,,,,,,,,,,,,,,,,,,,,,,,,,,,,,,,,,,,,,High,High,High,,,,,,v3
73,2/7/2023,3,3,1000036180,Right,T_B,1000110355,Right,T_A,3,Bottom,1,1,1,1-1,Fastball,Four-Seam,BallCalled,Undefined,Undefined,,Undefined,0,0,91.02016,-1.735497,-2.11373,2292.003712,216.002325,1:15,5.39484,2.49425,6.7427,-15.12847,17.65316,12.04032,2.54697,1.56555,82.86465,-4.674834,0.08108,0.412085,,,,,,,,,,,,-7.11063,10.23713,-2.36,50,5.27474,4.44685,-132.29505,-4.37979,-12.52035,29.92814,-14.14856,91.46768,,8.1555,,,,1000103236,Right,53.75848,-133.14259,14.96407,5.3931,-3.97911,-7.07428,-2.49095,4.80142,-6.26017,,,,,,,,,,,,,,,,,,,,,,,,,,,,,74.7111,1.744269,0.85777,0.886499,6.95081,2.98171,-1.56893,-2.26513,5.85198,-5.32748,64.64605,7.7736,-60.13829,-2.18815,80.05017,-5.21502,5.9084,13.33451,-12.63793,-5.56318,-70.32174,9.75875,High,High,High,,,High,High,High,v3
74,2/7/2023,3,4,1000036180,Right,T_B,1000110355,Right,T_A,3,Bottom,1,2,1,2-1,Fastball,Four-Seam,BallCalled,Undefined,Undefined,,Undefined,0,0,91.45761,-2.278081,-1.091721,2172.993293,207.816704,1:00,5.44588,2.19728,6.88938,-13.90465,18.07938,9.03,2.21018,1.95502,84.07399,-4.976146,0.559959,0.407041,,,,,,,,,,,,-5.08697,10.51977,-2.13104,50,5.29637,2.19853,-133.03543,-5.60386,-9.15861,27.30908,-13.2342,92.60115,,7.38362,,,,1000103236,Right,53.60995,-133.77442,13.65454,5.44317,-5.24574,-6.6171,-2.19388,2.44636,-4.5793,,,,,,,,,,,,,,,,,,,,,,,,,,,,,,,,,,,,,,,,,,,,,,,,,,,High,High,High,,,,,,v3
75,2/7/2023,3,5,1000036180,Right,T_B,1000110355,Right,T_A,3,Bottom,1,3,1,3-1,Fastball,Four-Seam,BallCalled,Walk,Undefined,,Undefined,0,0,92.12258,-1.498084,-1.55957,2179.127251,204.165033,12:45,5.46657,2.26811,6.57928,-10.8602,21.12383,9.03272,3.18776,1.59115,84.29094,-3.641544,0.082023,0.407041,,,,,,,,,,,,-5.24036,11.89079,-2.16497,50,5.3591,3.305,-133.97594,-3.73839,-9.53137,28.75643,-10.54661,92.60112,,7.83163,,,,1000103236,Right,53.9217,-134.81506,14.37822,5.4637,-3.43064,-5.2733,-2.26547,3.58313,-4.76569,,,,,,,,,,,,,,,,,,,,,,,,,,,,,,,,,,,,,,,,,,,,,,,,,,,High,High,High,,,,,,v3
76,2/7/2023,4,1,1000036180,Right,T_B,8886045,Left,T_A,3,Bottom,1,0,0,0-0,Fastball,Four-Seam,StrikeCalled,Undefined,Undefined,,Undefined,0,0,91.18383,-1.9063,-2.518169,2336.811035,215.20845,1:15,5.27817,2.12597,6.5982,-13.24453,19.54611,13.04091,2.42566,0.90419,83.15458,-4.492783,-0.148756,0.412141,,,,,,,,,,,,-7.56103,11.1343,-1.95894,50,5.14198,5.31105,-132.43476,-4.70922,-13.39826,28.87574,-12.44391,91.45512,,8.02924,,,,1000103236,Right,53.90055,-133.28251,14.43787,5.27487,-4.34389,-6.22196,-2.12064,5.70441,-6.69913,,,,,,,,,,,,,,,,,,,,,,,,,,,,,71.63544,2.800844,1.932851,0.867993,-0.71677,2.25562,-0.90044,3.86215,5.63414,-3.60838,63.13299,1.34285,-61.64584,3.87257,71.35474,-3.55218,5.65154,5.96531,-12.59407,-3.6769,-75.74284,10.33124,High,High,High,,,High,High,Medium,v3
77,2/7/2023,4,2,1000036180,Right,T_B,8886045,Left,T_A,3,Bottom,1,0,1,0-1,Fastball,Four-Seam,FoulBall,Undefined,Undefined,,Undefined,0,0,92.5431,-2.14501,-2.779572,2257.508309,200.674081,12:45,5.3296,2.21788,6.59592,-11.49505,20.43907,7.31284,2.4032,0.27865,84.2022,-4.412111,-1.451907,0.406723,72.11002,27.807555,-155.122423,2688.019618,,,,,46.43803,,,-4.67347,11.71178,-2.03087,50,5.17782,6.23472,-134.33619,-5.27982,-8.49767,30.45284,-10.87882,92.67349,21.71948,8.3409,2.30179,2.49751,-0.33508,1000103236,Right,53.90307,-135.21809,15.22642,5.32616,-4.96478,-5.43941,-2.21498,6.48081,-4.24884,30.71174,2.30179,-84.86741,3.84705,0.47927,-0.14286,0.0556,-0.00916,-0.00186,0.00156,2.49751,49.33794,-26.80745,3.22869,-0.65637,0.14008,-0.02699,0.00952,-0.00299,-0.33508,-39.35378,6.82253,-0.27977,0.02259,0.02274,-0.0083,0.00317,-0.00117,,,,,,,,,,,,,,,,,,,,,,,High,High,High,High,Low,,,,v3
78,2/7/2023,4,3,1000036180,Right,T_B,8886045,Left,T_A,3,Bottom,1,0,2,0-2,ChangeUp,Changeup,BallCalled,Undefined,Undefined,,Undefined,0,0,83.69086,-0.61058,-1.867196,1653.114094,250.42891,2:15,5.02741,2.57421,6.79614,-31.76746,6.57252,15.25847,1.82253,2.14095,77.08325,-6.586076,0.920425,0.445653,,,,,,,,,,,,-8.58343,4.01189,-2.45817,50,4.97604,3.44191,-121.78453,-2.17003,-12.93256,23.19398,-26.12939,84.57793,,6.60761,,,,1000103236,Right,53.70414,-122.48796,11.59699,5.02984,-1.37759,-13.0647,-2.56851,3.83413,-6.46628,,,,,,,,,,,,,,,,,,,,,,,,,,,,,,,,,,,,,,,,,,,,,,,,,,,High,High,High,,,,,,v3
79,2/7/2023,4,4,1000036180,Right,T_B,8886045,Left,T_A,3,Bottom,1,1,2,1-2,Curveball,Curveball,InPlay,Undefined,GroundBall,GroundBall,Error,0,1,74.86717,2.610561,-1.015512,2292.686556,33.03909,7:00,5.45474,2.0858,5.23484,-68.40771,-16.68465,-11.99087,2.20998,0.13193,68.27839,-9.760829,-3.144785,0.517623,68.3356,-39.995533,-41.224257,,,,,4.71789,4.71789,-25.064234,0.036017,5.69433,-8.74201,-1.98288,50,5.64338,2.38254,-108.55635,2.61615,6.69948,21.49776,-42.45917,72.81831,2.32845,6.58879,2.18616,2.32845,-0.16967,1000103236,Right,55.2689,-109.5948,10.74888,5.46746,4.66714,-21.22958,-2.09016,2.05892,3.34974,,2.18496,57.95765,,,,,,,,2.32979,-64.64861,,,,,,,,-0.16861,-50.78145,,,,,,,,,,,,,,,,,,,,,,,,,,,,,,High,High,High,Estimated,Estimated,,,,v3
80,2/7/2023,5,1,1000036180,Right,T_B,1000058463,Right,T_A,3,Bottom,1,0,0,0-0,Fastball,Four-Seam,BallCalled,Undefined,Undefined,,Undefined,0,0,91.09847,-0.602565,-2.41275,2315.150833,203.288096,12:45,5.32107,2.23149,6.8662,-14.54706,17.77312,7.22776,3.55908,0.63333,83.45417,-3.431104,-1.093076,0.409174,,,,,,,,,,,,-4.47402,9.89524,-2.08021,50,5.27683,5.30876,-132.47809,-1.72113,-7.9752,27.49659,-14.53517,92.11832,,7.6443,,,,1000103236,Right,53.63225,-133.22986,13.74829,5.31846,-1.32373,-7.26759,-2.22833,5.5268,-3.9876,,,,,,,,,,,,,,,,,,,,,,,,,,,,,,,,,,,,,,,,,,,,,,,,,,,High,High,High,,,,,,v3
81,2/7/2023,5,2,1000036180,Right,T_B,1000058463,Right,T_A,3,Bottom,1,1,0,1-0,ChangeUp,Changeup,BallCalled,Undefined,Undefined,,Undefined,0,0,83.28424,-0.825407,-1.963313,1651.117069,258.111762,2:30,5.26794,2.16709,6.62152,-34.33191,5.05244,17.80147,1.65059,1.85194,76.03001,-7.268118,1.279427,0.451682,,,,,,,,,,,,-9.91697,3.32169,-2.04023,50,5.19821,3.50462,-121.04048,-2.72957,-14.60157,25.28554,-27.28325,83.44898,,7.25423,,,,1000103236,Right,53.87751,-121.8478,12.64277,5.27146,-1.85846,-13.64163,-2.15957,3.97082,-7.30079,,,,,,,,,,,,,,,,,,,,,,,,,,,,,,,,,,,,,,,,,,,,,,,,,,,High,High,High,,,,,,v3
82,2/7/2023,5,3,1000036180,Right,T_B,1000058463,Right,T_A,3,Bottom,1,2,0,2-0,Fastball,Four-Seam,InPlay,Undefined,GroundBall,GroundBall,Out,2,0,90.78961,-2.384858,-3.247459,2303.074166,204.872939,12:45,5.31231,2.13071,6.69795,-13.26339,19.4997,8.58036,2.02151,-0.12697,83.44394,-4.960683,-1.687542,0.411968,102.79493,1.007395,-27.654555,3513.846117,,,,60.5584,56.70474,-30.69779,0.413515,-5.41422,11.2615,-1.91781,50,5.14781,7.16269,-131.8582,-5.8045,-9.58376,26.6153,-12.23994,91.49352,2.33801,7.34567,1.86931,2.25301,-0.29817,1000103236,Right,53.80254,-132.62351,13.30765,5.30965,-5.45255,-6.11997,-2.12774,7.43827,-4.79188,,1.88198,133.11515,-28.46264,,,,,,,2.2607,2.40218,-19.07299,,,,,,,-0.28263,-70.47093,-8.81221,,,,,,,,,,,,,,,,,,,,,,,,,,,,,High,High,High,High,High,,,,v3
83,2/7/2023,1,1,1000051614,Left,T_A,1000051968,Left,T_B,4,Top,0,0,0,0-0,Slider,Curveball,BallCalled,Undefined,Undefined,,Undefined,0,0,81.81191,0.341948,1.475764,2637.645291,332.968419,5:00,5.34625,-2.57761,4.27166,-54.77775,-10.10075,5.90788,1.10871,-0.67301,74.85027,-9.388547,2.507151,0.481076,,,,,,,,,,,,-2.40587,-4.5391,2.41052,50,5.3268,-3.32711,-118.50842,-1.57931,-3.39437,24.32245,-38.5781,78.35035,,6.96165,,,,1000055344,Right,56.2288,-119.77998,12.16123,5.35665,0.43753,-19.28905,2.57982,-3.14965,-1.69719,,,,,,,,,,,,,,,,,,,,,,,,,,,,,,,,,,,,,,,,,,,,,,,,,,,High,High,High,,,,,,v3
84,2/7/2023,1,2,1000051614,Left,T_A,1000051968,Left,T_B,4,Top,0,1,0,1-0,Fastball,Sinker,StrikeCalled,Undefined,Undefined,,Undefined,0,0,90.61553,-0.745043,3.191726,2114.249282,94.561396,9:15,5.2998,-2.5181,5.24333,-32.51868,2.74874,-19.06021,1.88859,-1.10375,82.14072,-6.697493,-0.18681,0.427423,,,,,,,,,,,,10.59819,1.91579,2.23974,50,5.20703,-6.44781,-131.25533,-2.98147,18.28976,30.57128,-28.86791,88.18528,,8.47481,,,,1000055344,Right,55.25693,-132.47409,15.28564,5.30295,-1.83061,-14.43395,2.51132,-7.17695,9.14488,,,,,,,,,,,,,,,,,,,,,,,,,,,,,,,,,,,,,,,,,,,,,,,,,,,High,High,High,,,,,,v3
85,2/7/2023,1,3,1000051614,Left,T_A,1000051968,Left,T_B,4,Top,0,1,0,1-0,Slider,Slider,StrikeSwinging,Undefined,Undefined,,Undefined,0,0,82.34935,0.663414,3.010093,2553.7018,291.487997,3:45,5.29977,-2.59229,4.69246,-45.60388,-2.29803,9.31044,2.1302,1.04405,75.48437,-7.526125,4.641005,0.473636,,,,,,,,,,,,-3.69225,-0.8915,2.27773,50,5.32616,-6.68859,-119.2618,-0.41165,-5.30292,23.53575,-33.45445,79.58101,,6.86498,,,,1000055344,Right,55.80676,-120.40228,11.76787,5.30683,1.20947,-16.72722,2.59562,-6.43163,-2.65146,,,,,,,,,,,,,,,,,,,,,,,,,,,,,,,,,,,,,,,,,,,,,,,,,,,High,High,High,,,,,,v3
86,2/7/2023,1,4,1000051614,Left,T_A,1000051968,Left,T_B,4,Top,0,1,1,1-1,Slider,Curveball,StrikeSwinging,Undefined,Undefined,,Undefined,0,0,81.59996,0.28878,1.711535,2628.666567,323.489601,4:45,5.4078,-2.42123,4.51244,-51.37668,-7.49445,6.47642,1.40162,-0.25071,75.65759,-8.855256,2.846191,0.476777,,,,,,,,,,,,-2.73693,-3.42461,2.23553,50,5.38828,-3.82432,-118.44229,-1.46128,-3.91394,21.20469,-37.07138,79.05669,,5.94237,,,,1000055344,Right,55.99021,-119.50991,10.60234,5.41487,0.40519,-18.53569,2.42311,-3.62726,-1.95697,,,,,,,,,,,,,,,,,,,,,,,,,,,,,71.59899,2.906051,1.971456,0.934595,0.95181,1.32876,0.22756,1.37792,4.98397,-5.65863,79.04078,7.1763,-45.74392,1.45309,88.87825,-6.22934,5.07583,15.85822,-14.51088,-5.82811,-50.30078,8.03032,High,High,High,,,High,High,High,v3
87,2/7/2023,1,5,1000051614,Left,T_A,1000049656,Right,T_B,4,Top,1,0,0,0-0,Fastball,Sinker,FoulBall,Undefined,Undefined,,Undefined,0,0,90.03829,-0.345914,4.114857,2206.066863,102.100698,9:30,5.34369,-2.50789,5.6552,-29.58336,5.21532,-19.25769,2.55497,-0.26851,82.44298,-5.799711,0.682234,0.424574,66.6014,42.06967,156.026177,4640.861153,,,,,45.23031,,,10.9769,3.03768,2.17175,50,5.29539,-8.5662,-130.55022,-1.86111,18.98354,26.94813,-26.92064,88.77718,34.82941,7.59531,2.58761,2.54855,0.24315,1000055344,Right,54.8464,-131.54681,13.47407,5.34581,-0.86554,-13.46032,2.50152,-9.26825,9.49177,343.886764,2.58761,-66.25658,2.04854,0.87332,-0.71546,1.68891,-3.16009,3.14191,-1.23784,2.54855,65.45036,-28.39015,3.56201,-1.36927,2.3972,-4.41,4.34439,-1.69361,0.24315,29.46319,-3.88116,0.80108,-0.37436,0.80374,-1.51344,1.49443,-0.58322,,,,,,,,,,,,,,,,,,,,,,,High,High,High,High,Low,,,,v3
88,2/7/2023,1,6,1000051614,Left,T_A,1000049656,Right,T_B,4,Top,1,0,1,0-1,Slider,Slider,BallCalled,Undefined,Undefined,,Undefined,0,0,81.24835,1.271699,1.017046,2294.19482,318.506593,4:30,5.29802,-2.48051,4.42368,-48.03396,-3.59984,4.33236,2.50892,-1.14901,74.97038,-7.308506,1.774335,0.479766,,,,,,,,,,,,-1.83965,-1.68154,2.36801,50,5.38568,-2.28831,-117.8786,0.68131,-2.60631,20.96266,-34.55636,78.56418,,6.27797,,,,1000055344,Right,56.07697,-118.95437,10.48133,5.30521,2.45469,-17.27818,2.48201,-2.15456,-1.30316,,,,,,,,,,,,,,,,,,,,,,,,,,,,,,,,,,,,,,,,,,,,,,,,,,,High,High,High,,,,,,v3
89,2/7/2023,1,7,1000051614,Left,T_A,1000049656,Right,T_B,4,Top,1,1,1,1-1,Fastball,Sinker,BallCalled,Undefined,Undefined,,Undefined,0,0,89.52504,0.916902,3.830419,2019.348556,123.862614,10:15,5.43826,-2.36081,5.74747,-27.77844,6.99977,-8.97382,3.97901,0.46283,82.55179,-4.211876,2.229763,0.424449,,,,,,,,,,,,5.50437,3.64847,2.0477,50,5.49752,-8.31304,-129.90827,1.102,9.5171,24.21234,-25.86582,88.80332,,6.97326,,,,1000055344,Right,54.75249,-130.79104,12.10617,5.44015,2.04506,-12.93291,2.35712,-8.66003,4.75855,,,,,,,,,,,,,,,,,,,,,,,,,,,,,,,,,,,,,,,,,,,,,,,,,,,High,High,High,,,,,,v3
90,2/7/2023,1,8,1000051614,Left,T_A,1000049656,Right,T_B,4,Top,1,2,1,2-1,Slider,Slider,InPlay,Undefined,GroundBall,GroundBall,Out,1,0,81.79069,0.058817,1.564498,2383.821878,348.121351,5:30,5.39055,-2.46474,4.34491,-48.53455,-4.43752,1.21209,1.40222,-0.86851,75.48612,-8.578849,1.776238,0.477943,55.73796,-21.76051,-34.696249,,,,,6.61048,3.4758,-13.07697,0.0567,-0.17343,-1.8674,2.29513,50,5.34755,-3.29444,-118.63464,-1.8474,-0.24802,21.97455,-34.84445,78.86388,1.72514,6.30457,2.88575,1.72514,0.96439,1000055344,Right,56.1568,-119.76962,10.98728,5.39649,-0.04769,-17.42222,2.46496,-3.28163,-0.12401,,2.88352,62.66836,,,,,,,,1.72623,-30.42573,,,,,,,,0.96594,-43.38756,,,,,,,,,,,,,,,,,,,,,,,,,,,,,,High,High,High,Low,Low,,,,v3
91,2/7/2023,2,1,1000051614,Left,T_A,1000069979,Right,T_B,4,Top,2,0,0,0-0,Fastball,Sinker,BallCalled,Undefined,Undefined,,Undefined,0,0,90.39233,-1.149113,5.719036,2063.693655,98.924713,9:15,5.35844,-2.47704,5.40422,-31.16754,3.32984,-15.34733,1.6789,1.62059,84.10135,-6.80813,3.00662,0.422731,,,,,,,,,,,,9.00229,2.22575,1.97714,50,5.23351,-12.42204,-130.87441,-3.84113,15.91903,22.5547,-28.23816,89.16406,,6.29097,,,,1000055344,Right,55.09784,-131.75004,11.27735,5.36136,-2.74486,-14.11908,2.47138,-13.04005,7.95951,,,,,,,,,,,,,,,,,,,,,,,,,,,,,,,,,,,,,,,,,,,,,,,,,,,High,High,High,,,,,,v3
92,2/7/2023,2,2,1000051614,Left,T_A,1000069979,Right,T_B,4,Top,2,1,0,1-0,Fastball,Sinker,StrikeCalled,Undefined,Undefined,,Undefined,0,0,89.24599,0.386688,4.98649,1998.535396,112.796796,9:45,5.37963,-2.35921,5.76469,-28.7273,6.47319,-12.91182,3.34696,1.2175,81.98224,-4.916646,2.687422,0.427018,,,,,,,,,,,,7.84504,3.52433,1.95336,50,5.39428,-10.72607,-129.27967,-0.13645,13.37984,24.9934,-26.16322,88.26904,,7.26375,,,,1000055344,Right,54.7352,-130.1919,12.4967,5.38183,0.81848,-13.08161,2.35376,-11.21442,6.68992,,,,,,,,,,,,,,,,,,,,,,,,,,,,,,,,,,,,,,,,,,,,,,,,,,,High,High,High,,,,,,v3
93,2/7/2023,2,3,1000051614,Left,T_A,1000069979,Right,T_B,4,Top,2,1,1,1-1,ChangeUp,Changeup,InPlay,Undefined,FlyBall,FlyBall,HomeRun,0,1,84.61368,-0.475583,3.776164,1376.173082,96.722852,9:15,5.20627,-2.61264,5.25925,-36.89447,3.05197,-15.43666,1.68392,-0.34608,77.7577,-7.1937,1.042225,0.454894,99.29868,23.756796,-0.114225,2352.696344,109.87764,46.77878,5.17319,397.80599,391.70568,9.746231,5.051543,8.81319,1.97476,2.27847,50,5.13507,-7.44614,-122.66305,-2.37044,13.46969,23.55159,-29.15589,82.8598,73.70597,6.85598,2.2799,1.76601,0.371,1000055344,Right,55.24219,-123.66547,11.77579,5.20955,-1.12949,-14.57795,2.6076,-8.01945,6.73485,204.132444,2.28071,133.28089,-25.37135,5.77843,-1.13489,0.20475,-0.03291,0.00373,-0.00019,1.76769,58.63224,-11.14521,-1.02604,0.61404,-0.23662,0.05774,-0.00742,0.00038,0.37078,-0.26042,7.17616,-1.98551,0.43793,-0.07978,0.01141,-0.00111,5.00E-05,,,,,,,,,,,,,,,,,,,,,,,High,High,High,High,High,,,,v3
94,2/7/2023,3,1,1000051614,Left,T_A,1000102964,Right,T_B,4,Top,2,0,0,0-0,Slider,Slider,StrikeCalled,Undefined,Undefined,,Undefined,0,0,82.49764,1.900939,2.23142,2600.209272,330.450246,5:00,5.31578,-2.59715,4.47878,-47.93526,-5.2574,3.61362,3.1351,-0.16807,76.72253,-6.642033,2.862595,0.470189,,,,,,,,,,,,-1.24555,-2.65917,2.35858,50,5.4692,-4.82914,-119.74204,2.02009,-1.83865,19.5005,-36.09937,80.16441,,5.77511,,,,1000055344,Right,56.02353,-120.71902,9.75025,5.32269,3.82866,-18.04969,2.59821,-4.73702,-0.91932,,,,,,,,,,,,,,,,,,,,,,,,,,,,,,,,,,,,,,,,,,,,,,,,,,,High,High,High,,,,,,v3
95,2/7/2023,3,2,1000051614,Left,T_A,1000102964,Right,T_B,4,Top,2,0,1,0-1,Slider,Slider,StrikeCalled,Undefined,Undefined,,Undefined,0,0,80.69397,0.527099,1.263235,2299.457492,306.287174,4:15,5.38573,-2.47406,4.59127,-50.45841,-5.67122,9.49823,1.68237,-0.48078,74.67115,-8.483915,2.929697,0.481669,,,,,,,,,,,,-4.33933,-2.57799,2.3342,50,5.39264,-2.99474,-117.13516,-0.8974,-6.06094,21.02545,-35.77484,78.25389,,6.02282,,,,1000055344,Right,55.91092,-118.19139,10.51273,5.39258,0.89978,-17.88742,2.47699,-2.69026,-3.03047,,,,,,,,,,,,,,,,,,,,,,,,,,,,,,,,,,,,,,,,,,,,,,,,,,,High,High,High,,,,,,v3
96,2/7/2023,3,3,1000051614,Left,T_A,1000102964,Right,T_B,4,Top,2,0,2,0-2,Slider,Slider,BallCalled,Undefined,Undefined,,Undefined,0,0,81.1858,1.695673,0.623056,2207.342996,296.581068,4:00,5.37366,-2.32724,4.58673,-48.53365,-4.15146,10.96205,2.94279,-0.82102,74.65211,-7.008834,2.54433,0.479486,,,,,,,,,,,,-5.16654,-2.05354,2.2521,50,5.50354,-1.7718,-117.76609,1.56276,-7.27962,21.67395,-35.06747,78.61012,,6.53369,,,,1000055344,Right,55.91376,-118.84949,10.83698,5.38161,3.31565,-17.53374,2.33157,-1.40792,-3.63981,,,,,,,,,,,,,,,,,,,,,,,,,,,,,,,,,,,,,,,,,,,,,,,,,,,High,High,High,,,,,,v3
97,2/7/2023,3,4,1000051614,Left,T_A,1000102964,Right,T_B,4,Top,2,1,2,1-2,Slider,Slider,BallCalled,Undefined,Undefined,,Undefined,0,0,80.67265,-1.305564,0.558296,2520.162243,303.675863,4:00,5.46131,-2.6654,4.6594,-52.4855,-7.3889,13.22245,-0.15303,-1.03314,74.44392,-10.652865,2.88723,0.48333,,,,,,,,,,,,-6.40402,-2.96327,2.59552,50,5.2796,-1.70161,-117.01682,-4.69225,-8.83799,23.04563,-36.26356,77.98497,,6.22872,,,,1000055344,Right,55.84317,-118.16199,11.52282,5.468,-2.89027,-18.13178,2.66916,-1.26244,-4.419,,,,,,,,,,,,,,,,,,,,,,,,,,,,,,,,,,,,,,,,,,,,,,,,,,,High,High,High,,,,,,v3
98,2/7/2023,3,5,1000051614,Left,T_A,1000102964,Right,T_B,4,Top,2,2,2,2-2,Slider,Slider,FoulBall,Undefined,Undefined,GroundBall,Undefined,0,0,80.93564,0.649231,1.202874,2112.440778,300.163805,4:00,5.33654,-2.54415,4.31808,-47.9101,-2.55591,6.89347,1.96483,-0.81964,74.15195,-7.90803,2.405807,0.484708,61.70946,-39.746688,-156.743408,,,,,1.0572,3.63977,-8.746445,0.038633,-3.02315,-1.08957,2.40668,50,5.35785,-2.77073,-117.30352,-0.58851,-4.19945,22.82113,-33.68756,77.76319,2.24519,6.78369,3.52539,2.24519,0.90528,1000055344,Right,56.18268,-118.50025,11.41056,5.34239,1.17804,-16.84378,2.5462,-2.55052,-2.09972,,3.52708,-64.20634,,,,,,,,2.24672,-58.11572,,,,,,,,0.90601,-27.59397,,,,,,,,,,,,,,,,,,,,,,,,,,,,,,High,High,High,Estimated,Estimated,,,,v3
99,2/7/2023,3,6,1000051614,Left,T_A,1000102964,Right,T_B,4,Top,2,2,2,2-2,Fastball,Sinker,BallCalled,Undefined,Undefined,,Undefined,0,0,89.18607,-1.69951,6.692583,2127.022205,91.981481,9:00,5.34773,-2.45116,5.93751,-33.4414,1.72284,-19.5847,0.97305,2.1538,82.3254,-7.830615,3.203583,0.426797,,,,,,,,,,,,11.7282,1.63642,1.92607,50,5.19223,-14.30851,-128.85893,-5.02808,19.91009,24.35472,-29.396,88.31459,,6.86067,,,,1000055344,Right,54.5646,-129.71879,12.17736,5.35143,-3.99024,-14.698,2.44365,-15.01144,9.95504,,,,,,,,,,,,,,,,,,,,,,,,,,,,,,,,,,,,,,,,,,,,,,,,,,,High,High,High,,,,,,v3
100,2/7/2023,3,7,1000051614,Left,T_A,1000102964,Right,T_B,4,Top,2,3,2,3-2,Slider,Curveball,FoulBall,Undefined,Undefined,,Undefined,0,0,81.03773,-0.498417,2.325441,1937.520729,312.540812,4:30,5.37632,-2.6417,4.53948,-48.4079,-3.4089,5.29953,0.8674,0.01517,74.37325,-9.147247,3.253831,0.482806,,,,,,,,,,,,-1.93118,-1.1887,2.39399,50,5.27822,-4.99845,-117.40426,-2.91391,-2.68143,23.30603,-33.82457,78.06951,,6.66449,,,,1000055344,Right,55.96134,-118.58174,11.65302,5.38227,-1.205,-16.91229,2.6431,-4.86298,-1.34072,,,,,,,,,,,,,,,,,,,,,,,,,,,,,,,,,,,,,,,,,,,,,,,,,,,High,High,High,,,,,,v3
101,2/7/2023,3,8,1000051614,Left,T_A,1000102964,Right,T_B,4,Top,2,3,2,3-2,Slider,Slider,InPlay,Undefined,LineDrive,LineDrive,Single,0,0,81.70962,0.140511,1.92582,2494.111644,303.133698,4:00,5.35502,-2.56797,4.49481,-48.13928,-4.04559,8.27288,1.47738,-0.04282,75.23445,-8.453712,3.373618,0.477925,98.69909,12.97915,-26.857455,2207.490099,94.83505,15.57744,-55.7341,211.22242,211.22242,-34.697298,1.91087,-3.54323,-1.72508,2.35728,50,5.32306,-4.34685,-118.48252,-1.61839,-5.03555,22.68566,-34.62567,78.86688,15.58643,6.47518,2.97842,1.62824,0.11271,1000055344,Right,56.00698,-119.62714,11.34283,5.36065,0.12867,-17.31284,2.57019,-4.09278,-2.51778,,2.97842,125.8444,-27.29453,6.24086,-1.40615,0.2707,-0.04825,0.00658,-0.00047,1.62824,32.51224,-20.54259,2.10533,-0.33701,0.04935,-0.00478,0.00047,-6.00E-05,0.11271,-63.72714,-2.96466,3.2196,-1.23958,0.37002,-0.0874,0.01452,-0.00118,,,,,,,,,,,,,,,,,,,,,,,High,High,High,Medium,High,,,,v3
102,2/7/2023,4,1,1000051614,Left,T_A,1000051953,Right,T_B,4,Top,2,0,0,0-0,ChangeUp,Changeup,StrikeCalled,Undefined,Undefined,,Undefined,0,0,83.50724,0.229625,3.546193,1386.716166,89.99827,9:00,5.23311,-2.34997,5.35681,-39.41837,1.16134,-13.29725,2.16402,-0.12813,77.20969,-6.940572,1.186787,0.458486,,,,,,,,,,,,7.57347,0.87429,2.0407,50,5.22544,-6.95603,-121.1832,-0.94018,11.37685,21.42134,-30.8607,82.2107,,6.29755,,,,1000055344,Right,55.14451,-122.0892,10.71067,5.2376,0.36505,-15.43035,2.34508,-7.43721,5.68842,,,,,,,,,,,,,,,,,,,,,,,,,,,,,79.67022,2.119916,0.843622,1.276294,0.00732,1.98989,0.09969,-0.84402,6.55054,1.50245,127.28228,6.24907,-1.40657,-0.48402,112.8797,-9.91501,6.55698,13.49033,-10.75331,1.42073,-4.48662,1.75925,High,High,High,,,High,High,High,v3
103,2/7/2023,4,2,1000051614,Left,T_A,1000051953,Right,T_B,4,Top,2,0,1,0-1,ChangeUp,Changeup,FoulBall,Undefined,Undefined,,Undefined,0,0,83.2558,-0.559437,4.283109,1356.774172,82.652413,8:45,5.12213,-2.69861,5.04653,-42.64384,-0.85189,-16.98847,1.0393,-0.06678,76.35972,-8.268114,1.286357,0.465284,,,,,,,,,,,,9.71493,0.05764,2.30421,50,5.03422,-8.30626,-120.5502,-2.78109,14.28593,23.58827,-32.0893,81.00961,,6.89608,,,,1000055344,Right,55.45521,-121.61295,11.79413,5.12695,-1.33534,-16.04465,2.69294,-8.9499,7.14296,,,,,,,,,,,,,,,,,,,,,,,,,,,,,,,,,,,,,,,,,,,,,,,,,,,High,High,High,,,,,,v3
104,2/7/2023,4,3,1000051614,Left,T_A,1000051953,Right,T_B,4,Top,2,0,2,0-2,Slider,Slider,BallCalled,Undefined,Undefined,,Undefined,0,0,83.68425,-0.835371,3.061268,2738.160442,301.293007,4:00,5.48965,-2.46299,4.63003,-45.15703,-3.23177,7.43567,0.93135,1.06918,77.1377,-8.896512,4.364087,0.466025,,,,,,,,,,,,-2.80244,-1.00004,2.14145,50,5.3621,-6.81741,-121.22837,-3.58391,-4.16918,23.76603,-33.66182,80.88072,,6.54655,,,,1000055344,Right,55.87055,-122.37385,11.88302,5.49574,-1.96148,-16.83091,2.46519,-6.61646,-2.08459,,,,,,,,,,,,,,,,,,,,,,,,,,,,,,,,,,,,,,,,,,,,,,,,,,,High,High,High,,,,,,v3
105,2/7/2023,4,4,1000051614,Left,T_A,1000051953,Right,T_B,4,Top,2,1,2,1-2,Slider,Slider,FoulBall,Undefined,Undefined,,Undefined,0,0,82.54009,-1.835288,2.56315,2729.220046,311.31791,4:30,5.41559,-2.35296,4.52093,-50.79786,-7.85548,10.29544,-0.56786,0.9478,77.05436,-10.804232,4.368173,0.471644,,,,,,,,,,,,-4.51429,-3.32835,2.07443,50,5.17418,-5.79369,-119.72366,-5.84777,-6.59281,21.7734,-37.03487,79.91709,,5.48573,,,,1000055344,Right,55.98383,-120.807,10.8867,5.4193,-4.00509,-18.51743,2.35454,-5.46566,-3.29641,,,,,,,,,,,,,,,,,,,,,,,,,,,,,,,,,,,,,,,,,,,,,,,,,,,High,High,High,,,,,,v3
106,2/7/2023,4,5,1000051614,Left,T_A,1000051953,Right,T_B,4,Top,2,1,2,1-2,Slider,Slider,StrikeSwinging,Strikeout,Undefined,,Undefined,0,0,82.32752,-1.055929,2.37803,2564.944125,299.441826,4:00,5.37555,-2.39665,4.32527,-46.42463,-2.3002,6.69075,0.49657,0.4352,75.328,-9.321307,3.545582,0.478091,,,,,,,,,,,,-2.55469,-0.4637,2.13266,50,5.21443,-5.25063,-119.15559,-4.07937,-3.64083,24.76044,-32.83487,78.8394,,6.99952,,,,1000055344,Right,56.17498,-120.43191,12.38022,5.38108,-2.38684,-16.41743,2.39848,-5.06296,-1.82041,,,,,,,,,,,,,,,,,,,,,,,,,,,,,,,,,,,,,,,,,,,,,,,,,,,High,High,High,,,,,,v3
107,2/7/2023,1,1,1000036180,Right,T_B,1000055244,Left,T_A,4,Bottom,0,0,0,0-0,ChangeUp,Sinker,BallCalled,Undefined,Undefined,,Undefined,0,0,87.19112,-3.408217,-3.200157,1888.663724,230.710199,1:45,5.2697,2.44491,6.46309,-25.89675,10.36512,11.19493,-0.02745,0.43538,79.78637,-8.260932,-1.170049,0.433407,,,,,,,,,,,,-6.80638,6.78473,-2.22353,50,5.01697,6.6423,-126.36199,-8.29498,-10.95309,26.88329,-21.25582,86.96767,,7.40476,,,,1000103236,Right,54.0359,-127.21773,13.44164,5.27024,-7.61838,-10.62791,-2.44052,6.99095,-5.47655,,,,,,,,,,,,,,,,,,,,,,,,,,,,,,,,,,,,,,,,,,,,,,,,,,,High,High,High,,,,,,v3
108,2/7/2023,1,2,1000036180,Right,T_B,1000055244,Left,T_A,4,Bottom,0,1,0,1-0,Fastball,Four-Seam,FoulBall,Undefined,Undefined,,Undefined,0,0,92.939,-2.281078,-2.760129,2274.892371,222.310373,1:30,5.39238,2.11527,6.44846,-13.67485,18.3604,15.68587,2.15347,0.88454,84.07521,-4.948187,0.08161,0.407367,70.26424,69.460002,-73.272419,,,,,,34.28631,,,-9.07977,10.64686,-1.92632,50,5.22423,5.85939,-134.81014,-5.71145,-16.52085,32.39334,-12.80191,92.52704,75.5684,8.86379,2.14295,2.21607,-0.88375,1000103236,Right,54.0503,-135.7799,16.19667,5.38948,-5.32821,-6.40096,-2.10913,6.35398,-8.26043,,2.14294,10.40906,-9.11452,3.55313,-2.14225,2.49764,-2.02758,0.82682,-0.12411,2.21607,96.50299,-29.50413,3.87368,-0.94405,0.39299,-0.17359,0.01965,0.01017,-0.88376,-34.62732,4.10756,-0.39539,-0.19588,0.39683,-0.36773,0.17162,-0.03165,,,,,,,,,,,,,,,,,,,,,,,High,High,High,Low,Low,,,,v3
109,2/7/2023,1,3,1000036180,Right,T_B,1000055244,Left,T_A,4,Bottom,0,1,1,1-1,Fastball,Four-Seam,StrikeSwinging,Undefined,Undefined,,Undefined,0,0,93.07741,-0.826093,-2.804867,2289.929157,216.613045,1:15,5.34594,2.1335,6.73222,-16.73615,14.81005,10.19512,3.19541,0.41791,84.208,-4.064679,-0.948487,0.404245,,,,,,,,,,,,-6.20115,8.38103,-1.95173,50,5.28458,6.2052,-135.11518,-2.37747,-11.3448,32.28702,-16.84121,93.24154,,8.86942,,,,1000103236,Right,53.76409,-136.01167,16.14351,5.3441,-1.90985,-8.42061,-2.1284,6.5202,-5.6724,,,,,,,,,,,,,,,,,,,,,,,,,,,,,,,,,,,,,,,,,,,,,,,,,,,High,High,High,,,,,,v3
110,2/7/2023,1,4,1000036180,Right,T_B,1000055244,Left,T_A,4,Bottom,0,1,2,1-2,Fastball,Four-Seam,FoulBall,Undefined,Undefined,,Undefined,0,0,94.27234,-2.295193,-3.409447,2285.997367,208.106372,1:00,5.35943,2.30891,6.68762,-10.90713,20.19166,10.1643,2.34648,0.03399,84.66209,-4.479798,-1.562417,0.401369,67.79164,37.646784,-122.002732,4255.05164,,,,,47.73413,,,-6.48,11.73225,-2.0849,50,5.20126,7.72348,-136.60179,-5.68686,-12.0202,35.22387,-10.41107,93.9098,31.85492,9.61025,0.81828,2.43114,-0.16708,1000103236,Right,53.80916,-137.58051,17.61193,5.35525,-5.39758,-5.20553,-2.30415,8.05747,-6.0101,48.157294,0.81828,-41.72131,-2.57438,1.7989,-1.36183,3.29489,-6.38574,6.51776,-2.63413,2.43114,60.72966,-25.03104,2.79501,-0.93067,1.45147,-2.72134,2.75641,-1.10548,-0.16708,-66.76147,10.05154,-1.81736,0.76294,-1.6167,3.1516,-3.20215,1.2853,,,,,,,,,,,,,,,,,,,,,,,High,High,High,High,Low,,,,v3
111,2/7/2023,1,5,1000036180,Right,T_B,1000055244,Left,T_A,4,Bottom,0,1,2,1-2,ChangeUp,Changeup,BallCalled,Undefined,Undefined,,Undefined,0,0,84.12201,-0.368798,-1.894217,1741.47614,264.597321,2:45,5.13458,2.54511,6.82843,-35.38569,2.88961,17.24651,1.84919,2.2539,76.78657,-7.027292,1.25983,0.445277,,,,,,,,,,,,-9.66638,2.05591,-2.42856,50,5.09845,3.43179,-122.32205,-1.78724,-14.53548,25.82608,-29.08254,84.64934,,7.33544,,,,1000103236,Right,53.6708,-123.09464,12.91304,5.13891,-0.91724,-14.54127,-2.53772,3.86661,-7.26774,,,,,,,,,,,,,,,,,,,,,,,,,,,,,,,,,,,,,,,,,,,,,,,,,,,High,High,High,,,,,,v3
112,2/7/2023,1,6,1000036180,Right,T_B,1000055244,Left,T_A,4,Bottom,0,2,2,2-2,Fastball,Four-Seam,BallCalled,Undefined,Undefined,,Undefined,0,0,92.53938,-0.017252,-2.652505,2200.081816,201.725439,12:45,5.45812,2.12272,6.64095,-11.0628,20.94572,7.91008,4.52041,0.35202,83.61308,-2.226441,-1.215036,0.407197,,,,,,,,,,,,-4.93516,11.29922,-1.94624,50,5.45163,5.89813,-134.33625,-0.23576,-8.92883,31.79887,-11.73123,92.56569,,8.92629,,,,1000103236,Right,53.8549,-135.24567,15.89944,5.45358,0.09974,-5.86562,-2.11857,6.15348,-4.46441,,,,,,,,,,,,,,,,,,,,,,,,,,,,,,,,,,,,,,,,,,,,,,,,,,,High,High,High,,,,,,v3
113,2/7/2023,1,7,1000036180,Right,T_B,1000055244,Left,T_A,4,Bottom,0,3,2,3-2,Fastball,Four-Seam,FoulBall,Undefined,Undefined,,Undefined,0,0,91.03602,-1.032669,-2.095312,2182.249173,209.430386,1:00,5.38106,2.23536,6.74607,-13.74725,19.08064,10.14268,3.2913,1.16551,82.60783,-3.73047,-0.24676,0.412376,78.37974,61.742217,-50.979665,4494.782231,,,,,46.20007,,,-6.00591,10.73756,-2.10128,50,5.3075,4.45315,-132.28516,-2.68747,-10.55786,30.3135,-13.29843,91.40317,80.88639,8.42818,1.22636,3.23904,-1.14403,1000103236,Right,53.75249,-133.14227,15.15675,5.37818,-2.31146,-6.64921,-2.23141,4.75167,-5.27893,156.483222,1.22636,34.2657,-15.60228,4.18581,-1.14299,0.73424,-0.95477,0.76519,-0.23557,3.23904,101.25699,-26.39839,3.08898,-0.62685,0.13988,-0.04971,0.0167,-0.0022,-1.14403,-42.28413,3.6768,0.12548,-0.23413,0.27101,-0.39928,0.3336,-0.10503,,,,,,,,,,,,,,,,,,,,,,,High,High,High,High,Low,,,,v3
114,2/7/2023,1,8,1000036180,Right,T_B,1000055244,Left,T_A,4,Bottom,0,3,2,3-2,ChangeUp,Changeup,StrikeSwinging,Strikeout,Undefined,,Undefined,0,0,83.80246,-0.420427,-2.464054,1624.813472,240.419993,2:00,5.10344,2.55967,6.86596,-27.74293,10.49422,16.41288,2.40795,1.68008,76.88397,-5.682065,0.535553,0.445056,,,,,,,,,,,,-9.34237,6.06461,-2.40768,50,5.06666,4.66939,-121.87586,-1.6178,-14.07228,23.62579,-23.03905,84.69154,,6.91849,,,,1000103236,Right,53.63311,-122.57812,11.81289,5.10457,-0.93298,-11.51952,-2.55269,5.08768,-7.03614,,,,,,,,,,,,,,,,,,,,,,,,,,,,,,,,,,,,,,,,,,,,,,,,,,,High,High,High,,,,,,v3
115,2/7/2023,2,1,1000036180,Right,T_B,1000066765,Right,T_A,4,Bottom,1,0,0,0-0,Fastball,Four-Seam,HitByPitch,Undefined,Undefined,,Undefined,0,0,92.30148,-0.569138,-1.224134,2222.724627,209.96889,1:00,5.46599,2.32489,6.56687,-14.08835,18.29777,9.8815,3.77009,2.02601,83.08607,-3.334202,0.571796,0.409591,,,,,,,,,,,,-5.6465,10.17233,-2.24479,50,5.42081,2.47852,-134.07815,-1.66967,-10.10233,33.62762,-13.97446,92.02448,,9.21541,,,,1000103236,Right,53.93193,-135.0607,16.81381,5.46363,-1.26136,-6.98723,-2.32152,2.7737,-5.05116,,,,,,,,,,,,,,,,,,,,,,,,,,,,,,,,,,,,,,,,,,,,,,,,,,,High,High,High,,,,,,v3
116,2/7/2023,3,1,1000036180,Right,T_B,1000079407,Left,T_A,4,Bottom,1,0,0,0-0,ChangeUp,Changeup,BallCalled,Undefined,Undefined,,Undefined,1,0,83.53697,0.150162,-1.748486,1675.334202,229.796381,1:45,5.20958,2.5969,6.82651,-25.52852,13.45367,14.33115,3.21925,2.19575,75.65486,-4.742853,0.869013,0.44937,,,,,,,,,,,,-8.09264,7.48307,-2.48876,50,5.2097,3.19372,-121.38916,-0.31746,-11.93662,26.3056,-21.13655,83.87834,,7.88211,,,,1000103236,Right,53.67034,-122.18195,13.1528,5.20967,0.31955,-10.56828,-2.59043,3.55346,-5.96831,,,,,,,,,,,,,,,,,,,,,,,,,,,,,77.71822,2.025787,0.743731,1.282056,-1.10331,3.00413,-2.23675,-0.68014,5.75086,-0.74078,127.27743,-0.52384,-0.60036,-0.53435,112.01334,-9.71383,5.74754,8.39755,-10.36692,-0.79348,-3.31455,2.73945,High,High,High,,,High,High,High,v3
117,2/7/2023,3,2,1000036180,Right,T_B,1000079407,Left,T_A,4,Bottom,2,1,0,1-0,Fastball,Four-Seam,StrikeCalled,Undefined,Undefined,,Undefined,0,0,93.89806,-1.168312,-2.20904,2283.421699,214.647666,1:15,5.39606,2.40115,6.694,-15.60269,15.28749,9.85642,3.02649,1.20138,85.33632,-4.185673,-0.414338,0.40002,,,,,,,,,,,,-5.82331,8.70524,-2.25734,50,5.31167,4.86151,-136.40945,-3.18315,-10.90605,31.69884,-15.87069,94.22641,,8.56174,,,,1000103236,Right,53.80342,-137.29044,15.84942,5.39401,-2.74206,-7.93534,-2.39667,5.16461,-5.45303,,,,,,,,,,,,,,,,,,,,,,,,,,,,,,,,,,,,,,,,,,,,,,,,,,,High,High,High,,,,,,v3
118,2/7/2023,3,3,1000036180,Right,T_B,1000079407,Left,T_A,4,Bottom,2,1,1,1-1,Fastball,Four-Seam,StrikeCalled,Undefined,Undefined,,Undefined,0,0,93.85288,-2.156675,-2.154237,2275.674183,214.656298,1:15,5.34331,2.1704,6.63662,-13.95296,16.73981,10.93095,2.20383,1.10821,86.21395,-4.846775,-0.165794,0.39874,,,,,,,,,,,,-6.31552,9.67083,-2.02878,50,5.19132,4.69479,-136.41484,-5.49269,-11.96049,28.59656,-13.85921,94.52896,,7.63892,,,,1000103236,Right,53.86279,-137.2222,14.29828,5.34087,-5.10141,-6.92961,-2.16609,5.03247,-5.98025,,,,,,,,,,,,,,,,,,,,,,,,,,,,,,,,,,,,,,,,,,,,,,,,,,,High,High,High,,,,,,v3
119,2/7/2023,3,4,1000036180,Right,T_B,1000079407,Left,T_A,4,Bottom,2,1,2,1-2,Curveball,Curveball,BallCalled,Undefined,Undefined,,Undefined,0,0,76.58007,3.573547,-0.042174,2220.176482,31.180692,7:00,5.4219,2.09101,5.66772,-63.85468,-15.21076,-10.20493,3.43697,1.20128,69.53551,-8.095958,-1.866885,0.501979,,,,,,,,,,,,5.10799,-8.19493,-2.08111,50,5.68449,0.47744,-111.01872,4.78497,6.29554,22.18868,-42.27416,75.08763,,7.04456,,,,1000103236,Right,54.83428,-111.98075,11.09434,5.4373,6.61784,-21.13708,-2.0959,0.20449,3.14777,,,,,,,,,,,,,,,,,,,,,,,,,,,,,,,,,,,,,,,,,,,,,,,,,,,High,High,High,,,,,,v3
120,2/7/2023,3,5,1000036180,Right,T_B,1000079407,Left,T_A,4,Bottom,2,2,2,2-2,Slider,Slider,StrikeSwinging,Strikeout,Undefined,,Undefined,0,0,80.07823,1.13206,-1.092243,2273.791784,72.379278,8:30,5.29423,2.29137,5.34501,-45.11329,-1.32055,-7.7654,2.59702,0.61958,74.58979,-7.049141,-2.472424,0.476291,,,,,,,,,,,,3.65347,-0.57654,-2.18719,50,5.36355,2.52899,-116.45027,0.71864,5.09485,18.6794,-32.97805,79.13739,,5.48843,,,,1000103236,Right,55.1569,-117.27455,9.3397,5.29973,2.17389,-16.48903,-2.29383,2.30417,2.54742,,,,,,,,,,,,,,,,,,,,,,,,,,,,,,,,,,,,,,,,,,,,,,,,,,,High,High,High,,,,,,v3
121,2/7/2023,1,1,1000051799,Left,T_A,1000103136,Right,T_B,5,Top,0,0,0,0-0,Fastball,Sinker,BallCalled,Undefined,Undefined,,Undefined,0,0,90.41712,-1.437334,1.818299,2078.103457,111.555743,9:45,4.89684,-2.23239,5.6439,-25.81875,8.67355,-19.20029,1.40356,-2.13571,82.8144,-6.214129,-1.613982,0.4227,,,,,,,,,,,,10.2091,5.13725,2.09029,50,4.75842,-3.31162,-131.26083,-4.21786,17.81279,27.76198,-23.21062,89.17061,,7.60271,,,,1000055344,Right,54.85546,-132.28379,13.88099,4.89808,-3.36261,-11.60531,2.22441,-3.96797,8.90639,,,,,,,,,,,,,,,,,,,,,,,,,,,,,,,,,,,,,,,,,,,,,,,,,,,High,High,High,,,,,,v3
122,2/7/2023,1,2,1000051799,Left,T_A,1000103136,Right,T_B,5,Top,0,1,0,1-0,ChangeUp,Changeup,StrikeSwinging,Undefined,Undefined,,Undefined,0,0,80.49865,0.822579,3.022489,1682.726358,88.524456,9:00,4.78514,-1.9272,5.70865,-43.08581,0.96492,-23.63458,1.96216,-1.07814,72.79516,-7.128716,-1.204066,0.477692,,,,,,,,,,,,12.91965,0.71295,1.68857,50,4.82769,-5.21517,-116.66615,0.24688,17.54432,24.96512,-31.20589,78.90529,,7.70349,,,,1000055344,Right,54.79064,-117.68682,12.48256,4.79152,1.5227,-15.60294,1.91645,-5.93245,8.77216,,,,,,,,,,,,,,,,,,,,,,,,,,,,,,,,,,,,,,,,,,,,,,,,,,,High,High,High,,,,,,v3
123,2/7/2023,1,3,1000051799,Left,T_A,1000103136,Right,T_B,5,Top,0,1,1,1-1,Fastball,Sinker,BallCalled,Undefined,Undefined,GroundBall,Undefined,0,0,89.44031,-2.868643,2.922974,2199.189577,115.133046,9:45,4.91441,-1.92728,5.76663,-25.48576,9.7141,-18.29863,0.11512,-0.72948,82.014,-7.584886,-0.353799,0.427014,81.66106,-4.986372,-178.13841,,,,,1.3299,3.88079,155.59217,0.044843,10.24827,6.08378,1.69693,50,4.66109,-5.85865,-129.67102,-7.37762,17.43848,27.26967,-21.82187,88.26981,0.46683,7.42631,4.13862,0.46683,0.72343,1000055344,Right,54.73456,-130.6629,13.63484,4.915,-6.58389,-10.91094,1.92156,-6.49293,8.71924,,4.13893,-119.29627,,,,,,,,0.46686,-10.41398,,,,,,,,0.72344,-3.8774,,,,,,,,,,,,,,,,,,,,,,,,,,,,,,High,High,High,Low,Low,,,,v3
124,2/7/2023,1,4,1000051799,Left,T_A,1000103136,Right,T_B,5,Top,0,2,1,2-1,Fastball,Four-Seam,BallCalled,Undefined,Undefined,GroundBall,Undefined,0,0,89.41156,0.034989,2.350139,2154.554154,141.548736,10:45,4.79171,-2.16856,5.47625,-19.83517,15.70332,-11.56902,3.17155,-0.93229,81.50035,-3.689063,0.291966,0.429063,67.46513,1.182757,176.674117,1718.781398,,,,39.83029,38.58108,178.75462,0.398728,6.45402,8.23315,1.97008,50,4.78152,-4.79982,-129.70542,-0.57782,10.99358,27.15521,-18.14993,87.84829,3.06291,7.9112,-0.87466,3.02013,0.75623,1000055344,Right,55.0211,-130.75242,13.57761,4.79031,0.12196,-9.07496,2.16332,-5.22369,5.49679,300.897707,-0.86753,-98.9966,3.22206,,,,,,,3.02216,1.9756,-23.9767,,,,,,,0.75803,5.67999,-13.57934,,,,,,,,,,,,,,,,,,,,,,,,,,,,,High,High,High,Medium,Medium,,,,v3
125,2/7/2023,1,5,1000051799,Left,T_A,1000103136,Right,T_B,5,Top,0,3,1,3-1,Fastball,Sinker,BallCalled,Walk,Undefined,,Undefined,0,0,88.38903,-1.886495,4.091668,2033.547012,128.83699,10:15,4.87352,-2.07068,5.72129,-22.65832,13.68174,-15.45627,1.22301,0.45902,80.37217,-6.129019,1.334224,0.433875,,,,,,,,,,,,9.16032,7.88745,1.73845,50,4.70168,-8.5104,-127.97978,-4.96475,15.0998,27.91966,-19.17248,86.87404,,8.01686,,,,1000055344,Right,54.77874,-129.01808,13.95983,4.87305,-4.25175,-9.58624,2.06539,-9.07194,7.5499,,,,,,,,,,,,,,,,,,,,,,,,,,,,,,,,,,,,,,,,,,,,,,,,,,,High,High,High,,,,,,v3
126,2/7/2023,2,1,1000051799,Left,T_A,691273,Right,T_B,5,Top,0,0,0,0-0,ChangeUp,Changeup,StrikeCalled,Undefined,Undefined,,Undefined,0,0,82.92032,0.353573,3.421339,1465.961312,90.57319,9:00,4.92484,-2.30456,5.96977,-39.47309,1.64232,-17.4708,1.96382,-0.58468,74.99172,-6.967952,0.283794,0.461502,,,,,,,,,,,,10.01855,1.18311,2.04282,50,4.93127,-6.48944,-120.1696,-0.54812,14.44181,26.37324,-30.46857,81.6734,,7.9286,,,,1000055344,Right,54.5285,-121.15938,13.18662,4.93038,0.59535,-15.23429,2.29654,-7.03143,7.22091,,,,,,,,,,,,,,,,,,,,,,,,,,,,,,,,,,,,,,,,,,,,,,,,,,,High,High,High,,,,,,v3
127,2/7/2023,2,2,1000051799,Left,T_A,691273,Right,T_B,5,Top,0,0,1,0-1,Fastball,Sinker,BallCalled,Undefined,Undefined,,Undefined,0,0,90.06281,-0.179778,2.207646,2030.145352,130.797373,10:15,4.91686,-2.20239,5.7515,-22.62694,12.03556,-12.66304,2.86379,-1.20145,82.16067,-4.414524,-0.057798,0.423742,,,,,,,,,,,,7.05111,6.51115,2.02683,50,4.88821,-4.48538,-130.73083,-1.17002,12.19092,27.80584,-20.91665,88.95144,,7.90215,,,,1000055344,Right,54.74671,-131.73657,13.90292,4.91685,-0.41347,-10.45832,2.19704,-4.92632,6.09546,,,,,,,,,,,,,,,,,,,,,,,,,,,,,,,,,,,,,,,,,,,,,,,,,,,High,High,High,,,,,,v3
128,2/7/2023,2,3,1000051799,Left,T_A,691273,Right,T_B,5,Top,0,1,1,1-1,ChangeUp,Changeup,InPlay,Undefined,LineDrive,GroundBall,Single,0,0,80.27538,-0.36461,3.378317,1624.341044,93.151427,9:00,4.84108,-2.07374,5.82136,-41.48384,2.55079,-18.18257,1.04452,-0.44444,72.90074,-8.02283,0.119834,0.477605,76.22083,9.306926,14.066012,1825.976748,,,,117.72125,115.67609,17.537431,1.194053,10.40064,1.83142,1.80829,50,4.7866,-6.1762,-116.3545,-2.0692,14.07679,24.42504,-29.69532,78.91974,5.92831,7.37464,2.24424,1.00133,0.44419,1000055344,Right,54.6785,-117.3325,12.21252,4.84565,-0.88017,-14.84766,2.06688,-6.73985,7.0384,259.869543,2.24424,107.01103,-14.10222,1.7138,-0.33444,0.04638,-0.00643,0.00107,-0.00011,1.00133,18.07909,-17.29479,1.44081,-0.24463,0.05635,-0.00923,0.00129,-0.00013,0.44419,26.81184,3.05193,-1.02843,0.26069,-0.05892,0.0111,-0.00187,0.00019,,,,,,,,,,,,,,,,,,,,,,,High,High,High,High,High,,,,v3
129,2/7/2023,3,1,1000051799,Left,T_A,1000187793,Left,T_B,5,Top,0,0,0,0-0,Fastball,Sinker,BallCalled,Undefined,Undefined,,Undefined,0,0,88.60796,-1.064643,2.171994,1864.035376,118.668172,10:00,4.85461,-2.1685,5.4743,-25.28828,11.25768,-18.2421,1.75016,-1.65521,80.21408,-5.77158,-1.076837,0.435102,,,,,,,,,,,,9.89064,6.37429,1.99059,50,4.74409,-4.06417,-128.4412,-3.27099,16.3353,29.41462,-21.64632,86.62896,,8.39388,,,,1000055344,Right,55.02412,-129.58667,14.70731,4.85506,-2.42803,-10.82316,2.16125,-4.70031,8.16765,,,,,,,,,,,,,,,,,,,,,,,,,,,,,,,,,,,,,,,,,,,,,,,,,,,High,High,High,,,,,,v3
130,2/7/2023,3,2,1000051799,Left,T_A,1000187793,Left,T_B,5,Top,0,1,0,1-0,Fastball,Sinker,InPlay,Undefined,Bunt,,Single,0,0,87.43431,-1.086368,2.209572,2036.875549,131.68084,10:30,4.89901,-2.15543,5.45159,-24.36482,13.19076,-13.33595,1.85071,-1.1972,79.1668,-5.632873,-0.16375,0.441071,,,,,,,,,,,,7.45642,7.36158,1.9701,50,4.7867,-4.31421,-126.73087,-3.23239,11.99263,28.56823,-20.334,85.45659,,8.26751,,,,1000055344,Right,55.04705,-127.86353,14.28411,4.89887,-2.42619,-10.167,2.15057,-4.78969,5.99632,,,,,,,,,,,,,,,,,,,,,,,,,,,,,,,,,,,,,,,,,,,,,,,,,,,High,High,High,,,,,,v3
131,2/7/2023,4,1,1000051799,Left,T_A,1000110361,Right,T_B,5,Top,0,0,0,0-0,Slider,Slider,StrikeSwinging,Undefined,Undefined,,Undefined,0,0,81.921,1.71895,1.292514,2213.091065,286.998408,3:30,4.86367,-2.16052,5.44173,-43.80215,-1.39476,8.90048,2.82391,-0.20837,74.97003,-6.286355,2.876322,0.468697,,,,,,,,,,,,-4.10622,-0.77252,2.03995,50,4.98551,-3.04923,-118.88579,2.01618,-5.86668,23.15777,-33.27777,80.41964,,6.95097,,,,1000055344,Right,55.05771,-119.86693,11.57889,4.87022,3.42608,-16.63888,2.16387,-2.80067,-2.93334,,,,,,,,,,,,,,,,,,,,,,,,,,,,,,,,,,,,,,,,,,,,,,,,,,,High,High,High,,,,,,v3
132,2/7/2023,4,2,1000051799,Left,T_A,1000110361,Right,T_B,5,Top,0,0,1,0-1,Slider,Curveball,BallCalled,Undefined,Undefined,,Undefined,0,0,75.29745,3.765268,2.325326,2325.020285,303.462046,4:00,4.9759,-2.09059,5.50557,-62.10952,-10.08501,18.49761,3.32948,1.62677,66.84326,-7.633146,5.612005,0.519129,,,,,,,,,,,,-8.28737,-5.77315,1.87518,50,5.26472,-5.14592,-108.68252,5.08905,-9.54205,25.6684,-38.82124,72.60707,,8.45419,,,,1000055344,Right,54.99091,-109.85494,12.8342,4.99178,6.86223,-19.41062,2.10027,-4.71008,-4.77102,,,,,,,,,,,,,,,,,,,,,,,,,,,,,,,,,,,,,,,,,,,,,,,,,,,High,High,High,,,,,,v3
133,2/7/2023,4,3,1000051799,Left,T_A,1000110361,Right,T_B,5,Top,0,1,1,1-1,Fastball,Sinker,InPlay,Undefined,GroundBall,GroundBall,FieldersChoice,1,0,89.00656,-0.105661,3.161507,2060.696344,128.944251,10:15,4.84659,-2.06104,5.74393,-25.4871,10.45894,-11.36497,2.62414,-0.06156,80.33675,-4.877524,1.130972,0.431516,78.49358,-7.398078,-29.477801,,,,,14.70132,9.05667,-21.045107,0.096071,6.81528,5.71811,1.80519,50,4.82238,-6.63732,-128.96523,-1.09549,11.32833,30.08582,-22.6694,87.34889,1.42609,8.66981,4.15935,1.42609,0.12538,1000055344,Right,54.75418,-130.06959,15.04291,4.84732,-0.26336,-11.3347,2.05646,-7.05315,5.66416,180,4.15723,99.52366,,,,,,,,1.42641,-14.84409,,,,,,,,0.12658,-56.25689,,,,,,,,,,,,,,,,,,,,,,,,,,,,,,High,High,High,Low,Low,,,,v3
134,2/7/2023,5,1,1000051799,Left,T_A,1000051968,Left,T_B,5,Top,1,0,0,0-0,Slider,Slider,BallCalled,Undefined,Undefined,,Undefined,0,0,80.08028,1.903923,2.066915,2296.423602,273.062426,3:00,4.82261,-2.09774,5.34241,-43.47569,0.86303,8.25363,2.98748,0.52982,73.67961,-6.021991,3.5309,0.479251,,,,,,,,,,,,-3.58583,0.34161,1.90527,50,4.9632,-4.52851,-116.2019,2.35,-4.92537,20.84195,-31.7048,78.64866,,6.40067,,,,1000055344,Right,55.15727,-117.12325,10.42097,4.82833,3.75157,-15.8524,2.10065,-4.31078,-2.46269,,,,,,,,,,,,,,,,,,,,,,,,,,,,,,,,,,,,,,,,,,,,,,,,,,,High,High,High,,,,,,v3
135,2/7/2023,5,2,1000051799,Left,T_A,1000051968,Left,T_B,5,Top,1,1,0,1-0,Slider,Sinker,StrikeCalled,Undefined,Undefined,,Undefined,0,0,89.10561,-0.862452,4.229739,2116.883044,132.303145,10:30,4.84765,-1.98229,5.7822,-22.00273,13.72383,-13.73036,2.20942,0.81601,80.76139,-5.001025,1.779425,0.430197,,,,,,,,,,,,8.23827,7.60807,1.64116,50,4.76324,-8.94411,-128.99576,-2.65551,13.78198,28.62384,-19.4463,87.61678,,8.34422,,,,1000055344,Right,54.71521,-130.03785,14.31192,4.84702,-1.94755,-9.72315,1.97592,-9.44586,6.89099,,,,,,,,,,,,,,,,,,,,,,,,,,,,,,,,,,,,,,,,,,,,,,,,,,,High,High,High,,,,,,v3
136,2/7/2023,5,3,1000051799,Left,T_A,1000051968,Left,T_B,5,Top,1,1,1,1-1,Slider,Slider,StrikeSwinging,Undefined,Undefined,,Undefined,0,0,76.03286,1.197086,3.03847,2096.900772,305.034876,4:15,4.77347,-2.04005,5.30707,-60.16062,-9.53489,16.24631,0.88552,2.16867,68.84681,-9.713941,5.918425,0.512103,,,,,,,,,,,,-7.06063,-4.64229,1.75186,50,4.83886,-6.47594,-110.02426,0.25563,-8.44044,24.02824,-37.72352,73.60329,,7.18605,,,,1000055344,Right,55.19263,-111.15249,12.01412,4.78527,2.02692,-18.86176,2.04663,-6.07962,-4.22022,,,,,,,,,,,,,,,,,,,,,,,,,,,,,,,,,,,,,,,,,,,,,,,,,,,High,High,High,,,,,,v3
137,2/7/2023,5,4,1000051799,Left,T_A,1000051968,Left,T_B,5,Top,1,1,2,1-2,Slider,Slider,BallCalled,Undefined,Undefined,,Undefined,0,0,75.86533,0.373026,3.375944,2008.654605,299.67045,4:00,4.83767,-2.08535,5.22543,-58.29263,-7.83571,16.67733,0.33125,2.48188,69.591,-10.133599,6.32675,0.511248,,,,,,,,,,,,-7.26268,-3.5239,1.76093,50,4.8286,-7.1313,-109.88491,-1.27494,-8.76334,21.85863,-36.4261,73.72629,,6.27434,,,,1000055344,Right,55.27561,-110.92939,10.92931,4.84794,0.46561,-18.21305,2.09168,-6.71255,-4.38167,,,,,,,,,,,,,,,,,,,,,,,,,,,,,,,,,,,,,,,,,,,,,,,,,,,High,High,High,,,,,,v3
138,2/7/2023,5,5,1000051799,Left,T_A,1000051968,Left,T_B,5,Top,1,2,2,2-2,Slider,Slider,BallCalled,Undefined,Undefined,,Undefined,0,0,80.74922,0.689696,0.83473,2328.819679,262.119225,2:45,4.82568,-2.21833,5.44753,-40.98219,2.19339,6.98142,2.05632,-0.85499,74.69141,-6.788658,2.078073,0.472923,,,,,,,,,,,,-3.31355,1.30276,2.13965,50,4.85818,-1.98818,-117.36183,0.00242,-4.66107,20.43258,-30.34152,79.70099,,6.05781,,,,1000055344,Right,55.05288,-118.23826,10.21629,4.83017,1.30388,-15.17076,2.22064,-1.78825,-2.33054,,,,,,,,,,,,,,,,,,,,,,,,,,,,,,,,,,,,,,,,,,,,,,,,,,,High,High,High,,,,,,v3
139,2/7/2023,5,6,1000051799,Left,T_A,1000051968,Left,T_B,5,Top,1,3,2,3-2,Fastball,Sinker,BallCalled,Walk,Undefined,,Undefined,0,0,88.97338,-1.987293,3.72189,2132.317857,134.642238,10:30,4.76698,-2.03888,5.78517,-22.03895,13.4502,-12.4841,1.07688,0.3883,81.53274,-6.102623,1.491023,0.428765,,,,,,,,,,,,7.39744,7.74205,1.73944,50,4.58959,-7.86226,-128.96094,-5.20401,12.48624,26.24582,-19.10611,87.90937,,7.44064,,,,1000055344,Right,54.71429,-129.91684,13.12291,4.76645,-4.50815,-9.55305,2.03407,-8.31702,6.24312,,,,,,,,,,,,,,,,,,,,,,,,,,,,,,,,,,,,,,,,,,,,,,,,,,,High,High,High,,,,,,v3
140,2/7/2023,6,1,1000051799,Left,T_A,1000049656,Right,T_B,5,Top,1,0,0,0-0,Fastball,Sinker,InPlay,Undefined,GroundBall,GroundBall,FieldersChoice,1,0,89.01576,-0.630548,3.959424,2057.663195,135.995371,10:30,4.91158,-2.15316,5.85777,-23.95509,11.47288,-9.98784,2.32807,0.699,81.29196,-5.105849,2.173836,0.428395,69.77484,-8.794356,-31.199052,,,,,15.19216,15.19216,-26.948281,0.134992,6.23536,6.3813,1.83736,50,4.84634,-8.51348,-129.03538,-2.21134,10.50766,26.97189,-21.42048,87.98518,2.13299,7.7238,2.02999,2.13299,-0.15635,1000055344,Right,54.64145,-130.00195,13.48595,4.91183,-1.44371,-10.71024,2.14919,-8.89004,5.25383,225.752825,2.03008,86.49738,-9.00327,,,,,,,2.13269,-15.61656,-1.33314,,,,,,,-0.15692,-52.33204,18.49301,,,,,,,,,,,,,,,,,,,,,,,,,,,,,High,High,High,Low,Low,,,,v3
141,2/7/2023,1,1,1000051622,Right,T_B,1000187798,Right,T_A,5,Bottom,0,0,0,0-0,Fastball,Four-Seam,StrikeCalled,Undefined,Undefined,,Undefined,0,0,94.25327,-2.472199,-3.312384,2336.247616,211.495757,1:00,5.50512,1.12448,5.38129,-11.35083,21.29237,12.30414,2.23647,-0.95865,84.75131,-4.689725,-1.130257,0.411214,,,,,,,,,,,,-7.18618,11.78249,-0.8367,50,5.27599,7.2852,-136.26675,-6.19345,-13.32285,33.85403,-10.32985,91.66135,,9.50196,,,,1000103236,Right,55.11421,-137.53146,16.92701,5.50015,-5.80755,-5.16493,-1.11815,7.78291,-6.66143,,,,,,,,,,,,,,,,,,,,,,,,,,,,,,,,,,,,,,,,,,,,,,,,,,,High,High,High,,,,,,v3
142,2/7/2023,1,2,1000051622,Right,T_B,1000187798,Right,T_A,5,Bottom,0,0,1,0-1,Slider,Slider,StrikeSwinging,Undefined,Undefined,,Undefined,0,0,81.91645,-1.086674,-2.650732,2721.105375,54.458271,7:45,5.33969,1.20307,4.72567,-47.75975,-3.94091,-7.50485,0.32741,-1.93925,75.22796,-9.629195,-3.9697,0.476433,,,,,,,,,,,,2.92551,-1.25835,-0.9283,50,5.18711,5.81908,-118.6487,-4.10506,4.14323,24.07898,-33.95618,79.1138,,6.6885,,,,1000103236,Right,55.77479,-119.81493,12.03949,5.3461,-2.46045,-16.97809,-1.20528,5.61841,2.07161,,,,,,,,,,,,,,,,,,,,,,,,,,,,,,,,,,,,,,,,,,,,,,,,,,,High,High,High,,,,,,v3
143,2/7/2023,1,3,1000051622,Right,T_B,1000187798,Right,T_A,5,Bottom,0,0,2,0-2,Slider,Curveball,StrikeSwinging,Strikeout,Undefined,,Undefined,0,0,82.94144,-0.580103,-1.963597,2625.794765,31.296905,7:00,5.3715,1.24842,4.87092,-48.93007,-6.69929,-4.86359,0.7447,-1.01576,76.46381,-9.349769,-2.821669,0.46772,,,,,,,,,,,,1.8628,-2.81103,-1.05082,50,5.27241,4.33603,-120.31794,-3.12581,2.72758,23.58989,-36.29007,80.58766,,6.47763,,,,1000103236,Right,55.63047,-121.41685,11.79494,5.37865,-1.43528,-18.14503,-1.24986,4.20897,1.36379,,,,,,,,,,,,,,,,,,,,,,,,,,,,,,,,,,,,,,,,,,,,,,,,,,,High,High,High,,,,,,v3
144,2/7/2023,2,1,1000051622,Right,T_B,1000094105,Right,T_A,5,Bottom,1,0,0,0-0,Slider,Slider,BallCalled,Undefined,Undefined,,Undefined,0,0,85.46675,-1.724932,-3.491095,2481.184196,124.515915,10:15,5.40537,1.16914,5.29099,-34.08896,5.28044,-5.85051,0.94146,-2.60051,78.42564,-7.925958,-4.52697,0.451597,,,,,,,,,,,,1.92516,3.53689,-0.84657,50,5.22333,7.805,-123.74886,-4.98371,2.97801,25.25693,-26.70286,83.46481,,7.0411,,,,1000103236,Right,55.20659,-124.807,12.62846,5.40869,-3.865,-13.35143,-1.17095,7.68023,1.489,,,,,,,,,,,,,,,,,,,,,,,,,,,,,,,,,,,,,,,,,,,,,,,,,,,High,High,High,,,,,,v3
145,2/7/2023,2,2,1000051622,Right,T_B,1000094105,Right,T_A,5,Bottom,1,1,0,1-0,Fastball,Four-Seam,StrikeCalled,Undefined,Undefined,,Undefined,0,0,94.14246,-1.611481,-3.10762,2387.821804,208.417807,1:00,5.48026,1.16007,5.26413,-10.04394,22.7484,11.66087,3.12675,-0.79048,84.65297,-3.596366,-1.043674,0.412152,,,,,,,,,,,,-6.7741,12.18253,-0.8843,50,5.32585,6.81893,-136.19284,-4.08088,-12.55628,33.57497,-9.59281,91.45274,,9.48949,,,,1000103236,Right,55.23159,-137.47651,16.78749,5.47487,-3.71412,-4.79641,-1.15419,7.29899,-6.27814,,,,,,,,,,,,,,,,,,,,,,,,,,,,,,,,,,,,,,,,,,,,,,,,,,,High,High,High,,,,,,v3
146,2/7/2023,2,3,1000051622,Right,T_B,1000094105,Right,T_A,5,Bottom,1,1,1,1-1,Fastball,Four-Seam,StrikeCalled,Undefined,Undefined,,Undefined,0,0,94.84051,-3.110125,-3.436659,2422.235397,212.972907,1:00,5.45133,0.98903,5.33393,-10.33477,22.00277,13.49024,1.66398,-1.115,85.27966,-5.142864,-1.046704,0.409284,,,,,,,,,,,,-7.81453,12.32694,-0.68836,50,5.16296,7.56422,-137.0239,-7.71854,-14.649,34.23485,-9.06609,92.09359,,9.56085,,,,1000103236,Right,55.16204,-138.3076,17.11743,5.44601,-7.37859,-4.53304,-0.98229,8.11351,-7.3245,,,,,,,,,,,,,,,,,,,,,,,,,,,,,,,,,,,,,,,,,,,,,,,,,,,High,High,High,,,,,,v3
147,2/7/2023,2,4,1000051622,Right,T_B,1000094105,Right,T_A,5,Bottom,1,1,2,1-2,Fastball,Four-Seam,StrikeCalled,Strikeout,Undefined,,Undefined,0,0,94.75401,-2.09714,-3.51434,2409.749774,216.601744,1:15,5.43925,0.90811,5.21946,-9.88823,22.77411,15.9743,2.63886,-1.0691,84.67124,-4.064383,-0.690339,0.411334,,,,,,,,,,,,-9.07512,12.36386,-0.59573,50,5.23868,7.60236,-136.8865,-5.2535,-16.88781,35.63972,-9.16625,91.63457,,10.08277,,,,1000103236,Right,55.27551,-138.25321,17.81986,5.4334,-4.90199,-4.58313,-0.89969,8.24997,-8.44391,,,,,,,,,,,,,,,,,,,,,,,,,,,,,74.57945,,,0.919019,,,,2.15801,4.1679,2.49029,72.09267,5.10684,-52.69048,2.21117,81.49963,-5.91091,4.25131,14.68416,-14.91575,2.34032,-68.86083,9.68754,High,High,High,,,High,High,High,v3
148,2/7/2023,3,1,1000051622,Right,T_B,1000194300,Left,T_A,5,Bottom,2,0,0,0-0,Slider,Slider,StrikeCalled,Undefined,Undefined,,Undefined,0,0,85.93299,0.499134,-2.287898,2560.554661,83.586411,8:45,5.42897,1.26085,5.13095,-38.46226,0.925,-3.84681,2.69423,-1.21552,77.92782,-6.514603,-2.968076,0.451699,,,,,,,,,,,,1.19244,0.74429,-1.04302,50,5.44639,5.14777,-124.46132,-0.39684,1.85011,27.51371,-31.01927,83.44588,,8.00518,,,,1000103236,Right,55.36547,-125.64183,13.75686,5.43487,0.93407,-15.50963,-1.26218,5.06839,0.92506,,,,,,,,,,,,,,,,,,,,,,,,,,,,,,,,,,,,,,,,,,,,,,,,,,,High,High,High,,,,,,v3
149,2/7/2023,3,2,1000051622,Right,T_B,1000194300,Left,T_A,5,Bottom,2,0,1,0-1,Fastball,Four-Seam,FoulBall,Undefined,Undefined,,Undefined,0,0,94.65606,-2.638737,-2.913615,2291.184968,212.562518,1:00,5.5137,0.96571,5.40898,-8.08311,24.376,14.76729,2.3629,-0.53584,84.69236,-4.287724,-0.291828,0.410053,75.39419,38.808887,-115.926147,3183.159183,,,,,50.15517,,,-8.39276,13.47863,-0.71702,50,5.27365,6.25235,-136.85387,-6.46174,-15.60899,35.65129,-7.10631,91.92094,36.122,9.96369,0.90386,2.39834,0.47473,1000103236,Right,55.08764,-138.17288,17.82565,5.50785,-6.19883,-3.55315,-0.95902,6.82984,-7.8045,48.353556,0.90386,-37.67325,-5.38664,2.40826,-0.47281,-0.80892,2.2285,-2.69625,1.30258,2.39834,69.30193,-26.2529,3.06621,-0.54897,-0.21937,0.73648,-0.89256,0.42894,0.47473,-77.49487,11.49146,-1.9755,0.26926,0.31951,-0.82617,0.98674,-0.47309,,,,,,,,,,,,,,,,,,,,,,,High,High,High,High,Low,,,,v3
150,2/7/2023,3,3,1000051622,Right,T_B,1000194300,Left,T_A,5,Bottom,2,0,2,0-2,Slider,Slider,BallCalled,Undefined,Undefined,,Undefined,0,0,81.89498,1.38116,-2.503073,2495.337128,46.809239,7:30,5.43303,1.1843,4.63457,-46.51109,-2.52673,-4.22847,2.87131,-1.54858,74.67343,-6.988298,-3.24356,0.477332,,,,,,,,,,,,1.32209,-1.17764,-0.92352,50,5.53219,5.37472,-118.56553,1.02254,1.87207,23.78706,-33.84154,78.96483,,7.22155,,,,1000103236,Right,55.8636,-119.73613,11.89353,5.44089,2.68793,-16.92077,-1.18575,5.2826,0.93603,,,,,,,,,,,,,,,,,,,,,,,,,,,,,,,,,,,,,,,,,,,,,,,,,,,High,High,High,,,,,,v3
151,2/7/2023,3,4,1000051622,Right,T_B,1000194300,Left,T_A,5,Bottom,2,1,2,1-2,Slider,Slider,StrikeCalled,Strikeout,Undefined,,Undefined,0,0,82.95595,1.048839,-0.217425,2670.478912,38.955857,7:15,5.43658,1.24322,4.55735,-49.35074,-6.86945,-6.57599,2.3224,0.48828,76.45527,-7.775259,-1.370711,0.469105,,,,,,,,,,,,3.14154,-3.22158,-1.21412,50,5.49876,0.75791,-120.3913,0.1832,4.63062,22.43106,-36.92262,80.34966,,6.50069,,,,1000103236,Right,55.94365,-121.49366,11.21553,5.44517,1.99775,-18.46131,-1.24578,0.53034,2.31531,,,,,,,,,,,,,,,,,,,,,,,,,,,,,56.83369,,,1.156299,,,,4.36128,4.41553,-4.56295,70.56536,5.17481,-54.22117,4.36851,61.11115,-3.33899,4.5481,18.85445,-15.8019,-4.72238,-51.29132,7.29916,High,High,High,,,High,Medium,High,v3
152,2/7/2023,1,1,1000051799,Left,T_A,1000069979,Right,T_B,6,Top,0,0,0,0-0,Fastball,Changeup,FoulBall,Undefined,Undefined,,Undefined,0,0,85.65161,0.038653,2.559674,1944.035094,131.938391,10:30,5.01121,-2.01716,5.67443,-26.8019,11.68863,-11.62812,2.8138,-0.59825,78.11547,-4.954914,0.483199,0.446528,76.09456,52.852891,124.002471,4070.117946,,,,,31.71338,,,6.68367,6.28827,1.80883,50,4.99769,-5.08098,-124.29027,-0.79644,10.42929,25.48534,-22.36173,84.41236,38.6428,7.53614,1.4524,2.94101,0.61779,1000055344,Right,54.82514,-125.27574,12.74267,5.01177,0.06825,-11.18087,2.01309,-5.48426,5.21465,,1.46506,-38.04653,-3.33527,,,,,,,2.96254,88.35783,-29.48514,,,,,,,0.61903,55.83868,-4.62455,,,,,,,,,,,,,,,,,,,,,,,,,,,,,High,High,High,Medium,Low,,,,v3
153,2/7/2023,1,2,1000051799,Left,T_A,1000069979,Right,T_B,6,Top,0,0,1,0-1,Slider,Curveball,FoulBall,Undefined,Undefined,GroundBall,Undefined,0,0,74.57683,1.559175,1.641646,2154.554399,306.935056,4:15,4.91118,-2.13408,5.17079,-58.06767,-5.54961,9.88855,1.54047,0.23529,67.60967,-8.990179,3.393698,0.521586,73.5356,-9.841676,-60.859565,,,,,12.04891,11.66007,-43.620908,0.093329,-4.42921,-2.86197,1.97307,50,5.0118,-3.47203,-108.03004,1.00815,-5.13514,22.14296,-35.49219,72.26509,1.75884,6.96716,3.99633,1.75884,0.29989,1000055344,Right,55.32941,-109.11694,11.07148,4.91955,2.75031,-17.74609,2.13732,-3.21997,-2.56757,115.289751,3.9964,51.73556,-11.75938,,,,,,,1.7588,-18.4299,-4.44892,,,,,,,0.29987,-92.81223,5.72111,,,,,,,,,,,,,,,,,,,,,,,,,,,,,High,High,High,Low,Low,,,,v3
154,2/7/2023,1,3,1000051799,Left,T_A,1000069979,Right,T_B,6,Top,0,0,2,0-2,Slider,Curveball,FoulBall,Undefined,Undefined,,Undefined,0,0,75.13931,2.208225,1.15951,2235.763296,310.910492,4:15,5.04798,-2.11044,5.36923,-63.24389,-11.60083,15.60434,1.84955,0.27723,67.79362,-9.309533,3.935451,0.517223,,,,,,,,,,,,-7.46028,-6.12985,1.99479,50,5.201,-2.79669,-108.83817,2.09205,-8.72161,23.61819,-39.3403,72.87471,,7.34569,,,,1000055344,Right,55.13175,-109.94613,11.80909,5.05957,3.93756,-19.67015,2.11639,-2.38754,-4.36081,,,,,,,,,,,,,,,,,,,,,,,,,,,,,,,,,,,,,,,,,,,,,,,,,,,High,High,High,,,,,,v3
155,2/7/2023,1,4,1000051799,Left,T_A,1000069979,Right,T_B,6,Top,0,0,2,0-2,Slider,Slider,InPlay,Undefined,LineDrive,LineDrive,Out,2,0,78.6834,0.909239,1.768827,2445.074098,279.042931,3:15,4.78191,-2.0231,5.18632,-46.79652,-0.46752,11.8304,1.73809,0.6274,72.38518,-7.580408,3.8638,0.489889,104.08055,17.860784,-15.562057,1201.1859,104.05048,26.74912,-35.68509,272.36281,269.3968,-23.114752,2.641178,-5.46351,-0.13039,1.84925,50,4.83051,-3.99453,-114.19879,0.18594,-7.21206,21.10885,-32.34617,76.94075,29.2628,6.29823,2.48967,1.92215,-0.56374,1000055344,Right,55.31486,-115.17701,10.55442,4.78716,1.68492,-16.17308,2.02662,-3.66031,-3.60603,103.367966,2.48969,139.96705,-28.45996,6.9094,-1.56639,0.29255,-0.04612,0.00496,-0.00026,1.92215,46.81913,-22.39177,2.29177,-0.30965,0.02719,0.00031,-1.00E-05,-5.00E-05,-0.56373,-38.98055,-5.61765,4.15424,-1.53157,0.42831,-0.08939,0.01201,-0.00072,,,,,,,,,,,,,,,,,,,,,,,High,High,High,High,High,,,,v3
156,2/7/2023,2,1,1000051799,Left,T_A,1000102964,Right,T_B,6,Top,2,0,0,0-0,Slider,Changeup,BallCalled,Undefined,Undefined,,Undefined,0,0,80.62854,-0.221752,4.352185,1543.33293,84.68041,8:45,4.87493,-2.0506,5.94635,-43.71274,-0.47032,-20.50977,1.02593,0.28483,73.66573,-8.272341,0.672964,0.473289,,,,,,,,,,,,11.87036,0.20425,1.71537,50,4.83249,-8.12713,-116.86196,-1.84899,16.31683,23.25676,-31.89331,79.63938,,6.96281,,,,1000055344,Right,54.55525,-117.76501,11.62838,4.88024,-0.61058,-15.94665,2.04324,-8.76071,8.15842,,,,,,,,,,,,,,,,,,,,,,,,,,,,,,,,,,,,,,,,,,,,,,,,,,,High,High,High,,,,,,v3
157,2/7/2023,2,2,1000051799,Left,T_A,1000102964,Right,T_B,6,Top,2,1,0,1-0,ChangeUp,Changeup,StrikeSwinging,Undefined,Undefined,,Undefined,0,0,81.00715,0.579357,3.646069,1484.859585,85.149488,8:45,4.82795,-2.11734,6.02768,-42.89128,-0.18772,-19.07048,1.79134,-0.32531,73.80342,-7.352518,0.21814,0.470331,,,,,,,,,,,,10.89902,0.15417,1.84219,50,4.85018,-6.76355,-117.48579,-0.17477,15.12195,23.77972,-31.96016,80.14026,,7.20373,,,,1000055344,Right,54.47276,-118.38764,11.88986,4.83383,1.03732,-15.98008,2.10958,-7.33705,7.56098,,,,,,,,,,,,,,,,,,,,,,,,,,,,,,,,,,,,,,,,,,,,,,,,,,,High,High,High,,,,,,v3
158,2/7/2023,2,3,1000051799,Left,T_A,1000102964,Right,T_B,6,Top,2,1,1,1-1,ChangeUp,Changeup,BallCalled,Undefined,Undefined,,Undefined,0,0,80.55605,-0.548783,4.447218,1540.855489,91.968896,9:00,4.70135,-1.91751,5.84651,-41.42833,2.04496,-17.5869,0.73746,0.75792,73.65014,-8.172752,1.300212,0.474551,,,,,,,,,,,,10.32127,1.6091,1.56563,50,4.63219,-8.40795,-116.70206,-2.45321,14.16665,22.9338,-29.96547,79.4276,,6.90591,,,,1000055344,Right,54.65407,-117.6131,11.4669,4.706,-1.26284,-14.98273,1.91081,-8.97072,7.08333,,,,,,,,,,,,,,,,,,,,,,,,,,,,,,,,,,,,,,,,,,,,,,,,,,,High,High,High,,,,,,v3
159,2/7/2023,2,4,1000051799,Left,T_A,1000102964,Right,T_B,6,Top,2,2,1,2-1,Fastball,Four-Seam,StrikeSwinging,Undefined,Undefined,,Undefined,0,0,87.45951,0.208456,2.87375,2180.448403,145.011981,10:45,4.90988,-2.22696,6.04431,-23.53281,12.92292,-8.21752,3.14205,-0.24894,79.62749,-4.225299,1.397283,0.434564,,,,,,,,,,,,5.03638,6.94536,2.00723,50,4.91346,-6.03191,-126.90176,-0.26066,8.18831,26.69267,-20.88201,86.73613,,7.83203,,,,1000055344,Right,54.45298,-127.83498,13.34634,4.90981,0.46941,-10.44101,2.22312,-6.31819,4.09416,,,,,,,,,,,,,,,,,,,,,,,,,,,,,,,,,,,,,,,,,,,,,,,,,,,High,High,High,,,,,,v3
160,2/7/2023,2,5,1000051799,Left,T_A,1000102964,Right,T_B,6,Top,2,2,2,2-2,ChangeUp,Changeup,BallCalled,Undefined,Undefined,,Undefined,0,0,81.40831,-0.843155,2.215778,1544.730899,82.292111,8:45,4.70462,-2.12448,5.72849,-43.924,-0.50236,-16.04977,0.25839,-1.3973,73.27039,-8.935768,-0.661526,0.474269,,,,,,,,,,,,8.96119,0.50102,1.94971,50,4.60745,-3.92466,-117.92781,-3.20415,12.30075,27.70243,-31.4863,79.47484,,8.13793,,,,1000055344,Right,54.76938,-119.04291,13.85122,4.71092,-1.93673,-15.74315,2.11766,-4.4198,6.15038,,,,,,,,,,,,,,,,,,,,,,,,,,,,,,,,,,,,,,,,,,,,,,,,,,,High,High,High,,,,,,v3
161,2/7/2023,2,6,1000051799,Left,T_A,1000102964,Right,T_B,6,Top,2,3,2,3-2,Slider,Slider,BallCalled,Walk,Undefined,,Undefined,0,0,79.57873,2.25791,-1.157717,2336.684177,268.303978,3:00,4.76696,-2.12681,5.38448,-43.35502,1.67752,8.85697,3.272,-2.47405,72.70069,-5.682459,0.416496,0.482986,,,,,,,,,,,,-4.74685,0.66925,2.22395,50,4.93853,1.97184,-115.43279,3.06027,-6.40162,21.58552,-31.27147,78.0404,,6.87804,,,,1000055344,Right,55.11398,-116.38515,10.79276,4.77307,4.43999,-15.63574,2.13072,2.25428,-3.20081,,,,,,,,,,,,,,,,,,,,,,,,,,,,,,,,,,,,,,,,,,,,,,,,,,,High,High,High,,,,,,v3
162,2/7/2023,3,1,1000051799,Left,T_A,1000051953,Right,T_B,6,Top,2,0,0,0-0,ChangeUp,Changeup,BallCalled,Undefined,Undefined,,Undefined,0,0,81.21442,-1.073591,5.310682,1525.621828,77.952204,8:30,4.714,-1.9858,6.03339,-44.95806,-2.39504,-17.79052,-0.03107,1.46355,74.43148,-9.32779,2.119264,0.469556,,,,,,,,,,,,10.73819,-0.52457,1.57966,50,4.60544,-10.26258,-117.55131,-3.65174,14.9549,23.25938,-32.90462,80.27247,,6.78294,,,,1000055344,Right,54.46807,-118.43208,11.62969,4.72013,-2.40572,-16.45231,1.979,-10.82888,7.47745,,,,,,,,,,,,,,,,,,,,,,,,,,,,,,,,,,,,,,,,,,,,,,,,,,,High,High,High,,,,,,v3
163,2/7/2023,3,2,1000051799,Left,T_A,1000051953,Right,T_B,6,Top,2,1,0,1-0,ChangeUp,Changeup,InPlay,Undefined,GroundBall,GroundBall,FieldersChoice,1,0,81.64085,0.162644,3.835671,1641.492849,97.353588,9:15,4.71844,-2.17588,6.21144,-37.66919,3.97799,-20.22021,1.72979,-0.31563,74.51293,-6.846555,0.190171,0.464477,93.82882,-4.686146,-10.897423,,,,,20.11104,15.12759,-8.650496,0.131793,11.6454,2.39473,1.898,50,4.71178,-7.20089,-118.4501,-0.80488,16.46755,23.61301,-28.78768,81.1503,1.74523,7.12792,2.41828,1.74523,0.42213,1000055344,Right,54.28951,-119.30215,11.80651,4.72208,0.2339,-14.39384,2.16856,-7.79511,8.23378,82.613542,2.41852,134.65811,-16.32385,,,,,,,1.74534,-11.25472,-15.09364,,,,,,,0.42219,-25.93568,-1.66592,,,,,,,,,,,,,,,,,,,,,,,,,,,,,High,High,High,Low,Low,,,,v3
