PitchNo,Date,PAofInning,PitchofPA,PitcherId,PitcherThrows,PitcherTeam,BatterId,BatterSide,BatterTeam,Inning,Top/Bottom,Outs,Balls,Strikes,Count,TaggedPitchType,AutoPitchType,PitchCall,KorBB,TaggedHitType,AutoHitType,PlayResult,OutsOnPlay,RunsScored,RelSpeed,VertRelAngle,HorzRelAngle,SpinRate,SpinAxis,Tilt,RelHeight,RelSide,Extension,VertBreak,InducedVertBreak,HorzBreak,PlateLocHeight,PlateLocSide,ZoneSpeed,VertApprAngle,HorzApprAngle,ZoneTime,ExitSpeed,Angle,Direction,HitSpinRate,PositionAt110X,PositionAt110Y,PositionAt110Z,Distance,LastTrackedDistance,Bearing,HangTime,pfxx,pfxz,x0,y0,z0,vx0,vy0,vz0,ax0,ay0,az0,EffectiveVelo,MaxHeight,SpeedDrop,ContactPositionX,ContactPositionY,ContactPositionZ,CatcherId,CatcherThrows,PitchTrajectoryXc0,PitchTrajectoryXc1,PitchTrajectoryXc2,PitchTrajectoryYc0,PitchTrajectoryYc1,PitchTrajectoryYc2,PitchTrajectoryZc0,PitchTrajectoryZc1,PitchTrajectoryZc2,HitSpinAxis,HitTrajectoryXc0,HitTrajectoryXc1,HitTrajectoryXc2,HitTrajectoryXc3,HitTrajectoryXc4,HitTrajectoryXc5,HitTrajectoryXc6,HitTrajectoryXc7,HitTrajectoryXc8,HitTrajectoryYc0,HitTrajectoryYc1,HitTrajectoryYc2,HitTrajectoryYc3,HitTrajectoryYc4,HitTrajectoryYc5,HitTrajectoryYc6,HitTrajectoryYc7,HitTrajectoryYc8,HitTrajectoryZc0,HitTrajectoryZc1,HitTrajectoryZc2,HitTrajectoryZc3,HitTrajectoryZc4,HitTrajectoryZc5,HitTrajectoryZc6,HitTrajectoryZc7,HitTrajectoryZc8,ThrowSpeed,PopTime,ExchangeTime,TimeToBase,CatchPositionX,CatchPositionY,CatchPositionZ,ThrowPositionX,ThrowPositionY,ThrowPositionZ,BasePositionX,BasePositionY,BasePositionZ,ThrowTrajectoryXc0,ThrowTrajectoryXc1,ThrowTrajectoryXc2,ThrowTrajectoryYc0,ThrowTrajectoryYc1,ThrowTrajectoryYc2,ThrowTrajectoryZc0,ThrowTrajectoryZc1,ThrowTrajectoryZc2,PitchReleaseConfidence,PitchLocationConfidence,PitchMovementConfidence,HitLaunchConfidence,HitLandingConfidence,CatcherThrowCatchConfidence,CatcherThrowReleaseConfidence,CatcherThrowLocationConfidence,System
1,2/9/2023,1,1,1000036206,Right,T_A,1000102964,Right,T_B,1,Top,0,0,0,0-0,Slider,Slider,InPlay,Undefined,FlyBall,LineDrive,Out,1,0,80.06796,0.361239,-0.53832,2456.2509,66.414081,8:15,5.28821,0.62339,4.76956,-49.01066,-3.06835,-10.65749,1.54649,-0.77511,72.86454,-8.476788,-2.414979,0.48784,80.05394,24.266298,0.082854,2613.300708,109.94985,39.89941,3.32066,272.57937,269.32485,3.745095,3.775439,5.09524,-1.21228,-0.55949,50,5.28124,1.54684,-116.03454,-1.11552,6.86087,24.21574,-33.80643,77.26387,44.92603,7.20342,2.07823,1.67877,0.75765,1000079507,Right,55.72995,-117.22425,12.10787,5.29524,0.54537,-16.90321,-0.62721,1.20977,3.43043,191.483887,2.07774,107.05223,-18.06523,4.2189,-0.99975,0.2636,-0.06115,0.0088,-0.00053,1.67928,48.23955,-13.84851,0.03416,0.24706,-0.13377,0.03873,-0.00549,0.00029,0.75773,0.15226,2.07491,-0.43298,0.10178,-0.03057,0.00801,-0.00122,8.00E-05,,,,,,,,,,,,,,,,,,,,,,,High,High,High,High,High,,,,v3
2,2/9/2023,2,1,1000036206,Right,T_A,8886045,Left,T_B,1,Top,1,0,0,0-0,Fastball,Sinker,InPlay,Undefined,Bunt,,Single,0,0,90.32077,-1.760704,-1.295945,2263.744995,241.199814,2:00,5.26961,0.66013,5.45703,-23.97257,11.20016,18.14237,1.6228,0.95868,81.89977,-6.215115,1.936258,0.426849,,,,,,,,,,,,-9.65217,6.5428,-0.55916,50,5.09818,2.16222,-130.96974,-4.87824,-16.57056,30.65711,-20.94158,88.30388,,8.421,,,,1000079507,Right,55.04281,-132.14488,15.32855,5.26978,-4.07552,-10.47079,-0.65422,2.7974,-8.28528,,,,,,,,,,,,,,,,,,,,,,,,,,,,,,,,,,,,,,,,,,,,,,,,,,,High,High,High,,,,,,v3
3,2/9/2023,3,1,1000036206,Right,T_A,1000103136,Right,T_B,1,Top,1,0,0,0-0,Slider,Slider,StrikeCalled,Undefined,Undefined,,Undefined,0,0,77.58958,1.328397,-0.476987,2426.52694,72.876663,8:30,5.33839,0.80936,4.63602,-51.60404,-2.67103,-13.89107,2.30084,-0.80157,70.88458,-7.954879,-2.9152,0.503469,,,,,,,,,,,,6.63075,-1.20323,-0.74704,50,5.42729,1.53003,-112.45537,0.67864,8.4368,21.61008,-33.70501,74.86551,,6.705,,,,1000079507,Right,55.86337,-113.57652,10.80504,5.34672,2.42728,-16.8525,-0.81506,1.09232,4.2184,,,,,,,,,,,,,,,,,,,,,,,,,,,,,,,,,,,,,,,,,,,,,,,,,,,High,High,High,,,,,,v3
4,2/9/2023,3,2,1000036206,Right,T_A,1000103136,Right,T_B,1,Top,1,0,1,0-1,Fastball,Sinker,StrikeSwinging,Undefined,Undefined,,Undefined,0,0,87.28663,-1.063242,-3.382238,2210.779764,244.495056,2:15,5.29578,0.70927,5.15766,-27.74671,10.59898,19.25804,1.98087,-0.8733,78.65534,-6.195123,0.023279,0.445687,,,,,,,,,,,,-10.61749,6.02579,-0.40845,50,5.1756,6.57207,-126.2536,-3.35838,-16.88774,29.20121,-22.58966,84.57159,,8.6313,,,,1000079507,Right,55.33891,-127.48245,14.60061,5.29693,-2.40775,-11.29483,-0.69998,7.28274,-8.44387,,,,,,,,,,,,,,,,,,,,,,,,,,,,,,,,,,,,,,,,,,,,,,,,,,,High,High,High,,,,,,v3
5,2/9/2023,3,3,1000036206,Right,T_A,1000103136,Right,T_B,1,Top,1,0,2,0-2,Fastball,Sinker,BallCalled,Undefined,Undefined,,Undefined,0,0,88.739,-0.17886,-4.006935,2195.296256,244.328371,2:15,5.23259,0.64996,5.34941,-26.04328,10.66583,19.48332,2.89414,-1.49088,80.12322,-5.017245,-0.554619,0.436072,,,,,,,,,,,,-10.9465,5.77941,-0.303,50,5.19822,8.09922,-128.39474,-1.33561,-18.0855,29.12995,-22.62548,86.43623,,8.61577,,,,1000079507,Right,55.14797,-129.55744,14.56498,5.23351,-0.43254,-11.31274,-0.64068,8.82109,-9.04275,,,,,,,,,,,,,,,,,,,,,,,,,,,,,,,,,,,,,,,,,,,,,,,,,,,High,High,High,,,,,,v3
6,2/9/2023,3,4,1000036206,Right,T_A,1000103136,Right,T_B,1,Top,1,1,2,1-2,ChangeUp,Changeup,InPlay,Undefined,FlyBall,FlyBall,Out,1,0,83.75674,-0.805794,-3.579182,1880.36741,253.155885,2:30,5.02169,0.83256,5.4319,-33.94045,6.96386,18.37836,1.43716,-0.99222,76.19029,-7.051697,-0.312353,0.460316,72.59416,25.515604,19.78093,3911.740043,100.53931,36.06759,44.62949,226.75082,220.14615,28.650518,3.324727,-10.36567,4.13733,-0.52852,50,4.92676,6.82333,-121.32415,-2.88629,-15.33427,25.39843,-26.05358,81.88386,36.9748,7.56644,2.14508,1.52059,0.98006,1000079507,Right,55.06766,-122.38044,12.69922,5.02427,-1.80276,-13.02679,-0.82555,7.46106,-7.66713,216.532333,2.14496,90.42117,-16.11962,3.45773,-0.76365,0.18387,-0.03994,0.00533,-0.00027,1.52071,45.85811,-15.90137,0.74824,0.03105,-0.08467,0.03091,-0.00433,0.00017,0.98008,32.51675,0.38436,-0.3213,0.17013,-0.08268,0.02685,-0.00482,0.00036,,,,,,,,,,,,,,,,,,,,,,,High,High,High,High,High,,,,v3
7,2/9/2023,4,1,1000036206,Right,T_A,1000051953,Right,T_B,1,Top,2,0,0,0-0,ChangeUp,Changeup,InPlay,Undefined,GroundBall,GroundBall,Error,0,0,81.88869,-0.716145,-2.214155,1890.975124,253.342846,2:30,5.03587,0.86286,5.37673,-35.76738,6.94788,18.45887,1.38335,0.32435,74.73298,-7.282684,1.069465,0.470395,81.89388,-13.8421,-46.39659,,,,,8.8164,8.8164,-33.025663,0.053908,-10.02091,4.08355,-0.67842,50,4.9464,3.84649,-118.78206,-2.70797,-14.22743,24.07969,-26.37636,80.1293,1.55147,7.15571,3.04945,1.55147,-0.24558,1000079507,Right,55.12367,-119.81624,12.03985,5.03838,-1.57516,-13.18818,-0.85674,4.45753,-7.11372,180,3.04838,80.55357,,,,,,,,1.55186,-28.7802,,,,,,,,-0.24446,-84.5795,,,,,,,,,,,,,,,,,,,,,,,,,,,,,,High,High,High,Low,Low,,,,v3
8,2/9/2023,5,1,1000036206,Right,T_A,1000055244,Left,T_B,1,Top,2,0,0,0-0,ChangeUp,Changeup,StrikeSwinging,Undefined,Undefined,,Undefined,0,0,81.84218,-0.109766,-1.992325,1753.753671,262.391012,2:45,5.04265,1.06792,5.41504,-38.43065,4.53646,22.6447,1.7372,1.0878,74.20824,-7.17525,2.039492,0.47178,,,,,,,,,,,,-11.96083,2.77776,-0.90692,50,5.00643,3.17875,-118.65531,-1.55904,-16.83426,25.40969,-28.26448,79.89409,,7.63393,,,,1000079507,Right,55.08348,-119.73898,12.70485,5.04721,-0.35362,-14.13224,-1.0578,3.89669,-8.41713,,,,,,,,,,,,,,,,,,,,,,,,,,,,,,,,,,,,,,,,,,,,,,,,,,,High,High,High,,,,,,v3
9,2/9/2023,5,2,1000036206,Right,T_A,1000055244,Left,T_B,1,Top,2,0,1,0-1,ChangeUp,Changeup,FoulBall,Undefined,Undefined,GroundBall,Undefined,0,0,82.86657,-0.38121,-2.250958,1838.793447,246.091373,2:15,4.98845,1.21355,5.3796,-32.33624,9.73678,18.53485,1.93613,0.64693,74.84542,-6.368178,1.044362,0.466846,55.78975,-48.493455,80.036593,,,,,3.08324,2.63366,21.367449,0.033292,-10.09839,5.42937,-1.0259,50,4.93178,3.95054,-120.0751,-1.89367,-14.52014,26.53563,-24.36736,80.73856,2.04982,8.02115,2.55746,2.04982,-0.66321,1000079507,Right,55.11905,-121.20108,13.26782,4.99019,-0.85969,-12.18368,-1.20661,4.56668,-7.26007,,2.55722,9.42696,,,,,,,,2.05138,-61.56997,,,,,,,,-0.66458,53.66333,,,,,,,,,,,,,,,,,,,,,,,,,,,,,,High,High,High,Low,Low,,,,v3
10,2/9/2023,5,3,1000036206,Right,T_A,1000055244,Left,T_B,1,Top,2,0,2,0-2,Fastball,Sinker,StrikeSwinging,Strikeout,Undefined,,Undefined,0,0,89.60796,0.188454,-2.072494,2147.826382,251.238454,2:15,5.09487,1.08049,5.37167,-27.56281,8.31296,20.77796,2.97477,0.86804,80.97838,-4.919444,1.620192,0.431094,,,,,,,,,,,,-11.05465,4.47839,-0.9099,50,5.09255,3.74801,-129.89577,-0.58674,-18.66646,30.18118,-24.61199,87.43434,,8.62958,,,,1000079507,Right,55.12658,-131.08151,15.09059,5.09661,0.38021,-12.30599,-1.07156,4.48137,-9.33323,,,,,,,,,,,,,,,,,,,,,,,,,,,,,,,,,,,,,,,,,,,,,,,,,,,High,High,High,,,,,,v3
11,2/9/2023,1,1,1000064685,Right,T_B,1000110355,Right,T_A,1,Bottom,0,0,0,0-0,Fastball,Sinker,BallCalled,Undefined,Undefined,,Undefined,0,0,89.85413,-2.028234,-4.388714,2268.913608,239.768707,2:00,5.06173,2.83826,6.10633,-26.07206,8.65382,12.8167,1.00717,-0.16006,81.73956,-6.898015,-2.086377,0.424129,,,,,,,,,,,,-7.95737,5.41902,-2.50727,50,4.89178,9.45889,-130.0919,-5.46913,-13.53558,29.18055,-22.95623,88.87021,,8.11457,,,,1000103236,Right,54.39276,-131.07352,14.59028,5.06278,-4.69689,-11.47811,-2.83313,9.91423,-6.76779,,,,,,,,,,,,,,,,,,,,,,,,,,,,,,,,,,,,,,,,,,,,,,,,,,,High,High,High,,,,,,v3
12,2/9/2023,1,2,1000064685,Right,T_B,1000110355,Right,T_A,1,Bottom,0,1,0,1-0,Fastball,Slider,StrikeSwinging,Undefined,Undefined,,Undefined,0,0,88.01792,-1.028148,-3.691261,2243.343542,238.586318,2:00,5.03165,3.00266,6.08843,-30.82061,5.28425,6.68189,1.5101,0.14014,80.20842,-6.756131,-2.490207,0.432468,,,,,,,,,,,,-4.56091,3.37776,-2.72115,50,4.93593,7.96304,-127.59832,-3.31116,-7.46767,27.93971,-26.64356,87.15658,,7.8095,,,,1000103236,Right,54.41047,-128.56044,13.96986,5.03415,-2.39368,-13.32178,-2.99979,8.2202,-3.73384,,,,,,,,,,,,,,,,,,,,,,,,,,,,,,,,,,,,,,,,,,,,,,,,,,,High,High,High,,,,,,v3
13,2/9/2023,1,3,1000064685,Right,T_B,1000110355,Right,T_A,1,Bottom,0,1,1,1-1,Slider,Slider,StrikeSwinging,Undefined,Undefined,,Undefined,0,0,81.16662,-0.690651,-3.495886,2541.937618,82.004716,8:45,5.22579,3.03337,5.61672,-42.89203,0.46071,-7.03756,1.00565,-0.81981,74.1758,-8.526933,-4.749874,0.473892,,,,,,,,,,,,2.4948,0.8798,-2.73002,50,5.13925,7.46241,-117.57715,-2.87057,3.45747,24.37538,-30.95475,79.53798,,6.99082,,,,1000103236,Right,54.8817,-118.58487,12.18769,5.23147,-1.59084,-15.47738,-3.03557,7.31948,1.72873,,,,,,,,,,,,,,,,,,,,,,,,,,,,,,,,,,,,,,,,,,,,,,,,,,,High,High,High,,,,,,v3
14,2/9/2023,1,4,1000064685,Right,T_B,1000110355,Right,T_A,1,Bottom,0,1,2,1-2,Slider,Slider,BallCalled,Undefined,Undefined,,Undefined,0,0,82.08433,-1.18795,-4.977364,2652.091103,73.627024,8:30,5.10665,3.03359,5.57074,-43.72924,-1.04524,-8.40654,0.34854,-2.32798,75.10814,-9.129023,-6.468451,0.470223,,,,,,,,,,,,2.74189,0.18957,-2.59792,50,4.97503,10.66487,-118.66925,-3.96411,3.8634,25.22986,-31.90697,80.15862,,6.97619,,,,1000103236,Right,54.92933,-119.71267,12.61493,5.11168,-2.64455,-15.95348,-3.03568,10.5051,1.9317,,,,,,,,,,,,,,,,,,,,,,,,,,,,,,,,,,,,,,,,,,,,,,,,,,,High,High,High,,,,,,v3
15,2/9/2023,1,5,1000064685,Right,T_B,1000110355,Right,T_A,1,Bottom,0,2,2,2-2,Fastball,Sinker,FoulBall,Undefined,Undefined,,Undefined,0,0,90.35979,-1.578527,-3.338526,2274.179935,235.70583,1:45,5.25492,2.94434,6.41885,-26.2612,7.73792,9.5913,1.61253,0.67108,81.84806,-6.521362,-1.602364,0.419668,,,,,,,,,,,,-6.12138,4.8726,-2.71022,50,5.13014,7.2701,-131.0341,-4.4287,-10.49839,31.19469,-23.81738,89.815,,8.51172,,,,1000103236,Right,54.08048,-132.00195,15.59735,5.25608,-3.68974,-11.90869,-2.94083,7.59582,-5.2492,,,,,,,,,,,,,,,,,,,,,,,,,,,,,,,,,,,,,,,,,,,,,,,,,,,High,High,High,,,,,,v3
16,2/9/2023,1,6,1000064685,Right,T_B,1000110355,Right,T_A,1,Bottom,0,2,2,2-2,Slider,Slider,BallCalled,Undefined,Undefined,,Undefined,0,0,81.9362,-0.760438,-4.197242,2609.700132,74.007486,8:30,5.17544,2.84344,5.3407,-45.03424,-2.05146,-11.99564,0.70726,-2.1007,75.18642,-8.904251,-6.319462,0.471866,,,,,,,,,,,,4.7911,-0.43339,-2.45531,50,5.07425,9.19036,-118.59491,-3.17942,6.76554,24.47909,-32.78601,79.87955,,6.74978,,,,1000103236,Right,55.15957,-119.65515,12.23954,5.18121,-1.75939,-16.39301,-2.84702,8.89733,3.38277,,,,,,,,,,,,,,,,,,,,,,,,,,,,,,,,,,,,,,,,,,,,,,,,,,,High,High,High,,,,,,v3
17,2/9/2023,1,7,1000064685,Right,T_B,1000110355,Right,T_A,1,Bottom,0,3,2,3-2,Fastball,Four-Seam,BallCalled,Walk,Undefined,,Undefined,0,0,90.32041,-1.841679,-2.025959,2287.035865,204.121497,12:45,5.05591,2.98094,6.14127,-20.44312,13.68139,5.61614,1.64872,1.57592,82.23687,-5.706275,-1.01359,0.42044,,,,,,,,,,,,-3.49189,7.95205,-2.8293,50,4.90488,4.40188,-131.0645,-4.83828,-6.03982,29.15359,-18.41962,89.64991,,8.08354,,,,1000103236,Right,54.35606,-132.02989,14.57679,5.055,-4.22833,-9.20981,-2.97838,4.60189,-3.01991,,,,,,,,,,,,,,,,,,,,,,,,,,,,,,,,,,,,,,,,,,,,,,,,,,,High,High,High,,,,,,v3
18,2/9/2023,2,1,1000064685,Right,T_B,1000049656,Left,T_A,1,Bottom,0,0,0,0-0,Fastball,Four-Seam,InPlay,Undefined,GroundBall,GroundBall,FieldersChoice,1,0,90.2109,-1.696595,-4.230233,2334.577541,224.816415,1:30,5.17721,2.92931,6.23699,-21.6069,12.66158,11.41386,1.80686,-0.02886,81.90645,-5.782378,-2.175686,0.421326,96.7429,0.631789,31.671582,3896.682749,,,,48.78099,44.04833,31.791739,0.345905,-7.23985,7.42831,-2.61917,50,5.0397,9.2079,-130.68065,-4.5348,-12.41742,29.63785,-19.43338,89.46136,1.7888,8.30445,2.69882,1.75852,0.05534,1000103236,Right,54.26222,-131.64376,14.81893,5.1768,-3.9033,-9.71669,-2.92495,9.61142,-6.20871,283.155187,2.70784,120.40244,-24.2541,,,,,,,1.7634,1.37604,-18.75528,,,,,,,0.05266,74.59932,-1.29549,,,,,,,,,,,,,,,,,,,,,,,,,,,,,High,High,High,Medium,High,,,,v3
19,2/9/2023,3,1,1000064685,Right,T_B,1000187798,Right,T_A,1,Bottom,1,0,0,0-0,Slider,Slider,StrikeCalled,Undefined,Undefined,,Undefined,0,0,82.10398,1.622833,-2.930187,2603.65167,70.508369,8:15,5.29357,2.85889,5.04086,-45.57286,-2.24744,-10.46898,3.02912,-0.78008,74.60754,-6.645275,-4.774362,0.473743,,,,,,,,,,,,4.2617,-1.14461,-2.57044,50,5.41241,6.5404,-118.83666,1.65773,6.03147,24.96518,-33.79398,79.56306,,7.49644,,,,1000103236,Right,55.45707,-119.9776,12.48259,5.30136,3.20216,-16.89699,-2.86305,6.26475,3.01573,,,,,,,,,,,,,,,,,,,,,,,,,,,,,,,,,,,,,,,,,,,,,,,,,,,High,High,High,,,,,,v3
20,2/9/2023,3,2,1000064685,Right,T_B,1000187798,Right,T_A,1,Bottom,1,0,1,0-1,Slider,Slider,BallCalled,Undefined,Undefined,,Undefined,0,0,81.94772,-2.023379,-5.284622,2644.11777,68.363486,8:15,5.21554,2.92697,5.31585,-46.12754,-2.80681,-10.67886,-0.53633,-2.93686,75.25629,-10.309726,-7.169152,0.473717,,,,,,,,,,,,3.77276,-0.45646,-2.43863,50,4.99768,11.37226,-118.33258,-5.83203,5.28531,25.10627,-32.81353,79.56735,,6.69142,,,,1000103236,Right,55.18496,-119.42759,12.55314,5.22084,-4.40087,-16.40677,-2.92961,11.14174,2.64265,,,,,,,,,,,,,,,,,,,,,,,,,,,,,,,,,,,,,,,,,,,,,,,,,,,High,High,High,,,,,,v3
21,2/9/2023,3,3,1000064685,Right,T_B,1000187798,Right,T_A,1,Bottom,1,1,1,1-1,Slider,Curveball,BallCalled,Undefined,Undefined,,Undefined,0,0,81.30713,-0.716634,-3.47153,2671.452791,63.910945,8:15,5.21678,2.83093,5.28599,-48.21715,-4.56752,-12.19367,0.52445,-1.44917,74.6944,-9.418978,-5.631819,0.475512,,,,,,,,,,,,5.10323,-1.71197,-2.50485,50,5.11583,7.64014,-117.79311,-3.20371,7.11065,24.10677,-34.55946,79.26699,,6.61273,,,,1000103236,Right,55.21488,-118.85557,12.05339,5.22346,-1.68058,-17.27973,-2.83467,7.32676,3.55533,,,,,,,,,,,,,,,,,,,,,,,,,,,,,,,,,,,,,,,,,,,,,,,,,,,High,High,High,,,,,,v3
22,2/9/2023,3,4,1000064685,Right,T_B,1000187798,Right,T_A,1,Bottom,1,2,1,2-1,Fastball,Four-Seam,StrikeSwinging,Undefined,Undefined,,Undefined,0,0,89.43766,-0.82891,-3.915824,2241.651965,207.783451,1:00,5.15551,2.9164,6.17619,-18.43442,16.30599,7.99485,2.85195,-0.03935,81.466,-4.340383,-2.47856,0.424218,,,,,,,,,,,,-5.22768,8.99898,-2.6238,50,5.08318,8.54307,-129.65189,-2.40254,-8.87857,27.66822,-16.89044,88.85166,,7.97166,,,,1000103236,Right,54.32097,-130.57075,13.83411,5.15366,-1.84161,-8.44522,-2.9124,8.83793,-4.43928,,,,,,,,,,,,,,,,,,,,,,,,,,,,,,,,,,,,,,,,,,,,,,,,,,,High,High,High,,,,,,v3
23,2/9/2023,3,5,1000064685,Right,T_B,1000187798,Right,T_A,1,Bottom,1,2,2,2-2,Slider,Slider,BallCalled,Undefined,Undefined,,Undefined,0,0,82.23266,-1.897396,-5.089872,2661.178733,66.499762,8:15,5.25292,2.78933,5.26193,-45.90274,-3.05953,-10.12961,-0.36258,-2.84925,75.86002,-10.13085,-6.876783,0.471099,,,,,,,,,,,,3.63146,-0.67193,-2.31424,50,5.04419,10.99347,-118.84993,-5.59995,5.16189,24.10234,-33.12918,80.00955,,6.37263,,,,1000103236,Right,55.23949,-119.90777,12.05117,5.25806,-4.14592,-16.56459,-2.79176,10.76692,2.58094,,,,,,,,,,,,,,,,,,,,,,,,,,,,,,,,,,,,,,,,,,,,,,,,,,,High,High,High,,,,,,v3
24,2/9/2023,3,6,1000064685,Right,T_B,1000187798,Right,T_A,1,Bottom,1,3,2,3-2,Slider,Slider,StrikeCalled,Strikeout,Undefined,,Undefined,0,0,80.84327,1.871809,-1.183493,2585.641662,80.387981,8:45,5.18548,3.0664,5.44667,-43.93746,-0.26689,-9.8663,3.27752,1.136,73.75668,-6.17365,-2.938765,0.475626,,,,,,,,,,,,4.59225,-0.21594,-2.95499,50,5.32086,2.82906,-117.26816,2.29934,6.36562,23.11921,-32.47339,79.24801,,7.08659,,,,1000103236,Right,55.05168,-118.2599,11.55961,5.19235,3.69234,-16.23669,-3.07049,2.55599,3.18281,,,,,,,,,,,,,,,,,,,,,,,,,,,,,,,,,,,,,,,,,,,,,,,,,,,High,High,High,,,,,,v3
25,2/9/2023,4,1,1000064685,Right,T_B,1000079407,Left,T_A,1,Bottom,2,0,0,0-0,Fastball,Sinker,StrikeSwinging,Undefined,Undefined,,Undefined,0,0,90.36031,-1.346296,-4.437247,2328.717563,244.614114,2:15,5.16586,2.88654,6.26115,-27.81005,6.37469,10.9517,1.60306,-0.30033,82.02706,-6.547203,-2.464884,0.420812,,,,,,,,,,,,-6.99284,4.08851,-2.56199,50,5.05243,9.69533,-130.83981,-3.99342,-12.0131,29.92095,-25.15034,89.57082,,8.33325,,,,1000103236,Right,54.23593,-131.80494,14.96048,5.16816,-3.18217,-12.57517,-2.88097,10.08283,-6.00655,,,,,,,,,,,,,,,,,,,,,,,,,,,,,,,,,,,,,,,,,,,,,,,,,,,High,High,High,,,,,,v3
26,2/9/2023,4,2,1000064685,Right,T_B,1000079407,Left,T_A,1,Bottom,2,0,1,0-1,Fastball,Changeup,BallCalled,Undefined,Undefined,,Undefined,0,0,85.57999,-0.582952,-2.057148,2285.863927,254.951784,2:30,5.03163,3.05922,5.90423,-32.13573,6.63059,19.36568,1.81215,2.76262,77.14557,-6.575983,1.421632,0.448124,,,,,,,,,,,,-10.48839,4.03327,-2.90445,50,4.96683,3.64002,-124.06922,-2.32676,-16.05904,28.92174,-25.99858,84.11155,,8.43442,,,,1000103236,Right,54.59197,-125.13507,14.46087,5.03492,-1.36864,-12.99929,-3.0495,4.23185,-8.02952,,,,,,,,,,,,,,,,,,,,,,,,,,,,,,,,,,,,,,,,,,,,,,,,,,,High,High,High,,,,,,v3
27,2/9/2023,4,3,1000064685,Right,T_B,1000079407,Left,T_A,1,Bottom,2,1,1,1-1,Fastball,Changeup,BallCalled,Undefined,Undefined,,Undefined,0,0,86.74278,-2.717651,-5.139141,2214.68878,251.178226,2:15,4.94528,2.93998,6.03508,-29.38053,8.19083,20.11505,-0.03166,-0.15533,78.77617,-8.183836,-1.532246,0.441164,,,,,,,,,,,,-11.97493,5.43473,-2.54881,50,4.71632,10.4692,-125.36645,-6.9183,-18.86285,27.7662,-23.61329,85.43866,,7.96661,,,,1000103236,Right,54.46459,-126.3514,13.8831,4.94687,-6.08067,-11.80664,-2.93205,11.13832,-9.43143,,,,,,,,,,,,,,,,,,,,,,,,,,,,,,,,,,,,,,,,,,,,,,,,,,,High,High,High,,,,,,v3
28,2/9/2023,4,4,1000064685,Right,T_B,1000079407,Left,T_A,1,Bottom,2,2,1,2-1,Fastball,Sinker,FoulBall,Undefined,Undefined,,Undefined,0,0,89.81541,-1.217305,-3.582563,2161.257831,227.176704,1:30,5.11524,2.94687,6.19456,-24.45462,10.00067,9.56567,1.95116,0.43226,81.85527,-5.807546,-1.859818,0.422473,,,,,,,,,,,,-6.035,5.86811,-2.68174,50,5.01106,7.77213,-130.26375,-3.54488,-10.31941,28.60182,-22.14006,89.21849,,7.96014,,,,1000103236,Right,54.3049,-131.20557,14.30091,5.11579,-2.81584,-11.07003,-2.94326,8.11194,-5.1597,,,,,,,,,,,,,,,,,,,,,,,,,,,,,,,,,,,,,,,,,,,,,,,,,,,High,High,High,,,,,,v3
29,2/9/2023,4,5,1000064685,Right,T_B,1000079407,Left,T_A,1,Bottom,2,2,2,2-2,Slider,Slider,BallCalled,Undefined,Undefined,,Undefined,0,0,81.26655,2.04188,-0.80941,2389.949693,85.244066,8:45,5.22569,2.9362,5.52002,-42.30695,0.64795,-8.34028,3.61021,1.48435,74.29703,-5.718258,-2.295503,0.471713,,,,,,,,,,,,3.96134,0.19122,-2.86011,50,5.37533,2.00714,-117.93428,2.74166,5.57286,22.66072,-31.90501,79.90547,,6.96952,,,,1000103236,Right,54.97861,-118.88706,11.33036,5.23185,4.08311,-15.95251,-2.93958,1.77282,2.78643,,,,,,,,,,,,,,,,,,,,,,,,,,,,,,,,,,,,,,,,,,,,,,,,,,,High,High,High,,,,,,v3
30,2/9/2023,4,6,1000064685,Right,T_B,1000079407,Left,T_A,1,Bottom,2,3,2,3-2,Fastball,Four-Seam,BallCalled,Walk,Undefined,,Undefined,0,0,88.99513,0.242727,-2.161976,2240.603303,202.66674,12:45,5.28702,3.05705,6.0345,-25.65694,9.21973,3.42209,3.37387,1.3393,81.80872,-4.543486,-1.546705,0.425049,,,,,,,,,,,,-2.31819,5.00807,-2.89002,50,5.29206,4.73991,-129.3165,-0.29382,-3.95028,25.3739,-23.64011,88.6779,,7.18642,,,,1000103236,Right,54.46401,-130.18946,12.68695,5.28818,0.5195,-11.82006,-3.05542,4.87581,-1.97514,,,,,,,,,,,,,,,,,,,,,,,,,,,,,,,,,,,,,,,,,,,,,,,,,,,High,High,High,,,,,,v3
31,2/9/2023,1,1,1000036206,Right,T_A,1000094105,Right,T_B,2,Top,0,0,0,0-0,Slider,Slider,BallCalled,Undefined,Undefined,,Undefined,0,0,76.84801,1.926341,-0.306636,2399.208349,112.143381,9:45,5.49703,0.80807,4.55076,-45.34853,4.82032,-7.67685,3.55237,-0.12355,69.79007,-6.283637,-1.650587,0.509787,,,,,,,,,,,,3.62851,2.28795,-0.76854,50,5.65518,0.92581,-111.25523,2.08527,4.5149,21.31089,-29.32717,73.93767,,7.05794,,,,1000079507,Right,55.9457,-112.38836,10.65544,5.50285,3.64463,-14.66358,-0.81138,0.68574,2.25745,,,,,,,,,,,,,,,,,,,,,,,,,,,,,,,,,,,,,,,,,,,,,,,,,,,High,High,High,,,,,,v3
32,2/9/2023,1,2,1000036206,Right,T_A,1000094105,Right,T_B,2,Top,0,1,0,1-0,ChangeUp,Changeup,FoulBall,Undefined,Undefined,GroundBall,Undefined,0,0,81.26591,0.84547,-1.677194,1711.651243,265.934937,2:45,5.07282,1.05427,5.60328,-40.30624,2.87685,19.57859,2.50363,1.11967,73.74077,-6.585897,1.819827,0.472964,71.55215,-7.456374,-91.373735,,,,,9.48397,9.48397,-56.711212,0.070152,-10.59977,1.52658,-0.92431,50,5.11885,2.69525,-117.92122,0.40478,-14.74307,24.97728,-30.05077,79.69408,0.95646,7.52514,,,,1000079507,Right,54.89791,-118.95414,12.48864,5.07642,1.64751,-15.02539,-1.04838,3.30494,-7.37154,180,5.3806,-2.49747,,,,,,,,0.95664,-13.63414,,,,,,,,-0.6205,-104.14452,,,,,,,,,,,,,,,,,,,,,,,,,,,,,,High,High,High,Low,Low,,,,v3
33,2/9/2023,1,3,1000036206,Right,T_A,1000094105,Right,T_B,2,Top,0,1,1,1-1,Fastball,Changeup,BallCalled,Undefined,Undefined,,Undefined,0,0,87.18484,0.79673,-2.130283,2035.992986,246.669985,2:15,5.29816,0.79703,5.18534,-27.96592,10.09138,20.3943,3.71781,0.49143,78.95362,-4.375171,1.48041,0.444008,,,,,,,,,,,,-10.76233,5.1702,-0.61516,50,5.35139,3.76762,-126.35904,0.7382,-17.26166,27.66358,-23.88155,84.89142,,8.23121,,,,1000079507,Right,55.31259,-127.51681,13.83179,5.29958,1.73768,-11.94077,-0.78796,4.49006,-8.63083,,,,,,,,,,,,,,,,,,,,,,,,,,,,,,,,,,,,,,,,,,,,,,,,,,,High,High,High,,,,,,v3
34,2/9/2023,1,4,1000036206,Right,T_A,1000094105,Right,T_B,2,Top,0,2,1,2-1,ChangeUp,Changeup,FoulBall,Undefined,Undefined,,Undefined,0,0,81.37011,0.13513,-2.513719,1737.8481,264.847353,2:45,5.04962,0.93249,5.55211,-39.58817,3.23185,20.62907,1.87699,0.30121,74.49466,-7.130275,1.166917,0.470972,,,,,,,,,,,,-11.25788,1.9441,-0.72945,50,5.03489,4.37713,-118.11531,-1.05357,-15.86144,23.06057,-29.43495,80.03121,,6.87545,,,,1000079507,Right,54.94958,-119.07773,11.53029,5.05322,0.17489,-14.71748,-0.92594,5.0391,-7.93072,,,,,,,,,,,,,,,,,,,,,,,,,,,,,,,,,,,,,,,,,,,,,,,,,,,High,High,High,,,,,,v3
35,2/9/2023,1,5,1000036206,Right,T_A,1000094105,Right,T_B,2,Top,0,2,2,2-2,ChangeUp,Changeup,BallCalled,Undefined,Undefined,,Undefined,0,0,82.11567,-0.666507,-4.066076,1698.304386,261.821028,2:45,5.06117,0.93704,5.55341,-38.43856,4.03252,17.81174,1.23358,-1.38434,74.66171,-7.730715,-0.894578,0.469049,,,,,,,,,,,,-10.2356,2.67394,-0.59704,50,4.97813,7.72392,-118.88354,-2.69565,-14.51575,24.72093,-28.38198,80.35929,,7.45397,,,,1000079507,Right,54.94556,-119.90753,12.36046,5.06544,-1.52002,-14.19099,-0.92943,8.32519,-7.25787,,,,,,,,,,,,,,,,,,,,,,,,,,,,,80.10332,2.154733,0.897434,1.2573,1.13961,1.19587,1.38863,-1.41433,6.1419,2.95834,127.28011,2.60532,4.01257,-1.20775,114.7891,-10.02168,6.16879,11.76875,-11.6143,2.89744,-1.84497,2.17402,High,High,High,,,High,High,High,v3
36,2/9/2023,1,6,1000036206,Right,T_A,1000094105,Right,T_B,2,Top,0,3,2,3-2,Fastball,Sinker,InPlay,Undefined,GroundBall,GroundBall,Single,0,0,87.90393,-0.449634,-2.434225,2125.536041,257.3892,2:30,5.16987,0.83687,5.67133,-30.63899,6.03618,21.5117,2.19702,0.35864,80.00618,-6.118409,1.411422,0.43587,79.39073,-14.385077,-47.854714,,,,,9.38228,4.83741,-37.109891,0.067595,-11.69957,3.54339,-0.64539,50,5.1126,4.50921,-127.55641,-2.0782,-19.14394,27.91453,-26.37603,86.47626,1.95945,7.89774,2.35576,1.95945,0.00375,1000079507,Right,54.82906,-128.60887,13.95727,5.1722,-1.08375,-13.18802,-0.82901,5.23098,-9.57197,180,2.35405,75.83997,,,,,,,,1.96011,-28.98803,,,,,,,,0.00564,-83.8005,,,,,,,,,,,,,,,,,,,,,,,,,,,,,,High,High,High,Low,Low,,,,v3
37,2/9/2023,2,1,1000036206,Right,T_A,1000051968,Left,T_B,2,Top,0,0,0,0-0,ChangeUp,Changeup,StrikeSwinging,Undefined,Undefined,,Undefined,0,0,83.24861,-0.728532,-2.77912,1685.13074,265.187509,2:45,5.00601,1.11079,5.4873,-38.30494,2.98851,18.76745,1.13152,0.07271,75.81949,-7.753549,0.565991,0.4625,,,,,,,,,,,,-10.30981,2.14028,-0.88028,50,4.91623,5.07837,-120.68766,-2.87863,-15.07557,25.36966,-29.04442,81.4971,,7.42912,,,,1000079507,Right,55.01213,-121.7367,12.68483,5.01043,-1.67764,-14.52221,-1.10316,5.70174,-7.53778,,,,,,,,,,,,,,,,,,,,,,,,,,,,,,,,,,,,,,,,,,,,,,,,,,,High,High,High,,,,,,v3
38,2/9/2023,2,2,1000036206,Right,T_A,1000051968,Left,T_B,2,Top,0,0,1,0-1,Slider,Curveball,BallCalled,Undefined,Undefined,,Undefined,0,0,78.70712,-0.163045,-0.900292,2440.033705,64.023727,8:15,5.43098,0.68815,4.60095,-48.9316,-1.35866,-5.99622,1.19827,-0.6678,72.11221,-8.942305,-1.953192,0.496422,,,,,,,,,,,,2.6698,-0.17118,-0.58944,50,5.36879,2.05035,-114.08485,-2.17524,3.49881,22.09441,-32.39837,75.92815,,6.59491,,,,1000079507,Right,55.89819,-115.22147,11.04721,5.43782,-0.50855,-16.19918,-0.69028,1.87036,1.7494,,,,,,,,,,,,,,,,,,,,,,,,,,,,,,,,,,,,,,,,,,,,,,,,,,,High,High,High,,,,,,v3
39,2/9/2023,2,3,1000036206,Right,T_A,1000051968,Left,T_B,2,Top,0,1,1,1-1,ChangeUp,Changeup,StrikeCalled,Undefined,Undefined,,Undefined,0,0,82.80813,-0.303757,-1.24005,1813.494893,248.798548,2:15,5.03127,1.09035,5.58219,-34.15277,7.49807,15.58355,1.90147,1.23073,75.09899,-6.623759,1.543074,0.464497,,,,,,,,,,,,-8.24961,4.32303,-0.99409,50,4.98314,1.95532,-120.10817,-1.78188,-11.90876,25.8231,-25.9335,81.14671,,7.70913,,,,1000079507,Right,54.91518,-121.16032,12.91155,5.03422,-0.72523,-12.96675,-1.08365,2.44054,-5.95438,,,,,,,,,,,,,,,,,,,,,,,,,,,,,,,,,,,,,,,,,,,,,,,,,,,High,High,High,,,,,,v3
40,2/9/2023,2,4,1000036206,Right,T_A,1000051968,Left,T_B,2,Top,1,1,2,1-2,ChangeUp,Changeup,StrikeSwinging,Strikeout,Undefined,,Undefined,0,0,82.78657,-0.793329,-2.279242,1771.680625,278.691096,3:15,4.99333,1.22196,5.62429,-43.07833,-1.51898,19.19816,0.66254,0.6938,75.49991,-8.678238,1.155792,0.463987,,,,,,,,,,,,-10.47253,-0.13551,-1.04038,50,4.89793,4.00616,-120.10098,-3.1583,-15.13419,25.56045,-32.3699,81.23599,,7.28666,,,,1000079507,Right,54.87628,-121.13432,12.78023,4.99916,-1.84966,-16.18495,-1.21471,4.618,-7.5671,,,,,,,,,,,,,,,,,,,,,,,,,,,,,,,,,,,,,,,,,,,,,,,,,,,High,High,High,,,,,,v3
41,2/9/2023,3,1,1000036206,Right,T_A,691273,Right,T_B,2,Top,1,0,0,0-0,Slider,Slider,StrikeCalled,Undefined,Undefined,,Undefined,0,0,78.2618,0.905305,-0.5003,2349.963131,66.444763,8:15,5.41209,0.78738,4.65542,-49.87121,-1.67378,-7.6,2.11636,-0.32129,71.27879,-8.081584,-1.835295,0.49967,,,,,,,,,,,,3.55421,-0.59346,-0.72897,50,5.45929,1.31783,-113.38775,-0.07895,4.58435,22.52335,-32.93954,75.43466,,6.98301,,,,1000079507,Right,55.84267,-114.54246,11.26168,5.42005,1.60977,-16.46977,-0.79051,1.08281,2.29218,,,,,,,,,,,,,,,,,,,,,,,,,,,,,,,,,,,,,,,,,,,,,,,,,,,High,High,High,,,,,,v3
42,2/9/2023,3,2,1000036206,Right,T_A,691273,Right,T_B,2,Top,1,0,1,0-1,Fastball,Changeup,BallCalled,Undefined,Undefined,,Undefined,0,0,87.8198,-1.579667,-4.318587,2032.301261,254.04856,2:30,5.13984,0.84905,5.43815,-31.53132,5.58158,15.26091,1.02844,-1.93082,80.24986,-7.359892,-1.609378,0.438464,,,,,,,,,,,,-8.92556,3.61799,-0.47725,50,4.97793,8.93149,-127.11491,-4.67028,-14.56987,26.62271,-26.26812,85.96474,,7.56995,,,,1000079507,Right,55.06134,-128.17057,13.31136,5.14246,-3.62868,-13.13406,-0.84286,9.50922,-7.28493,,,,,,,,,,,,,,,,,,,,,,,,,,,,,,,,,,,,,,,,,,,,,,,,,,,High,High,High,,,,,,v3
43,2/9/2023,3,3,1000036206,Right,T_A,691273,Right,T_B,2,Top,1,1,1,1-1,ChangeUp,Changeup,FoulBall,Undefined,Undefined,,Undefined,0,0,83.25834,-0.606423,-2.160639,1702.703028,262.796233,2:45,5.1019,0.89788,5.61297,-37.63455,3.38933,15.87572,1.39926,0.20326,75.88882,-7.52798,0.676681,0.460988,72.87805,53.676617,67.056082,5573.911548,,,,,67.80816,,,-8.74461,2.27736,-0.72394,50,5.02574,3.91649,-120.79368,-2.56512,-12.81324,25.34747,-28.83706,81.76447,74.19994,7.36951,2.38168,1.52562,-0.1923,1000079507,Right,54.88687,-121.81483,12.67373,5.10567,-1.40339,-14.41853,-0.89211,4.43268,-6.40662,,2.38168,24.68065,-12.13715,2.9801,-0.05207,-1.21347,1.39987,-0.73683,0.15068,1.52562,86.11787,-24.56488,2.61483,-0.48456,0.02832,0.04347,-0.0252,0.0049,-0.1923,58.30545,-4.56047,0.28065,-0.18876,0.48901,-0.54913,0.29084,-0.06005,,,,,,,,,,,,,,,,,,,,,,,High,High,High,Medium,Low,,,,v3
44,2/9/2023,3,4,1000036206,Right,T_A,691273,Right,T_B,2,Top,1,1,2,1-2,Fastball,Sinker,BallCalled,Undefined,Undefined,,Undefined,0,0,88.07605,-0.057543,-3.853838,2084.165385,235.117971,1:45,5.22146,0.80106,5.57611,-23.79686,12.71898,16.58115,3.18452,-1.42208,80.40359,-4.492495,-0.903729,0.434923,,,,,,,,,,,,-9.42906,6.79473,-0.48002,50,5.20106,7.87683,-127.66065,-0.93314,-15.58157,25.94581,-20.94572,86.66471,,7.67246,,,,1000079507,Right,54.92287,-128.65729,12.97291,5.22145,-0.12857,-10.47286,-0.79408,8.47536,-7.79078,,,,,,,,,,,,,,,,,,,,,,,,,,,,,,,,,,,,,,,,,,,,,,,,,,,High,High,High,,,,,,v3
45,2/9/2023,3,5,1000036206,Right,T_A,691273,Right,T_B,2,Top,1,2,2,2-2,ChangeUp,Changeup,BallCalled,Undefined,Undefined,,Undefined,0,0,83.17852,1.257953,-1.037904,1741.746231,262.226254,2:45,5.07768,0.98378,5.74896,-37.29053,3.43012,15.51367,3.14164,1.31022,75.85222,-5.633401,1.739903,0.459281,,,,,,,,,,,,-8.29587,1.70721,-0.9076,50,5.15917,1.58258,-120.80055,1.41383,-12.19588,24.65594,-29.66426,82.06828,,7.32631,,,,1000079507,Right,54.75197,-121.76658,12.32797,5.08101,2.57609,-14.83213,-0.97897,2.06042,-6.09794,,,,,,,,,,,,,,,,,,,,,,,,,,,,,,,,,,,,,,,,,,,,,,,,,,,High,High,High,,,,,,v3
46,2/9/2023,3,6,1000036206,Right,T_A,691273,Right,T_B,2,Top,1,3,2,3-2,ChangeUp,Changeup,StrikeSwinging,Strikeout,Undefined,,Undefined,0,0,84.05238,0.012659,-2.998863,1797.072105,253.565373,2:30,5.03568,0.95045,5.68559,-34.02494,5.70449,15.25174,2.21208,-0.57632,77.24807,-6.254936,-0.274156,0.453657,,,,,,,,,,,,-8.54882,3.26303,-0.70762,50,5.01537,5.77209,-122.01437,-1.12784,-12.94379,23.02503,-27.23349,83.08575,,6.80431,,,,1000079507,Right,54.81452,-122.91955,11.51252,5.03866,-0.05722,-13.61675,-0.94454,6.28095,-6.4719,,,,,,,,,,,,,,,,,,,,,,,,,,,,,,,,,,,,,,,,,,,,,,,,,,,High,High,High,,,,,,v3
47,2/9/2023,1,1,1000064685,Right,T_B,1000079407,Left,T_A,2,Bottom,0,0,0,0-0,Slider,Slider,StrikeCalled,Undefined,Undefined,,Undefined,0,0,80.9799,1.184298,-2.257028,2523.111826,82.401551,8:45,5.22485,2.93281,5.13824,-43.70057,0.11366,-9.12276,2.69934,0.04617,74.40756,-6.746008,-3.869475,0.476408,,,,,,,,,,,,3.92473,0.13476,-2.71386,50,5.3021,5.01095,-117.46374,0.84556,5.49023,21.99234,-31.98551,79.11801,,6.57233,,,,1000103236,Right,55.36147,-118.46329,10.99617,5.23063,2.29931,-15.99275,-2.93594,4.76142,2.74511,,,,,,,,,,,,,,,,,,,,,,,,,,,,,77.45462,2.074787,0.755354,1.319434,-0.69513,2.44265,0.09784,-0.54321,6.03715,1.47839,127.28164,7.3902,4.25544,-0.15116,109.26322,-9.51239,6.05814,15.75123,-11.16288,1.27012,-2.4857,3.54779,High,High,High,,,High,High,High,v3
48,2/9/2023,1,2,1000064685,Right,T_B,1000079407,Left,T_A,2,Bottom,0,0,1,0-1,Slider,Slider,InPlay,Undefined,GroundBall,,Out,1,1,80.50055,-0.178901,-2.529885,2505.466102,79.979442,8:45,5.17202,3.0086,5.19489,-44.0705,0.05362,-7.08296,1.33103,0.03707,74.3966,-8.152389,-3.784107,0.47809,,,,,,,,,,,,2.90339,0.38158,-2.76817,50,5.1216,5.44467,-116.83651,-1.92494,4.02652,21.33372,-31.64488,78.83966,,6.10395,,,,1000103236,Right,55.30673,-117.80151,10.66686,5.1763,-0.49354,-15.82244,-3.01033,5.26254,2.01326,,,,,,,,,,,,,,,,,,,,,,,,,,,,,,,,,,,,,,,,,,,,,,,,,,,High,High,High,,,,,,v3
49,2/9/2023,2,1,1000064685,Right,T_B,1000066765,Right,T_A,2,Bottom,1,0,0,0-0,Slider,Slider,StrikeCalled,Undefined,Undefined,,Undefined,0,0,81.24401,0.234083,-2.816202,2583.919826,73.629848,8:30,5.37713,2.94793,5.13971,-45.17762,-1.44587,-9.61091,1.83302,-0.50688,74.57077,-7.942725,-4.51477,0.475959,,,,,,,,,,,,3.96453,-0.34567,-2.67626,50,5.36431,6.19933,-117.7665,-1.17351,5.54991,23.03157,-32.65795,79.19254,,6.67325,,,,1000103236,Right,55.35939,-118.81002,11.51579,5.38396,0.30615,-16.32898,-2.95144,5.94787,2.77495,,,,,,,,,,,,,,,,,,,,,,,,,,,,,,,,,,,,,,,,,,,,,,,,,,,High,High,High,,,,,,v3
50,2/9/2023,2,2,1000064685,Right,T_B,1000110361,Right,T_A,2,Bottom,1,0,1,0-1,Fastball,Slider,StrikeSwinging,Undefined,Undefined,,Undefined,0,0,89.58102,-0.934639,-4.323062,2303.623628,214.491177,1:15,5.15258,2.94283,6.12851,-28.08285,6.69268,3.82044,1.94586,-0.74243,81.75664,-6.16246,-3.637229,0.424432,,,,,,,,,,,,-3.22229,4.07677,-2.61378,50,5.06646,9.65302,-129.78227,-3.05167,-5.47411,28.16413,-25.24831,88.80675,,7.82439,,,,1000103236,Right,54.36942,-130.72705,14.08206,5.15463,-2.20471,-12.62416,-2.94067,9.83665,-2.73706,,,,,,,,,,,,,,,,,,,,,,,,,,,,,,,,,,,,,,,,,,,,,,,,,,,High,High,High,,,,,,v3
51,2/9/2023,2,3,1000064685,Right,T_B,1000110361,Right,T_A,2,Bottom,1,0,2,0-2,Fastball,Sinker,StrikeSwinging,Strikeout,Undefined,,Undefined,0,0,89.03527,-0.327336,-4.103838,2260.360832,241.140974,2:00,5.22505,2.7869,6.30422,-28.47084,6.52241,9.72323,2.55013,-0.19012,80.99621,-5.658977,-2.351,0.425759,,,,,,,,,,,,-6.23835,3.84996,-2.48968,50,5.18751,8.86466,-129.06083,-1.64848,-10.46104,28.31302,-25.71805,88.53005,,8.03906,,,,1000103236,Right,54.19346,-129.97752,14.15651,5.22741,-0.81581,-12.85902,-2.78218,9.20336,-5.23052,,,,,,,,,,,,,,,,,,,,,,,,,,,,,,,,,,,,,,,,,,,,,,,,,,,High,High,High,,,,,,v3
52,2/9/2023,3,1,1000064685,Right,T_B,1000187793,Left,T_A,2,Bottom,2,0,0,0-0,Fastball,Slider,StrikeCalled,Undefined,Undefined,,Undefined,0,0,88.63176,-1.143456,-3.646325,2226.746943,232.073821,1:45,5.22319,2.93319,6.28982,-28.07982,7.07937,7.64619,1.82719,0.2056,81.09957,-6.387549,-2.266717,0.426767,,,,,,,,,,,,-5.00776,4.34449,-2.66801,50,5.12533,7.89114,-128.58153,-3.46163,-8.37034,27.06009,-24.91234,88.32085,,7.53218,,,,1000103236,Right,54.20908,-129.46431,13.53004,5.225,-2.64892,-12.45617,-2.92989,8.1642,-4.18517,,,,,,,,,,,,,,,,,,,,,,,,,,,,,,,,,,,,,,,,,,,,,,,,,,,High,High,High,,,,,,v3
53,2/9/2023,3,2,1000064685,Right,T_B,1000187793,Left,T_A,2,Bottom,2,0,1,0-1,Slider,Slider,BallCalled,Undefined,Undefined,,Undefined,0,0,81.96967,-0.020329,-4.352612,2521.952797,65.362079,8:15,5.25024,2.9441,4.98962,-46.55274,-2.49441,-8.92957,1.35159,-1.91782,74.16238,-8.43291,-5.921374,0.477733,,,,,,,,,,,,2.9661,-0.79701,-2.51649,50,5.21048,9.39483,-118.38211,-1.78126,4.12379,26.87455,-33.28213,78.89852,,7.80729,,,,1000103236,Right,55.50828,-119.62604,13.43728,5.25728,-0.24075,-16.64106,-2.94692,9.20396,2.0619,,,,,,,,,,,,,,,,,,,,,,,,,,,,,,,,,,,,,,,,,,,,,,,,,,,High,High,High,,,,,,v3
54,2/9/2023,3,3,1000064685,Right,T_B,1000187793,Left,T_A,2,Bottom,2,1,1,1-1,Fastball,Sinker,BallCalled,Undefined,Undefined,,Undefined,0,1,88.54876,-0.319171,-0.543574,2160.396527,256.066248,2:30,5.22082,3.02706,6.01761,-31.41336,4.33827,12.58201,2.30739,3.57204,80.40686,-6.16429,1.72226,0.430347,,,,,,,,,,,,-6.58555,2.72417,-2.99095,50,5.17905,0.68532,-128.56601,-1.78885,-10.90966,29.204,-27.66117,87.58607,,8.1419,,,,1000103236,Right,54.47937,-129.57951,14.602,5.22447,-0.82889,-13.83058,-3.0213,1.06393,-5.45483,,,,,,,,,,,,,,,,,,,,,,,,,,,,,,,,,,,,,,,,,,,,,,,,,,,High,High,High,,,,,,v3
55,2/9/2023,3,4,1000064685,Right,T_B,1000187793,Left,T_A,2,Bottom,2,2,1,2-1,Fastball,Sinker,BallCalled,Undefined,Undefined,,Undefined,0,0,89.64314,0.216429,-1.498367,2170.087882,235.213262,1:45,5.30083,2.88422,6.54801,-28.32836,5.69422,6.60654,3.13867,2.0604,81.65813,-5.116544,-0.297693,0.419812,,,,,,,,,,,,-3.88725,3.27571,-2.78313,50,5.30395,3.14672,-130.28884,-0.38394,-6.64635,28.73173,-26.57329,89.78408,,7.98501,,,,1000103236,Right,53.94967,-131.15694,14.36587,5.30342,0.41894,-13.28665,-2.88124,3.34753,-3.32317,,,,,,,,,,,,,,,,,,,,,,,,,,,,,,,,,,,,,,,,,,,,,,,,,,,High,High,High,,,,,,v3
56,2/9/2023,3,5,1000064685,Right,T_B,1000187793,Left,T_A,2,Bottom,2,3,1,3-1,Fastball,Sinker,InPlay,Undefined,FlyBall,FlyBall,Out,1,0,88.83004,-1.034239,-4.439275,2217.899754,242.421366,2:00,5.20154,2.98483,6.42367,-29.75714,5.05055,7.59343,1.76814,-0.47116,81.47354,-6.58332,-3.067903,0.424628,87.08103,39.800443,-15.161333,,101.99653,79.17721,-41.19068,256.56742,191.36606,-31.095371,4.846728,-5.23477,3.23099,-2.67124,50,5.11402,9.71354,-128.82713,-3.26319,-8.79834,26.73389,-26.74356,88.76571,89.30897,7.3565,2.85713,1.91012,0.38606,1000103236,Right,54.07685,-129.67039,13.36695,5.20365,-2.41963,-13.37178,-2.98201,9.99106,-4.39917,148.019324,2.86073,94.636,-26.51037,7.15391,-1.43771,0.21492,-0.02728,0.00316,-0.0002,1.91281,81.68736,-21.17384,0.41586,0.73935,-0.39781,0.10491,-0.01387,0.00072,0.38708,-25.68419,-3.70763,1.97075,-0.57539,0.11531,-0.01667,0.00168,-9.00E-05,,,,,,,,,,,,,,,,,,,,,,,High,High,High,High,Medium,,,,v3
57,1/4/1900,1,1,1000036206,Right,T_A,1000138679,Right,T_B,3,Top,0,0,0,0-0,Fastball,,StrikeCalled,Undefined,Undefined,,Undefined,0,0,,,,,,,,,,,,,,,,,,,,,,,,,,,,,,,,,,,,,,,,,,,,,,,1000079507,Right,,,,,,,,,,,,,,,,,,,,,,,,,,,,,,,,,,,,,,,,,,,,,,,,,,,,,,,,,,,,,,,,,,,,v3
58,2/9/2023,1,2,1000036206,Right,T_A,1000138679,Right,T_B,3,Top,0,0,1,0-1,Fastball,Sinker,InPlay,Undefined,FlyBall,LineDrive,Out,1,0,87.9605,-0.47701,-2.598227,2141.045287,244.936162,2:15,5.30428,0.40319,5.26607,-27.38234,9.92382,18.47147,2.57385,-0.49999,79.7423,-5.540289,0.677193,0.439604,91.37751,20.264319,0.73441,1526.087635,109.95527,35.1573,3.12416,311.2534,307.11515,2.560578,3.63584,-10.10099,5.46831,-0.17989,50,5.24071,4.9652,-127.48304,-2.05549,-16.47244,28.4232,-23.25649,85.74179,42.54739,8.2182,2.30936,2.61546,0.52261,1000079507,Right,55.23345,-128.64458,14.2116,5.30529,-1.10509,-11.62824,-0.39655,5.63837,-8.23622,189.384211,2.3095,125.70944,-21.0042,4.72176,-0.90132,0.12735,-0.00732,-0.00119,0.00019,2.61525,46.42504,-13.90148,0.21898,-0.02315,0.04648,-0.02396,0.00547,-0.00047,0.52261,1.61157,1.38223,-0.4552,0.12186,-0.02768,0.00491,-0.00059,3.00E-05,,,,,,,,,,,,,,,,,,,,,,,High,High,High,High,High,,,,v3
59,2/9/2023,2,1,1000036206,Right,T_A,1000102964,Right,T_B,3,Top,1,0,0,0-0,ChangeUp,Changeup,BallCalled,Undefined,Undefined,,Undefined,0,0,84.1736,-0.844024,-3.040707,1859.845214,262.591685,2:45,5.05613,0.48344,5.52,-36.76935,3.83973,18.26127,1.20171,-0.84045,76.16212,-7.612268,0.21448,0.458652,,,,,,,,,,,,-10.15894,2.65032,-0.231,50,4.95824,5.69963,-121.90761,-3.09022,-15.06401,27.24161,-28.2441,82.18098,,8.01148,,,,1000079507,Right,54.9778,-123.01493,13.62081,5.06052,-1.94216,-14.12205,-0.47512,6.31195,-7.532,,,,,,,,,,,,,,,,,,,,,,,,,,,,,,,,,,,,,,,,,,,,,,,,,,,High,High,High,,,,,,v3
60,2/9/2023,2,2,1000036206,Right,T_A,1000102964,Right,T_B,3,Top,1,1,0,1-0,ChangeUp,Changeup,BallCalled,Undefined,Undefined,,Undefined,0,0,83.27349,0.884324,-4.123288,1915.914112,264.006281,2:45,5.07955,0.52484,5.54095,-37.84963,3.77028,21.28615,2.75412,-1.56164,74.90348,-6.107908,-0.33745,0.464325,,,,,,,,,,,,-12.01981,2.08063,-0.1812,50,5.13162,7.78019,-120.44879,0.55172,-17.37066,26.94738,-29.16721,81.17687,,8.37001,,,,1000079507,Right,54.95675,-121.55268,13.47369,5.08455,1.74654,-14.58361,-0.51449,8.49177,-8.68533,,,,,,,,,,,,,,,,,,,,,,,,,,,,,,,,,,,,,,,,,,,,,,,,,,,High,High,High,,,,,,v3
61,2/9/2023,2,3,1000036206,Right,T_A,1000102964,Right,T_B,3,Top,1,2,0,2-0,Fastball,Sinker,BallCalled,Undefined,Undefined,,Undefined,0,0,88.91467,0.363585,-2.181452,2195.434911,238.807089,2:00,5.22937,0.5521,5.58405,-24.25379,12.04343,17.7182,3.54801,-0.00953,79.96205,-4.189364,0.978567,0.433619,,,,,,,,,,,,-9.60304,6.34933,-0.3762,50,5.24516,4.10851,-128.83609,-0.00339,-15.89117,30.62843,-21.66717,86.92531,,8.95263,,,,1000079507,Right,54.91209,-129.99861,15.31422,5.22969,0.819,-10.83358,-0.54359,4.71167,-7.94558,,,,,,,,,,,,,,,,,,,,,,,,,,,,,,,,,,,,,,,,,,,,,,,,,,,High,High,High,,,,,,v3
62,2/9/2023,2,4,1000036206,Right,T_A,1000102964,Right,T_B,3,Top,1,3,0,3-0,Fastball,Sinker,InPlay,Undefined,GroundBall,GroundBall,Out,1,0,88.51639,-0.174054,-1.251029,2181.588428,245.999231,2:15,5.20561,0.5189,5.53756,-26.55667,10.16776,19.81403,2.82984,1.00059,79.62952,-5.131716,2.282872,0.436163,38.65861,-26.267091,-23.513603,,,,,8.16652,2.38853,-23.721651,0.112993,-10.44709,5.57307,-0.42408,50,5.1732,1.92863,-128.32127,-1.31178,-17.10048,31.0869,-23.05167,86.41825,2.87435,8.88687,2.13591,2.87435,-0.96166,1000079507,Right,54.9603,-129.51737,15.54345,5.20661,-0.42485,-11.52583,-0.51094,2.58658,-8.55024,,2.12423,47.26489,,,,,,,,2.88063,-25.43825,,,,,,,,-0.95658,-20.5647,,,,,,,,,,,,,,,,,,,,,,,,,,,,,,High,High,High,Low,Low,,,,v3
63,2/9/2023,3,1,1000036206,Right,T_A,8886045,Left,T_B,3,Top,2,0,0,0-0,ChangeUp,Changeup,StrikeSwinging,Undefined,Undefined,,Undefined,0,0,83.57579,-0.369315,-2.697054,1841.497745,262.847178,2:45,4.94525,0.55916,5.42009,-37.43404,3.94862,19.4319,1.47941,-0.34976,75.46773,-7.257562,0.761119,0.463,,,,,,,,,,,,-10.6704,2.52764,-0.33366,50,4.88657,4.88292,-121.06118,-2.09877,-15.5725,27.2949,-28.4852,81.40924,,8.10806,,,,1000079507,Right,55.07843,-122.20082,13.64745,4.94937,-0.90943,-14.2426,-0.55111,5.53312,-7.78625,,,,,,,,,,,,,,,,,,,,,,,,,,,,,,,,,,,,,,,,,,,,,,,,,,,High,High,High,,,,,,v3
64,2/9/2023,3,2,1000036206,Right,T_A,8886045,Left,T_B,3,Top,2,0,1,0-1,Slider,Curveball,BallCalled,Undefined,Undefined,,Undefined,0,0,79.50532,1.988729,-0.555661,2499.99867,58.915493,8:00,5.38413,0.42609,4.68228,-50.76117,-4.25158,-9.57315,3.04337,-0.89934,72.51459,-7.154184,-2.236446,0.490843,,,,,,,,,,,,4.51339,-2.20315,-0.36045,50,5.54044,1.53462,-115.21183,2.05909,6.03369,22.48584,-35.11933,76.79124,,6.99073,,,,1000079507,Right,55.81721,-116.34164,11.24292,5.39265,3.82366,-17.55966,-0.42994,1.23146,3.01685,,,,,,,,,,,,,,,,,,,,,,,,,,,,,,,,,,,,,,,,,,,,,,,,,,,High,High,High,,,,,,v3
65,2/9/2023,3,3,1000036206,Right,T_A,8886045,Left,T_B,3,Top,2,1,1,1-1,Fastball,Sinker,InPlay,Undefined,Bunt,GroundBall,Out,1,0,88.77826,0.190701,-2.673435,2146.433609,252.491405,2:30,5.22825,0.36316,5.47198,-29.13171,7.25445,18.99588,2.97927,-0.5575,80.3369,-5.204292,0.707247,0.43415,35.09098,-65.178145,38.956207,,,,,5.19285,4.15226,16.914416,0.066567,-10.47737,3.93831,-0.14181,50,5.22528,5.17822,-128.69887,-0.62267,-17.38325,29.39989,-25.6399,86.81899,3.16745,8.44136,3.82895,3.16745,0.58971,1000079507,Right,55.02779,-129.84234,14.69994,5.23011,0.37456,-12.81995,-0.35636,5.85431,-8.69163,,3.8256,17.1143,,,,,,,,3.17678,-47.58282,,,,,,,,0.587,13.83724,,,,,,,,,,,,,,,,,,,,,,,,,,,,,,High,High,High,Low,Low,,,,v3
66,2/9/2023,1,1,1000064685,Right,T_B,1000058463,Right,T_A,3,Bottom,0,0,0,0-0,Fastball,Sinker,BallCalled,Undefined,Undefined,,Undefined,0,0,89.84486,-1.141964,-2.266518,2173.515123,233.268515,1:45,5.1534,2.97836,6.22078,-28.02931,6.59366,7.19764,1.76292,1.48566,81.3166,-6.394244,-0.966657,0.4235,,,,,,,,,,,,-4.42796,4.15457,-2.81206,50,5.0542,4.85756,-130.32282,-3.51471,-7.51275,30.82777,-25.1251,89.00223,,8.52825,,,,1000103236,Right,54.27563,-131.33032,15.41389,5.15565,-2.69358,-12.56255,-2.97483,5.10309,-3.75637,,,,,,,,,,,,,,,,,,,,,,,,,,,,,,,,,,,,,,,,,,,,,,,,,,,High,High,High,,,,,,v3
67,2/9/2023,1,2,1000064685,Right,T_B,1000058463,Right,T_A,3,Bottom,0,1,0,1-0,Slider,Slider,BallCalled,Undefined,Undefined,,Undefined,0,0,80.99827,-1.296707,-3.856622,2581.241295,85.866801,8:45,5.24274,3.01901,5.63339,-42.56317,0.78638,-8.20973,0.48303,-1.26879,74.49466,-9.044608,-5.319066,0.473875,,,,,,,,,,,,3.05725,1.16504,-2.68506,50,5.10485,8.22852,-117.33985,-4.08622,4.23964,23.31419,-30.55843,79.5409,,6.50361,,,,1000103236,Right,54.86645,-118.30281,11.65709,5.24756,-2.82404,-15.27922,-3.02131,8.05341,2.11982,,,,,,,,,,,,,,,,,,,,,,,,,,,,,,,,,,,,,,,,,,,,,,,,,,,High,High,High,,,,,,v3
68,2/9/2023,1,3,1000064685,Right,T_B,1000058463,Right,T_A,3,Bottom,0,2,0,2-0,Fastball,Slider,BallCalled,Undefined,Undefined,,Undefined,0,0,87.55978,-1.124307,-2.210345,2251.664048,212.572433,1:00,5.22018,2.96447,6.38729,-28.08391,7.85028,4.26158,1.84477,1.28544,79.89755,-6.392375,-1.43844,0.431445,,,,,,,,,,,,-2.92193,4.74563,-2.80751,50,5.12617,4.75228,-127.19944,-3.34673,-4.75399,27.7802,-24.45291,87.36324,,7.66223,,,,1000103236,Right,54.11345,-128.09466,13.8901,5.22133,-2.55873,-12.22646,-2.96312,4.90548,-2.377,,,,,,,,,,,,,,,,,,,,,,,,,,,,,,,,,,,,,,,,,,,,,,,,,,,High,High,High,,,,,,v3
69,2/9/2023,1,4,1000064685,Right,T_B,1000058463,Right,T_A,3,Bottom,0,3,0,3-0,Fastball,Sinker,BallCalled,Walk,Undefined,,Undefined,0,0,88.58679,-0.676604,-2.060286,2275.084426,243.116046,2:00,5.17625,2.99071,6.28501,-28.52663,6.73689,10.98095,2.17503,2.00616,80.67057,-6.020349,-0.074479,0.4274,,,,,,,,,,,,-6.28524,4.0674,-2.84373,50,5.11276,4.18221,-128.64168,-2.43002,-10.46471,28.28686,-25.402,88.19015,,7.91622,,,,1000103236,Right,54.21265,-129.56469,14.14343,5.17853,-1.60115,-12.701,-2.98577,4.52368,-5.23236,,,,,,,,,,,,,,,,,,,,,,,,,,,,,,,,,,,,,,,,,,,,,,,,,,,High,High,High,,,,,,v3
70,2/9/2023,2,1,1000064685,Right,T_B,1000194300,Left,T_A,3,Bottom,0,0,0,0-0,Fastball,Sinker,FoulBall,Undefined,Undefined,LineDrive,Undefined,0,0,90.07957,-0.674887,-3.673012,2239.708714,251.183346,2:15,5.1986,2.95725,6.35291,-28.74336,5.53878,12.73005,2.18082,0.63267,81.53789,-6.067918,-1.37276,0.42141,68.96525,18.646042,-177.495609,2509.064805,,,,122.23374,47.76356,-175.719278,1.465479,-7.80323,3.43973,-2.69635,50,5.13621,7.87348,-130.60583,-2.46175,-13.30962,30.72309,-26.30705,89.44353,12.72518,8.54168,2.78429,2.17306,-0.64544,1000103236,Right,54.14577,-131.57744,15.36155,5.20091,-1.62979,-13.15353,-2.95201,8.2944,-6.65481,346.734981,2.78429,-95.74818,7.57304,-0.25587,0.01287,0.02474,-0.00524,0.00054,-7.00E-05,2.17306,32.33946,-26.56435,3.09364,-0.64675,0.13418,-0.02266,0.00397,-0.00044,-0.64544,-4.18779,-1.53521,0.40205,-0.08949,0.01946,-0.00365,0.00063,-6.00E-05,,,,,,,,,,,,,,,,,,,,,,,High,High,High,High,Medium,,,,v3
71,2/9/2023,2,2,1000064685,Right,T_B,1000194300,Left,T_A,3,Bottom,0,0,1,0-1,Fastball,Slider,BallCalled,Undefined,Undefined,,Undefined,0,0,89.15616,1.436331,-1.305246,2268.308102,207.495944,1:00,5.40518,2.85093,6.41062,-27.37265,7.38433,3.23217,4.44535,1.91999,80.68127,-3.731488,-0.719745,0.424319,,,,,,,,,,,,-2.07595,3.77378,-2.75892,50,5.49563,2.81869,-129.45084,2.39876,-3.48771,29.5224,-25.83385,88.83044,,8.47489,,,,1000103236,Right,54.08586,-130.37933,14.7612,5.40741,3.21124,-12.91692,-2.84929,2.92838,-1.74386,,,,,,,,,,,,,,,,,,,,,,,,,,,,,,,,,,,,,,,,,,,,,,,,,,,High,High,High,,,,,,v3
72,2/9/2023,2,3,1000064685,Right,T_B,1000194300,Left,T_A,3,Bottom,0,1,1,1-1,Slider,Curveball,InPlay,Undefined,Bunt,,Sacrifice,1,1,80.48994,1.676178,-1.732313,2417.798757,59.165954,8:00,5.36303,2.89096,4.9111,-48.21243,-2.55,-7.10323,2.93151,0.66045,72.42387,-7.083826,-2.9836,0.486352,,,,,,,,,,,,2.9411,-1.41114,-2.71535,50,5.48647,3.82508,-116.45907,1.62438,3.95533,26.10643,-34.07179,77.50028,,8.06607,,,,1000103236,Right,55.58714,-117.70487,13.05321,5.37016,3.25028,-17.0359,-2.89338,3.63633,1.97767,,,,,,,,,,,,,,,,,,,,,,,,,,,,,,,,,,,,,,,,,,,,,,,,,,,High,High,High,,,,,,v3
73,2/9/2023,3,1,1000064685,Right,T_B,1000110355,Right,T_A,3,Bottom,1,0,0,0-0,Fastball,Cutter,InPlay,Undefined,Bunt,,Out,1,0,86.75914,-0.774311,-3.319559,2204.739137,205.615316,12:45,5.23807,2.98118,6.28424,-27.80561,9.11646,3.77154,2.20606,0.23262,78.85941,-5.994744,-2.639111,0.437335,,,,,,,,,,,,-2.98354,5.3341,-2.73807,50,5.16746,7.15389,-125.83999,-2.54799,-4.74019,27.73048,-23.69941,86.18661,,7.89973,,,,1000103236,Right,54.21432,-126.76527,13.86524,5.23929,-1.75722,-11.84971,-2.97941,7.31205,-2.3701,,,,,,,,,,,,,,,,,,,,,,,,,,,,,,,,,,,,,,,,,,,,,,,,,,,High,High,High,,,,,,v3
74,2/9/2023,4,1,1000064685,Right,T_B,1000049656,Left,T_A,3,Bottom,2,0,0,0-0,Fastball,Slider,StrikeCalled,Undefined,Undefined,,Undefined,0,0,87.44122,-0.266918,-1.70315,2225.293888,220.351091,1:15,5.19625,2.90039,6.25054,-28.68817,7.8452,5.55776,2.5593,1.79239,78.95135,-5.664537,-0.698825,0.435027,,,,,,,,,,,,-3.41918,4.54666,-2.77639,50,5.16256,3.54809,-126.88496,-1.48783,-5.48928,29.65191,-24.87467,86.64392,,8.48987,,,,1000103236,Right,54.24561,-127.87327,14.82596,5.19833,-0.65874,-12.43733,-2.8977,3.73105,-2.74464,,,,,,,,,,,,,,,,,,,,,,,,,,,,,,,,,,,,,,,,,,,,,,,,,,,High,High,High,,,,,,v3
75,2/9/2023,4,2,1000064685,Right,T_B,1000049656,Left,T_A,3,Bottom,2,0,1,0-1,Slider,Slider,StrikeSwinging,Undefined,Undefined,,Undefined,0,0,81.49733,-0.060992,-3.609572,2603.72383,78.486508,8:30,5.24558,2.96619,5.38985,-43.66388,0.24697,-6.81678,1.54964,-0.98942,73.49157,-8.046253,-4.818278,0.476933,,,,,,,,,,,,2.1739,0.64,-2.63849,50,5.20982,7.71798,-117.83439,-1.65943,2.98885,27.01066,-31.29413,79.0309,,8.00576,,,,1000103236,Right,55.10619,-118.9991,13.50533,5.25228,-0.31001,-15.64707,-2.96851,7.5891,1.49442,,,,,,,,,,,,,,,,,,,,,,,,,,,,,,,,,,,,,,,,,,,,,,,,,,,High,High,High,,,,,,v3
76,2/9/2023,4,3,1000064685,Right,T_B,1000049656,Left,T_A,3,Bottom,2,0,2,0-2,Slider,Slider,BallCalled,Undefined,Undefined,,Undefined,0,0,81.17774,-1.714259,-4.061407,2568.022967,92.778053,9:00,5.18842,3.07506,5.456,-41.78353,1.98583,-10.50764,0.09724,-1.60881,74.27576,-9.300531,-5.925667,0.476164,,,,,,,,,,,,4.07626,1.91748,-2.70884,50,5.00815,8.75318,-117.44057,-4.94646,5.62335,24.7789,-29.5288,79.15853,,6.90198,,,,1000103236,Right,55.04359,-118.49995,12.38945,5.19263,-3.68402,-14.7644,-3.07793,8.51277,2.81167,,,,,,,,,,,,,,,,,,,,,,,,,,,,,,,,,,,,,,,,,,,,,,,,,,,High,High,High,,,,,,v3
77,2/9/2023,4,4,1000064685,Right,T_B,1000049656,Left,T_A,3,Bottom,2,1,2,1-2,Slider,Slider,BallCalled,Undefined,Undefined,,Undefined,0,0,82.29095,-0.452605,-3.547579,2569.196334,73.706349,8:30,5.21975,2.70876,5.11543,-44.23628,-1.43717,-9.58493,1.1062,-1.43621,75.52499,-8.438951,-5.238897,0.470857,,,,,,,,,,,,3.75244,-0.20772,-2.36666,50,5.1425,7.79236,-119.18436,-2.5753,5.36857,24.05369,-32.4712,80.05078,,6.76595,,,,1000103236,Right,55.38452,-120.26616,12.02684,5.22549,-1.11494,-16.2356,-2.71168,7.55091,2.68428,,,,,,,,,,,,,,,,,,,,,,,,,,,,,,,,,,,,,,,,,,,,,,,,,,,High,High,High,,,,,,v3
78,2/9/2023,4,5,1000064685,Right,T_B,1000049656,Left,T_A,3,Bottom,2,2,2,2-2,Slider,Curveball,FoulBall,Undefined,Undefined,GroundBall,Undefined,0,0,80.27014,0.392933,-3.22456,2489.71759,57.819386,8:00,5.28167,2.98559,5.00295,-49.51081,-3.90614,-8.75386,1.52729,-0.79109,72.90693,-8.556182,-4.76729,0.486045,90.79753,-8.00573,76.448312,,,,,13.08779,7.20779,61.485205,0.088352,3.32937,-1.69551,-2.66792,50,5.2791,6.90718,-116.15801,-1.01002,4.47432,25.08361,-34.45261,77.54933,1.64056,7.36321,3.51462,1.64056,0.1602,1000103236,Right,55.4968,-117.339,12.5418,5.28847,0.6121,-17.2263,-2.98817,6.69652,2.23716,180,3.5141,30.93659,,,,,,,,1.64087,-18.56847,,,,,,,,0.15807,128.34995,,,,,,,,,,,,,,,,,,,,,,,,,,,,,,High,High,High,Low,Low,,,,v3
79,2/9/2023,4,6,1000064685,Right,T_B,1000049656,Left,T_A,3,Bottom,2,2,2,2-2,Fastball,Cutter,BallCalled,Undefined,Undefined,,Undefined,0,0,89.17824,-1.183575,-1.450961,2196.99041,200.275096,12:45,5.23429,2.96266,6.32086,-25.9858,8.74536,2.80685,1.97823,1.85994,81.27585,-6.064635,-0.942896,0.424161,,,,,,,,,,,,-1.88193,5.2554,-2.85786,50,5.13553,3.16685,-129.51718,-3.48775,-3.17743,28.56893,-23.3008,88.86347,,7.9024,,,,1000103236,Right,54.1762,-130.43511,14.28447,5.23556,-2.73908,-11.6504,-2.96125,3.26895,-1.58872,,,,,,,,,,,,,,,,,,,,,,,,,,,,,,,,,,,,,,,,,,,,,,,,,,,High,High,High,,,,,,v3
80,2/9/2023,4,7,1000064685,Right,T_B,1000049656,Left,T_A,3,Bottom,2,3,2,3-2,Slider,Slider,HitByPitch,Walk,Undefined,,Undefined,0,0,81.34099,-0.275522,-4.712879,2543.416516,87.537179,9:00,5.26812,2.82592,5.24068,-43.00309,0.90154,-12.49831,1.4247,-2.65502,74.41405,-8.062811,-6.914507,0.476899,,,,,,,,,,,,4.90323,0.84425,-2.38178,50,5.21044,10.19573,-117.62768,-2.07516,6.79732,24.50882,-31.00365,79.03648,,6.92693,,,,1000103236,Right,55.26029,-118.71866,12.25441,5.2721,-0.69508,-15.50182,-2.82889,9.89315,3.39866,,,,,,,,,,,,,,,,,,,,,,,,,,,,,,,,,,,,,,,,,,,,,,,,,,,High,High,High,,,,,,v3
81,2/9/2023,5,1,1000064685,Right,T_B,1000187798,Right,T_A,3,Bottom,2,0,0,0-0,Fastball,Slider,StrikeSwinging,Undefined,Undefined,,Undefined,0,0,87.98777,0.331428,-2.906134,2223.574476,179.750462,12:00,5.30924,2.85316,6.12628,-29.12309,6.71823,-0.02437,3.18908,0.16241,80.4285,-5.098929,-2.910516,0.430887,,,,,,,,,,,,-0.80886,3.71544,-2.63077,50,5.31948,6.48495,-127.72487,-0.20622,-1.33409,26.68909,-26.04598,87.47641,,7.55928,,,,1000103236,Right,54.37241,-128.63528,13.34455,5.31136,0.68225,-13.02299,-2.85276,6.53046,-0.66705,,,,,,,,,,,,,,,,,,,,,,,,,,,,,,,,,,,,,,,,,,,,,,,,,,,High,High,High,,,,,,v3
82,2/9/2023,5,2,1000064685,Right,T_B,1000187798,Right,T_A,3,Bottom,2,0,1,0-1,Fastball,Changeup,BallCalled,Undefined,Undefined,,Undefined,0,0,85.0486,-0.344861,-2.978345,2225.139862,263.48906,2:45,5.0306,2.88982,6.11762,-35.21876,3.47878,18.76359,1.77643,1.69736,77.20566,-6.898489,0.403283,0.447727,,,,,,,,,,,,-10.55434,2.32307,-2.67077,50,4.9861,5.66889,-123.37856,-1.88559,-16.09368,27.01113,-28.63172,84.18624,,7.84294,,,,1000103236,Right,54.38096,-124.33398,13.50556,5.03488,-0.87285,-14.31586,-2.88136,6.23815,-8.04684,,,,,,,,,,,,,,,,,,,,,,,,,,,,,74.65652,2.116757,0.753818,1.362939,-0.96818,1.48099,-1.71733,-0.69567,6.15048,-0.504,127.27832,-0.02114,-1.14297,-0.48869,106.89614,-9.74828,6.15775,10.18484,-10.80598,-0.51946,-1.24057,0.58175,High,High,High,,,High,High,High,v3
83,2/9/2023,5,3,1000064685,Right,T_B,1000187798,Right,T_A,3,Bottom,2,1,1,1-1,Fastball,Sinker,InPlay,Undefined,GroundBall,GroundBall,Out,1,0,89.84301,-0.606701,-4.202669,2110.21234,239.364674,2:00,5.28906,2.86747,6.4532,-28.86679,5.42603,7.18701,2.3246,-0.40149,81.55259,-6.02174,-2.903662,0.421476,67.20225,-25.787099,54.229936,,,,,7.35057,3.11615,37.499965,0.057391,-5.07429,3.35169,-2.57272,50,5.23317,9.28984,-130.22968,-2.28577,-8.62539,29.95581,-26.47679,89.42959,2.47031,8.29042,2.84287,2.47031,0.3262,1000103236,Right,54.04584,-131.15701,14.9779,5.29124,-1.46614,-13.2384,-2.86443,9.55686,-4.31269,,2.84102,52.07678,,,,,,,,2.47184,-43.04359,,,,,,,,0.32363,72.28581,,,,,,,,,,,,,,,,,,,,,,,,,,,,,,High,High,High,Estimated,Estimated,,,,v3
84,2/9/2023,1,1,1000036206,Right,T_A,1000103136,Right,T_B,4,Top,0,0,0,0-0,Slider,Slider,StrikeCalled,Undefined,Undefined,,Undefined,0,0,79.46763,-0.432998,-0.032931,2451.039415,106.483402,9:30,5.39864,0.67462,4.8014,-42.01388,4.50925,-9.80851,1.4872,-0.17396,72.34527,-8.048887,-1.760971,0.490914,,,,,,,,,,,,4.83166,2.79823,-0.66227,50,5.31933,0.48313,-115.15588,-2.40138,6.42048,23.46017,-28.45563,76.78007,,7.12236,,,,1000079507,Right,55.6966,-116.31063,11.73008,5.40306,-1.00074,-14.22782,-0.67828,0.16711,3.21024,,,,,,,,,,,,,,,,,,,,,,,,,,,,,,,,,,,,,,,,,,,,,,,,,,,High,High,High,,,,,,v3
85,2/9/2023,1,2,1000036206,Right,T_A,1000103136,Right,T_B,4,Top,0,0,1,0-1,Slider,Slider,StrikeCalled,Undefined,Undefined,,Undefined,0,0,79.07394,1.073047,-0.57778,2515.565775,69.031812,8:15,5.34305,0.37077,4.69759,-48.94794,-1.98642,-9.195,2.28291,-0.94401,72.2455,-7.746111,-2.193597,0.493222,,,,,,,,,,,,4.33457,-0.83693,-0.30343,50,5.40786,1.55175,-114.62778,0.30273,5.73538,22.28114,-33.28147,76.42084,,6.82844,,,,1000079507,Right,55.80161,-115.74999,11.14057,5.3504,1.97899,-16.64074,-0.37431,1.26288,2.86769,,,,,,,,,,,,,,,,,,,,,,,,,,,,,,,,,,,,,,,,,,,,,,,,,,,High,High,High,,,,,,v3
86,2/9/2023,1,3,1000036206,Right,T_A,1000103136,Right,T_B,4,Top,0,0,2,0-2,Fastball,Sinker,BallCalled,Undefined,Undefined,,Undefined,0,0,89.20773,0.146286,-4.106874,2234.483048,243.909882,2:15,5.30311,0.39023,5.29358,-25.38588,11.08123,19.95391,3.32532,-1.80961,80.35754,-4.575212,-0.576023,0.434632,,,,,,,,,,,,-11.21016,5.87225,-0.03095,50,5.29837,8.33611,-129.02311,-0.58578,-18.67285,29.81276,-22.39257,86.72256,,8.85019,,,,1000079507,Right,55.20362,-130.21994,14.90638,5.30384,0.31316,-11.19629,-0.38065,9.08573,-9.33643,,,,,,,,,,,,,,,,,,,,,,,,,,,,,,,,,,,,,,,,,,,,,,,,,,,High,High,High,,,,,,v3
87,2/9/2023,1,4,1000036206,Right,T_A,1000103136,Right,T_B,4,Top,0,1,2,1-2,ChangeUp,Changeup,StrikeSwinging,Strikeout,Undefined,,Undefined,0,0,83.90256,-1.864446,-3.653152,1906.295619,261.15184,2:45,4.99147,0.55784,5.36088,-36.61841,4.68815,20.241,0.18737,-1.1858,75.8212,-8.578925,-0.056476,0.462574,,,,,,,,,,,,-11.44182,3.37036,-0.24459,50,4.79769,6.8972,-121.34952,-5.25212,-16.75736,27.69144,-27.23789,81.48418,,8.08136,,,,1000079507,Right,55.13835,-122.51646,13.84572,4.99483,-4.10429,-13.61895,-0.55012,7.60336,-8.37868,,,,,,,,,,,,,,,,,,,,,,,,,,,,,,,,,,,,,,,,,,,,,,,,,,,High,High,High,,,,,,v3
88,2/9/2023,2,1,1000036206,Right,T_A,1000051953,Right,T_B,4,Top,1,0,0,0-0,ChangeUp,Curveball,StrikeCalled,Undefined,Undefined,,Undefined,0,0,78.35225,2.357456,0.475769,2371.369121,38.225251,7:15,5.44478,0.48238,4.80289,-57.50598,-9.65603,-8.87756,2.88762,0.19338,71.28234,-8.003024,-1.087431,0.497866,,,,,,,,,,,,4.50008,-4.97705,-0.52159,50,5.62938,-0.56493,-113.52378,2.51055,5.81662,22.63308,-38.60721,75.70805,,7.06991,,,,1000079507,Right,55.69768,-114.65409,11.31654,5.45585,4.43862,-19.3036,-0.48612,-0.85542,2.90831,,,,,,,,,,,,,,,,,,,,,,,,,,,,,,,,,,,,,,,,,,,,,,,,,,,High,High,High,,,,,,v3
89,2/9/2023,2,2,1000036206,Right,T_A,1000051953,Right,T_B,4,Top,1,0,1,0-1,ChangeUp,Changeup,BallCalled,Undefined,Undefined,,Undefined,0,0,83.89065,-1.128582,-3.700025,1868.756335,278.590343,3:15,5.06065,0.66162,5.35699,-43.00739,-1.60736,20.95076,0.41595,-1.06727,75.69861,-8.979301,0.024606,0.463097,,,,,,,,,,,,-11.81717,-0.02228,-0.34435,50,4.92831,6.96022,-121.35369,-3.96067,-17.25986,28.30032,-32.20658,81.39217,,8.19204,,,,1000079507,Right,55.14259,-122.5471,14.15016,5.0667,-2.60253,-16.10329,-0.65321,7.68805,-8.62993,,,,,,,,,,,,,,,,,,,,,,,,,,,,,,,,,,,,,,,,,,,,,,,,,,,High,High,High,,,,,,v3
90,2/9/2023,2,3,1000036206,Right,T_A,1000051953,Right,T_B,4,Top,1,1,1,1-1,Fastball,Sinker,FoulBall,Undefined,Undefined,,Undefined,0,0,89.67365,-1.091329,-2.737374,2175.482941,245.452777,2:15,5.18204,0.5037,5.54868,-25.11395,10.45843,20.17926,2.06811,-0.37465,81.22016,-5.76706,0.859818,0.429268,72.93131,40.93271,139.142213,5230.479578,,,,,51.74148,,,-11.09099,5.97737,-0.28062,50,5.07109,5.32439,-129.97745,-3.35965,-18.77324,29.92691,-22.05642,87.8064,38.90308,8.45349,2.59766,2.22975,-0.02532,1000079507,Right,54.95063,-131.11237,14.96346,5.18263,-2.52321,-11.02821,-0.49603,6.03633,-9.38662,,2.59766,-61.12031,1.50387,1.0412,1.07884,-3.46995,4.60171,-3.20983,0.93652,2.22975,70.08083,-30.16187,4.03835,-0.44695,-0.76151,1.13702,-0.79639,0.23087,-0.02531,52.86438,-16.51516,3.76789,0.56699,-3.14311,4.19855,-2.92069,0.84941,,,,,,,,,,,,,,,,,,,,,,,High,High,High,High,Low,,,,v3
91,2/9/2023,2,4,1000036206,Right,T_A,1000051953,Right,T_B,4,Top,1,1,2,1-2,ChangeUp,Changeup,StrikeCalled,Strikeout,Undefined,,Undefined,0,0,83.56208,-0.430569,-3.815012,1834.069132,259.077368,2:45,5.02345,0.71466,5.53285,-35.45522,5.50185,21.23702,1.66548,-1.08695,75.96231,-6.961485,-0.034103,0.460613,,,,,,,,,,,,-11.87863,3.31358,-0.39763,50,4.96248,7.18988,-121.04449,-2.13263,-17.48757,25.33378,-27.29582,81.83109,,7.59976,,,,1000079507,Right,54.9668,-122.07958,12.66689,5.02683,-1.01738,-13.64791,-0.70599,7.90439,-8.74378,,,,,,,,,,,,,,,,,,,,,,,,,,,,,66.03751,,,1.000049,,,,-1.58864,5.01789,-2.79384,67.36387,4.70009,-57.41767,-1.53635,73.36999,-4.45035,5.0675,13.44093,-13.78399,-2.87071,-60.14202,5.56441,High,High,High,,,High,High,High,v3
92,2/9/2023,3,1,1000036206,Right,T_A,1000055244,Left,T_B,4,Top,2,0,0,0-0,Slider,Curveball,InPlay,Undefined,GroundBall,GroundBall,Out,1,0,78.74875,0.914772,-0.061256,2505.799836,58.568573,8:00,5.38707,0.51287,4.6624,-52.26168,-4.59662,-10.20729,1.90099,-0.39592,71.66039,-8.489516,-1.855387,0.496903,57.3846,5.578812,12.824876,1472.72196,,,,55.01047,54.31198,12.304957,0.671923,5.01591,-2.14555,-0.49665,50,5.43256,0.55472,-114.11383,-0.14301,6.53501,23.34051,-34.96942,75.85473,2.946,7.08837,1.90357,1.96133,0.41259,1000079507,Right,55.83781,-115.30169,11.67026,5.39455,1.63669,-17.48471,-0.51642,0.22214,3.2675,70.794919,1.91279,81.48902,-6.48716,,,,,,,1.97476,7.91462,-16.18152,,,,,,,0.41738,18.4967,-2.49532,,,,,,,,,,,,,,,,,,,,,,,,,,,,,High,High,High,High,High,,,,v3
93,2/9/2023,4,1,1000036206,Right,T_A,1000094105,Right,T_B,4,Top,0,0,0,0-0,Fastball,Sinker,BallCalled,Undefined,Undefined,,Undefined,0,0,87.27501,1.07738,-1.961879,2216.226734,259.551712,2:45,5.24819,0.73713,5.20541,-32.99919,4.96874,19.92505,3.51221,0.55176,79.0545,-4.985582,1.568178,0.443486,,,,,,,,,,,,-10.46268,2.55398,-0.57097,50,5.32341,3.41677,-126.49528,1.12951,-16.8069,27.87113,-28.07145,84.99125,,8.22051,,,,1000079507,Right,55.29253,-127.65607,13.93556,5.25202,2.29865,-14.03573,-0.72785,4.11675,-8.40345,,,,,,,,,,,,,,,,,,,,,,,,,,,,,,,,,,,,,,,,,,,,,,,,,,,High,High,High,,,,,,v3
94,2/9/2023,4,2,1000036206,Right,T_A,1000094105,Right,T_B,4,Top,0,1,0,1-0,Slider,Curveball,InPlay,Undefined,FlyBall,FlyBall,Out,1,0,77.08086,1.42656,0.04705,2422.460238,61.870913,8:00,5.45055,0.65807,4.50975,-53.9142,-4.22079,-10.8943,2.31693,-0.20497,70.57818,-8.2372,-1.861551,0.507365,68.55541,39.478576,27.266354,4244.553003,93.57398,62.72344,57.82656,218.44223,214.76147,36.130394,4.156904,5.35977,-2.0863,-0.6518,50,5.54799,0.36552,-111.74757,0.76249,6.74811,20.9493,-34.80077,74.29054,63.51057,6.50267,1.79433,2.45011,0.20341,1000079507,Right,55.99139,-112.86519,10.47465,5.45779,2.61906,-17.40039,-0.66169,0.00552,3.37405,205.005999,1.79436,68.98743,-13.97233,3.4806,-0.80642,0.20998,-0.05134,0.00792,-0.00051,2.45085,63.90536,-18.38106,0.90675,0.13731,-0.16456,0.05585,-0.00872,0.00052,0.2034,35.55578,-2.29451,0.54395,-0.12829,0.03705,-0.00989,0.00158,-0.0001,,,,,,,,,,,,,,,,,,,,,,,High,High,High,High,High,,,,v3
95,2/9/2023,5,1,1000036206,Right,T_A,1000051968,Left,T_B,4,Top,1,0,0,0-0,Fastball,Sinker,BallCalled,Undefined,Undefined,,Undefined,0,0,88.11196,1.631204,0.823857,2171.284335,239.907654,2:00,5.24791,0.85431,5.34072,-25.64368,11.55418,17.72721,4.64175,3.1045,79.51785,-3.148052,3.969164,0.438966,,,,,,,,,,,,-8.56721,5.65323,-0.94154,50,5.37713,-2.64721,-127.68207,2.73293,-13.96414,29.39076,-22.95957,85.86651,,8.59411,,,,1000079507,Right,55.15554,-128.86335,14.69538,5.24874,3.65572,-11.47978,-0.84642,-2.08597,-6.98207,,,,,,,,,,,,,,,,,,,,,,,,,,,,,,,,,,,,,,,,,,,,,,,,,,,High,High,High,,,,,,v3
96,2/9/2023,5,2,1000036206,Right,T_A,1000051968,Left,T_B,4,Top,1,1,0,1-0,Slider,Slider,BallCalled,Undefined,Undefined,,Undefined,0,0,78.55488,1.989754,0.407742,2347.929518,87.310117,9:00,5.41862,0.66976,4.65317,-46.81735,1.03917,-12.45505,3.40845,0.01925,71.30985,-6.481337,-1.777384,0.4979,,,,,,,,,,,,6.19449,0.39217,-0.69938,50,5.57955,-0.26928,-113.76231,2.20573,8.04885,22.52666,-31.66449,75.70285,,7.24503,,,,1000079507,Right,55.8448,-114.91384,11.26333,5.42543,3.82438,-15.83224,-0.6751,-0.68072,4.02443,,,,,,,,,,,,,,,,,,,,,,,,,,,,,78.33989,2.8869,1.589146,1.297754,-0.75069,3.155,0.04966,-1.97708,6.48889,0.45605,127.28066,5.50708,-0.63311,-1.68857,111.41908,-9.21845,6.5215,14.11503,-11.46902,0.38666,-3.02068,1.70824,High,High,High,,,High,High,High,v3
97,2/9/2023,5,3,1000036206,Right,T_A,1000051968,Left,T_B,4,Top,1,2,0,2-0,ChangeUp,Changeup,StrikeSwinging,Undefined,Undefined,,Undefined,0,0,82.84517,-0.26788,-1.904967,1820.199937,273.427699,3:00,5.01652,0.90341,5.41645,-41.44211,0.39236,17.4184,1.31193,0.56975,75.37417,-7.849115,1.197974,0.46552,,,,,,,,,,,,-9.35441,0.69705,-0.74669,50,4.9639,3.26888,-120.15112,-2.03775,-13.5283,25.60338,-31.16598,80.96845,,7.471,,,,1000079507,Right,55.08293,-121.22942,12.80169,5.02208,-0.72518,-15.58299,-0.89636,3.83863,-6.76415,,,,,,,,,,,,,,,,,,,,,,,,,,,,,,,,,,,,,,,,,,,,,,,,,,,High,High,High,,,,,,v3
98,2/9/2023,5,4,1000036206,Right,T_A,1000051968,Left,T_B,4,Top,1,2,1,2-1,ChangeUp,Changeup,InPlay,Undefined,GroundBall,GroundBall,Single,0,1,83.39407,0.032707,-1.457715,1770.808477,251.556451,2:30,5.0762,0.72888,5.56245,-33.55368,7.45138,18.1458,2.31063,0.87889,75.73713,-6.174516,1.780934,0.460882,77.84173,-14.94517,10.333557,,,,,13.24045,6.41399,3.861168,0.085825,-9.7465,4.12323,-0.61581,50,5.05695,2.3518,-121.01953,-1.05617,-14.3033,25.92225,-26.12311,81.78319,2.53406,7.65694,3.87083,2.53406,-0.81134,1000079507,Right,54.93788,-122.07264,12.96112,5.07829,0.0051,-13.06156,-0.72316,2.93288,-7.15165,,3.86662,108.82142,,,,,,,,2.5352,-29.52593,,,,,,,,-0.81211,19.84205,,,,,,,,,,,,,,,,,,,,,,,,,,,,,,High,High,High,Low,Low,,,,v3
99,2/9/2023,6,1,1000036206,Right,T_A,691273,Right,T_B,4,Top,1,0,0,0-0,Slider,Curveball,BallCalled,Undefined,Undefined,,Undefined,0,0,77.88481,1.058715,-1.603289,2426.089351,67.350573,8:15,5.46792,0.55474,4.62713,-51.92389,-3.55205,-12.12457,2.14781,-1.98005,71.58252,-8.250693,-3.729555,0.500573,,,,,,,,,,,,5.48343,-1.60012,-0.37835,50,5.52869,3.67449,-112.92624,0.13908,7.06917,20.87941,-34.23692,75.29853,,6.30229,,,,1000079507,Right,55.87347,-114.00704,10.43971,5.47562,1.91132,-17.11846,-0.55908,3.30856,3.53458,,,,,,,,,,,,,,,,,,,,,,,,,,,,,,,,,,,,,,,,,,,,,,,,,,,High,High,High,,,,,,v3
100,2/9/2023,6,2,1000036206,Right,T_A,691273,Right,T_B,4,Top,1,1,0,1-0,ChangeUp,Changeup,StrikeSwinging,Undefined,Undefined,,Undefined,0,0,81.8056,0.088081,-3.513989,1769.032952,256.912156,2:30,4.97398,0.80714,5.47852,-36.67234,5.98343,19.65662,2.00052,-0.84698,74.58808,-6.657876,-0.017456,0.470067,,,,,,,,,,,,-10.87028,3.42988,-0.51195,50,4.95698,6.46542,-118.55416,-1.06951,-15.41198,23.46996,-27.31112,80.18518,,7.21752,,,,1000079507,Right,55.02034,-119.5439,11.73498,4.9778,0.0822,-13.65556,-0.7983,7.11534,-7.70599,,,,,,,,,,,,,,,,,,,,,,,,,,,,,,,,,,,,,,,,,,,,,,,,,,,High,High,High,,,,,,v3
101,2/9/2023,6,3,1000036206,Right,T_A,691273,Right,T_B,4,Top,1,1,1,1-1,ChangeUp,Changeup,InPlay,Undefined,FlyBall,LineDrive,Out,1,0,82.13554,0.631838,-1.81091,1812.866083,278.133768,3:15,5.0322,0.81883,5.47379,-43.75735,-1.24024,18.97033,1.97734,0.70451,74.56227,-7.385837,1.571035,0.469303,87.7886,24.292019,15.754484,4071.507273,103.99587,41.01328,35.84363,295.09517,287.02727,26.778588,3.800667,-10.23174,-0.48126,-0.67346,50,5.05763,3.00353,-119.14782,-0.21083,-14.52065,25.61788,-32.85702,80.31578,48.27731,7.57327,2.64526,2.07477,-0.67259,1000079507,Right,55.02716,-120.22385,12.80894,5.0375,1.16927,-16.42851,-0.81242,3.61344,-7.26033,222.276385,2.64506,112.95375,-21.78815,4.92727,-1.07417,0.21573,-0.03549,0.0037,-0.00015,2.07491,52.96377,-16.3531,0.74069,-0.04547,0.00297,-0.0037,0.00168,-0.0002,-0.67261,31.86308,2.87945,-1.22006,0.36014,-0.08311,0.01483,-0.00179,0.0001,,,,,,,,,,,,,,,,,,,,,,,High,High,High,High,High,,,,v3
102,2/9/2023,1,1,1000064685,Right,T_B,1000079407,Left,T_A,4,Bottom,0,0,0,0-0,Slider,Curveball,BallCalled,Undefined,Undefined,,Undefined,0,0,78.75276,1.512206,-0.639566,2488.69495,66.276746,8:15,5.22674,2.89678,4.70567,-49.74207,-1.93807,-8.29871,2.51736,1.59813,71.21797,-7.483657,-2.097627,0.497627,,,,,,,,,,,,3.92851,-1.1165,-2.82392,50,5.33502,1.6183,-114.0401,1.17981,5.08796,24.20541,-33.62006,75.74441,,7.53479,,,,1000103236,Right,55.79457,-115.26345,12.10271,5.23245,2.87898,-16.81003,-2.89922,1.36115,2.54398,,,,,,,,,,,,,,,,,,,,,,,,,,,,,,,,,,,,,,,,,,,,,,,,,,,High,High,High,,,,,,v3
103,2/9/2023,1,2,1000064685,Right,T_B,1000187798,Right,T_A,4,Bottom,0,1,0,1-0,Fastball,Sinker,BallCalled,Undefined,Undefined,,Undefined,0,0,86.87416,-1.781613,-4.398495,2258.869268,256.632173,2:30,5.12344,2.95698,6.2779,-32.88273,4.01941,11.6606,0.73563,-0.13358,79.20893,-7.893826,-2.295729,0.437217,,,,,,,,,,,,-7.41166,2.97933,-2.63727,50,4.97561,9.22937,-125.83736,-4.96992,-11.78944,27.43876,-27.43494,86.20984,,7.66523,,,,1000103236,Right,54.2216,-126.75453,13.71938,5.12641,-4.05287,-13.71747,-2.95236,9.62345,-5.89472,,,,,,,,,,,,,,,,,,,,,,,,,,,,,,,,,,,,,,,,,,,,,,,,,,,High,High,High,,,,,,v3
104,2/9/2023,1,3,1000064685,Right,T_B,1000187798,Right,T_A,4,Bottom,0,2,0,2-0,Fastball,Changeup,FoulBall,Undefined,Undefined,,Undefined,0,0,86.45263,-0.909154,-4.014761,2236.512558,254.840979,2:30,5.12475,2.94594,6.05783,-33.58974,4.09768,10.24253,1.48196,0.07738,78.39107,-7.149274,-2.174921,0.441845,,,,,,,,,,,,-6.57181,2.75764,-2.63925,50,5.03601,8.38282,-125.22838,-3.09221,-10.30449,28.26089,-27.85013,85.307,,8.06155,,,,1000103236,Right,54.44109,-126.22665,14.13045,5.12786,-2.10845,-13.92507,-2.94178,8.74681,-5.15224,,,,,,,,,,,,,,,,,,,,,,,,,,,,,,,,,,,,,,,,,,,,,,,,,,,High,High,High,,,,,,v3
105,2/9/2023,1,4,1000064685,Right,T_B,1000187798,Right,T_A,4,Bottom,0,2,1,2-1,Fastball,Cutter,InPlay,Undefined,LineDrive,LineDrive,Out,1,0,88.41655,-0.501946,-3.674359,2219.13468,201.504981,12:45,5.22265,2.83985,6.29057,-27.75041,7.42248,2.50512,2.44659,-0.34205,81.21535,-5.680712,-3.222758,0.42685,99.26609,11.55192,8.138756,2678.907415,107.6437,18.27188,22.64542,264.81571,253.26521,17.248357,2.525883,-2.30445,4.3117,-2.57029,50,5.17215,8.14492,-128.3438,-1.9993,-3.85398,25.90111,-24.96313,88.30369,19.59652,7.2012,1.1639,2.30864,0.37403,1000103236,Right,54.20934,-129.1905,12.95055,5.22416,-1.18327,-12.48157,-2.83861,8.27091,-1.92699,234.230551,1.16393,141.20184,-24.36855,4.67225,-0.8241,0.09934,-0.00372,-0.00102,0.00014,2.30859,29.15895,-12.57426,0.28614,-0.13543,0.12274,-0.04896,0.01025,-0.00088,0.37394,20.19993,8.37096,-2.64618,0.44588,0.05419,-0.05402,0.01316,-0.00118,,,,,,,,,,,,,,,,,,,,,,,High,High,High,High,High,,,,v3
106,2/9/2023,2,1,1000064685,Right,T_B,1000066765,Right,T_A,4,Bottom,1,0,0,0-0,Slider,Slider,StrikeCalled,Undefined,Undefined,,Undefined,0,0,81.59322,0.571772,-3.165981,2495.89928,58.006801,8:00,5.27381,2.97302,5.05123,-46.76459,-3.14996,-7.28642,1.91688,-0.62323,74.70146,-7.878514,-4.450905,0.475321,,,,,,,,,,,,2.68217,-1.29417,-2.66522,50,5.2911,6.84976,-118.19419,-0.56589,3.77461,23.61267,-33.99535,79.29884,,6.89176,,,,1000103236,Right,55.44794,-119.27761,11.80634,5.28128,0.99391,-16.99768,-2.97553,6.67657,1.88731,,,,,,,,,,,,,,,,,,,,,,,,,,,,,,,,,,,,,,,,,,,,,,,,,,,High,High,High,,,,,,v3
107,2/9/2023,2,2,1000064685,Right,T_B,1000066765,Right,T_A,4,Bottom,1,0,0,0-0,Slider,Slider,InPlay,Undefined,GroundBall,GroundBall,Out,1,0,81.67262,0.337677,-2.973719,2572.101796,77.938697,8:30,5.21729,2.89048,5.33993,-43.13396,-0.28972,-7.5265,1.94001,-0.52893,75.07719,-7.503282,-4.308343,0.471105,92.78703,0.123161,-8.212833,1470.437594,,,,42.63699,41.26036,-7.819145,0.30798,2.9848,0.07157,-2.61632,50,5.21645,6.45494,-118.46261,-0.81879,4.23607,22.89804,-32.07247,80.00861,2.15289,6.59542,2.41763,2.15257,0.40772,1000103236,Right,55.1612,-119.45606,11.44902,5.22179,0.57271,-16.03624,-2.89239,6.27116,2.11803,31.477414,2.42002,134.58824,-17.20821,,,,,,,2.15676,0.11117,-23.14232,,,,,,,0.40893,-19.4928,-2.18588,,,,,,,,,,,,,,,,,,,,,,,,,,,,,High,High,High,High,High,,,,v3
108,2/9/2023,3,1,1000064685,Right,T_B,1000110361,Right,T_A,4,Bottom,2,0,0,0-0,Slider,Slider,StrikeCalled,Undefined,Undefined,,Undefined,0,0,81.22334,0.347109,-4.012845,2524.733339,75.975869,8:30,5.27812,2.77274,4.93866,-44.69892,-0.37126,-7.25575,1.88208,-1.63074,74.29013,-7.719439,-5.286983,0.479191,,,,,,,,,,,,2.40134,0.13972,-2.37581,50,5.27496,8.55455,-117.50819,-0.95191,3.3372,23.52897,-31.97986,78.65845,,6.93321,,,,1000103236,Right,55.56008,-118.61627,11.76449,5.28432,0.55416,-15.98993,-2.77498,8.39739,1.6686,,,,,,,,,,,,,,,,,,,,,,,,,,,,,,,,,,,,,,,,,,,,,,,,,,,High,High,High,,,,,,v3
109,2/9/2023,3,2,1000064685,Right,T_B,1000110361,Right,T_A,4,Bottom,2,0,1,0-1,Slider,Slider,StrikeCalled,Undefined,Undefined,,Undefined,0,0,79.67989,0.180847,-3.523974,2505.340326,72.542247,8:30,5.31512,2.776,5.48021,-46.28695,-1.3711,-8.81347,1.62741,-1.25989,73.26294,-8.236934,-5.089562,0.48236,,,,,,,,,,,,3.44421,-0.3337,-2.46027,50,5.29947,7.45886,-115.50066,-1.21104,4.63784,22.15093,-32.6234,78.14171,,6.41695,,,,1000103236,Right,55.0198,-116.45938,11.07547,5.32133,0.20095,-16.3117,-2.77876,7.25813,2.31892,,,,,,,,,,,,,,,,,,,,,,,,,,,,,,,,,,,,,,,,,,,,,,,,,,,High,High,High,,,,,,v3
110,2/9/2023,3,3,1000064685,Right,T_B,1000110361,Right,T_A,4,Bottom,2,0,2,0-2,Slider,Slider,StrikeSwinging,Strikeout,Undefined,,Undefined,0,0,88.65154,-1.064387,-5.39816,2311.538936,188.763538,12:15,5.44202,2.77056,5.95932,-24.95745,10.60595,1.47024,2.37071,-2.12753,81.53198,-5.696535,-5.136047,0.429213,,,,,,,,,,,,-2.17398,6.06315,-2.34165,50,5.34319,12.06085,-128.28257,-3.20889,-3.64199,25.2122,-22.01663,87.81753,,7.11955,,,,1000103236,Right,54.53876,-129.17152,12.6061,5.44264,-2.43261,-11.00832,-2.76916,12.18927,-1.821,,,,,,,,,,,,,,,,,,,,,,,,,,,,,,,,,,,,,,,,,,,,,,,,,,,High,High,High,,,,,,v3
111,2/9/2023,1,1,10023185,Right,T_A,1000138679,Right,T_B,5,Top,0,0,0,0-0,Slider,Slider,StrikeCalled,Undefined,Undefined,,Undefined,0,0,80.67281,-1.045569,-3.817657,1843.471167,182.516754,12:00,5.50366,1.66532,5.88043,-35.16632,8.01973,0.29157,1.59986,-1.86104,73.97666,-7.539507,-3.765488,0.47298,,,,,,,,,,,,-1.23941,4.82362,-1.35677,50,5.39876,7.79054,-116.914,-3.23299,-1.71125,22.5522,-25.51414,79.69137,,6.69615,,,,1000079507,Right,54.61776,-117.80138,11.2761,5.50622,-2.22906,-12.75707,-1.66464,7.85787,-0.85562,,,,,,,,,,,,,,,,,,,,,,,,,,,,,,,,,,,,,,,,,,,,,,,,,,,High,High,High,,,,,,v3
112,2/9/2023,1,2,10023185,Right,T_A,1000138679,Right,T_B,5,Top,0,0,1,0-1,Slider,Slider,StrikeCalled,Undefined,Undefined,,Undefined,0,0,82.76197,-0.348382,-2.820775,2042.367672,158.511337,11:15,5.45739,1.63201,5.89011,-33.88344,6.96957,-2.24047,2.3099,-1.17594,75.90935,-6.616081,-3.222233,0.460027,,,,,,,,,,,,0.35693,4.06244,-1.40326,50,5.40984,6.00538,-120.10218,-1.818,0.52102,23.38631,-26.24377,81.93525,,6.85262,,,,1000079507,Right,54.6081,-120.99614,11.69316,5.46016,-0.8148,-13.12189,-1.63244,5.98546,0.26051,,,,,,,,,,,,,,,,,,,,,,,,,,,,,,,,,,,,,,,,,,,,,,,,,,,High,High,High,,,,,,v3
113,2/9/2023,1,3,10023185,Right,T_A,1000138679,Right,T_B,5,Top,0,0,2,0-2,Fastball,Sinker,BallCalled,Undefined,Undefined,,Undefined,0,0,90.08292,-1.300736,-3.825644,1869.674954,219.022251,1:15,5.65118,1.28314,5.74424,-15.84147,19.15556,14.54013,3.11708,-1.07239,81.541,-4.337701,-1.231117,0.425782,,,,,,,,,,,,-8.50835,10.47221,-0.97355,50,5.53327,8.07769,-130.43861,-3.42121,-14.54932,29.3497,-14.26652,88.5253,,8.54193,,,,1000079507,Right,54.75285,-131.50369,14.67485,5.64803,-2.90349,-7.13326,-1.27627,8.60567,-7.27466,,,,,,,,,,,,,,,,,,,,,,,,,,,,,,,,,,,,,,,,,,,,,,,,,,,High,High,High,,,,,,v3
114,2/9/2023,1,4,10023185,Right,T_A,1000138679,Right,T_B,5,Top,0,1,2,1-2,Slider,Curveball,BallCalled,Undefined,Undefined,,Undefined,0,0,77.7165,-1.00823,-3.057453,2061.67956,69.050404,8:15,5.52582,1.34905,5.42007,-49.34428,-1.7289,-8.65886,0.46792,-2.23922,71.27955,-9.955141,-4.597518,0.496644,,,,,,,,,,,,3.45209,-0.16071,-1.07102,50,5.40164,6.34469,-112.61151,-3.62676,4.38526,22.50112,-32.37819,75.8943,,6.43695,,,,1000079507,Right,55.08011,-113.62204,11.25056,5.53186,-2.17264,-16.1891,-1.35154,6.14775,2.19263,,,,,,,,,,,,,,,,,,,,,,,,,,,,,,,,,,,,,,,,,,,,,,,,,,,High,High,High,,,,,,v3
115,2/9/2023,1,5,10023185,Right,T_A,1000138679,Right,T_B,5,Top,0,2,2,2-2,Slider,Slider,BallCalled,Undefined,Undefined,,Undefined,0,0,82.17423,0.627944,-2.985397,1909.482403,165.236098,11:30,5.528,1.5622,5.46799,-32.29907,10.1489,-2.29803,3.42492,-1.42581,74.62803,-5.349647,-3.393509,0.468921,,,,,,,,,,,,0.25665,5.34973,-1.29781,50,5.56155,6.30315,-119.0355,0.23327,0.36534,24.52212,-24.55842,80.38116,,7.5462,,,,1000079507,Right,55.02843,-120.06692,12.26106,5.53002,1.26622,-12.27921,-1.56261,6.28778,0.18267,,,,,,,,,,,,,,,,,,,,,,,,,,,,,,,,,,,,,,,,,,,,,,,,,,,High,High,High,,,,,,v3
116,2/9/2023,1,6,10023185,Right,T_A,1000138679,Right,T_B,5,Top,0,3,2,3-2,Fastball,Changeup,StrikeCalled,Strikeout,Undefined,,Undefined,0,0,87.60343,-2.240743,-4.486773,1913.889736,220.325333,1:15,5.56057,1.34205,6.15745,-17.3519,19.09741,15.14288,2.03705,-1.54964,79.5371,-5.569847,-1.766665,0.434526,,,,,,,,,,,,-9.1365,10.89701,-1.00827,50,5.38088,9.33705,-126.79874,-5.43527,-14.78526,27.38333,-14.53979,86.74375,,8.06633,,,,1000079507,Right,54.34057,-127.73269,13.69166,5.5578,-4.93937,-7.2699,-1.33532,9.84133,-7.39263,,,,,,,,,,,,,,,,,,,,,,,,,,,,,66.34371,,,1.003149,,,,0.35344,5.30201,-2.15002,73.28995,6.63155,-51.49443,0.4274,77.23901,-4.55432,5.35783,14.56964,-13.22824,-2.2683,-55.03369,5.88558,High,High,High,,,High,High,High,v3
117,2/9/2023,2,1,10023185,Right,T_A,1000102964,Right,T_B,5,Top,1,0,0,0-0,Fastball,Sinker,StrikeCalled,Undefined,Undefined,,Undefined,0,0,89.23913,-2.430286,-4.21937,1902.808713,225.400211,1:30,5.60899,1.40032,6.06024,-18.83871,16.38072,15.38989,1.7823,-1.22948,81.12923,-6.008418,-1.457535,0.427132,,,,,,,,,,,,-9.15056,9.50339,-1.08034,50,5.40967,8.88945,-129.18679,-6.04672,-15.3817,28.25133,-16.19925,88.24534,,8.1099,,,,1000079507,Right,54.438,-130.1537,14.12567,5.60713,-5.4923,-8.09962,-1.3936,9.4159,-7.69085,,,,,,,,,,,,,,,,,,,,,,,,,,,,,,,,,,,,,,,,,,,,,,,,,,,High,High,High,,,,,,v3
118,2/9/2023,2,2,10023185,Right,T_A,1000102964,Right,T_B,5,Top,1,0,1,0-1,Fastball,Four-Seam,BallCalled,Undefined,Undefined,,Undefined,0,0,89.78976,-3.143181,-4.547676,1982.614578,212.594669,1:00,5.62237,1.23885,6.10078,-16.19115,18.67009,11.16091,1.35407,-2.0458,81.52732,-6.244869,-2.545911,0.424955,,,,,,,,,,,,-7.09575,10.91701,-0.89409,50,5.37108,9.85927,-129.82206,-7.58977,-12.02812,28.8892,-13.66849,88.69752,,8.26244,,,,1000079507,Right,54.39667,-130.79679,14.4446,5.61938,-7.1286,-6.83425,-1.23359,10.26511,-6.01406,,,,,,,,,,,,,,,,,,,,,,,,,,,,,,,,,,,,,,,,,,,,,,,,,,,High,High,High,,,,,,v3
119,2/9/2023,2,3,10023185,Right,T_A,1000102964,Right,T_B,5,Top,1,1,1,1-1,Slider,Slider,BallCalled,Undefined,Undefined,,Undefined,0,0,81.40043,-1.179818,-3.743394,2024.932556,164.527875,11:30,5.4932,1.42427,5.74062,-27.76029,14.90036,-3.74343,2.07879,-2.37821,74.49484,-6.342374,-4.410696,0.470094,,,,,,,,,,,,0.83445,8.3426,-1.11015,50,5.37798,7.86283,-117.91602,-3.27722,1.17223,22.88454,-20.45414,80.18056,,6.90559,,,,1000079507,Right,54.75605,-118.83546,11.44227,5.49314,-2.45542,-10.22707,-1.42511,7.81574,0.58612,,,,,,,,,,,,,,,,,,,,,,,,,,,,,,,,,,,,,,,,,,,,,,,,,,,High,High,High,,,,,,v3
120,2/9/2023,2,4,10023185,Right,T_A,1000102964,Right,T_B,5,Top,1,2,1,2-1,Fastball,Sinker,BallCalled,Undefined,Undefined,,Undefined,0,0,88.01513,0.669612,-4.195155,1903.509135,223.625642,1:30,5.5779,1.32346,5.92454,-20.55363,16.1693,14.12816,4.48814,-1.3989,78.95099,-3.252429,-1.668203,0.436154,,,,,,,,,,,,-8.51422,8.42323,-0.995,50,5.62006,8.72658,-127.32031,0.89079,-13.7577,29.94819,-18.56336,86.42001,,9.06413,,,,1000079507,Right,54.5703,-128.39083,14.97409,5.57636,1.55435,-9.28168,-1.31573,9.21836,-6.87885,,,,,,,,,,,,,,,,,,,,,,,,,,,,,,,,,,,,,,,,,,,,,,,,,,,High,High,High,,,,,,v3
121,2/9/2023,2,5,10023185,Right,T_A,1000102964,Right,T_B,5,Top,1,3,1,3-1,Fastball,Changeup,InPlay,Undefined,GroundBall,GroundBall,Single,0,0,86.61822,-0.263847,-2.742386,1824.3936,232.195166,1:45,5.62302,1.26445,5.90708,-25.0471,12.67733,14.60182,3.29057,-0.06621,78.14534,-4.984522,-0.123666,0.442062,106.58715,-0.345883,-25.808414,3008.148749,,,,53.45963,53.45963,-25.831408,0.349412,-8.39465,6.96315,-1.0527,50,5.58767,5.41946,-125.57918,-1.36086,-13.21467,28.80627,-21.21285,85.26514,3.37697,8.47288,2.52585,3.37697,0.18509,1000079507,Right,54.59114,-126.62795,14.40314,5.62316,-0.58855,-10.60643,-1.25877,5.90058,-6.60734,50.326562,2.53695,140.30703,-28.29584,,,,,,,3.38659,-1.31316,-24.05521,,,,,,,0.18747,-68.15059,2.6974,,,,,,,,,,,,,,,,,,,,,,,,,,,,,High,High,High,High,High,,,,v3
122,2/9/2023,3,1,10023185,Right,T_A,8886045,Left,T_B,5,Top,1,0,0,0-0,Fastball,Changeup,HitByPitch,Undefined,Undefined,GroundBall,Undefined,0,0,86.35622,-0.345132,-4.268341,1728.650084,206.572715,1:00,5.57118,1.57949,6.32917,-20.483,17.16867,7.88441,3.54556,-1.70127,77.47119,-4.286438,-2.848093,0.441635,27.91069,-7.595936,-138.846044,2518.361895,,,,10.8157,10.8157,-140.839905,0.321165,-5.56957,9.4639,-1.27141,50,5.53631,9.02798,-125.01347,-1.29574,-8.63896,29.86978,-17.49455,85.34749,3.05577,8.88503,1.24808,3.05577,1.54219,1000079507,Right,54.16827,-126.00547,14.93489,5.5697,-0.71473,-8.74727,-1.576,9.31489,-4.31948,170.232659,1.24734,-30.5209,1.64131,,,,,,,3.05663,-5.44543,-12.68727,,,,,,,1.5415,-26.67396,1.89925,,,,,,,,,,,,,,,,,,,,,,,,,,,,,High,High,High,Medium,High,,,,v3
123,2/9/2023,4,1,10023185,Right,T_A,1000103136,Right,T_B,5,Top,1,0,0,0-0,Fastball,Changeup,BallCalled,Undefined,Undefined,,Undefined,0,0,86.43101,-0.034421,-3.523002,1758.789785,219.335622,1:15,5.58108,1.64832,6.23099,-22.88088,14.51536,10.82068,3.64252,-0.70426,78.0759,-4.387291,-1.573777,0.440135,,,,,,,,,,,,-6.66437,7.90863,-1.39005,50,5.56716,7.27623,-125.26757,-0.72616,-10.47029,27.96344,-19.74887,85.63844,,8.35511,,,,1000079507,Right,54.26506,-126.21607,13.98172,5.58043,-0.05629,-9.87444,-1.64288,7.63137,-5.23514,,,,,,,,,,,,,,,,,,,,,,,,,,,,,,,,,,,,,,,,,,,,,,,,,,,High,High,High,,,,,,v3
124,2/9/2023,4,2,10023185,Right,T_A,1000103136,Right,T_B,5,Top,1,1,0,1-0,Fastball,Changeup,StrikeCalled,Undefined,Undefined,,Undefined,0,0,87.19023,-1.244661,-3.436833,1907.160947,214.300504,1:15,5.68631,1.57559,5.95594,-18.94434,18.27922,11.55194,2.9511,-0.65278,78.62698,-4.869624,-1.366029,0.439117,,,,,,,,,,,,-6.95819,10.13193,-1.30848,50,5.5767,7.09317,-126.25811,-3.27528,-11.08719,28.7979,-16.0298,85.83688,,8.56325,,,,1000079507,Right,54.53935,-127.28927,14.39895,5.6837,-2.70131,-8.0149,-1.56957,7.49017,-5.5436,,,,,,,,,,,,,,,,,,,,,,,,,,,,,,,,,,,,,,,,,,,,,,,,,,,High,High,High,,,,,,v3
125,2/9/2023,4,3,10023185,Right,T_A,1000103136,Right,T_B,5,Top,1,1,1,1-1,Fastball,Changeup,BallCalled,Undefined,Undefined,,Undefined,0,0,87.08346,1.383204,-3.820482,1826.191843,221.018044,1:15,5.65557,1.68445,5.77779,-20.57611,17.18615,13.73828,5.23105,-0.73083,77.95745,-2.544192,-1.36878,0.442283,,,,,,,,,,,,-8.16016,8.66193,-1.37666,50,5.75782,7.80768,-125.94083,2.44591,-12.88608,29.58183,-18.49557,85.22243,,9.12601,,,,1000079507,Right,54.71631,-127.0438,14.79092,5.65377,3.13552,-9.24778,-1.67673,8.28815,-6.44304,,,,,,,,,,,,,,,,,,,,,,,,,,,,,,,,,,,,,,,,,,,,,,,,,,,High,High,High,,,,,,v3
126,2/9/2023,4,4,10023185,Right,T_A,1000103136,Right,T_B,5,Top,1,2,1,2-1,Fastball,Changeup,StrikeCalled,Undefined,Undefined,,Undefined,0,0,85.173,-2.142451,-4.526167,1788.068352,216.865941,1:15,5.48415,1.57316,6.34591,-19.10273,19.63048,13.61505,1.91291,-1.46755,76.50874,-5.835072,-2.072237,0.447933,,,,,,,,,,,,-8.54197,11.32709,-1.24963,50,5.31887,9.21563,-123.15855,-5.08804,-12.88065,28.61858,-15.09369,84.14749,,8.66426,,,,1000079507,Right,54.14961,-124.11906,14.30929,5.48114,-4.58146,-7.54685,-1.56618,9.64794,-6.44033,,,,,,,,,,,,,,,,,,,,,,,,,,,,,77.36478,1.621247,0.747981,0.873267,-0.25576,1.7398,1.52693,-1.66386,5.46484,-1.2292,63.12484,5.52543,-61.65992,-1.58708,79.41446,-6.03191,5.50433,10.96972,-12.50659,-1.38976,-77.57575,9.69758,High,High,High,,,High,High,High,v3
127,2/9/2023,4,5,10023185,Right,T_A,1000103136,Right,T_B,5,Top,1,2,2,2-2,Slider,Curveball,FoulBall,Undefined,Undefined,,Undefined,0,0,76.36223,1.816216,-2.44004,2076.61813,75.384904,8:30,5.45027,1.71111,5.85911,-49.83385,-1.26992,-11.16316,2.98692,-1.48746,69.46659,-7.368181,-4.438689,0.501566,,,,,,,,,,,,4.9465,-0.74795,-1.50649,50,5.56886,5.1245,-110.71747,1.97937,6.06301,22.08327,-33.09083,75.14946,,6.89564,,,,1000079507,Right,54.64006,-111.63913,11.04164,5.45743,3.36042,-16.54541,-1.71508,4.87146,3.0315,,,,,,,,,,,,,,,,,,,,,,,,,,,,,,,,,,,,,,,,,,,,,,,,,,,High,High,High,,,,,,v3
128,2/9/2023,4,6,10023185,Right,T_A,1000103136,Right,T_B,5,Top,1,2,2,2-2,Slider,Curveball,StrikeSwinging,Strikeout,Undefined,,Undefined,0,0,77.02141,0.625435,-2.946315,2070.869255,76.954209,8:30,5.41616,1.56274,6.09336,-47.69125,-0.27606,-8.26028,2.02118,-1.85327,70.06911,-8.19402,-4.432024,0.495599,,,,,,,,,,,,3.29272,0.19063,-1.33146,50,5.43989,6.04737,-111.67252,-0.21257,4.09729,22.85024,-31.93686,76.05436,,6.9523,,,,1000079507,Right,54.40414,-112.57008,11.42512,5.4236,1.04192,-15.96843,-1.56584,5.88643,2.04865,,,,,,,,,,,,,,,,,,,,,,,,,,,,,,,,,,,,,,,,,,,,,,,,,,,High,High,High,,,,,,v3
129,2/9/2023,5,1,10023185,Right,T_A,1000051953,Right,T_B,5,Top,2,0,0,0-0,Slider,Curveball,BallCalled,Undefined,Undefined,,Undefined,0,0,73.73606,0.012717,-1.202131,2079.882656,51.277067,7:45,5.35907,1.89019,5.65713,-59.73594,-7.53103,-11.51938,0.39293,-0.191,67.85848,-10.851521,-3.267009,0.520028,,,,,,,,,,,,5.54359,-3.45146,-1.78076,50,5.32179,2.64982,-107.08855,-1.82125,6.37071,20.28431,-36.14045,72.4815,,5.87758,,,,1000079507,Right,54.84516,-108.00241,10.14216,5.36716,-0.19304,-18.07022,-1.89368,2.3628,3.18535,,,,,,,,,,,,,,,,,,,,,,,,,,,,,,,,,,,,,,,,,,,,,,,,,,,High,High,High,,,,,,v3
130,2/9/2023,5,2,10023185,Right,T_A,1000051953,Right,T_B,5,Top,2,1,0,1-0,Fastball,Four-Seam,BallCalled,Undefined,Undefined,,Undefined,0,0,86.93499,-2.979712,-4.475775,2050.969529,206.327154,1:00,5.46903,1.64474,6.32027,-16.94591,20.10808,9.28288,1.30165,-1.71231,78.58,-6.251483,-2.804038,0.438116,,,,,,,,,,,,-6.23457,11.78729,-1.32124,50,5.24224,9.47516,-125.70371,-6.97845,-9.84937,28.49412,-13.5525,86.03306,,8.35499,,,,1000079507,Right,54.17664,-126.64692,14.24706,5.46582,-6.52983,-6.77625,-1.64028,9.80119,-4.92469,,,,,,,,,,,,,,,,,,,,,,,,,,,,,,,,,,,,,,,,,,,,,,,,,,,High,High,High,,,,,,v3
131,2/9/2023,5,3,10023185,Right,T_A,1000051953,Right,T_B,5,Top,2,2,0,2-0,Slider,Slider,StrikeCalled,Undefined,Undefined,,Undefined,0,0,81.30883,0.433372,-2.666432,1931.899707,141.982768,10:45,5.40281,1.82964,6.13995,-33.91222,8.36575,-5.42528,2.97773,-1.08844,73.89838,-5.905285,-3.642676,0.467981,,,,,,,,,,,,1.97091,4.6324,-1.62363,50,5.41862,5.69892,-117.93674,-0.12023,2.74904,24.45585,-25.71275,80.54262,,7.41045,,,,1000079507,Right,54.35636,-118.83666,12.22793,5.40564,0.82594,-12.85638,-1.83148,5.59777,1.37452,,,,,,,,,,,,,,,,,,,,,,,,,,,,,,,,,,,,,,,,,,,,,,,,,,,High,High,High,,,,,,v3
132,2/9/2023,5,4,10023185,Right,T_A,1000051953,Right,T_B,5,Top,2,2,1,2-1,Slider,Slider,StrikeCalled,Undefined,Undefined,,Undefined,0,0,79.85651,-0.647863,-3.340768,1880.084647,167.837175,11:30,5.41795,1.90286,6.26354,-32.17002,11.6902,-2.18492,2.13875,-1.36288,72.37194,-6.69252,-3.734587,0.476658,,,,,,,,,,,,0.06236,6.74178,-1.65418,50,5.3544,6.83541,-115.72283,-2.20859,0.08336,24.4294,-23.16039,79.07651,,7.48456,,,,1000079507,Right,54.232,-116.61279,12.2147,5.41949,-1.36486,-11.58019,-1.90314,6.83237,0.04168,,,,,,,,,,,,,,,,,,,,,,,,,,,,,,,,,,,,,,,,,,,,,,,,,,,High,High,High,,,,,,v3
133,2/9/2023,5,5,10023185,Right,T_A,1000051953,Right,T_B,5,Top,2,2,2,2-2,Slider,Curveball,FoulBall,Undefined,Undefined,GroundBall,Undefined,0,0,73.63825,2.085227,-1.224559,2001.849252,81.037772,8:45,5.45545,1.89573,5.57246,-52.77196,-0.02756,-11.57611,3.00682,-0.21294,66.95938,-7.605064,-3.289091,0.522709,40.39883,-2.444203,148.813919,4638.744977,,,,19.0591,19.0591,141.536798,0.39089,5.53036,-0.2428,-1.7822,50,5.60028,2.69523,-106.78287,2.27306,6.30412,20.57558,-32.45081,72.10986,2.52703,6.67887,4.15431,2.52703,0.43489,1000079507,Right,54.92769,-107.72819,10.28779,5.4616,3.76397,-16.22541,-1.89937,2.4056,3.15206,188.915536,4.15137,-50.54261,4.48067,,,,,,,2.52718,-2.53072,-10.067,,,,,,,0.43709,30.57851,-3.51477,,,,,,,,,,,,,,,,,,,,,,,,,,,,,High,High,High,Low,Medium,,,,v3
134,2/9/2023,5,6,10023185,Right,T_A,1000051953,Right,T_B,5,Top,2,2,2,2-2,Slider,Curveball,BallCalled,Undefined,Undefined,,Undefined,0,0,76.34428,2.319751,-2.043767,2045.993901,73.513587,8:30,5.47155,1.75327,5.91667,-49.4057,-1.09154,-9.0565,3.5098,-0.89896,69.5475,-6.800207,-3.667397,0.500275,,,,,,,,,,,,4.0013,-0.75374,-1.58441,50,5.62983,4.28303,-110.72205,2.97131,4.92497,21.3367,-33.10181,75.34346,,6.79678,,,,1000079507,Right,54.58201,-111.60153,10.66835,5.47924,4.33574,-16.5509,-1.75677,4.08003,2.46248,,,,,,,,,,,,,,,,,,,,,,,,,,,,,,,,,,,,,,,,,,,,,,,,,,,High,High,High,,,,,,v3
135,2/9/2023,5,7,10023185,Right,T_A,1000051953,Right,T_B,5,Top,2,3,2,3-2,Slider,Slider,StrikeCalled,Strikeout,Undefined,,Undefined,0,0,79.65201,-0.290012,-2.947534,1961.447536,137.226774,10:30,5.4237,1.74063,6.0033,-34.67628,9.4926,-7.44233,2.26495,-1.61298,72.76467,-6.735829,-4.282851,0.478332,,,,,,,,,,,,2.94626,5.41028,-1.50475,50,5.38201,6.22622,-115.52742,-1.61926,3.95592,22.83006,-24.90973,78.79971,,6.88734,,,,1000079507,Right,54.49402,-116.41212,11.41503,5.42605,-0.65397,-12.45487,-1.74306,6.07292,1.97796,,,,,,,,,,,,,,,,,,,,,,,,,,,,,,,,,,,,,,,,,,,,,,,,,,,High,High,High,,,,,,v3
136,2/9/2023,1,1,1000187700,Left,T_B,1000187793,Left,T_A,5,Bottom,0,0,0,0-0,Fastball,Four-Seam,FoulBall,Undefined,Undefined,,Undefined,0,0,87.2728,-1.368007,2.591921,2239.647238,145.836271,10:45,5.85153,-1.59611,5.20282,-21.6423,16.27257,-10.17071,2.75981,-0.00428,79.30885,-5.405103,0.791629,0.443176,68.04905,38.883629,-146.137839,4999.163165,,,,,45.61598,,,5.8739,8.90985,1.36417,50,5.70898,-5.27278,-126.44294,-3.76215,9.45365,27.19476,-17.83425,85.05071,32.81197,7.96395,1.22138,2.74153,0.00436,1000103236,Right,55.29562,-127.57681,13.59738,5.85034,-3.01856,-8.91713,1.59224,-5.66695,4.72683,48.37074,1.22138,-64.51271,1.68713,0.74228,-0.19197,0.06124,-0.01236,0.00136,7.00E-05,2.74153,62.65172,-26.24657,3.27831,-0.66348,0.14795,-0.0281,0.00779,-0.00189,0.00436,-43.28893,10.71762,-0.68721,0.10324,0.01117,-0.00475,-0.00035,0.00032,,,,,,,,,,,,,,,,,,,,,,,High,High,High,High,Low,,,,v3
137,2/9/2023,1,2,1000187700,Left,T_B,1000187793,Left,T_A,5,Bottom,0,0,1,0-1,Curveball,Curveball,StrikeSwinging,Undefined,Undefined,,Undefined,0,0,69.07283,1.889197,1.542332,2179.403649,322.792628,4:45,5.30313,-1.96551,4.41028,-75.58547,-12.37969,11.15611,0.80859,0.43644,62.83206,-11.586259,3.494938,0.572203,,,,,,,,,,,,-4.89622,-6.04611,1.78956,50,5.42951,-3.12142,-99.91364,0.69864,-4.84084,19.38861,-38.15179,65.87253,,6.24077,,,,1000103236,Right,56.09115,-101.08874,9.6943,5.3171,3.01093,-19.0759,1.96985,-2.82803,-2.42042,,,,,,,,,,,,,,,,,,,,,,,,,,,,,,,,,,,,,,,,,,,,,,,,,,,High,High,High,,,,,,v3
138,2/9/2023,1,3,1000187700,Left,T_B,1000187793,Left,T_A,5,Bottom,0,0,2,0-2,Fastball,Sinker,FoulBall,Undefined,Undefined,,Undefined,0,0,85.91802,-0.087418,2.850411,2183.178928,128.206027,10:15,5.82043,-1.66422,5.1772,-26.34454,12.7545,-14.54989,3.54269,-0.19238,78.11013,-4.964251,0.276757,0.450043,75.78857,52.787248,-38.181159,,,,,,166.81114,,,8.11654,6.76134,1.41062,50,5.79264,-5.55923,-124.51028,-1.11997,12.68443,26.04497,-21.60745,83.7529,90.36835,7.80789,1.58686,3.67862,0.13712,1000103236,Right,55.32158,-125.61851,13.02249,5.82073,-0.20055,-10.80373,1.65865,-6.09896,6.34221,158.987241,1.58686,52.84269,-20.32317,6.46256,-1.6515,0.36201,-0.05402,-0.00033,0.00133,3.67862,88.52443,-21.96843,1.46828,0.05213,-0.10973,0.04672,-0.01278,0.0018,0.13712,-41.55498,5.16246,-0.92377,0.0941,0.01648,-0.01718,0.00676,-0.00109,,,,,,,,,,,,,,,,,,,,,,,High,High,High,High,Low,,,,v3
139,2/9/2023,1,4,1000187700,Left,T_B,1000187793,Left,T_A,5,Bottom,0,0,2,0-2,Curveball,Curveball,BallCalled,Undefined,Undefined,,Undefined,0,0,69.5703,1.686489,2.236153,2227.535705,306.784768,4:15,5.30105,-1.84064,4.63227,-74.30406,-12.03009,19.27127,0.71369,1.89177,62.9959,-11.613536,5.618272,0.567969,,,,,,,,,,,,-8.533,-5.70272,1.5927,50,5.40651,-4.67801,-100.55965,0.43263,-8.48054,20.77431,-37.8417,66.36356,,6.57439,,,,1000103236,Right,55.86785,-101.76465,10.38716,5.31775,2.62761,-18.92085,1.84978,-4.1861,-4.24027,,,,,,,,,,,,,,,,,,,,,,,,,,,,,,,,,,,,,,,,,,,,,,,,,,,High,High,High,,,,,,v3
140,2/9/2023,1,5,1000187700,Left,T_B,1000187793,Left,T_A,5,Bottom,0,1,2,1-2,Curveball,Curveball,InPlay,Undefined,Popup,FlyBall,Single,0,0,66.84434,2.752044,-0.16839,2073.363106,317.977577,4:30,5.25517,-1.9183,4.49437,-80.46682,-13.34961,14.21599,1.17399,-0.89409,60.89116,-11.624295,2.325365,0.589642,69.57803,33.033608,9.915991,2741.6699,109.49224,47.56704,10.55572,223.03858,223.03858,0.561713,3.702818,-7.05048,-6.94827,1.92115,50,5.46604,-0.23431,-96.73872,2.01913,-6.54957,17.86538,-38.62865,63.92429,48.57914,5.95318,4.30174,1.79622,1.01116,1000103236,Right,56.00899,-97.84215,8.93269,5.26765,4.40497,-19.31432,1.92313,0.17021,-3.27479,134.771415,4.30194,84.26997,-11.88208,2.38162,-0.51946,0.15988,-0.05514,0.01158,-0.00094,1.79639,55.62182,-18.11421,1.01578,0.07893,-0.16844,0.07383,-0.014,0.00098,1.01147,14.72362,-7.84641,2.04751,-0.47555,0.11938,-0.03414,0.00652,-0.0005,,,,,,,,,,,,,,,,,,,,,,,High,High,High,High,High,,,,v3
141,2/9/2023,2,1,1000187700,Left,T_B,1000058463,Right,T_A,5,Bottom,0,0,0,0-0,Fastball,Changeup,BallCalled,Undefined,Undefined,,Undefined,0,0,84.2048,0.706488,0.466069,2230.444103,129.055686,10:15,5.67716,-1.7736,4.79412,-29.59218,11.74575,-12.75855,3.8807,-2.39513,76.38956,-4.728242,-1.777589,0.462749,,,,,,,,,,,,6.38544,5.96985,1.73882,50,5.72254,-0.40716,-122.01797,0.40917,9.56202,25.51518,-23.23435,81.45328,,7.81524,,,,1000103236,Right,55.70239,-123.20463,12.75759,5.67838,1.48975,-11.61718,1.76809,-0.85187,4.78101,,,,,,,,,,,,,,,,,,,,,,,,,,,,,,,,,,,,,,,,,,,,,,,,,,,High,High,High,,,,,,v3
142,2/9/2023,2,2,1000187700,Left,T_B,1000058463,Right,T_A,5,Bottom,0,1,0,1-0,Fastball,Changeup,InPlay,Undefined,GroundBall,GroundBall,Error,1,1,84.81985,-2.252315,2.93145,2102.629374,134.08391,10:30,5.70625,-1.95265,4.92654,-25.43765,15.35517,-14.35178,1.45337,-0.37501,76.89649,-6.947748,0.403295,0.459688,88.43344,-8.205598,-35.757636,,,,,12.1461,12.1461,-28.231209,0.083744,8.03378,8.69796,1.67968,50,5.46609,-5.64293,-122.6857,-5.73129,12.12177,26.54652,-19.05011,81.99569,1.48577,7.92336,2.18629,1.48577,0.52631,1000103236,Right,55.57151,-123.88539,13.27326,5.70565,-4.87038,-9.52506,1.94707,-6.19074,6.06088,134.719865,2.18649,104.14325,-29.49341,,,,,,,1.48558,-18.48155,8.90264,,,,,,,0.52638,-75.02797,1.60329,,,,,,,,,,,,,,,,,,,,,,,,,,,,,High,High,High,Low,Low,,,,v3
143,2/9/2023,3,1,1000187700,Left,T_B,1000194300,Left,T_A,5,Bottom,1,0,0,0-0,Fastball,Sinker,StrikeCalled,Undefined,Undefined,,Undefined,0,0,86.2908,-2.200997,2.955733,2141.632632,131.69162,10:30,5.83269,-1.55488,5.06487,-24.69643,14.6293,-14.81154,1.69551,0.00031,77.97532,-6.778587,0.340064,0.451346,,,,,,,,,,,,8.26839,8.36453,1.28622,50,5.60438,-5.76757,-124.78369,-5.67129,12.8706,28.10013,-19.15383,83.51113,,8.31548,,,,1000103236,Right,55.43159,-126.0009,14.05007,5.83207,-4.8416,-9.57691,1.54813,-6.32508,6.4353,,,,,,,,,,,,,,,,,,,,,,,,,,,,,,,,,,,,,,,,,,,,,,,,,,,High,High,High,,,,,,v3
144,2/9/2023,3,2,1000187700,Left,T_B,1000194300,Left,T_A,5,Bottom,1,0,1,0-1,Fastball,Changeup,FoulBall,Undefined,Undefined,,Undefined,0,0,86.51914,-1.154822,3.250129,2180.412058,123.649485,10:00,5.68705,-1.70925,4.9933,-26.36742,12.70127,-17.00954,2.39751,-0.05475,78.33689,-6.021886,0.251639,0.449869,,,,,,,,,,,,9.38473,7.03603,1.41068,50,5.5549,-6.32422,-125.18811,-3.48843,14.75629,27.44107,-21.11079,83.78541,,8.18225,,,,1000103236,Right,55.50382,-126.38878,13.72053,5.68733,-2.56473,-10.5554,1.70152,-6.96988,7.37814,,,,,,,,,,,,,,,,,,,,,,,,,,,,,,,,,,,,,,,,,,,,,,,,,,,High,High,High,,,,,,v3
145,2/9/2023,3,3,1000187700,Left,T_B,1000194300,Left,T_A,5,Bottom,1,0,2,0-2,Curveball,Curveball,InPlay,Undefined,FlyBall,FlyBall,Out,1,0,68.87507,2.406999,0.019603,2175.881669,304.129751,4:15,5.32902,-1.8348,4.52773,-72.93059,-10.79701,18.78832,1.54499,-0.25044,63.5784,-10.596227,3.314825,0.567329,69.76992,40.415921,-9.684565,4503.803893,105.47696,66.17314,-31.21868,212.94747,209.71044,-23.28429,4.311819,-9.23583,-5.53488,1.81354,50,5.51012,-0.73391,-99.88814,1.74595,-9.29907,16.60904,-37.74682,66.43847,67.10546,5.29667,1.80252,1.67893,0.25114,1000103236,Right,55.97697,-100.87707,8.30452,5.33925,3.99347,-18.87341,1.84075,-0.18022,-4.64953,149.788406,1.80218,76.80765,-15.68233,3.69061,-0.78262,0.18051,-0.04123,0.00618,-0.00039,1.68013,66.31426,-18.7654,1.2239,-0.06846,-0.07302,0.03163,-0.00524,0.00031,0.25109,-13.10631,-3.55584,0.89676,-0.14862,0.01236,0.00021,-7.00E-05,0,,,,,,,,,,,,,,,,,,,,,,,High,High,High,High,Medium,,,,v3
146,2/9/2023,4,1,1000187700,Left,T_B,1000110355,Right,T_A,5,Bottom,2,0,0,0-0,Fastball,Sinker,FoulBall,Undefined,Undefined,,Undefined,0,0,85.58941,-2.10606,2.452757,2106.13214,135.176133,10:30,5.69029,-1.68007,5.23535,-26.14871,12.66835,-11.45717,1.52894,-0.32797,79.10622,-6.899481,0.421792,0.448418,69.37769,31.655965,121.304742,4223.736203,,,,,37.86833,,,6.3817,7.2137,1.4633,50,5.47689,-4.82965,-124.18673,-5.49591,10.0626,22.61491,-20.79951,84.05653,21.32515,6.4832,1.69521,1.48617,0.12782,1000103236,Right,55.26501,-125.14184,11.30746,5.69045,-4.61747,-10.39976,1.67625,-5.25463,5.0313,,1.70177,-45.19223,0.84461,,,,,,,1.50748,52.80431,-24.45338,,,,,,,0.15,73.38248,-14.59648,,,,,,,,,,,,,,,,,,,,,,,,,,,,,High,High,High,Medium,Low,,,,v3
147,2/9/2023,4,2,1000187700,Left,T_B,1000110355,Right,T_A,5,Bottom,2,0,1,0-1,ChangeUp,Changeup,BallCalled,Undefined,Undefined,,Undefined,0,0,76.20366,1.128808,1.574088,1637.428631,124.702928,10:15,5.13876,-2.12199,5.09862,-40.59734,9.38264,-11.08973,2.8199,-1.56246,69.22361,-6.321009,-0.386945,0.508826,,,,,,,,,,,,5.95839,4.83422,1.98242,50,5.21406,-2.58709,-110.41445,0.83362,7.29928,21.06636,-26.25196,74.07722,,6.98004,,,,1000103236,Right,55.39771,-111.43954,10.53318,5.14241,2.11104,-13.12598,2.11695,-2.94227,3.64964,,,,,,,,,,,,,,,,,,,,,,,,,,,,,,,,,,,,,,,,,,,,,,,,,,,High,High,High,,,,,,v3
148,2/9/2023,4,3,1000187700,Left,T_B,1000110355,Right,T_A,5,Bottom,2,1,1,1-1,Fastball,Sinker,BallCalled,Undefined,Undefined,,Undefined,0,0,84.59353,-3.243898,1.417368,2158.024507,135.963739,10:30,5.82898,-1.43907,4.89517,-25.19041,15.52296,-13.70808,0.65721,-1.24048,77.48787,-7.855597,-1.000099,0.45924,,,,,,,,,,,,7.12815,8.97091,1.31221,50,5.49027,-2.40732,-122.46199,-7.84283,10.81776,24.32993,-18.55973,82.07566,,7.10566,,,,1000103236,Right,55.60184,-123.56991,12.16496,5.82817,-6.99766,-9.27987,1.43305,-2.89993,5.40888,,,,,,,,,,,,,,,,,,,,,,,,,,,,,,,,,,,,,,,,,,,,,,,,,,,High,High,High,,,,,,v3
149,2/9/2023,4,4,1000187700,Left,T_B,1000110355,Right,T_A,5,Bottom,2,2,1,2-1,Curveball,Curveball,StrikeCalled,Undefined,Undefined,,Undefined,0,0,68.46045,3.3747,0.802899,2220.252823,308.430732,4:15,5.34055,-2.0033,4.67122,-73.33091,-9.97938,15.33717,2.43893,0.03742,62.34577,-9.795855,3.494764,0.572862,,,,,,,,,,,,-7.22603,-5.30051,1.90673,50,5.61802,-1.96769,-99.06075,3.4107,-7.07911,17.90539,-37.36678,65.79673,,6.11468,,,,1000103236,Right,55.83048,-100.10907,8.95269,5.35429,5.59844,-18.68339,2.0098,-1.55323,-3.53956,,,,,,,,,,,,,,,,,,,,,,,,,,,,,,,,,,,,,,,,,,,,,,,,,,,High,High,High,,,,,,v3
150,2/9/2023,4,5,1000187700,Left,T_B,1000110355,Right,T_A,5,Bottom,2,2,2,2-2,Curveball,Curveball,BallCalled,Undefined,Undefined,,Undefined,0,0,67.79554,3.250356,-2.135646,2121.956015,306.128018,4:15,5.44633,-1.96231,4.61747,-75.47815,-10.72489,17.8104,2.25216,-2.50947,61.71734,-10.28781,0.989112,0.579165,,,,,,,,,,,,-9.33571,-5.56705,2.16443,50,5.71111,2.98411,-98.06198,3.07027,-8.96611,17.48713,-37.5207,65.08068,,6.07819,,,,1000103236,Right,55.88492,-99.10587,8.74357,5.46098,5.31005,-18.76035,1.97032,3.51934,-4.48305,,,,,,,,,,,,,,,,,,,,,,,,,,,,,,,,,,,,,,,,,,,,,,,,,,,High,High,High,,,,,,v3
151,2/9/2023,4,6,1000187700,Left,T_B,1000110355,Right,T_A,5,Bottom,2,3,2,3-2,Fastball,Changeup,StrikeSwinging,Strikeout,Undefined,GroundBall,Undefined,0,0,85.57653,-0.076382,1.749849,2098.591493,138.664678,10:30,5.64319,-1.76546,4.74931,-22.5223,17.48296,-14.20654,3.69386,-1.28922,77.74491,-4.253876,-0.74537,0.455229,34.58655,0.913023,163.946847,1825.450756,,,,25.36582,25.36582,161.710598,0.4789,7.44607,8.97914,1.60278,50,5.61653,-3.12261,-123.9914,-0.96608,11.5495,25.6351,-18.24655,82.79886,3.26522,7.83162,-1.19121,3.25633,1.32887,1000103236,Right,55.74738,-125.17402,12.81755,5.64168,-0.12431,-9.12328,1.75913,-3.65543,5.77475,45.784041,-1.19121,-48.74247,2.14123,-0.42081,-0.6263,4.22141,-9.45357,9.63962,-3.78843,3.25633,0.80834,-16.35601,1.01012,-0.18342,0.4144,-0.00981,-1.14568,0.97173,1.32887,14.02564,-0.3799,-0.09974,0.3788,-0.86361,2.05668,-2.22925,0.89378,,,,,,,,,,,,,,,,,,,,,,,High,High,High,High,High,,,,v3
152,2/9/2023,1,1,10023185,Right,T_A,1000055244,Left,T_B,6,Top,0,0,0,0-0,Fastball,Changeup,InPlay,Undefined,FlyBall,,Sacrifice,1,1,86.45916,-1.672742,-2.025291,1727.430021,205.24008,12:45,5.51257,1.90083,6.06308,-17.87926,19.33237,8.54335,2.4731,0.7376,78.91889,-5.085859,-0.487965,0.439047,,,,,,,,,,,,-4.99118,10.81225,-1.74826,50,5.37315,4.09944,-125.51338,-4.15483,-7.94564,25.89146,-14.96165,85.85061,,7.54027,,,,1000079507,Right,54.43545,-126.42503,12.94573,5.51017,-3.62802,-7.48082,-1.89753,4.37921,-3.97282,,,,,,,,,,,,,,,,,,,,,,,,,,,,,,,,,,,,,,,,,,,,,,,,,,,High,High,High,,,,,,v3
153,2/9/2023,2,1,10023185,Right,T_A,1000094105,Right,T_B,6,Top,1,0,0,0-0,Slider,Slider,StrikeCalled,Undefined,Undefined,,Undefined,0,0,79.86684,0.445948,-2.755236,1799.566659,144.929139,10:45,5.48527,1.909,5.72499,-35.86813,8.34934,-4.87831,2.91211,-1.06572,73.1003,-6.183482,-3.626198,0.478595,,,,,,,,,,,,1.69417,4.55484,-1.67586,50,5.50055,5.76452,-115.84786,-0.23126,2.29764,22.05404,-25.9967,78.75643,,6.76654,,,,1000079507,Right,54.77254,-116.75287,11.02702,5.48816,0.83555,-12.99835,-1.91048,5.67023,1.14882,,,,,,,,,,,,,,,,,,,,,,,,,,,,,74.39849,1.594455,0.706662,0.887793,-0.81437,2.66384,1.20782,-2.85862,6.45624,3.07186,65.2859,3.88806,59.49446,-2.77154,83.80073,-7.9948,6.47187,7.45144,-11.66082,3.11709,67.62605,-4.61846,High,High,High,,,High,Medium,Medium,v3
154,2/9/2023,2,2,10023185,Right,T_A,1000094105,Right,T_B,6,Top,1,0,1,0-1,Fastball,Changeup,BallCalled,Undefined,Undefined,,Undefined,0,0,86.47842,-2.23446,-4.255332,1766.380304,207.503901,1:00,5.45275,1.70501,6.17816,-19.06903,18.2995,8.86099,1.79342,-1.49356,78.6125,-5.871282,-2.662989,0.439971,,,,,,,,,,,,-5.83796,10.50595,-1.38727,50,5.27362,8.96304,-125.19143,-5.41212,-9.20719,26.74908,-15.60489,85.67022,,7.86592,,,,1000079507,Right,54.31917,-126.11091,13.37454,5.45044,-4.87571,-7.80245,-1.70081,9.27953,-4.60359,,,,,,,,,,,,,,,,,,,,,,,,,,,,,80.48178,1.964603,0.727347,1.237256,0.21073,1.66823,1.54927,-0.58918,6.32603,1.89185,127.27981,4.16075,10.26547,-0.37401,115.26426,-9.73576,6.35504,12.67241,-11.66903,1.79867,3.23388,2.90249,High,High,High,,,High,High,High,v3
155,2/9/2023,2,3,10023185,Right,T_A,1000094105,Right,T_B,6,Top,1,1,1,1-1,Slider,Slider,BallCalled,Undefined,Undefined,,Undefined,0,0,81.95971,-2.579623,-2.78974,2003.016267,163.70291,11:30,5.36591,1.90183,6.21381,-31.41096,9.83252,-2.49126,0.36325,-0.88236,75.3961,-8.407973,-3.239309,0.46222,,,,,,,,,,,,0.51209,6.21548,-1.69138,50,5.15646,5.88294,-118.89956,-6.28295,0.73144,23.26863,-23.29614,81.54647,,6.56361,,,,1000079507,Right,54.28604,-119.7354,11.63431,5.36712,-5.44613,-11.64807,-1.90223,5.85667,0.36572,,,,,,,,,,,,,,,,,,,,,,,,,,,,,,,,,,,,,,,,,,,,,,,,,,,High,High,High,,,,,,v3
156,2/9/2023,2,4,10023185,Right,T_A,1000094105,Right,T_B,6,Top,1,2,1,2-1,Fastball,Slider,StrikeSwinging,Undefined,Undefined,,Undefined,0,0,80.98977,-0.822914,-3.55954,1957.642398,178.538536,12:00,5.4023,2.07158,6.03188,-29.97742,12.28245,-0.28118,2.14061,-1.25238,74.65945,-6.396351,-3.60998,0.467881,,,,,,,,,,,,-0.78909,6.93819,-1.79307,50,5.3216,7.32051,-117.51319,-2.57869,-1.10955,21.10643,-22.418,80.5599,,6.33032,,,,1000079507,Right,54.46637,-118.31267,10.55322,5.4032,-1.72953,-11.209,-2.07115,7.36254,-0.55478,,,,,,,,,,,,,,,,,,,,,,,,,,,,,,,,,,,,,,,,,,,,,,,,,,,High,High,High,,,,,,v3
157,2/9/2023,2,5,10023185,Right,T_A,1000094105,Right,T_B,6,Top,1,2,2,2-2,Slider,Slider,InPlay,Undefined,GroundBall,GroundBall,Single,0,1,81.21707,-0.278697,-2.058684,1975.156128,138.468751,10:30,5.45356,1.86996,5.82073,-34.80533,7.82831,-5.7141,2.29383,-0.52105,74.28302,-6.72117,-3.082228,0.469946,70.73974,-9.175245,-26.359928,,,,,17.35112,17.35112,-19.498379,0.149748,2.34075,4.46831,-1.69801,50,5.41008,4.45489,-117.89327,-1.67007,3.27843,23.42658,-25.91578,80.20596,2.49613,6.93405,2.90232,2.49613,0.70413,1000079507,Right,54.67846,-118.8193,11.71329,5.45584,-0.64566,-12.95789,-1.87154,4.3253,1.63922,211.19395,2.90271,91.74021,-12.7059,,,,,,,2.49569,-16.50472,-1.05776,,,,,,,0.70354,-45.42436,13.72519,,,,,,,,,,,,,,,,,,,,,,,,,,,,,High,High,High,Low,Low,,,,v3
158,2/9/2023,3,1,10023185,Right,T_A,1000051968,Left,T_B,6,Top,1,0,0,0-0,Fastball,Changeup,BallCalled,Undefined,Undefined,,Undefined,0,0,87.07002,-2.514342,-3.358382,1787.900861,220.348674,1:15,5.43965,1.94374,6.33096,-20.53202,16.09611,12.59816,1.40792,-0.10242,79.12841,-6.422201,-1.082375,0.435591,,,,,,,,,,,,-7.58453,9.51591,-1.70446,50,5.24618,6.91686,-126.19292,-6.11447,-12.13027,27.64185,-16.95484,86.53176,,7.94161,,,,1000079507,Right,54.16737,-127.10248,13.82093,5.4382,-5.55657,-8.47742,-1.93863,7.31601,-6.06514,,,,,,,,,,,,,,,,,,,,,,,,,,,,,,,,,,,,,,,,,,,,,,,,,,,High,High,High,,,,,,v3
159,2/9/2023,3,2,10023185,Right,T_A,1000051968,Left,T_B,6,Top,1,1,0,1-0,Slider,Slider,FoulBall,Undefined,Undefined,,Undefined,0,0,81.04723,-0.62291,-2.115063,1957.688903,172.097984,11:45,5.34031,1.94434,6.08768,-30.91533,11.0054,-1.35803,2.18739,-0.12629,74.86038,-6.371927,-2.359539,0.466,,,,,,,,,,,,0.16098,6.20634,-1.78039,50,5.27567,4.39966,-117.81372,-2.19434,0.22773,21.00069,-23.39348,80.88508,,6.18685,,,,1000079507,Right,54.41294,-118.59774,10.50034,5.34129,-1.321,-11.69674,-1.94448,4.39116,0.11386,,,,,,,,,,,,,,,,,,,,,,,,,,,,,,,,,,,,,,,,,,,,,,,,,,,High,High,High,,,,,,v3
160,2/9/2023,3,3,10023185,Right,T_A,1000051968,Left,T_B,6,Top,1,1,1,1-1,Curveball,Curveball,StrikeCalled,Undefined,Undefined,,Undefined,0,0,73.74761,1.381598,-0.967384,2027.041689,57.525948,8:00,5.39928,1.84399,5.8067,-58.09566,-6.08138,-12.2956,1.84326,-0.08036,67.40932,-9.27018,-3.174034,0.519078,,,,,,,,,,,,5.96339,-2.99677,-1.7573,50,5.4783,2.24585,-107.06162,0.80605,6.83953,20.52668,-35.61112,72.61419,,6.33829,,,,1000079507,Right,54.69374,-107.95779,10.26334,5.40917,2.36078,-17.80556,-1.84883,1.94724,3.41977,,,,,,,,,,,,,,,,,,,,,,,,,,,,,,,,,,,,,,,,,,,,,,,,,,,High,High,High,,,,,,v3
161,2/9/2023,3,4,10023185,Right,T_A,1000051968,Left,T_B,6,Top,1,1,2,1-2,Curveball,Curveball,InPlay,Undefined,LineDrive,LineDrive,Single,0,0,75.12174,0.215781,-1.113711,2067.827071,58.761772,8:00,5.41024,1.93526,5.70679,-54.31716,-4.08457,-9.48528,1.0849,0.10702,68.85104,-9.711934,-2.814084,0.51011,89.54133,10.351522,22.322035,2747.816001,99.40852,6.36644,47.09458,145.13394,139.07426,26.865942,1.296863,4.55071,-1.80272,-1.83569,50,5.39405,2.45418,-109.08603,-1.26646,5.42373,21.14089,-34.32263,73.89075,8.35376,6.2707,3.45186,1.48161,-0.19596,1000079507,Right,54.79481,-110.01134,10.57044,5.4166,0.2358,-17.16131,-1.93791,2.21678,2.71187,276.017753,3.45185,119.50897,-21.25522,4.04819,-1.0293,0.4513,-0.2991,0.13469,-0.02538,1.48161,23.59777,-21.47758,2.36172,-0.51623,0.12678,-0.03534,0.00994,-0.00149,-0.19596,49.06712,2.60151,-1.49907,0.68632,-0.5721,0.4707,-0.2245,0.04333,,,,,,,,,,,,,,,,,,,,,,,High,High,High,High,High,,,,v3
162,2/9/2023,1,1,1000187700,Left,T_B,1000049656,Right,T_A,6,Bottom,0,0,0,0-0,ChangeUp,Changeup,BallCalled,Undefined,Undefined,,Undefined,0,0,75.29588,1.929091,1.0544,1582.340179,131.255327,10:30,5.25702,-2.07175,4.9885,-36.98746,14.75611,-14.71276,3.99727,-2.30208,67.83491,-4.91047,-1.540496,0.517725,,,,,,,,,,,,7.56709,7.21752,1.9827,50,5.41371,-1.40728,-108.9686,2.48723,8.97396,21.59433,-23.61462,72.80391,,7.46097,,,,1000103236,Right,55.50618,-110.05434,10.79717,5.25881,3.67457,-11.80731,2.0648,-1.85849,4.48698,,,,,,,,,,,,,,,,,,,,,,,,,,,,,,,,,,,,,,,,,,,,,,,,,,,High,High,High,,,,,,v3
163,2/9/2023,1,2,1000187700,Left,T_B,1000049656,Right,T_A,6,Bottom,0,1,0,1-0,Fastball,Changeup,InPlay,Undefined,LineDrive,LineDrive,Sacrifice,1,1,84.61594,-0.794454,2.877999,2029.400125,109.375915,9:45,5.50407,-1.8716,4.98166,-33.02049,7.91587,-18.33737,2.00111,-0.67953,76.55106,-6.842598,-0.357105,0.460496,87.80927,19.398882,7.560036,2945.991226,107.82474,30.67886,21.76753,274.29959,264.39645,17.583645,3.212736,10.04024,4.5663,1.60987,50,5.40077,-5.34516,-122.48354,-2.92227,15.05654,27.09206,-25.32634,81.85178,34.07994,8.06489,2.21172,2.08632,0.66711,1000103236,Right,55.51712,-123.69785,13.54603,5.50632,-1.78711,-12.66317,1.86457,-6.02002,7.52827,225.075509,2.21174,120.41878,-21.16061,4.6391,-0.97947,0.19295,-0.03236,0.00373,-0.0002,2.08632,42.77561,-15.20856,0.69698,-0.06921,0.0019,0.00147,-0.00016,0,0.6671,15.98221,5.60994,-1.46435,0.35093,-0.07529,0.01303,-0.00153,9.00E-05,,,,,,,,,,,,,,,,,,,,,,,High,High,High,High,High,,,,v3
164,2/9/2023,2,1,1000187700,Left,T_B,1000187798,Right,T_A,6,Bottom,1,0,0,0-0,ChangeUp,Changeup,BallCalled,Undefined,Undefined,,Undefined,0,0,75.55683,1.107482,0.500585,1666.868662,116.869259,10:00,5.25185,-2.40755,5.06011,-41.354,9.83386,-15.80158,2.85021,-3.25228,68.31199,-6.49124,-2.292469,0.514938,,,,,,,,,,,,7.94804,5.07327,2.37298,50,5.32502,-0.3167,-109.43543,0.75686,9.50411,21.82797,-26.10755,73.198,,7.24484,,,,1000103236,Right,55.43542,-110.51426,10.91398,5.25572,2.0472,-13.05377,2.40024,-0.78643,4.75205,,,,,,,,,,,,,,,,,,,,,,,,,,,,,,,,,,,,,,,,,,,,,,,,,,,High,High,High,,,,,,v3
165,2/9/2023,2,2,1000187700,Left,T_B,1000187798,Right,T_A,6,Bottom,1,1,0,1-0,Fastball,Changeup,InPlay,Undefined,FlyBall,FlyBall,Out,1,0,84.79194,-1.841501,3.345827,2033.212767,115.291341,9:45,5.62768,-1.79853,4.99918,-30.67175,10.30965,-18.56481,1.32964,-0.18332,76.44049,-7.477721,0.070822,0.460749,90.26122,32.729339,-0.475479,3828.102529,109.8707,64.1207,5.32112,326.63331,325.01232,8.732287,5.10457,10.30851,6.13685,1.49256,50,5.426,-6.33395,-122.56271,-5.06342,15.41607,28.03076,-22.99657,81.80681,85.32172,8.35146,1.84858,1.4689,0.15514,1000103236,Right,55.49827,-123.81381,14.01538,5.62909,-4.03701,-11.49829,1.79062,-7.02202,7.70804,203.2707,1.8516,111.3012,-22.16473,4.99411,-0.86919,0.11731,-0.01415,0.00158,-9.00E-05,1.46847,71.57838,-16.61616,0.49559,0.1885,-0.136,0.04056,-0.00568,0.0003,0.15406,-0.90058,6.04307,-1.74244,0.36447,-0.0556,0.00597,-0.00045,2.00E-05,,,,,,,,,,,,,,,,,,,,,,,High,High,High,High,High,,,,v3
166,2/9/2023,3,1,1000187700,Left,T_B,1000079407,Left,T_A,6,Bottom,2,0,0,0-0,Fastball,Changeup,StrikeCalled,Undefined,Undefined,,Undefined,0,0,85.64296,-2.026159,4.197403,2094.952779,140.518894,10:45,5.73045,-1.52475,4.99422,-21.8334,18.51021,-13.96635,1.99206,1.28147,76.83189,-6.119199,1.740833,0.45715,,,,,,,,,,,,8.25654,10.24973,1.13208,50,5.51816,-8.42489,-123.58195,-5.10971,12.54201,28.70752,-16.60434,82.45092,,8.81107,,,,1000103236,Right,55.50044,-124.85314,14.35376,5.72814,-4.37446,-8.30217,1.51744,-8.98026,6.27101,,,,,,,,,,,,,,,,,,,,,,,,,,,,,,,,,,,,,,,,,,,,,,,,,,,High,High,High,,,,,,v3
167,2/9/2023,3,2,1000187700,Left,T_B,1000079407,Left,T_A,6,Bottom,2,0,1,0-1,Fastball,Four-Seam,BallCalled,Undefined,Undefined,,Undefined,0,0,87.03069,-2.149862,5.577426,2145.313365,142.766333,10:45,5.66616,-1.76874,4.92182,-20.59879,18.62887,-13.02524,1.90645,2.43552,78.20828,-6.005605,3.298096,0.450783,,,,,,,,,,,,8.16674,10.2804,1.2347,50,5.43933,-11.62267,-125.33678,-5.4232,12.80264,28.7617,-16.05796,83.61549,,8.82242,,,,1000103236,Right,55.57279,-126.60914,14.38085,5.66353,-4.71282,-8.02898,1.7614,-12.18904,6.40132,,,,,,,,,,,,,,,,,,,,,,,,,,,,,,,,,,,,,,,,,,,,,,,,,,,High,High,High,,,,,,v3
168,2/9/2023,3,3,1000187700,Left,T_B,1000079407,Left,T_A,6,Bottom,2,1,1,1-1,Fastball,Changeup,BallCalled,Undefined,Undefined,,Undefined,0,0,86.28091,-2.403563,3.037138,2060.572308,117.067616,10:00,5.63256,-1.97073,5.04666,-29.9208,9.70552,-16.02336,0.86751,-0.43859,77.64682,-7.902251,0.206232,0.453068,,,,,,,,,,,,8.98481,6.04536,1.69459,50,5.37976,-5.8875,-124.6695,-6.3418,13.86173,29.67313,-22.84725,83.19379,,8.63409,,,,1000103236,Right,55.45012,-125.96003,14.83657,5.63396,-5.34815,-11.42363,1.96375,-6.49036,6.93086,,,,,,,,,,,,,,,,,,,,,,,,,,,,,,,,,,,,,,,,,,,,,,,,,,,High,High,High,,,,,,v3
169,2/9/2023,3,4,1000187700,Left,T_B,1000079407,Left,T_A,6,Bottom,2,2,1,2-1,Fastball,Changeup,BallCalled,Undefined,Undefined,,Undefined,0,0,85.94471,-0.285273,3.216174,2036.503449,120.163158,10:00,5.70726,-1.72268,4.99215,-29.3199,10.56083,-15.60497,2.99415,0.01677,77.20964,-5.69855,0.465918,0.45452,,,,,,,,,,,,8.76178,5.74012,1.42621,50,5.65657,-6.26565,-124.27274,-1.69696,13.46708,28.88699,-23.35136,82.92802,,8.73507,,,,1000103236,Right,55.50401,-125.54562,14.44349,5.70868,-0.668,-11.67568,1.71537,-6.85907,6.73354,,,,,,,,,,,,,,,,,,,,,,,,,,,,,,,,,,,,,,,,,,,,,,,,,,,High,High,High,,,,,,v3
170,2/9/2023,3,5,1000187700,Left,T_B,1000079407,Left,T_A,6,Bottom,2,3,1,3-1,Curveball,Curveball,StrikeCalled,Undefined,Undefined,,Undefined,0,0,67.65674,2.890908,2.041835,2305.075409,314.840126,4:30,5.44038,-1.96908,4.62013,-79.98004,-14.19914,16.76658,1.5278,1.37008,61.27557,-11.433685,4.982082,0.583742,,,,,,,,,,,,-7.44815,-7.26252,1.74273,50,5.66401,-4.11488,-97.77539,2.29964,-7.01526,19.30147,-39.01447,64.57032,,6.38117,,,,1000103236,Right,55.88178,-98.92968,9.65074,5.45671,4.63282,-19.50724,1.97626,-3.69535,-3.50763,,,,,,,,,,,,,,,,,,,,,,,,,,,,,76.8347,,0.762163,,0.99575,1.44184,-1.40688,0.06868,5.40507,-1.51522,,,,0.17467,110.79903,-9.88596,5.44741,11.16071,-13.35924,-1.58555,-2.70173,4.21244,High,High,High,,,High,High,High,v3
171,2/9/2023,3,6,1000187700,Left,T_B,1000079407,Left,T_A,6,Bottom,2,3,2,3-2,Fastball,Four-Seam,StrikeSwinging,Strikeout,Undefined,,Undefined,0,0,87.43778,-2.001881,4.050997,2068.380449,140.772578,10:45,5.68352,-1.61796,5.03304,-21.22005,17.1043,-12.83918,2.02096,1.1405,79.05723,-5.960269,1.790547,0.445563,,,,,,,,,,,,7.58378,9.47941,1.2411,50,5.47547,-8.3505,-126.33213,-5.15746,12.1369,28.07414,-17.00347,84.59514,,8.38055,,,,1000103236,Right,55.46324,-127.54042,14.03707,5.68169,-4.42565,-8.50174,1.61174,-8.87286,6.06845,,,,,,,,,,,,,,,,,,,,,,,,,,,,,,,,,,,,,,,,,,,,,,,,,,,High,High,High,,,,,,v3
172,2/9/2023,1,1,10023185,Right,T_A,691273,Right,T_B,7,Top,0,0,0,0-0,Fastball,Changeup,FoulBall,Undefined,Undefined,,Undefined,0,0,85.11801,-1.494137,-2.256028,1818.97185,207.955508,1:00,5.59239,1.51494,6.04237,-18.78552,20.0182,9.89142,2.64218,0.24939,76.95249,-5.100084,-0.477173,0.448341,67.87174,39.646852,157.988474,3959.317365,,,,,45.25812,,,-5.82693,11.19276,-1.34447,50,5.46588,4.4738,-123.43853,-3.72174,-8.87792,27.44081,-15.12073,84.07099,34.23751,8.16551,2.73049,2.66157,-0.29077,1000079507,Right,54.45535,-124.42503,13.7204,5.5899,-3.17814,-7.56037,-1.51104,4.79296,-4.43896,307.848755,2.73049,-71.06182,3.59344,0.25791,-0.1626,0.05995,-0.01223,0.00215,0,2.66157,63.51511,-25.50281,2.83948,-0.59809,0.11173,-0.02251,0.00538,-0.00093,-0.29077,28.72747,-9.43432,2.16512,-0.48994,0.09541,-0.02087,0.00444,-0.00062,,,,,,,,,,,,,,,,,,,,,,,High,High,High,High,Low,,,,v3
173,2/9/2023,1,2,10023185,Right,T_A,691273,Right,T_B,7,Top,0,0,1,0-1,Slider,Curveball,InPlay,Undefined,FlyBall,FlyBall,Out,1,0,73.47143,0.955056,-0.588215,1972.318714,75.120071,8:30,5.45563,1.50536,5.82089,-52.78731,-0.74516,-9.07158,1.94476,0.2025,67.46274,-8.740298,-2.216571,0.519217,79.47574,32.681072,-17.149798,2849.840669,104.28426,58.7946,-34.99579,285.61899,281.02603,-20.562991,4.543535,4.50205,-0.24272,-1.45166,50,5.50215,1.40705,-106.73752,0.21693,5.16539,19.30983,-32.45251,72.59476,68.3839,6.00869,3.13387,2.20598,-0.27224,1000079507,Right,54.68,-107.58084,9.65492,5.46172,1.63423,-16.22626,-1.50818,1.18147,2.58269,165.725648,3.13548,93.70957,-17.5606,3.92377,-0.49134,-0.03072,0.02281,-0.00308,0.00013,2.20559,62.94656,-15.94776,0.50214,0.00514,-0.04223,0.02219,-0.00441,0.0003,-0.27273,-28.91998,2.36772,-0.17865,-0.03782,0.01618,-0.00208,-1.00E-05,1.00E-05,,,,,,,,,,,,,,,,,,,,,,,High,High,High,High,High,,,,v3
174,2/9/2023,2,1,10023185,Right,T_A,1000138679,Right,T_B,7,Top,1,0,0,0-0,Fastball,Changeup,StrikeSwinging,Undefined,Undefined,,Undefined,0,0,86.621,-1.77265,-2.890339,1801.398662,206.187241,12:45,5.59291,1.57276,6.23826,-18.32745,18.87509,8.63524,2.42786,-0.37606,78.38107,-5.295519,-1.332951,0.438993,,,,,,,,,,,,-5.36292,10.71453,-1.3613,50,5.45149,5.99623,-125.57064,-4.36622,-8.46682,28.08833,-15.25824,85.86114,,8.23993,,,,1000079507,Right,54.2583,-126.51958,14.04417,5.59029,-3.85074,-7.62912,-1.56871,6.28227,-4.23341,,,,,,,,,,,,,,,,,,,,,,,,,,,,,,,,,,,,,,,,,,,,,,,,,,,High,High,High,,,,,,v3
175,2/9/2023,2,2,10023185,Right,T_A,1000138679,Right,T_B,7,Top,1,0,1,0-1,Fastball,Four-Seam,StrikeSwinging,Undefined,Undefined,,Undefined,0,0,88.96852,-1.734057,-3.521572,1850.276505,210.843438,1:00,5.49378,1.54039,6.09579,-16.32292,19.14025,10.6839,2.52614,-0.83059,80.48443,-4.87889,-1.60183,0.428608,,,,,,,,,,,,-6.56918,10.75335,-1.27436,50,5.35134,7.48516,-128.88336,-4.34052,-10.93957,29.27492,-14.26657,87.94153,,8.48409,,,,1000079507,Right,54.40094,-129.87916,14.63746,5.49073,-3.85524,-7.13328,-1.5353,7.85727,-5.46979,,,,,,,,,,,,,,,,,,,,,,,,,,,,,,,,,,,,,,,,,,,,,,,,,,,High,High,High,,,,,,v3
176,2/9/2023,2,3,10023185,Right,T_A,1000138679,Right,T_B,7,Top,1,0,2,0-2,Fastball,Changeup,FoulBall,Undefined,Undefined,GroundBall,Undefined,0,0,88.15437,-1.773533,-3.239227,1724.909852,229.114673,1:45,5.48172,1.44748,6.37051,-21.58422,14.17111,14.9069,2.04802,-0.29396,79.79609,-5.883349,-0.54327,0.43037,62.13267,-30.41452,-157.60316,,,,,1.166,3.17847,-100.95632,0.048733,-8.85339,8.32099,-1.22029,50,5.3434,6.6607,-127.83352,-4.57458,-14.46786,29.41052,-18.57623,87.5815,2.25762,8.35828,3.33408,2.25762,0.32057,1000079507,Right,54.12872,-128.77991,14.70526,5.48099,-3.97683,-9.28811,-1.44211,7.12626,-7.23393,,3.33646,-72.96284,,,,,,,,2.25914,-46.32644,,,,,,,,0.32156,-30.0684,,,,,,,,,,,,,,,,,,,,,,,,,,,,,,High,High,High,Low,Low,,,,v3
177,2/9/2023,2,4,10023185,Right,T_A,1000138679,Right,T_B,7,Top,1,0,2,0-2,Fastball,Changeup,BallCalled,Undefined,Undefined,,Undefined,0,0,88.51362,-1.851329,-4.367491,1707.468446,210.352955,1:00,5.50705,1.36227,6.03673,-18.75442,17.19237,9.33252,2.22434,-1.91197,80.20219,-5.423613,-2.69532,0.431521,,,,,,,,,,,,-6.10815,9.7669,-1.02577,50,5.35201,9.39236,-128.0843,-4.6863,-10.05967,28.58306,-16.08869,87.34793,,8.31144,,,,1000079507,Right,54.45998,-129.07574,14.29153,5.50488,-4.12824,-8.04435,-1.35761,9.74129,-5.02983,,,,,,,,,,,,,,,,,,,,,,,,,,,,,,,,,,,,,,,,,,,,,,,,,,,High,High,High,,,,,,v3
178,2/9/2023,2,5,10023185,Right,T_A,1000138679,Right,T_B,7,Top,1,1,2,1-2,Slider,Slider,FoulBall,Undefined,Undefined,GroundBall,Undefined,0,0,81.36377,-1.631473,-2.559927,1922.282525,164.957783,11:30,5.46681,1.52909,5.949,-29.94915,12.29363,-2.93984,1.45595,-1.09177,74.62023,-7.198563,-3.087589,0.467787,36.42928,15.537768,163.722144,3043.589936,,,,40.22252,38.0211,164.551262,0.812402,0.78484,7.18729,-1.32367,50,5.32009,5.38906,-118.0409,-4.26581,1.10522,22.87416,-22.0529,80.57616,3.5283,6.74354,-0.07131,0.94161,1.25503,1000079507,Right,54.5489,-118.91912,11.43708,5.46761,-3.41912,-11.02645,-1.52976,5.34662,0.55261,327.434543,-0.07131,-49.41342,2.00296,0.21837,0.21635,-0.89365,1.72383,-1.59386,0.55334,0.94161,14.3123,-20.4785,1.98585,-0.37481,0.31696,-0.60171,0.68284,-0.28069,1.25503,14.42884,-3.0224,-0.49741,-0.32793,1.45623,-2.81198,2.59161,-0.89675,,,,,,,,,,,,,,,,,,,,,,,High,High,High,High,Medium,,,,v3
179,2/9/2023,2,6,10023185,Right,T_A,1000138679,Right,T_B,7,Top,1,1,2,1-2,Fastball,Sinker,InPlay,Undefined,LineDrive,LineDrive,Single,0,0,89.24179,-1.812116,-2.99422,1909.979159,223.137404,1:30,5.47616,1.40171,6.19475,-20.88844,13.98721,12.02182,2.05967,-0.36324,81.32194,-5.763728,-0.826932,0.425043,75.85402,21.51169,30.857586,5135.242495,89.15559,29.58956,64.43009,215.21259,210.25672,41.718048,2.941903,-7.14461,8.12611,-1.18228,50,5.329,6.29348,-129.47401,-4.72471,-12.06942,28.24875,-18.44661,88.67914,29.89155,7.91984,2.12609,2.03124,0.26946,1000079507,Right,54.30476,-130.40984,14.12437,5.4754,-4.11361,-9.22331,-1.39739,6.69332,-6.03471,228.568462,2.12604,88.8555,-19.88003,4.53599,-1.02612,0.23111,-0.04569,0.0055,-0.00022,2.03128,40.79151,-15.68428,0.50738,0.08683,-0.06411,0.01727,-0.00115,-0.0001,0.26959,53.07993,-1.05472,-0.6625,0.44617,-0.21161,0.06838,-0.0124,0.00095,,,,,,,,,,,,,,,,,,,,,,,High,High,High,High,High,,,,v3
180,2/9/2023,3,1,10023185,Right,T_A,1000102964,Right,T_B,7,Top,1,0,0,0-0,Slider,Slider,BallCalled,Undefined,Undefined,,Undefined,0,0,82.12973,-3.44407,-4.51507,2035.240972,176.56379,12:00,5.4199,1.70577,6.09532,-30.3573,11.17398,-0.58988,-0.30918,-2.52819,75.51749,-9.050356,-4.620902,0.46383,,,,,,,,,,,,-0.99339,7.15737,-1.3571,50,5.13749,9.40177,-118.79,-8.07079,-1.4146,23.47689,-21.9817,81.26345,,6.61224,,,,1000079507,Right,54.40458,-119.65733,11.73845,5.42066,-7.2587,-10.99085,-1.7054,9.45403,-0.7073,,,,,,,,,,,,,,,,,,,,,,,,,,,,,,,,,,,,,,,,,,,,,,,,,,,High,High,High,,,,,,v3
181,2/9/2023,3,2,10023185,Right,T_A,1000102964,Right,T_B,7,Top,1,1,0,1-0,Fastball,Four-Seam,StrikeCalled,Undefined,Undefined,,Undefined,0,0,86.31876,-2.113452,-3.711907,2100.07077,212.521015,1:00,5.52932,1.60864,6.24517,-19.59407,17.66895,10.47182,1.94222,-0.94706,78.66639,-5.845712,-1.825096,0.43935,,,,,,,,,,,,-6.49079,10.14386,-1.33707,50,5.36192,7.7042,-125.09856,-5.155,-10.24779,26.10989,-16.15873,85.79142,,7.65237,,,,1000079507,Right,54.25249,-125.98299,13.05494,5.52727,-4.60765,-8.07937,-1.60391,8.05133,-5.12389,,,,,,,,,,,,,,,,,,,,,,,,,,,,,,,,,,,,,,,,,,,,,,,,,,,High,High,High,,,,,,v3
182,2/9/2023,3,3,10023185,Right,T_A,1000102964,Right,T_B,7,Top,1,1,1,1-1,Fastball,Sinker,StrikeCalled,Undefined,Undefined,,Undefined,0,0,87.84758,-1.246498,-3.879146,1926.651937,216.367048,1:15,5.41543,1.78698,6.23821,-20.09883,15.80347,10.77638,2.58789,-0.89875,80.12301,-5.064361,-1.938552,0.431253,,,,,,,,,,,,-6.66118,8.8926,-1.50254,50,5.31225,8.20269,-127.36599,-3.34505,-10.92411,26.5595,-17.59049,87.40209,,7.72457,,,,1000079507,Right,54.25947,-128.25114,13.27975,5.41396,-2.75881,-8.79525,-1.78198,8.56676,-5.46205,,,,,,,,,,,,,,,,,,,,,,,,,,,,,,,,,,,,,,,,,,,,,,,,,,,High,High,High,,,,,,v3
183,2/9/2023,3,4,10023185,Right,T_A,1000102964,Right,T_B,7,Top,1,1,2,1-2,Fastball,Curveball,FoulBall,Undefined,Undefined,,Undefined,0,0,75.28338,1.451973,-2.63395,2133.965028,76.649943,8:30,5.35996,1.61231,6.07578,-49.66849,-0.55969,-8.78878,2.56611,-1.55893,69.14659,-7.711152,-4.214082,0.504372,,,,,,,,,,,,3.80433,-0.30335,-1.40372,50,5.44584,5.32736,-109.29993,1.32828,4.58577,19.90372,-32.53973,74.7314,,6.13679,,,,1000079507,Right,54.42503,-110.10279,9.95186,5.36579,2.64084,-16.26987,-1.61488,5.14238,2.29289,,,,,,,,,,,,,,,,,,,,,,,,,,,,,,,,,,,,,,,,,,,,,,,,,,,High,High,High,,,,,,v3
184,2/9/2023,3,5,10023185,Right,T_A,1000102964,Right,T_B,7,Top,1,1,2,1-2,Fastball,Four-Seam,BallCalled,Undefined,Undefined,,Undefined,0,0,87.35854,-0.859109,-4.28179,1903.903364,193.681237,12:30,5.52258,1.46958,6.27772,-17.98198,18.51056,4.20358,3.22992,-2.13423,79.22194,-4.312064,-3.525637,0.434784,,,,,,,,,,,,-3.455,10.21835,-1.15482,50,5.45004,9.30397,-126.52415,-2.36673,-5.55819,27.63994,-15.73542,86.69238,,8.1366,,,,1000079507,Right,54.21833,-127.44233,13.81997,5.51998,-1.84401,-7.86771,-1.46696,9.48862,-2.77909,,,,,,,,,,,,,,,,,,,,,,,,,,,,,,,,,,,,,,,,,,,,,,,,,,,High,High,High,,,,,,v3
185,2/9/2023,3,6,10023185,Right,T_A,1000102964,Right,T_B,7,Top,1,2,2,2-2,Slider,Slider,StrikeSwinging,Strikeout,Undefined,,Undefined,0,0,81.84815,-0.50268,-1.513615,1954.894642,173.350042,11:45,5.43644,1.7086,6.07106,-27.02864,14.46532,-1.53087,2.71873,0.18007,74.79427,-5.581684,-1.789209,0.463622,,,,,,,,,,,,0.35595,8.005,-1.5906,50,5.38313,3.19915,-118.86533,-1.82183,0.50801,23.30997,-20.74955,81.3,,7.05388,,,,1000079507,Right,54.42604,-119.73014,11.65499,5.43644,-1.05201,-10.37478,-1.70894,3.1803,0.254,,,,,,,,,,,,,,,,,,,,,,,,,,,,,,,,,,,,,,,,,,,,,,,,,,,High,High,High,,,,,,v3
186,2/9/2023,4,1,10023185,Right,T_A,8886045,Left,T_B,7,Top,2,0,0,0-0,Fastball,Changeup,StrikeCalled,Undefined,Undefined,,Undefined,0,0,86.42037,-1.751444,-1.702301,1962.434118,215.973643,1:15,5.44201,1.71468,6.23206,-20.15407,17.01607,11.43634,2.1455,1.09679,78.58805,-5.591981,0.363402,0.438802,,,,,,,,,,,,-6.43536,9.72115,-1.59309,50,5.30118,3.27847,-125.44759,-4.39006,-10.18137,27.07902,-16.79418,85.8985,,7.83232,,,,1000079507,Right,54.26564,-126.36501,13.53951,5.44028,-3.82108,-8.39709,-1.71,3.62342,-5.09069,,,,,,,,,,,,,,,,,,,,,,,,,,,,,,,,,,,,,,,,,,,,,,,,,,,High,High,High,,,,,,v3
187,2/9/2023,4,2,10023185,Right,T_A,8886045,Left,T_B,7,Top,2,0,1,0-1,Slider,Slider,InPlay,Undefined,FlyBall,LineDrive,Double,1,0,80.46477,-0.107204,-2.116954,2067.540098,161.906664,11:30,5.36974,1.82907,6.17964,-35.57301,7.07556,-1.88079,2.30625,-0.28348,73.9048,-6.723386,-2.456178,0.470028,99.98633,22.005929,13.437514,1805.696862,106.88142,40.9933,26.00588,365.10697,348.56495,13.22918,4.310591,0.39327,4.05107,-1.66814,50,5.34337,4.38848,-116.92733,-1.26558,0.54406,22.18418,-26.56935,80.19192,57.46766,6.55997,3.36673,2.50338,0.19781,1000079507,Right,54.3208,-117.74425,11.09209,5.37196,-0.28719,-13.28468,-1.82937,4.36845,0.27203,190.953889,3.36628,132.25582,-25.24289,6.45677,-1.57163,0.37074,-0.07597,0.01031,-0.00061,2.50485,54.90706,-13.61284,-0.78858,0.77427,-0.34045,0.09175,-0.01301,0.00073,0.19756,31.60155,-3.56744,-0.16039,0.18328,-0.03503,0.00036,0.00083,-9.00E-05,,,,,,,,,,,,,,,,,,,,,,,High,High,High,High,Medium,,,,v3
